Running terraform plan -refresh-only 20 time(s)

Run 1/20:
  terraform plan failed with exit status 1
  Total run time: 144.826579s
  btp_directory.directory_1                                              7806ms
  btp_directory.directory_10                                             1013ms
  btp_directory.directory_2                                              262ms
  btp_directory.directory_3                                              3219ms
  btp_directory.directory_4                                              140ms
  btp_directory.directory_5                                              520ms
  btp_directory.directory_6                                              215ms
  btp_directory.directory_7                                              1469ms
  btp_directory.directory_8                                              3448ms
  btp_directory.directory_9                                              5644ms
  btp_subaccount.subaccount_1                                            296ms
  btp_subaccount.subaccount_10                                           1810ms
  btp_subaccount.subaccount_2                                            1745ms
  btp_subaccount.subaccount_3                                            448ms
  btp_subaccount.subaccount_4                                            5776ms
  btp_subaccount.subaccount_5                                            1287ms
  btp_subaccount.subaccount_6                                            1231ms
  btp_subaccount.subaccount_7                                            1381ms
  btp_subaccount.subaccount_8                                            549ms
  btp_subaccount.subaccount_9                                            48ms
  btp_subaccount_destination_generic.destination_1                       508ms
  btp_subaccount_destination_generic.destination_10                      858ms
  btp_subaccount_destination_generic.destination_11                      384ms
  btp_subaccount_destination_generic.destination_12                      1972ms
  btp_subaccount_destination_generic.destination_13                      2926ms
  btp_subaccount_destination_generic.destination_14                      211ms
  btp_subaccount_destination_generic.destination_15                      1228ms
  btp_subaccount_destination_generic.destination_16                      1937ms
  btp_subaccount_destination_generic.destination_17                      520ms
  btp_subaccount_destination_generic.destination_18                      902ms
  btp_subaccount_destination_generic.destination_19                      357ms
  btp_subaccount_destination_generic.destination_2                       1044ms
  btp_subaccount_destination_generic.destination_20                      478ms
  btp_subaccount_destination_generic.destination_3                       6062ms
  btp_subaccount_destination_generic.destination_4                       722ms
  btp_subaccount_destination_generic.destination_5                       1284ms
  btp_subaccount_destination_generic.destination_6                       404ms
  btp_subaccount_destination_generic.destination_7                       1996ms
  btp_subaccount_destination_generic.destination_8                       2093ms
  btp_subaccount_destination_generic.destination_9                       308ms
  btp_subaccount_entitlement.entitlement_1                               16287ms
  btp_subaccount_entitlement.entitlement_10                              14098ms
  btp_subaccount_entitlement.entitlement_11                              12671ms
  btp_subaccount_entitlement.entitlement_12                              13238ms
  btp_subaccount_entitlement.entitlement_13                              11309ms
  btp_subaccount_entitlement.entitlement_14                              14628ms
  btp_subaccount_entitlement.entitlement_15                              16652ms
  btp_subaccount_entitlement.entitlement_16                              15887ms
  btp_subaccount_entitlement.entitlement_17                              18732ms
  btp_subaccount_entitlement.entitlement_18                              16287ms
  btp_subaccount_entitlement.entitlement_19                              14091ms
  btp_subaccount_entitlement.entitlement_2                               17013ms
  btp_subaccount_entitlement.entitlement_20                              15880ms
  btp_subaccount_entitlement.entitlement_21                              17609ms
  btp_subaccount_entitlement.entitlement_22                              14874ms
  btp_subaccount_entitlement.entitlement_23                              13538ms
  btp_subaccount_entitlement.entitlement_24                              14773ms
  btp_subaccount_entitlement.entitlement_25                              11997ms
  btp_subaccount_entitlement.entitlement_26                              13970ms
  btp_subaccount_entitlement.entitlement_27                              14916ms
  btp_subaccount_entitlement.entitlement_28                              18098ms
  btp_subaccount_entitlement.entitlement_29                              16533ms
  btp_subaccount_entitlement.entitlement_3                               15342ms
  btp_subaccount_entitlement.entitlement_30                              15675ms
  btp_subaccount_entitlement.entitlement_31                              12184ms
  btp_subaccount_entitlement.entitlement_32                              13388ms
  btp_subaccount_entitlement.entitlement_33                              17511ms
  btp_subaccount_entitlement.entitlement_34                              14319ms
  btp_subaccount_entitlement.entitlement_35                              16516ms
  btp_subaccount_entitlement.entitlement_36                              13521ms
  btp_subaccount_entitlement.entitlement_37                              16341ms
  btp_subaccount_entitlement.entitlement_38                              14890ms
  btp_subaccount_entitlement.entitlement_39                              18911ms
  btp_subaccount_entitlement.entitlement_4                               13313ms
  btp_subaccount_entitlement.entitlement_40                              15906ms
  btp_subaccount_entitlement.entitlement_5                               14684ms
  btp_subaccount_entitlement.entitlement_6                               11968ms
  btp_subaccount_entitlement.entitlement_7                               18059ms
  btp_subaccount_entitlement.entitlement_8                               14986ms
  btp_subaccount_entitlement.entitlement_9                               18037ms
  btp_subaccount_environment_instance.cloudfoundry_1                     1264ms
  btp_subaccount_environment_instance.cloudfoundry_10                    969ms
  btp_subaccount_environment_instance.cloudfoundry_2                     1540ms
  btp_subaccount_environment_instance.cloudfoundry_3                     1120ms
  btp_subaccount_environment_instance.cloudfoundry_4                     697ms
  btp_subaccount_environment_instance.cloudfoundry_5                     2945ms
  btp_subaccount_environment_instance.cloudfoundry_6                     6284ms
  btp_subaccount_environment_instance.cloudfoundry_7                     6155ms
  btp_subaccount_environment_instance.cloudfoundry_8                     1167ms
  btp_subaccount_environment_instance.cloudfoundry_9                     2901ms
  btp_subaccount_role.role_1                                             1101ms
  btp_subaccount_role.role_10                                            1875ms
  btp_subaccount_role.role_11                                            748ms
  btp_subaccount_role.role_12                                            267ms
  btp_subaccount_role.role_13                                            427ms
  btp_subaccount_role.role_14                                            892ms
  btp_subaccount_role.role_15                                            856ms
  btp_subaccount_role.role_16                                            1270ms
  btp_subaccount_role.role_17                                            206ms
  btp_subaccount_role.role_18                                            657ms
  btp_subaccount_role.role_19                                            2842ms
  btp_subaccount_role.role_2                                             634ms
  btp_subaccount_role.role_20                                            877ms
  btp_subaccount_role.role_3                                             610ms
  btp_subaccount_role.role_4                                             1928ms
  btp_subaccount_role.role_5                                             2090ms
  btp_subaccount_role.role_6                                             585ms
  btp_subaccount_role.role_7                                             1956ms
  btp_subaccount_role.role_8                                             493ms
  btp_subaccount_role.role_9                                             482ms
  btp_subaccount_role_collection.collection_1                            462ms
  btp_subaccount_role_collection.collection_10                           1473ms
  btp_subaccount_role_collection.collection_11                           1648ms
  btp_subaccount_role_collection.collection_12                           2195ms
  btp_subaccount_role_collection.collection_13                           392ms
  btp_subaccount_role_collection.collection_14                           6189ms
  btp_subaccount_role_collection.collection_15                           272ms
  btp_subaccount_role_collection.collection_16                           374ms
  btp_subaccount_role_collection.collection_17                           366ms
  btp_subaccount_role_collection.collection_18                           786ms
  btp_subaccount_role_collection.collection_19                           541ms
  btp_subaccount_role_collection.collection_2                            1171ms
  btp_subaccount_role_collection.collection_20                           2108ms
  btp_subaccount_role_collection.collection_21                           280ms
  btp_subaccount_role_collection.collection_22                           944ms
  btp_subaccount_role_collection.collection_23                           1859ms
  btp_subaccount_role_collection.collection_24                           655ms
  btp_subaccount_role_collection.collection_25                           1945ms
  btp_subaccount_role_collection.collection_26                           536ms
  btp_subaccount_role_collection.collection_27                           220ms
  btp_subaccount_role_collection.collection_28                           1286ms
  btp_subaccount_role_collection.collection_29                           1948ms
  btp_subaccount_role_collection.collection_3                            498ms
  btp_subaccount_role_collection.collection_30                           531ms
  btp_subaccount_role_collection.collection_4                            891ms
  btp_subaccount_role_collection.collection_5                            547ms
  btp_subaccount_role_collection.collection_6                            1006ms
  btp_subaccount_role_collection.collection_7                            522ms
  btp_subaccount_role_collection.collection_8                            629ms
  btp_subaccount_role_collection.collection_9                            1249ms
  btp_subaccount_service_instance.instance_1                             903ms
  btp_subaccount_service_instance.instance_10                            2694ms
  btp_subaccount_service_instance.instance_11                            5745ms
  btp_subaccount_service_instance.instance_12                            7131ms
  btp_subaccount_service_instance.instance_13                            5117ms
  btp_subaccount_service_instance.instance_14                            2007ms
  btp_subaccount_service_instance.instance_15                            5326ms
  btp_subaccount_service_instance.instance_16                            9233ms
  btp_subaccount_service_instance.instance_17                            7539ms
  btp_subaccount_service_instance.instance_18                            1794ms
  btp_subaccount_service_instance.instance_19                            12061ms
  btp_subaccount_service_instance.instance_2                             3051ms
  btp_subaccount_service_instance.instance_20                            1377ms
  btp_subaccount_service_instance.instance_3                             9743ms
  btp_subaccount_service_instance.instance_4                             5475ms
  btp_subaccount_service_instance.instance_5                             9785ms
  btp_subaccount_service_instance.instance_6                             5209ms
  btp_subaccount_service_instance.instance_7                             2561ms
  btp_subaccount_service_instance.instance_8                             5137ms
  btp_subaccount_service_instance.instance_9                             1047ms
  btp_subaccount_subscription.subscription_1                             3776ms
  btp_subaccount_subscription.subscription_10                            3784ms
  btp_subaccount_subscription.subscription_11                            3897ms
  btp_subaccount_subscription.subscription_12                            3234ms
  btp_subaccount_subscription.subscription_13                            4590ms
  btp_subaccount_subscription.subscription_14                            6274ms
  btp_subaccount_subscription.subscription_15                            3248ms
  btp_subaccount_subscription.subscription_16                            1411ms
  btp_subaccount_subscription.subscription_17                            4353ms
  btp_subaccount_subscription.subscription_18                            2107ms
  btp_subaccount_subscription.subscription_19                            2876ms
  btp_subaccount_subscription.subscription_2                             5892ms
  btp_subaccount_subscription.subscription_20                            701ms
  btp_subaccount_subscription.subscription_21                            1737ms
  btp_subaccount_subscription.subscription_22                            4349ms
  btp_subaccount_subscription.subscription_23                            5257ms
  btp_subaccount_subscription.subscription_24                            1026ms
  btp_subaccount_subscription.subscription_25                            7971ms
  btp_subaccount_subscription.subscription_26                            1917ms
  btp_subaccount_subscription.subscription_27                            5515ms
  btp_subaccount_subscription.subscription_28                            1014ms
  btp_subaccount_subscription.subscription_29                            1890ms
  btp_subaccount_subscription.subscription_3                             1941ms
  btp_subaccount_subscription.subscription_30                            3071ms
  btp_subaccount_subscription.subscription_4                             3752ms
  btp_subaccount_subscription.subscription_5                             1670ms
  btp_subaccount_subscription.subscription_6                             4959ms
  btp_subaccount_subscription.subscription_7                             3967ms
  btp_subaccount_subscription.subscription_8                             2006ms
  btp_subaccount_subscription.subscription_9                             2950ms
  btp_subaccount_trust_configuration.trust_1                             1393ms
  btp_subaccount_trust_configuration.trust_10                            1806ms
  btp_subaccount_trust_configuration.trust_2                             631ms
  btp_subaccount_trust_configuration.trust_3                             1975ms
  btp_subaccount_trust_configuration.trust_4                             1143ms
  btp_subaccount_trust_configuration.trust_5                             2075ms
  btp_subaccount_trust_configuration.trust_6                             2294ms
  btp_subaccount_trust_configuration.trust_7                             253ms
  btp_subaccount_trust_configuration.trust_8                             2768ms
  btp_subaccount_trust_configuration.trust_9                             2279ms
  scc_subaccount.subaccount_1                                            17530ms
  scc_subaccount.subaccount_10                                           12706ms
  scc_subaccount.subaccount_2                                            6891ms
  scc_subaccount.subaccount_3                                            23936ms
  scc_subaccount.subaccount_4                                            24133ms
  scc_subaccount.subaccount_5                                            12954ms
  scc_subaccount.subaccount_6                                            18615ms
  scc_subaccount.subaccount_7                                            23666ms
  scc_subaccount.subaccount_8                                            18240ms
  scc_subaccount.subaccount_9                                            12120ms
  scc_system_mapping.system_1                                            61ms
  scc_system_mapping.system_10                                           59ms
  scc_system_mapping.system_11                                           56ms
  scc_system_mapping.system_12                                           161ms
  scc_system_mapping.system_13                                           58ms
  scc_system_mapping.system_14                                           163ms
  scc_system_mapping.system_15                                           57ms
  scc_system_mapping.system_16                                           60ms
  scc_system_mapping.system_17                                           67ms
  scc_system_mapping.system_18                                           59ms
  scc_system_mapping.system_19                                           78ms
  scc_system_mapping.system_2                                            142ms
  scc_system_mapping.system_20                                           64ms
  scc_system_mapping.system_3                                            56ms
  scc_system_mapping.system_4                                            68ms
  scc_system_mapping.system_5                                            72ms
  scc_system_mapping.system_6                                            56ms
  scc_system_mapping.system_7                                            55ms
  scc_system_mapping.system_8                                            81ms
  scc_system_mapping.system_9                                            71ms
  scc_system_mapping_resource.resource_1                                 54ms
  scc_system_mapping_resource.resource_10                                64ms
  scc_system_mapping_resource.resource_11                                167ms
  scc_system_mapping_resource.resource_12                                54ms
  scc_system_mapping_resource.resource_13                                60ms
  scc_system_mapping_resource.resource_14                                55ms
  scc_system_mapping_resource.resource_15                                58ms
  scc_system_mapping_resource.resource_16                                55ms
  scc_system_mapping_resource.resource_17                                51ms
  scc_system_mapping_resource.resource_18                                100ms
  scc_system_mapping_resource.resource_19                                67ms
  scc_system_mapping_resource.resource_2                                 70ms
  scc_system_mapping_resource.resource_20                                72ms
  scc_system_mapping_resource.resource_21                                53ms
  scc_system_mapping_resource.resource_22                                62ms
  scc_system_mapping_resource.resource_23                                55ms
  scc_system_mapping_resource.resource_24                                173ms
  scc_system_mapping_resource.resource_25                                55ms
  scc_system_mapping_resource.resource_26                                50ms
  scc_system_mapping_resource.resource_27                                56ms
  scc_system_mapping_resource.resource_28                                78ms
  scc_system_mapping_resource.resource_29                                74ms
  scc_system_mapping_resource.resource_3                                 53ms
  scc_system_mapping_resource.resource_30                                157ms
  scc_system_mapping_resource.resource_31                                62ms
  scc_system_mapping_resource.resource_32                                55ms
  scc_system_mapping_resource.resource_33                                63ms
  scc_system_mapping_resource.resource_34                                60ms
  scc_system_mapping_resource.resource_35                                53ms
  scc_system_mapping_resource.resource_36                                150ms
  scc_system_mapping_resource.resource_37                                62ms
  scc_system_mapping_resource.resource_38                                53ms
  scc_system_mapping_resource.resource_39                                77ms
  scc_system_mapping_resource.resource_4                                 61ms
  scc_system_mapping_resource.resource_40                                57ms
  scc_system_mapping_resource.resource_5                                 70ms
  scc_system_mapping_resource.resource_6                                 56ms
  scc_system_mapping_resource.resource_7                                 62ms
  scc_system_mapping_resource.resource_8                                 145ms
  scc_system_mapping_resource.resource_9                                 61ms
  sci_application.app_1                                                  118ms
  sci_application.app_10                                                 124ms
  sci_application.app_11                                                 128ms
  sci_application.app_12                                                 136ms
  sci_application.app_13                                                 134ms
  sci_application.app_14                                                 125ms
  sci_application.app_15                                                 135ms
  sci_application.app_16                                                 125ms
  sci_application.app_17                                                 133ms
  sci_application.app_18                                                 148ms
  sci_application.app_19                                                 142ms
  sci_application.app_2                                                  147ms
  sci_application.app_20                                                 135ms
  sci_application.app_3                                                  155ms
  sci_application.app_4                                                  131ms
  sci_application.app_5                                                  144ms
  sci_application.app_6                                                  138ms
  sci_application.app_7                                                  224ms
  sci_application.app_8                                                  150ms
  sci_application.app_9                                                  146ms
  sci_group_base.group_1                                                 100ms
  sci_group_base.group_10                                                245ms
  sci_group_base.group_11                                                88ms
  sci_group_base.group_12                                                106ms
  sci_group_base.group_13                                                93ms
  sci_group_base.group_14                                                100ms
  sci_group_base.group_15                                                99ms
  sci_group_base.group_16                                                104ms
  sci_group_base.group_17                                                82ms
  sci_group_base.group_18                                                107ms
  sci_group_base.group_19                                                99ms
  sci_group_base.group_2                                                 92ms
  sci_group_base.group_20                                                94ms
  sci_group_base.group_21                                                135ms
  sci_group_base.group_22                                                108ms
  sci_group_base.group_23                                                94ms
  sci_group_base.group_24                                                94ms
  sci_group_base.group_25                                                94ms
  sci_group_base.group_26                                                100ms
  sci_group_base.group_27                                                122ms
  sci_group_base.group_28                                                97ms
  sci_group_base.group_29                                                96ms
  sci_group_base.group_3                                                 102ms
  sci_group_base.group_30                                                95ms
  sci_group_base.group_4                                                 96ms
  sci_group_base.group_5                                                 104ms
  sci_group_base.group_6                                                 97ms
  sci_group_base.group_7                                                 97ms
  sci_group_base.group_8                                                 132ms
  sci_group_base.group_9                                                 248ms
  sci_user.user_1                                                        104ms
  sci_user.user_10                                                       102ms
  sci_user.user_11                                                       86ms
  sci_user.user_12                                                       110ms
  sci_user.user_13                                                       145ms
  sci_user.user_14                                                       102ms
  sci_user.user_15                                                       97ms
  sci_user.user_16                                                       92ms
  sci_user.user_17                                                       93ms
  sci_user.user_18                                                       112ms
  sci_user.user_19                                                       93ms
  sci_user.user_2                                                        99ms
  sci_user.user_20                                                       91ms
  sci_user.user_21                                                       95ms
  sci_user.user_22                                                       87ms
  sci_user.user_23                                                       93ms
  sci_user.user_24                                                       95ms
  sci_user.user_25                                                       88ms
  sci_user.user_26                                                       109ms
  sci_user.user_27                                                       93ms
  sci_user.user_28                                                       94ms
  sci_user.user_29                                                       254ms
  sci_user.user_3                                                        92ms
  sci_user.user_30                                                       87ms
  sci_user.user_31                                                       181ms
  sci_user.user_32                                                       257ms
  sci_user.user_33                                                       108ms
  sci_user.user_34                                                       105ms
  sci_user.user_35                                                       100ms
  sci_user.user_36                                                       102ms
  sci_user.user_37                                                       95ms
  sci_user.user_38                                                       98ms
  sci_user.user_39                                                       109ms
  sci_user.user_4                                                        98ms
  sci_user.user_40                                                       229ms
  sci_user.user_41                                                       96ms
  sci_user.user_42                                                       109ms
  sci_user.user_43                                                       133ms
  sci_user.user_44                                                       230ms
  sci_user.user_45                                                       87ms
  sci_user.user_46                                                       95ms
  sci_user.user_47                                                       109ms
  sci_user.user_48                                                       108ms
  sci_user.user_49                                                       89ms
  sci_user.user_5                                                        91ms
  sci_user.user_50                                                       95ms
  sci_user.user_6                                                        106ms
  sci_user.user_7                                                        103ms
  sci_user.user_8                                                        249ms
  sci_user.user_9                                                        97ms


Run 2/20:
  Total run time: 123.079145s
  btp_directory.directory_1                                              1661ms
  btp_directory.directory_10                                             1818ms
  btp_directory.directory_2                                              1725ms
  btp_directory.directory_3                                              6946ms
  btp_directory.directory_4                                              3777ms
  btp_directory.directory_5                                              1452ms
  btp_directory.directory_6                                              1041ms
  btp_directory.directory_7                                              3164ms
  btp_directory.directory_8                                              1094ms
  btp_directory.directory_9                                              11509ms
  btp_subaccount.subaccount_1                                            496ms
  btp_subaccount.subaccount_10                                           1091ms
  btp_subaccount.subaccount_2                                            912ms
  btp_subaccount.subaccount_3                                            1116ms
  btp_subaccount.subaccount_4                                            2013ms
  btp_subaccount.subaccount_5                                            1657ms
  btp_subaccount.subaccount_6                                            675ms
  btp_subaccount.subaccount_7                                            1852ms
  btp_subaccount.subaccount_8                                            1445ms
  btp_subaccount.subaccount_9                                            6151ms
  btp_subaccount_destination_generic.destination_1                       1417ms
  btp_subaccount_destination_generic.destination_10                      7251ms
  btp_subaccount_destination_generic.destination_11                      1456ms
  btp_subaccount_destination_generic.destination_12                      1173ms
  btp_subaccount_destination_generic.destination_13                      1143ms
  btp_subaccount_destination_generic.destination_14                      565ms
  btp_subaccount_destination_generic.destination_15                      1133ms
  btp_subaccount_destination_generic.destination_16                      1056ms
  btp_subaccount_destination_generic.destination_17                      198ms
  btp_subaccount_destination_generic.destination_18                      1182ms
  btp_subaccount_destination_generic.destination_19                      2050ms
  btp_subaccount_destination_generic.destination_2                       1024ms
  btp_subaccount_destination_generic.destination_20                      1389ms
  btp_subaccount_destination_generic.destination_3                       1009ms
  btp_subaccount_destination_generic.destination_4                       1045ms
  btp_subaccount_destination_generic.destination_5                       1514ms
  btp_subaccount_destination_generic.destination_6                       1872ms
  btp_subaccount_destination_generic.destination_7                       1456ms
  btp_subaccount_destination_generic.destination_8                       1897ms
  btp_subaccount_destination_generic.destination_9                       310ms
  btp_subaccount_entitlement.entitlement_1                               13391ms
  btp_subaccount_entitlement.entitlement_10                              12313ms
  btp_subaccount_entitlement.entitlement_11                              12643ms
  btp_subaccount_entitlement.entitlement_12                              21463ms
  btp_subaccount_entitlement.entitlement_13                              17712ms
  btp_subaccount_entitlement.entitlement_14                              13298ms
  btp_subaccount_entitlement.entitlement_15                              17489ms
  btp_subaccount_entitlement.entitlement_16                              12685ms
  btp_subaccount_entitlement.entitlement_17                              11560ms
  btp_subaccount_entitlement.entitlement_18                              13135ms
  btp_subaccount_entitlement.entitlement_19                              12345ms
  btp_subaccount_entitlement.entitlement_2                               13395ms
  btp_subaccount_entitlement.entitlement_20                              13133ms
  btp_subaccount_entitlement.entitlement_21                              11264ms
  btp_subaccount_entitlement.entitlement_22                              13218ms
  btp_subaccount_entitlement.entitlement_23                              22819ms
  btp_subaccount_entitlement.entitlement_24                              13408ms
  btp_subaccount_entitlement.entitlement_25                              17214ms
  btp_subaccount_entitlement.entitlement_26                              15170ms
  btp_subaccount_entitlement.entitlement_27                              13154ms
  btp_subaccount_entitlement.entitlement_28                              20182ms
  btp_subaccount_entitlement.entitlement_29                              11157ms
  btp_subaccount_entitlement.entitlement_3                               12365ms
  btp_subaccount_entitlement.entitlement_30                              20223ms
  btp_subaccount_entitlement.entitlement_31                              12569ms
  btp_subaccount_entitlement.entitlement_32                              13406ms
  btp_subaccount_entitlement.entitlement_33                              15095ms
  btp_subaccount_entitlement.entitlement_34                              15218ms
  btp_subaccount_entitlement.entitlement_35                              12398ms
  btp_subaccount_entitlement.entitlement_36                              17440ms
  btp_subaccount_entitlement.entitlement_37                              15951ms
  btp_subaccount_entitlement.entitlement_38                              12417ms
  btp_subaccount_entitlement.entitlement_39                              10686ms
  btp_subaccount_entitlement.entitlement_4                               13104ms
  btp_subaccount_entitlement.entitlement_40                              22080ms
  btp_subaccount_entitlement.entitlement_5                               12622ms
  btp_subaccount_entitlement.entitlement_6                               13662ms
  btp_subaccount_entitlement.entitlement_7                               13565ms
  btp_subaccount_entitlement.entitlement_8                               13499ms
  btp_subaccount_entitlement.entitlement_9                               21584ms
  btp_subaccount_environment_instance.cloudfoundry_1                     2042ms
  btp_subaccount_environment_instance.cloudfoundry_10                    1037ms
  btp_subaccount_environment_instance.cloudfoundry_2                     999ms
  btp_subaccount_environment_instance.cloudfoundry_3                     2082ms
  btp_subaccount_environment_instance.cloudfoundry_4                     2075ms
  btp_subaccount_environment_instance.cloudfoundry_5                     4397ms
  btp_subaccount_environment_instance.cloudfoundry_6                     9510ms
  btp_subaccount_environment_instance.cloudfoundry_7                     1445ms
  btp_subaccount_environment_instance.cloudfoundry_8                     888ms
  btp_subaccount_environment_instance.cloudfoundry_9                     1016ms
  btp_subaccount_role.role_1                                             1134ms
  btp_subaccount_role.role_10                                            898ms
  btp_subaccount_role.role_11                                            1198ms
  btp_subaccount_role.role_12                                            949ms
  btp_subaccount_role.role_13                                            824ms
  btp_subaccount_role.role_14                                            6097ms
  btp_subaccount_role.role_15                                            1004ms
  btp_subaccount_role.role_16                                            1009ms
  btp_subaccount_role.role_17                                            1033ms
  btp_subaccount_role.role_18                                            1926ms
  btp_subaccount_role.role_19                                            1050ms
  btp_subaccount_role.role_2                                             1866ms
  btp_subaccount_role.role_20                                            1763ms
  btp_subaccount_role.role_3                                             1365ms
  btp_subaccount_role.role_4                                             2077ms
  btp_subaccount_role.role_5                                             742ms
  btp_subaccount_role.role_6                                             1911ms
  btp_subaccount_role.role_7                                             760ms
  btp_subaccount_role.role_8                                             1790ms
  btp_subaccount_role.role_9                                             1724ms
  btp_subaccount_role_collection.collection_1                            1005ms
  btp_subaccount_role_collection.collection_10                           1011ms
  btp_subaccount_role_collection.collection_11                           1771ms
  btp_subaccount_role_collection.collection_12                           1217ms
  btp_subaccount_role_collection.collection_13                           1184ms
  btp_subaccount_role_collection.collection_14                           1077ms
  btp_subaccount_role_collection.collection_15                           688ms
  btp_subaccount_role_collection.collection_16                           524ms
  btp_subaccount_role_collection.collection_17                           154ms
  btp_subaccount_role_collection.collection_18                           1786ms
  btp_subaccount_role_collection.collection_19                           1282ms
  btp_subaccount_role_collection.collection_2                            2046ms
  btp_subaccount_role_collection.collection_20                           9196ms
  btp_subaccount_role_collection.collection_21                           1442ms
  btp_subaccount_role_collection.collection_22                           6784ms
  btp_subaccount_role_collection.collection_23                           2255ms
  btp_subaccount_role_collection.collection_24                           1792ms
  btp_subaccount_role_collection.collection_25                           2016ms
  btp_subaccount_role_collection.collection_26                           304ms
  btp_subaccount_role_collection.collection_27                           1085ms
  btp_subaccount_role_collection.collection_28                           187ms
  btp_subaccount_role_collection.collection_29                           1230ms
  btp_subaccount_role_collection.collection_3                            869ms
  btp_subaccount_role_collection.collection_30                           1338ms
  btp_subaccount_role_collection.collection_4                            1709ms
  btp_subaccount_role_collection.collection_5                            875ms
  btp_subaccount_role_collection.collection_6                            2043ms
  btp_subaccount_role_collection.collection_7                            1217ms
  btp_subaccount_role_collection.collection_8                            989ms
  btp_subaccount_role_collection.collection_9                            1873ms
  btp_subaccount_service_instance.instance_1                             2406ms
  btp_subaccount_service_instance.instance_10                            3092ms
  btp_subaccount_service_instance.instance_11                            3766ms
  btp_subaccount_service_instance.instance_12                            1260ms
  btp_subaccount_service_instance.instance_13                            3437ms
  btp_subaccount_service_instance.instance_14                            3074ms
  btp_subaccount_service_instance.instance_15                            13621ms
  btp_subaccount_service_instance.instance_16                            2488ms
  btp_subaccount_service_instance.instance_17                            5810ms
  btp_subaccount_service_instance.instance_18                            9422ms
  btp_subaccount_service_instance.instance_19                            5565ms
  btp_subaccount_service_instance.instance_2                             2747ms
  btp_subaccount_service_instance.instance_20                            2589ms
  btp_subaccount_service_instance.instance_3                             5693ms
  btp_subaccount_service_instance.instance_4                             9769ms
  btp_subaccount_service_instance.instance_5                             4297ms
  btp_subaccount_service_instance.instance_6                             5445ms
  btp_subaccount_service_instance.instance_7                             3456ms
  btp_subaccount_service_instance.instance_8                             9605ms
  btp_subaccount_service_instance.instance_9                             2482ms
  btp_subaccount_subscription.subscription_1                             1730ms
  btp_subaccount_subscription.subscription_10                            2420ms
  btp_subaccount_subscription.subscription_11                            3835ms
  btp_subaccount_subscription.subscription_12                            3257ms
  btp_subaccount_subscription.subscription_13                            2188ms
  btp_subaccount_subscription.subscription_14                            2113ms
  btp_subaccount_subscription.subscription_15                            3468ms
  btp_subaccount_subscription.subscription_16                            3612ms
  btp_subaccount_subscription.subscription_17                            3547ms
  btp_subaccount_subscription.subscription_18                            2078ms
  btp_subaccount_subscription.subscription_19                            3608ms
  btp_subaccount_subscription.subscription_2                             3054ms
  btp_subaccount_subscription.subscription_20                            1977ms
  btp_subaccount_subscription.subscription_21                            2368ms
  btp_subaccount_subscription.subscription_22                            3166ms
  btp_subaccount_subscription.subscription_23                            11561ms
  btp_subaccount_subscription.subscription_24                            8621ms
  btp_subaccount_subscription.subscription_25                            1791ms
  btp_subaccount_subscription.subscription_26                            1401ms
  btp_subaccount_subscription.subscription_27                            3592ms
  btp_subaccount_subscription.subscription_28                            8475ms
  btp_subaccount_subscription.subscription_29                            3646ms
  btp_subaccount_subscription.subscription_3                             1502ms
  btp_subaccount_subscription.subscription_30                            3346ms
  btp_subaccount_subscription.subscription_4                             3248ms
  btp_subaccount_subscription.subscription_5                             1778ms
  btp_subaccount_subscription.subscription_6                             3330ms
  btp_subaccount_subscription.subscription_7                             2789ms
  btp_subaccount_subscription.subscription_8                             1976ms
  btp_subaccount_subscription.subscription_9                             2408ms
  btp_subaccount_trust_configuration.trust_1                             1022ms
  btp_subaccount_trust_configuration.trust_10                            1363ms
  btp_subaccount_trust_configuration.trust_2                             1220ms
  btp_subaccount_trust_configuration.trust_3                             1058ms
  btp_subaccount_trust_configuration.trust_4                             1627ms
  btp_subaccount_trust_configuration.trust_5                             1909ms
  btp_subaccount_trust_configuration.trust_6                             1766ms
  btp_subaccount_trust_configuration.trust_7                             1867ms
  btp_subaccount_trust_configuration.trust_8                             1510ms
  btp_subaccount_trust_configuration.trust_9                             1295ms
  cloudfoundry_service_instance.instance_1                               40ms
  cloudfoundry_service_instance.instance_10                              42ms
  cloudfoundry_service_instance.instance_11                              119ms
  cloudfoundry_service_instance.instance_12                              58ms
  cloudfoundry_service_instance.instance_13                              44ms
  cloudfoundry_service_instance.instance_14                              38ms
  cloudfoundry_service_instance.instance_15                              52ms
  cloudfoundry_service_instance.instance_16                              41ms
  cloudfoundry_service_instance.instance_17                              36ms
  cloudfoundry_service_instance.instance_18                              49ms
  cloudfoundry_service_instance.instance_19                              47ms
  cloudfoundry_service_instance.instance_2                               70ms
  cloudfoundry_service_instance.instance_20                              38ms
  cloudfoundry_service_instance.instance_21                              40ms
  cloudfoundry_service_instance.instance_22                              58ms
  cloudfoundry_service_instance.instance_23                              56ms
  cloudfoundry_service_instance.instance_24                              44ms
  cloudfoundry_service_instance.instance_25                              72ms
  cloudfoundry_service_instance.instance_26                              47ms
  cloudfoundry_service_instance.instance_27                              37ms
  cloudfoundry_service_instance.instance_28                              43ms
  cloudfoundry_service_instance.instance_29                              38ms
  cloudfoundry_service_instance.instance_3                               45ms
  cloudfoundry_service_instance.instance_30                              40ms
  cloudfoundry_service_instance.instance_31                              52ms
  cloudfoundry_service_instance.instance_32                              44ms
  cloudfoundry_service_instance.instance_33                              40ms
  cloudfoundry_service_instance.instance_34                              46ms
  cloudfoundry_service_instance.instance_35                              42ms
  cloudfoundry_service_instance.instance_36                              38ms
  cloudfoundry_service_instance.instance_37                              41ms
  cloudfoundry_service_instance.instance_38                              68ms
  cloudfoundry_service_instance.instance_39                              44ms
  cloudfoundry_service_instance.instance_4                               48ms
  cloudfoundry_service_instance.instance_40                              41ms
  cloudfoundry_service_instance.instance_5                               53ms
  cloudfoundry_service_instance.instance_6                               52ms
  cloudfoundry_service_instance.instance_7                               83ms
  cloudfoundry_service_instance.instance_8                               42ms
  cloudfoundry_service_instance.instance_9                               57ms
  cloudfoundry_space.space_1                                             153ms
  cloudfoundry_space.space_10                                            90ms
  cloudfoundry_space.space_11                                            124ms
  cloudfoundry_space.space_12                                            112ms
  cloudfoundry_space.space_13                                            108ms
  cloudfoundry_space.space_14                                            103ms
  cloudfoundry_space.space_15                                            106ms
  cloudfoundry_space.space_16                                            103ms
  cloudfoundry_space.space_17                                            117ms
  cloudfoundry_space.space_18                                            103ms
  cloudfoundry_space.space_19                                            107ms
  cloudfoundry_space.space_2                                             107ms
  cloudfoundry_space.space_20                                            140ms
  cloudfoundry_space.space_3                                             96ms
  cloudfoundry_space.space_4                                             94ms
  cloudfoundry_space.space_5                                             131ms
  cloudfoundry_space.space_6                                             123ms
  cloudfoundry_space.space_7                                             125ms
  cloudfoundry_space.space_8                                             136ms
  cloudfoundry_space.space_9                                             153ms
  scc_subaccount.subaccount_1                                            16295ms
  scc_subaccount.subaccount_10                                           725ms
  scc_subaccount.subaccount_2                                            15743ms
  scc_subaccount.subaccount_3                                            14821ms
  scc_subaccount.subaccount_4                                            15973ms
  scc_subaccount.subaccount_5                                            18707ms
  scc_subaccount.subaccount_6                                            6116ms
  scc_subaccount.subaccount_7                                            15452ms
  scc_subaccount.subaccount_8                                            16459ms
  scc_subaccount.subaccount_9                                            15187ms
  scc_system_mapping.system_1                                            61ms
  scc_system_mapping.system_10                                           52ms
  scc_system_mapping.system_11                                           56ms
  scc_system_mapping.system_12                                           56ms
  scc_system_mapping.system_13                                           60ms
  scc_system_mapping.system_14                                           63ms
  scc_system_mapping.system_15                                           78ms
  scc_system_mapping.system_16                                           59ms
  scc_system_mapping.system_17                                           58ms
  scc_system_mapping.system_18                                           53ms
  scc_system_mapping.system_19                                           63ms
  scc_system_mapping.system_2                                            178ms
  scc_system_mapping.system_20                                           65ms
  scc_system_mapping.system_3                                            60ms
  scc_system_mapping.system_4                                            56ms
  scc_system_mapping.system_5                                            58ms
  scc_system_mapping.system_6                                            97ms
  scc_system_mapping.system_7                                            53ms
  scc_system_mapping.system_8                                            56ms
  scc_system_mapping.system_9                                            56ms
  scc_system_mapping_resource.resource_1                                 59ms
  scc_system_mapping_resource.resource_10                                150ms
  scc_system_mapping_resource.resource_11                                54ms
  scc_system_mapping_resource.resource_12                                59ms
  scc_system_mapping_resource.resource_13                                53ms
  scc_system_mapping_resource.resource_14                                52ms
  scc_system_mapping_resource.resource_15                                203ms
  scc_system_mapping_resource.resource_16                                105ms
  scc_system_mapping_resource.resource_17                                60ms
  scc_system_mapping_resource.resource_18                                151ms
  scc_system_mapping_resource.resource_19                                58ms
  scc_system_mapping_resource.resource_2                                 55ms
  scc_system_mapping_resource.resource_20                                58ms
  scc_system_mapping_resource.resource_21                                126ms
  scc_system_mapping_resource.resource_22                                52ms
  scc_system_mapping_resource.resource_23                                139ms
  scc_system_mapping_resource.resource_24                                56ms
  scc_system_mapping_resource.resource_25                                84ms
  scc_system_mapping_resource.resource_26                                58ms
  scc_system_mapping_resource.resource_27                                58ms
  scc_system_mapping_resource.resource_28                                56ms
  scc_system_mapping_resource.resource_29                                55ms
  scc_system_mapping_resource.resource_3                                 59ms
  scc_system_mapping_resource.resource_30                                57ms
  scc_system_mapping_resource.resource_31                                57ms
  scc_system_mapping_resource.resource_32                                56ms
  scc_system_mapping_resource.resource_33                                61ms
  scc_system_mapping_resource.resource_34                                53ms
  scc_system_mapping_resource.resource_35                                53ms
  scc_system_mapping_resource.resource_36                                56ms
  scc_system_mapping_resource.resource_37                                128ms
  scc_system_mapping_resource.resource_38                                84ms
  scc_system_mapping_resource.resource_39                                64ms
  scc_system_mapping_resource.resource_4                                 58ms
  scc_system_mapping_resource.resource_40                                53ms
  scc_system_mapping_resource.resource_5                                 57ms
  scc_system_mapping_resource.resource_6                                 61ms
  scc_system_mapping_resource.resource_7                                 63ms
  scc_system_mapping_resource.resource_8                                 60ms
  scc_system_mapping_resource.resource_9                                 53ms
  sci_application.app_1                                                  131ms
  sci_application.app_10                                                 145ms
  sci_application.app_11                                                 143ms
  sci_application.app_12                                                 135ms
  sci_application.app_13                                                 146ms
  sci_application.app_14                                                 133ms
  sci_application.app_15                                                 144ms
  sci_application.app_16                                                 152ms
  sci_application.app_17                                                 128ms
  sci_application.app_18                                                 147ms
  sci_application.app_19                                                 120ms
  sci_application.app_2                                                  144ms
  sci_application.app_20                                                 127ms
  sci_application.app_3                                                  148ms
  sci_application.app_4                                                  124ms
  sci_application.app_5                                                  140ms
  sci_application.app_6                                                  146ms
  sci_application.app_7                                                  123ms
  sci_application.app_8                                                  132ms
  sci_application.app_9                                                  252ms
  sci_group_base.group_1                                                 101ms
  sci_group_base.group_10                                                103ms
  sci_group_base.group_11                                                106ms
  sci_group_base.group_12                                                95ms
  sci_group_base.group_13                                                102ms
  sci_group_base.group_14                                                109ms
  sci_group_base.group_15                                                298ms
  sci_group_base.group_16                                                92ms
  sci_group_base.group_17                                                110ms
  sci_group_base.group_18                                                97ms
  sci_group_base.group_19                                                93ms
  sci_group_base.group_2                                                 181ms
  sci_group_base.group_20                                                108ms
  sci_group_base.group_21                                                93ms
  sci_group_base.group_22                                                98ms
  sci_group_base.group_23                                                110ms
  sci_group_base.group_24                                                102ms
  sci_group_base.group_25                                                94ms
  sci_group_base.group_26                                                97ms
  sci_group_base.group_27                                                109ms
  sci_group_base.group_28                                                105ms
  sci_group_base.group_29                                                97ms
  sci_group_base.group_3                                                 181ms
  sci_group_base.group_30                                                102ms
  sci_group_base.group_4                                                 104ms
  sci_group_base.group_5                                                 104ms
  sci_group_base.group_6                                                 98ms
  sci_group_base.group_7                                                 102ms
  sci_group_base.group_8                                                 100ms
  sci_group_base.group_9                                                 101ms
  sci_user.user_1                                                        92ms
  sci_user.user_10                                                       120ms
  sci_user.user_11                                                       140ms
  sci_user.user_12                                                       114ms
  sci_user.user_13                                                       95ms
  sci_user.user_14                                                       107ms
  sci_user.user_15                                                       93ms
  sci_user.user_16                                                       92ms
  sci_user.user_17                                                       178ms
  sci_user.user_18                                                       94ms
  sci_user.user_19                                                       203ms
  sci_user.user_2                                                        96ms
  sci_user.user_20                                                       88ms
  sci_user.user_21                                                       104ms
  sci_user.user_22                                                       94ms
  sci_user.user_23                                                       90ms
  sci_user.user_24                                                       94ms
  sci_user.user_25                                                       94ms
  sci_user.user_26                                                       87ms
  sci_user.user_27                                                       96ms
  sci_user.user_28                                                       103ms
  sci_user.user_29                                                       97ms
  sci_user.user_3                                                        98ms
  sci_user.user_30                                                       97ms
  sci_user.user_31                                                       96ms
  sci_user.user_32                                                       103ms
  sci_user.user_33                                                       92ms
  sci_user.user_34                                                       98ms
  sci_user.user_35                                                       100ms
  sci_user.user_36                                                       94ms
  sci_user.user_37                                                       98ms
  sci_user.user_38                                                       86ms
  sci_user.user_39                                                       95ms
  sci_user.user_4                                                        100ms
  sci_user.user_40                                                       92ms
  sci_user.user_41                                                       179ms
  sci_user.user_42                                                       103ms
  sci_user.user_43                                                       92ms
  sci_user.user_44                                                       89ms
  sci_user.user_45                                                       89ms
  sci_user.user_46                                                       92ms
  sci_user.user_47                                                       208ms
  sci_user.user_48                                                       100ms
  sci_user.user_49                                                       94ms
  sci_user.user_5                                                        100ms
  sci_user.user_50                                                       183ms
  sci_user.user_6                                                        91ms
  sci_user.user_7                                                        131ms
  sci_user.user_8                                                        94ms
  sci_user.user_9                                                        94ms


Run 3/20:
  Total run time: 121.659421s
  btp_directory.directory_1                                              3748ms
  btp_directory.directory_10                                             2070ms
  btp_directory.directory_2                                              3090ms
  btp_directory.directory_3                                              1884ms
  btp_directory.directory_4                                              3068ms
  btp_directory.directory_5                                              3255ms
  btp_directory.directory_6                                              697ms
  btp_directory.directory_7                                              5430ms
  btp_directory.directory_8                                              3325ms
  btp_directory.directory_9                                              1909ms
  btp_subaccount.subaccount_1                                            832ms
  btp_subaccount.subaccount_10                                           1090ms
  btp_subaccount.subaccount_2                                            949ms
  btp_subaccount.subaccount_3                                            6197ms
  btp_subaccount.subaccount_4                                            634ms
  btp_subaccount.subaccount_5                                            1848ms
  btp_subaccount.subaccount_6                                            720ms
  btp_subaccount.subaccount_7                                            945ms
  btp_subaccount.subaccount_8                                            831ms
  btp_subaccount.subaccount_9                                            226ms
  btp_subaccount_destination_generic.destination_1                       1592ms
  btp_subaccount_destination_generic.destination_10                      1052ms
  btp_subaccount_destination_generic.destination_11                      643ms
  btp_subaccount_destination_generic.destination_12                      1007ms
  btp_subaccount_destination_generic.destination_13                      1802ms
  btp_subaccount_destination_generic.destination_14                      1641ms
  btp_subaccount_destination_generic.destination_15                      886ms
  btp_subaccount_destination_generic.destination_16                      1709ms
  btp_subaccount_destination_generic.destination_17                      1187ms
  btp_subaccount_destination_generic.destination_18                      5984ms
  btp_subaccount_destination_generic.destination_19                      1320ms
  btp_subaccount_destination_generic.destination_2                       1939ms
  btp_subaccount_destination_generic.destination_20                      1852ms
  btp_subaccount_destination_generic.destination_3                       818ms
  btp_subaccount_destination_generic.destination_4                       1902ms
  btp_subaccount_destination_generic.destination_5                       987ms
  btp_subaccount_destination_generic.destination_6                       1545ms
  btp_subaccount_destination_generic.destination_7                       797ms
  btp_subaccount_destination_generic.destination_8                       1577ms
  btp_subaccount_destination_generic.destination_9                       523ms
  btp_subaccount_entitlement.entitlement_1                               13555ms
  btp_subaccount_entitlement.entitlement_10                              15659ms
  btp_subaccount_entitlement.entitlement_11                              19117ms
  btp_subaccount_entitlement.entitlement_12                              12121ms
  btp_subaccount_entitlement.entitlement_13                              18476ms
  btp_subaccount_entitlement.entitlement_14                              12706ms
  btp_subaccount_entitlement.entitlement_15                              16054ms
  btp_subaccount_entitlement.entitlement_16                              21651ms
  btp_subaccount_entitlement.entitlement_17                              17441ms
  btp_subaccount_entitlement.entitlement_18                              13620ms
  btp_subaccount_entitlement.entitlement_19                              12965ms
  btp_subaccount_entitlement.entitlement_2                               13459ms
  btp_subaccount_entitlement.entitlement_20                              14532ms
  btp_subaccount_entitlement.entitlement_21                              13586ms
  btp_subaccount_entitlement.entitlement_22                              16038ms
  btp_subaccount_entitlement.entitlement_23                              12179ms
  btp_subaccount_entitlement.entitlement_24                              15610ms
  btp_subaccount_entitlement.entitlement_25                              15111ms
  btp_subaccount_entitlement.entitlement_26                              10537ms
  btp_subaccount_entitlement.entitlement_27                              10854ms
  btp_subaccount_entitlement.entitlement_28                              11066ms
  btp_subaccount_entitlement.entitlement_29                              17784ms
  btp_subaccount_entitlement.entitlement_3                               18545ms
  btp_subaccount_entitlement.entitlement_30                              13781ms
  btp_subaccount_entitlement.entitlement_31                              12147ms
  btp_subaccount_entitlement.entitlement_32                              19120ms
  btp_subaccount_entitlement.entitlement_33                              18285ms
  btp_subaccount_entitlement.entitlement_34                              12629ms
  btp_subaccount_entitlement.entitlement_35                              21376ms
  btp_subaccount_entitlement.entitlement_36                              19648ms
  btp_subaccount_entitlement.entitlement_37                              14432ms
  btp_subaccount_entitlement.entitlement_38                              16993ms
  btp_subaccount_entitlement.entitlement_39                              15485ms
  btp_subaccount_entitlement.entitlement_4                               16114ms
  btp_subaccount_entitlement.entitlement_40                              10710ms
  btp_subaccount_entitlement.entitlement_5                               14435ms
  btp_subaccount_entitlement.entitlement_6                               19474ms
  btp_subaccount_entitlement.entitlement_7                               11929ms
  btp_subaccount_entitlement.entitlement_8                               12994ms
  btp_subaccount_entitlement.entitlement_9                               13661ms
  btp_subaccount_environment_instance.cloudfoundry_1                     1862ms
  btp_subaccount_environment_instance.cloudfoundry_10                    1883ms
  btp_subaccount_environment_instance.cloudfoundry_2                     1576ms
  btp_subaccount_environment_instance.cloudfoundry_3                     1706ms
  btp_subaccount_environment_instance.cloudfoundry_4                     1867ms
  btp_subaccount_environment_instance.cloudfoundry_5                     1569ms
  btp_subaccount_environment_instance.cloudfoundry_6                     1508ms
  btp_subaccount_environment_instance.cloudfoundry_7                     1935ms
  btp_subaccount_environment_instance.cloudfoundry_8                     1213ms
  btp_subaccount_environment_instance.cloudfoundry_9                     1457ms
  btp_subaccount_role.role_1                                             624ms
  btp_subaccount_role.role_10                                            1718ms
  btp_subaccount_role.role_11                                            1385ms
  btp_subaccount_role.role_12                                            626ms
  btp_subaccount_role.role_13                                            1563ms
  btp_subaccount_role.role_14                                            1953ms
  btp_subaccount_role.role_15                                            1005ms
  btp_subaccount_role.role_16                                            1235ms
  btp_subaccount_role.role_17                                            281ms
  btp_subaccount_role.role_18                                            537ms
  btp_subaccount_role.role_19                                            1323ms
  btp_subaccount_role.role_2                                             4692ms
  btp_subaccount_role.role_20                                            4053ms
  btp_subaccount_role.role_3                                             1560ms
  btp_subaccount_role.role_4                                             238ms
  btp_subaccount_role.role_5                                             1227ms
  btp_subaccount_role.role_6                                             1253ms
  btp_subaccount_role.role_7                                             392ms
  btp_subaccount_role.role_8                                             571ms
  btp_subaccount_role.role_9                                             1383ms
  btp_subaccount_role_collection.collection_1                            683ms
  btp_subaccount_role_collection.collection_10                           1341ms
  btp_subaccount_role_collection.collection_11                           569ms
  btp_subaccount_role_collection.collection_12                           6308ms
  btp_subaccount_role_collection.collection_13                           947ms
  btp_subaccount_role_collection.collection_14                           744ms
  btp_subaccount_role_collection.collection_15                           838ms
  btp_subaccount_role_collection.collection_16                           1592ms
  btp_subaccount_role_collection.collection_17                           1776ms
  btp_subaccount_role_collection.collection_18                           1358ms
  btp_subaccount_role_collection.collection_19                           934ms
  btp_subaccount_role_collection.collection_2                            2385ms
  btp_subaccount_role_collection.collection_20                           2361ms
  btp_subaccount_role_collection.collection_21                           1320ms
  btp_subaccount_role_collection.collection_22                           539ms
  btp_subaccount_role_collection.collection_23                           1615ms
  btp_subaccount_role_collection.collection_24                           1620ms
  btp_subaccount_role_collection.collection_25                           500ms
  btp_subaccount_role_collection.collection_26                           1536ms
  btp_subaccount_role_collection.collection_27                           1193ms
  btp_subaccount_role_collection.collection_28                           1944ms
  btp_subaccount_role_collection.collection_29                           612ms
  btp_subaccount_role_collection.collection_3                            1109ms
  btp_subaccount_role_collection.collection_30                           1579ms
  btp_subaccount_role_collection.collection_4                            416ms
  btp_subaccount_role_collection.collection_5                            1646ms
  btp_subaccount_role_collection.collection_6                            531ms
  btp_subaccount_role_collection.collection_7                            153ms
  btp_subaccount_role_collection.collection_8                            851ms
  btp_subaccount_role_collection.collection_9                            2095ms
  btp_subaccount_service_instance.instance_1                             6930ms
  btp_subaccount_service_instance.instance_10                            3356ms
  btp_subaccount_service_instance.instance_11                            2581ms
  btp_subaccount_service_instance.instance_12                            5618ms
  btp_subaccount_service_instance.instance_13                            5741ms
  btp_subaccount_service_instance.instance_14                            5363ms
  btp_subaccount_service_instance.instance_15                            3321ms
  btp_subaccount_service_instance.instance_16                            2901ms
  btp_subaccount_service_instance.instance_17                            3968ms
  btp_subaccount_service_instance.instance_18                            2962ms
  btp_subaccount_service_instance.instance_19                            2329ms
  btp_subaccount_service_instance.instance_2                             2330ms
  btp_subaccount_service_instance.instance_20                            2845ms
  btp_subaccount_service_instance.instance_3                             1748ms
  btp_subaccount_service_instance.instance_4                             3593ms
  btp_subaccount_service_instance.instance_5                             3034ms
  btp_subaccount_service_instance.instance_6                             3451ms
  btp_subaccount_service_instance.instance_7                             11855ms
  btp_subaccount_service_instance.instance_8                             2652ms
  btp_subaccount_service_instance.instance_9                             8604ms
  btp_subaccount_subscription.subscription_1                             3090ms
  btp_subaccount_subscription.subscription_10                            3046ms
  btp_subaccount_subscription.subscription_11                            3823ms
  btp_subaccount_subscription.subscription_12                            2328ms
  btp_subaccount_subscription.subscription_13                            1181ms
  btp_subaccount_subscription.subscription_14                            1325ms
  btp_subaccount_subscription.subscription_15                            3026ms
  btp_subaccount_subscription.subscription_16                            1173ms
  btp_subaccount_subscription.subscription_17                            2794ms
  btp_subaccount_subscription.subscription_18                            2676ms
  btp_subaccount_subscription.subscription_19                            1924ms
  btp_subaccount_subscription.subscription_2                             2205ms
  btp_subaccount_subscription.subscription_20                            1913ms
  btp_subaccount_subscription.subscription_21                            2777ms
  btp_subaccount_subscription.subscription_22                            1460ms
  btp_subaccount_subscription.subscription_23                            2205ms
  btp_subaccount_subscription.subscription_24                            3846ms
  btp_subaccount_subscription.subscription_25                            1239ms
  btp_subaccount_subscription.subscription_26                            5994ms
  btp_subaccount_subscription.subscription_27                            3139ms
  btp_subaccount_subscription.subscription_28                            2493ms
  btp_subaccount_subscription.subscription_29                            10327ms
  btp_subaccount_subscription.subscription_3                             3722ms
  btp_subaccount_subscription.subscription_30                            2959ms
  btp_subaccount_subscription.subscription_4                             1269ms
  btp_subaccount_subscription.subscription_5                             1171ms
  btp_subaccount_subscription.subscription_6                             3778ms
  btp_subaccount_subscription.subscription_7                             2325ms
  btp_subaccount_subscription.subscription_8                             2393ms
  btp_subaccount_subscription.subscription_9                             3774ms
  btp_subaccount_trust_configuration.trust_1                             1483ms
  btp_subaccount_trust_configuration.trust_10                            1825ms
  btp_subaccount_trust_configuration.trust_2                             1129ms
  btp_subaccount_trust_configuration.trust_3                             2069ms
  btp_subaccount_trust_configuration.trust_4                             870ms
  btp_subaccount_trust_configuration.trust_5                             1043ms
  btp_subaccount_trust_configuration.trust_6                             1360ms
  btp_subaccount_trust_configuration.trust_7                             1377ms
  btp_subaccount_trust_configuration.trust_8                             1410ms
  btp_subaccount_trust_configuration.trust_9                             1392ms
  cloudfoundry_service_instance.instance_1                               44ms
  cloudfoundry_service_instance.instance_10                              43ms
  cloudfoundry_service_instance.instance_11                              63ms
  cloudfoundry_service_instance.instance_12                              49ms
  cloudfoundry_service_instance.instance_13                              61ms
  cloudfoundry_service_instance.instance_14                              58ms
  cloudfoundry_service_instance.instance_15                              67ms
  cloudfoundry_service_instance.instance_16                              51ms
  cloudfoundry_service_instance.instance_17                              45ms
  cloudfoundry_service_instance.instance_18                              66ms
  cloudfoundry_service_instance.instance_19                              64ms
  cloudfoundry_service_instance.instance_2                               45ms
  cloudfoundry_service_instance.instance_20                              54ms
  cloudfoundry_service_instance.instance_21                              39ms
  cloudfoundry_service_instance.instance_22                              52ms
  cloudfoundry_service_instance.instance_23                              49ms
  cloudfoundry_service_instance.instance_24                              69ms
  cloudfoundry_service_instance.instance_25                              59ms
  cloudfoundry_service_instance.instance_26                              73ms
  cloudfoundry_service_instance.instance_27                              51ms
  cloudfoundry_service_instance.instance_28                              46ms
  cloudfoundry_service_instance.instance_29                              56ms
  cloudfoundry_service_instance.instance_3                               53ms
  cloudfoundry_service_instance.instance_30                              55ms
  cloudfoundry_service_instance.instance_31                              68ms
  cloudfoundry_service_instance.instance_32                              82ms
  cloudfoundry_service_instance.instance_33                              49ms
  cloudfoundry_service_instance.instance_34                              90ms
  cloudfoundry_service_instance.instance_35                              54ms
  cloudfoundry_service_instance.instance_36                              58ms
  cloudfoundry_service_instance.instance_37                              53ms
  cloudfoundry_service_instance.instance_38                              64ms
  cloudfoundry_service_instance.instance_39                              46ms
  cloudfoundry_service_instance.instance_4                               63ms
  cloudfoundry_service_instance.instance_40                              41ms
  cloudfoundry_service_instance.instance_5                               56ms
  cloudfoundry_service_instance.instance_6                               69ms
  cloudfoundry_service_instance.instance_7                               66ms
  cloudfoundry_service_instance.instance_8                               63ms
  cloudfoundry_service_instance.instance_9                               69ms
  cloudfoundry_space.space_1                                             105ms
  cloudfoundry_space.space_10                                            142ms
  cloudfoundry_space.space_11                                            144ms
  cloudfoundry_space.space_12                                            138ms
  cloudfoundry_space.space_13                                            122ms
  cloudfoundry_space.space_14                                            134ms
  cloudfoundry_space.space_15                                            114ms
  cloudfoundry_space.space_16                                            132ms
  cloudfoundry_space.space_17                                            152ms
  cloudfoundry_space.space_18                                            106ms
  cloudfoundry_space.space_19                                            118ms
  cloudfoundry_space.space_2                                             150ms
  cloudfoundry_space.space_20                                            103ms
  cloudfoundry_space.space_3                                             187ms
  cloudfoundry_space.space_4                                             124ms
  cloudfoundry_space.space_5                                             160ms
  cloudfoundry_space.space_6                                             143ms
  cloudfoundry_space.space_7                                             134ms
  cloudfoundry_space.space_8                                             133ms
  cloudfoundry_space.space_9                                             150ms
  scc_subaccount.subaccount_1                                            6474ms
  scc_subaccount.subaccount_10                                           6017ms
  scc_subaccount.subaccount_2                                            18559ms
  scc_subaccount.subaccount_3                                            23940ms
  scc_subaccount.subaccount_4                                            18212ms
  scc_subaccount.subaccount_5                                            34386ms
  scc_subaccount.subaccount_6                                            29632ms
  scc_subaccount.subaccount_7                                            24192ms
  scc_subaccount.subaccount_8                                            5645ms
  scc_subaccount.subaccount_9                                            6218ms
  scc_system_mapping.system_1                                            52ms
  scc_system_mapping.system_10                                           60ms
  scc_system_mapping.system_11                                           56ms
  scc_system_mapping.system_12                                           56ms
  scc_system_mapping.system_13                                           54ms
  scc_system_mapping.system_14                                           59ms
  scc_system_mapping.system_15                                           56ms
  scc_system_mapping.system_16                                           56ms
  scc_system_mapping.system_17                                           58ms
  scc_system_mapping.system_18                                           148ms
  scc_system_mapping.system_19                                           54ms
  scc_system_mapping.system_2                                            54ms
  scc_system_mapping.system_20                                           55ms
  scc_system_mapping.system_3                                            53ms
  scc_system_mapping.system_4                                            76ms
  scc_system_mapping.system_5                                            57ms
  scc_system_mapping.system_6                                            55ms
  scc_system_mapping.system_7                                            54ms
  scc_system_mapping.system_8                                            63ms
  scc_system_mapping.system_9                                            59ms
  scc_system_mapping_resource.resource_1                                 59ms
  scc_system_mapping_resource.resource_10                                55ms
  scc_system_mapping_resource.resource_11                                59ms
  scc_system_mapping_resource.resource_12                                52ms
  scc_system_mapping_resource.resource_13                                144ms
  scc_system_mapping_resource.resource_14                                59ms
  scc_system_mapping_resource.resource_15                                157ms
  scc_system_mapping_resource.resource_16                                53ms
  scc_system_mapping_resource.resource_17                                68ms
  scc_system_mapping_resource.resource_18                                53ms
  scc_system_mapping_resource.resource_19                                54ms
  scc_system_mapping_resource.resource_2                                 55ms
  scc_system_mapping_resource.resource_20                                144ms
  scc_system_mapping_resource.resource_21                                68ms
  scc_system_mapping_resource.resource_22                                57ms
  scc_system_mapping_resource.resource_23                                53ms
  scc_system_mapping_resource.resource_24                                72ms
  scc_system_mapping_resource.resource_25                                62ms
  scc_system_mapping_resource.resource_26                                76ms
  scc_system_mapping_resource.resource_27                                53ms
  scc_system_mapping_resource.resource_28                                55ms
  scc_system_mapping_resource.resource_29                                59ms
  scc_system_mapping_resource.resource_3                                 159ms
  scc_system_mapping_resource.resource_30                                57ms
  scc_system_mapping_resource.resource_31                                165ms
  scc_system_mapping_resource.resource_32                                52ms
  scc_system_mapping_resource.resource_33                                65ms
  scc_system_mapping_resource.resource_34                                55ms
  scc_system_mapping_resource.resource_35                                64ms
  scc_system_mapping_resource.resource_36                                63ms
  scc_system_mapping_resource.resource_37                                62ms
  scc_system_mapping_resource.resource_38                                54ms
  scc_system_mapping_resource.resource_39                                59ms
  scc_system_mapping_resource.resource_4                                 54ms
  scc_system_mapping_resource.resource_40                                54ms
  scc_system_mapping_resource.resource_5                                 60ms
  scc_system_mapping_resource.resource_6                                 149ms
  scc_system_mapping_resource.resource_7                                 153ms
  scc_system_mapping_resource.resource_8                                 54ms
  scc_system_mapping_resource.resource_9                                 53ms
  sci_application.app_1                                                  137ms
  sci_application.app_10                                                 155ms
  sci_application.app_11                                                 125ms
  sci_application.app_12                                                 166ms
  sci_application.app_13                                                 124ms
  sci_application.app_14                                                 182ms
  sci_application.app_15                                                 155ms
  sci_application.app_16                                                 188ms
  sci_application.app_17                                                 185ms
  sci_application.app_18                                                 131ms
  sci_application.app_19                                                 155ms
  sci_application.app_2                                                  142ms
  sci_application.app_20                                                 149ms
  sci_application.app_3                                                  192ms
  sci_application.app_4                                                  132ms
  sci_application.app_5                                                  265ms
  sci_application.app_6                                                  140ms
  sci_application.app_7                                                  140ms
  sci_application.app_8                                                  181ms
  sci_application.app_9                                                  161ms
  sci_group_base.group_1                                                 98ms
  sci_group_base.group_10                                                187ms
  sci_group_base.group_11                                                100ms
  sci_group_base.group_12                                                141ms
  sci_group_base.group_13                                                104ms
  sci_group_base.group_14                                                92ms
  sci_group_base.group_15                                                104ms
  sci_group_base.group_16                                                167ms
  sci_group_base.group_17                                                234ms
  sci_group_base.group_18                                                120ms
  sci_group_base.group_19                                                126ms
  sci_group_base.group_2                                                 102ms
  sci_group_base.group_20                                                113ms
  sci_group_base.group_21                                                278ms
  sci_group_base.group_22                                                185ms
  sci_group_base.group_23                                                113ms
  sci_group_base.group_24                                                262ms
  sci_group_base.group_25                                                161ms
  sci_group_base.group_26                                                211ms
  sci_group_base.group_27                                                101ms
  sci_group_base.group_28                                                170ms
  sci_group_base.group_29                                                135ms
  sci_group_base.group_3                                                 102ms
  sci_group_base.group_30                                                101ms
  sci_group_base.group_4                                                 138ms
  sci_group_base.group_5                                                 183ms
  sci_group_base.group_6                                                 108ms
  sci_group_base.group_7                                                 130ms
  sci_group_base.group_8                                                 107ms
  sci_group_base.group_9                                                 170ms
  sci_user.user_1                                                        112ms
  sci_user.user_10                                                       95ms
  sci_user.user_11                                                       103ms
  sci_user.user_12                                                       185ms
  sci_user.user_13                                                       171ms
  sci_user.user_14                                                       114ms
  sci_user.user_15                                                       99ms
  sci_user.user_16                                                       108ms
  sci_user.user_17                                                       113ms
  sci_user.user_18                                                       110ms
  sci_user.user_19                                                       110ms
  sci_user.user_2                                                        174ms
  sci_user.user_20                                                       111ms
  sci_user.user_21                                                       100ms
  sci_user.user_22                                                       90ms
  sci_user.user_23                                                       116ms
  sci_user.user_24                                                       95ms
  sci_user.user_25                                                       162ms
  sci_user.user_26                                                       100ms
  sci_user.user_27                                                       122ms
  sci_user.user_28                                                       161ms
  sci_user.user_29                                                       125ms
  sci_user.user_3                                                        106ms
  sci_user.user_30                                                       131ms
  sci_user.user_31                                                       108ms
  sci_user.user_32                                                       106ms
  sci_user.user_33                                                       92ms
  sci_user.user_34                                                       103ms
  sci_user.user_35                                                       91ms
  sci_user.user_36                                                       107ms
  sci_user.user_37                                                       191ms
  sci_user.user_38                                                       203ms
  sci_user.user_39                                                       95ms
  sci_user.user_4                                                        132ms
  sci_user.user_40                                                       115ms
  sci_user.user_41                                                       98ms
  sci_user.user_42                                                       165ms
  sci_user.user_43                                                       114ms
  sci_user.user_44                                                       154ms
  sci_user.user_45                                                       232ms
  sci_user.user_46                                                       111ms
  sci_user.user_47                                                       117ms
  sci_user.user_48                                                       109ms
  sci_user.user_49                                                       158ms
  sci_user.user_5                                                        90ms
  sci_user.user_50                                                       114ms
  sci_user.user_6                                                        119ms
  sci_user.user_7                                                        144ms
  sci_user.user_8                                                        178ms
  sci_user.user_9                                                        237ms


Run 4/20:
  Total run time: 116.018807s
  btp_directory.directory_1                                              134ms
  btp_directory.directory_10                                             1801ms
  btp_directory.directory_2                                              2302ms
  btp_directory.directory_3                                              7992ms
  btp_directory.directory_4                                              3955ms
  btp_directory.directory_5                                              961ms
  btp_directory.directory_6                                              6573ms
  btp_directory.directory_7                                              2811ms
  btp_directory.directory_8                                              8638ms
  btp_directory.directory_9                                              3079ms
  btp_subaccount.subaccount_1                                            713ms
  btp_subaccount.subaccount_10                                           411ms
  btp_subaccount.subaccount_2                                            1080ms
  btp_subaccount.subaccount_3                                            2463ms
  btp_subaccount.subaccount_4                                            649ms
  btp_subaccount.subaccount_5                                            1561ms
  btp_subaccount.subaccount_6                                            375ms
  btp_subaccount.subaccount_7                                            1569ms
  btp_subaccount.subaccount_8                                            1655ms
  btp_subaccount.subaccount_9                                            1638ms
  btp_subaccount_destination_generic.destination_1                       1365ms
  btp_subaccount_destination_generic.destination_10                      1218ms
  btp_subaccount_destination_generic.destination_11                      1342ms
  btp_subaccount_destination_generic.destination_12                      1144ms
  btp_subaccount_destination_generic.destination_13                      1021ms
  btp_subaccount_destination_generic.destination_14                      554ms
  btp_subaccount_destination_generic.destination_15                      383ms
  btp_subaccount_destination_generic.destination_16                      1262ms
  btp_subaccount_destination_generic.destination_17                      1927ms
  btp_subaccount_destination_generic.destination_18                      521ms
  btp_subaccount_destination_generic.destination_19                      533ms
  btp_subaccount_destination_generic.destination_2                       597ms
  btp_subaccount_destination_generic.destination_20                      1921ms
  btp_subaccount_destination_generic.destination_3                       506ms
  btp_subaccount_destination_generic.destination_4                       2173ms
  btp_subaccount_destination_generic.destination_5                       1939ms
  btp_subaccount_destination_generic.destination_6                       915ms
  btp_subaccount_destination_generic.destination_7                       1401ms
  btp_subaccount_destination_generic.destination_8                       5927ms
  btp_subaccount_destination_generic.destination_9                       579ms
  btp_subaccount_entitlement.entitlement_1                               15884ms
  btp_subaccount_entitlement.entitlement_10                              15736ms
  btp_subaccount_entitlement.entitlement_11                              15545ms
  btp_subaccount_entitlement.entitlement_12                              14516ms
  btp_subaccount_entitlement.entitlement_13                              13879ms
  btp_subaccount_entitlement.entitlement_14                              11630ms
  btp_subaccount_entitlement.entitlement_15                              15908ms
  btp_subaccount_entitlement.entitlement_16                              14743ms
  btp_subaccount_entitlement.entitlement_17                              19319ms
  btp_subaccount_entitlement.entitlement_18                              13382ms
  btp_subaccount_entitlement.entitlement_19                              13415ms
  btp_subaccount_entitlement.entitlement_2                               15067ms
  btp_subaccount_entitlement.entitlement_20                              15605ms
  btp_subaccount_entitlement.entitlement_21                              11854ms
  btp_subaccount_entitlement.entitlement_22                              14359ms
  btp_subaccount_entitlement.entitlement_23                              12521ms
  btp_subaccount_entitlement.entitlement_24                              15816ms
  btp_subaccount_entitlement.entitlement_25                              14019ms
  btp_subaccount_entitlement.entitlement_26                              16966ms
  btp_subaccount_entitlement.entitlement_27                              13184ms
  btp_subaccount_entitlement.entitlement_28                              12329ms
  btp_subaccount_entitlement.entitlement_29                              13747ms
  btp_subaccount_entitlement.entitlement_3                               13495ms
  btp_subaccount_entitlement.entitlement_30                              11736ms
  btp_subaccount_entitlement.entitlement_31                              11016ms
  btp_subaccount_entitlement.entitlement_32                              11224ms
  btp_subaccount_entitlement.entitlement_33                              14125ms
  btp_subaccount_entitlement.entitlement_34                              17859ms
  btp_subaccount_entitlement.entitlement_35                              15401ms
  btp_subaccount_entitlement.entitlement_36                              13746ms
  btp_subaccount_entitlement.entitlement_37                              12234ms
  btp_subaccount_entitlement.entitlement_38                              19328ms
  btp_subaccount_entitlement.entitlement_39                              14198ms
  btp_subaccount_entitlement.entitlement_4                               17758ms
  btp_subaccount_entitlement.entitlement_40                              15159ms
  btp_subaccount_entitlement.entitlement_5                               14766ms
  btp_subaccount_entitlement.entitlement_6                               14745ms
  btp_subaccount_entitlement.entitlement_7                               13338ms
  btp_subaccount_entitlement.entitlement_8                               14003ms
  btp_subaccount_entitlement.entitlement_9                               13759ms
  btp_subaccount_environment_instance.cloudfoundry_1                     7096ms
  btp_subaccount_environment_instance.cloudfoundry_10                    2720ms
  btp_subaccount_environment_instance.cloudfoundry_2                     5972ms
  btp_subaccount_environment_instance.cloudfoundry_3                     707ms
  btp_subaccount_environment_instance.cloudfoundry_4                     2154ms
  btp_subaccount_environment_instance.cloudfoundry_5                     2095ms
  btp_subaccount_environment_instance.cloudfoundry_6                     2198ms
  btp_subaccount_environment_instance.cloudfoundry_7                     730ms
  btp_subaccount_environment_instance.cloudfoundry_8                     1493ms
  btp_subaccount_environment_instance.cloudfoundry_9                     2503ms
  btp_subaccount_role.role_1                                             1596ms
  btp_subaccount_role.role_10                                            1871ms
  btp_subaccount_role.role_11                                            1889ms
  btp_subaccount_role.role_12                                            1246ms
  btp_subaccount_role.role_13                                            1814ms
  btp_subaccount_role.role_14                                            1660ms
  btp_subaccount_role.role_15                                            1410ms
  btp_subaccount_role.role_16                                            545ms
  btp_subaccount_role.role_17                                            945ms
  btp_subaccount_role.role_18                                            721ms
  btp_subaccount_role.role_19                                            1570ms
  btp_subaccount_role.role_2                                             6864ms
  btp_subaccount_role.role_20                                            625ms
  btp_subaccount_role.role_3                                             546ms
  btp_subaccount_role.role_4                                             1425ms
  btp_subaccount_role.role_5                                             2586ms
  btp_subaccount_role.role_6                                             2345ms
  btp_subaccount_role.role_7                                             1985ms
  btp_subaccount_role.role_8                                             498ms
  btp_subaccount_role.role_9                                             2087ms
  btp_subaccount_role_collection.collection_1                            1289ms
  btp_subaccount_role_collection.collection_10                           1315ms
  btp_subaccount_role_collection.collection_11                           768ms
  btp_subaccount_role_collection.collection_12                           1969ms
  btp_subaccount_role_collection.collection_13                           1955ms
  btp_subaccount_role_collection.collection_14                           1793ms
  btp_subaccount_role_collection.collection_15                           2654ms
  btp_subaccount_role_collection.collection_16                           1941ms
  btp_subaccount_role_collection.collection_17                           1631ms
  btp_subaccount_role_collection.collection_18                           1758ms
  btp_subaccount_role_collection.collection_19                           1775ms
  btp_subaccount_role_collection.collection_2                            961ms
  btp_subaccount_role_collection.collection_20                           6256ms
  btp_subaccount_role_collection.collection_21                           1091ms
  btp_subaccount_role_collection.collection_22                           1668ms
  btp_subaccount_role_collection.collection_23                           586ms
  btp_subaccount_role_collection.collection_24                           2266ms
  btp_subaccount_role_collection.collection_25                           846ms
  btp_subaccount_role_collection.collection_26                           1659ms
  btp_subaccount_role_collection.collection_27                           1616ms
  btp_subaccount_role_collection.collection_28                           1019ms
  btp_subaccount_role_collection.collection_29                           1785ms
  btp_subaccount_role_collection.collection_3                            1956ms
  btp_subaccount_role_collection.collection_30                           437ms
  btp_subaccount_role_collection.collection_4                            964ms
  btp_subaccount_role_collection.collection_5                            1677ms
  btp_subaccount_role_collection.collection_6                            754ms
  btp_subaccount_role_collection.collection_7                            617ms
  btp_subaccount_role_collection.collection_8                            517ms
  btp_subaccount_role_collection.collection_9                            2666ms
  btp_subaccount_service_instance.instance_1                             2003ms
  btp_subaccount_service_instance.instance_10                            10865ms
  btp_subaccount_service_instance.instance_11                            5583ms
  btp_subaccount_service_instance.instance_12                            5141ms
  btp_subaccount_service_instance.instance_13                            6052ms
  btp_subaccount_service_instance.instance_14                            4754ms
  btp_subaccount_service_instance.instance_15                            3683ms
  btp_subaccount_service_instance.instance_16                            7537ms
  btp_subaccount_service_instance.instance_17                            4302ms
  btp_subaccount_service_instance.instance_18                            4090ms
  btp_subaccount_service_instance.instance_19                            6205ms
  btp_subaccount_service_instance.instance_2                             2609ms
  btp_subaccount_service_instance.instance_20                            4743ms
  btp_subaccount_service_instance.instance_3                             1779ms
  btp_subaccount_service_instance.instance_4                             904ms
  btp_subaccount_service_instance.instance_5                             2909ms
  btp_subaccount_service_instance.instance_6                             9029ms
  btp_subaccount_service_instance.instance_7                             4845ms
  btp_subaccount_service_instance.instance_8                             1004ms
  btp_subaccount_service_instance.instance_9                             3247ms
  btp_subaccount_subscription.subscription_1                             1978ms
  btp_subaccount_subscription.subscription_10                            4290ms
  btp_subaccount_subscription.subscription_11                            8875ms
  btp_subaccount_subscription.subscription_12                            2124ms
  btp_subaccount_subscription.subscription_13                            1967ms
  btp_subaccount_subscription.subscription_14                            3619ms
  btp_subaccount_subscription.subscription_15                            3893ms
  btp_subaccount_subscription.subscription_16                            2019ms
  btp_subaccount_subscription.subscription_17                            4702ms
  btp_subaccount_subscription.subscription_18                            3055ms
  btp_subaccount_subscription.subscription_19                            4534ms
  btp_subaccount_subscription.subscription_2                             3791ms
  btp_subaccount_subscription.subscription_20                            3154ms
  btp_subaccount_subscription.subscription_21                            1563ms
  btp_subaccount_subscription.subscription_22                            3807ms
  btp_subaccount_subscription.subscription_23                            1599ms
  btp_subaccount_subscription.subscription_24                            4153ms
  btp_subaccount_subscription.subscription_25                            3981ms
  btp_subaccount_subscription.subscription_26                            3689ms
  btp_subaccount_subscription.subscription_27                            2207ms
  btp_subaccount_subscription.subscription_28                            1606ms
  btp_subaccount_subscription.subscription_29                            4390ms
  btp_subaccount_subscription.subscription_3                             2212ms
  btp_subaccount_subscription.subscription_30                            4420ms
  btp_subaccount_subscription.subscription_4                             3573ms
  btp_subaccount_subscription.subscription_5                             4215ms
  btp_subaccount_subscription.subscription_6                             2009ms
  btp_subaccount_subscription.subscription_7                             3844ms
  btp_subaccount_subscription.subscription_8                             1897ms
  btp_subaccount_subscription.subscription_9                             3278ms
  btp_subaccount_trust_configuration.trust_1                             1483ms
  btp_subaccount_trust_configuration.trust_10                            1537ms
  btp_subaccount_trust_configuration.trust_2                             1152ms
  btp_subaccount_trust_configuration.trust_3                             1178ms
  btp_subaccount_trust_configuration.trust_4                             1637ms
  btp_subaccount_trust_configuration.trust_5                             6544ms
  btp_subaccount_trust_configuration.trust_6                             2899ms
  btp_subaccount_trust_configuration.trust_7                             966ms
  btp_subaccount_trust_configuration.trust_8                             1754ms
  btp_subaccount_trust_configuration.trust_9                             2715ms
  cloudfoundry_service_instance.instance_1                               58ms
  cloudfoundry_service_instance.instance_10                              46ms
  cloudfoundry_service_instance.instance_11                              41ms
  cloudfoundry_service_instance.instance_12                              36ms
  cloudfoundry_service_instance.instance_13                              51ms
  cloudfoundry_service_instance.instance_14                              39ms
  cloudfoundry_service_instance.instance_15                              39ms
  cloudfoundry_service_instance.instance_16                              50ms
  cloudfoundry_service_instance.instance_17                              37ms
  cloudfoundry_service_instance.instance_18                              37ms
  cloudfoundry_service_instance.instance_19                              41ms
  cloudfoundry_service_instance.instance_2                               38ms
  cloudfoundry_service_instance.instance_20                              39ms
  cloudfoundry_service_instance.instance_21                              47ms
  cloudfoundry_service_instance.instance_22                              32ms
  cloudfoundry_service_instance.instance_23                              41ms
  cloudfoundry_service_instance.instance_24                              34ms
  cloudfoundry_service_instance.instance_25                              40ms
  cloudfoundry_service_instance.instance_26                              53ms
  cloudfoundry_service_instance.instance_27                              35ms
  cloudfoundry_service_instance.instance_28                              39ms
  cloudfoundry_service_instance.instance_29                              52ms
  cloudfoundry_service_instance.instance_3                               51ms
  cloudfoundry_service_instance.instance_30                              42ms
  cloudfoundry_service_instance.instance_31                              39ms
  cloudfoundry_service_instance.instance_32                              48ms
  cloudfoundry_service_instance.instance_33                              53ms
  cloudfoundry_service_instance.instance_34                              44ms
  cloudfoundry_service_instance.instance_35                              48ms
  cloudfoundry_service_instance.instance_36                              61ms
  cloudfoundry_service_instance.instance_37                              36ms
  cloudfoundry_service_instance.instance_38                              38ms
  cloudfoundry_service_instance.instance_39                              51ms
  cloudfoundry_service_instance.instance_4                               39ms
  cloudfoundry_service_instance.instance_40                              35ms
  cloudfoundry_service_instance.instance_5                               49ms
  cloudfoundry_service_instance.instance_6                               49ms
  cloudfoundry_service_instance.instance_7                               55ms
  cloudfoundry_service_instance.instance_8                               40ms
  cloudfoundry_service_instance.instance_9                               52ms
  cloudfoundry_space.space_1                                             104ms
  cloudfoundry_space.space_10                                            102ms
  cloudfoundry_space.space_11                                            130ms
  cloudfoundry_space.space_12                                            108ms
  cloudfoundry_space.space_13                                            103ms
  cloudfoundry_space.space_14                                            111ms
  cloudfoundry_space.space_15                                            118ms
  cloudfoundry_space.space_16                                            107ms
  cloudfoundry_space.space_17                                            99ms
  cloudfoundry_space.space_18                                            89ms
  cloudfoundry_space.space_19                                            127ms
  cloudfoundry_space.space_2                                             109ms
  cloudfoundry_space.space_20                                            109ms
  cloudfoundry_space.space_3                                             100ms
  cloudfoundry_space.space_4                                             109ms
  cloudfoundry_space.space_5                                             106ms
  cloudfoundry_space.space_6                                             105ms
  cloudfoundry_space.space_7                                             152ms
  cloudfoundry_space.space_8                                             109ms
  cloudfoundry_space.space_9                                             106ms
  scc_subaccount.subaccount_1                                            7712ms
  scc_subaccount.subaccount_10                                           7067ms
  scc_subaccount.subaccount_2                                            8058ms
  scc_subaccount.subaccount_3                                            7355ms
  scc_subaccount.subaccount_4                                            1827ms
  scc_subaccount.subaccount_5                                            1179ms
  scc_subaccount.subaccount_6                                            7912ms
  scc_subaccount.subaccount_7                                            1526ms
  scc_subaccount.subaccount_8                                            8102ms
  scc_subaccount.subaccount_9                                            9128ms
  scc_system_mapping.system_1                                            79ms
  scc_system_mapping.system_10                                           63ms
  scc_system_mapping.system_11                                           91ms
  scc_system_mapping.system_12                                           108ms
  scc_system_mapping.system_13                                           78ms
  scc_system_mapping.system_14                                           76ms
  scc_system_mapping.system_15                                           67ms
  scc_system_mapping.system_16                                           78ms
  scc_system_mapping.system_17                                           94ms
  scc_system_mapping.system_18                                           62ms
  scc_system_mapping.system_19                                           80ms
  scc_system_mapping.system_2                                            78ms
  scc_system_mapping.system_20                                           68ms
  scc_system_mapping.system_3                                            77ms
  scc_system_mapping.system_4                                            95ms
  scc_system_mapping.system_5                                            78ms
  scc_system_mapping.system_6                                            103ms
  scc_system_mapping.system_7                                            160ms
  scc_system_mapping.system_8                                            95ms
  scc_system_mapping.system_9                                            82ms
  scc_system_mapping_resource.resource_1                                 110ms
  scc_system_mapping_resource.resource_10                                63ms
  scc_system_mapping_resource.resource_11                                68ms
  scc_system_mapping_resource.resource_12                                136ms
  scc_system_mapping_resource.resource_13                                107ms
  scc_system_mapping_resource.resource_14                                68ms
  scc_system_mapping_resource.resource_15                                186ms
  scc_system_mapping_resource.resource_16                                78ms
  scc_system_mapping_resource.resource_17                                80ms
  scc_system_mapping_resource.resource_18                                74ms
  scc_system_mapping_resource.resource_19                                69ms
  scc_system_mapping_resource.resource_2                                 61ms
  scc_system_mapping_resource.resource_20                                163ms
  scc_system_mapping_resource.resource_21                                61ms
  scc_system_mapping_resource.resource_22                                69ms
  scc_system_mapping_resource.resource_23                                73ms
  scc_system_mapping_resource.resource_24                                85ms
  scc_system_mapping_resource.resource_25                                97ms
  scc_system_mapping_resource.resource_26                                73ms
  scc_system_mapping_resource.resource_27                                66ms
  scc_system_mapping_resource.resource_28                                67ms
  scc_system_mapping_resource.resource_29                                83ms
  scc_system_mapping_resource.resource_3                                 70ms
  scc_system_mapping_resource.resource_30                                77ms
  scc_system_mapping_resource.resource_31                                72ms
  scc_system_mapping_resource.resource_32                                62ms
  scc_system_mapping_resource.resource_33                                79ms
  scc_system_mapping_resource.resource_34                                157ms
  scc_system_mapping_resource.resource_35                                76ms
  scc_system_mapping_resource.resource_36                                60ms
  scc_system_mapping_resource.resource_37                                69ms
  scc_system_mapping_resource.resource_38                                69ms
  scc_system_mapping_resource.resource_39                                100ms
  scc_system_mapping_resource.resource_4                                 84ms
  scc_system_mapping_resource.resource_40                                71ms
  scc_system_mapping_resource.resource_5                                 70ms
  scc_system_mapping_resource.resource_6                                 147ms
  scc_system_mapping_resource.resource_7                                 190ms
  scc_system_mapping_resource.resource_8                                 66ms
  scc_system_mapping_resource.resource_9                                 63ms
  sci_application.app_1                                                  133ms
  sci_application.app_10                                                 169ms
  sci_application.app_11                                                 132ms
  sci_application.app_12                                                 133ms
  sci_application.app_13                                                 133ms
  sci_application.app_14                                                 133ms
  sci_application.app_15                                                 151ms
  sci_application.app_16                                                 132ms
  sci_application.app_17                                                 146ms
  sci_application.app_18                                                 161ms
  sci_application.app_19                                                 134ms
  sci_application.app_2                                                  157ms
  sci_application.app_20                                                 149ms
  sci_application.app_3                                                  135ms
  sci_application.app_4                                                  160ms
  sci_application.app_5                                                  144ms
  sci_application.app_6                                                  157ms
  sci_application.app_7                                                  179ms
  sci_application.app_8                                                  156ms
  sci_application.app_9                                                  148ms
  sci_group_base.group_1                                                 104ms
  sci_group_base.group_10                                                123ms
  sci_group_base.group_11                                                158ms
  sci_group_base.group_12                                                118ms
  sci_group_base.group_13                                                122ms
  sci_group_base.group_14                                                130ms
  sci_group_base.group_15                                                122ms
  sci_group_base.group_16                                                120ms
  sci_group_base.group_17                                                135ms
  sci_group_base.group_18                                                157ms
  sci_group_base.group_19                                                106ms
  sci_group_base.group_2                                                 106ms
  sci_group_base.group_20                                                113ms
  sci_group_base.group_21                                                122ms
  sci_group_base.group_22                                                143ms
  sci_group_base.group_23                                                136ms
  sci_group_base.group_24                                                106ms
  sci_group_base.group_25                                                96ms
  sci_group_base.group_26                                                117ms
  sci_group_base.group_27                                                104ms
  sci_group_base.group_28                                                120ms
  sci_group_base.group_29                                                102ms
  sci_group_base.group_3                                                 146ms
  sci_group_base.group_30                                                130ms
  sci_group_base.group_4                                                 120ms
  sci_group_base.group_5                                                 104ms
  sci_group_base.group_6                                                 120ms
  sci_group_base.group_7                                                 153ms
  sci_group_base.group_8                                                 120ms
  sci_group_base.group_9                                                 158ms
  sci_user.user_1                                                        115ms
  sci_user.user_10                                                       164ms
  sci_user.user_11                                                       116ms
  sci_user.user_12                                                       111ms
  sci_user.user_13                                                       105ms
  sci_user.user_14                                                       98ms
  sci_user.user_15                                                       117ms
  sci_user.user_16                                                       119ms
  sci_user.user_17                                                       127ms
  sci_user.user_18                                                       99ms
  sci_user.user_19                                                       240ms
  sci_user.user_2                                                        119ms
  sci_user.user_20                                                       94ms
  sci_user.user_21                                                       96ms
  sci_user.user_22                                                       118ms
  sci_user.user_23                                                       128ms
  sci_user.user_24                                                       241ms
  sci_user.user_25                                                       105ms
  sci_user.user_26                                                       123ms
  sci_user.user_27                                                       240ms
  sci_user.user_28                                                       104ms
  sci_user.user_29                                                       111ms
  sci_user.user_3                                                        121ms
  sci_user.user_30                                                       105ms
  sci_user.user_31                                                       129ms
  sci_user.user_32                                                       117ms
  sci_user.user_33                                                       135ms
  sci_user.user_34                                                       154ms
  sci_user.user_35                                                       99ms
  sci_user.user_36                                                       241ms
  sci_user.user_37                                                       106ms
  sci_user.user_38                                                       98ms
  sci_user.user_39                                                       197ms
  sci_user.user_4                                                        128ms
  sci_user.user_40                                                       131ms
  sci_user.user_41                                                       120ms
  sci_user.user_42                                                       120ms
  sci_user.user_43                                                       100ms
  sci_user.user_44                                                       322ms
  sci_user.user_45                                                       253ms
  sci_user.user_46                                                       259ms
  sci_user.user_47                                                       111ms
  sci_user.user_48                                                       129ms
  sci_user.user_49                                                       157ms
  sci_user.user_5                                                        120ms
  sci_user.user_50                                                       128ms
  sci_user.user_6                                                        120ms
  sci_user.user_7                                                        166ms
  sci_user.user_8                                                        116ms
  sci_user.user_9                                                        96ms


Run 5/20:
  Total run time: 116.971537s
  btp_directory.directory_1                                              876ms
  btp_directory.directory_10                                             1238ms
  btp_directory.directory_2                                              1156ms
  btp_directory.directory_3                                              2635ms
  btp_directory.directory_4                                              1138ms
  btp_directory.directory_5                                              796ms
  btp_directory.directory_6                                              1047ms
  btp_directory.directory_7                                              1538ms
  btp_directory.directory_8                                              971ms
  btp_directory.directory_9                                              1279ms
  btp_subaccount.subaccount_1                                            5610ms
  btp_subaccount.subaccount_10                                           1632ms
  btp_subaccount.subaccount_2                                            6966ms
  btp_subaccount.subaccount_3                                            2159ms
  btp_subaccount.subaccount_4                                            128ms
  btp_subaccount.subaccount_5                                            6708ms
  btp_subaccount.subaccount_6                                            1489ms
  btp_subaccount.subaccount_7                                            555ms
  btp_subaccount.subaccount_8                                            225ms
  btp_subaccount.subaccount_9                                            524ms
  btp_subaccount_destination_generic.destination_1                       202ms
  btp_subaccount_destination_generic.destination_10                      457ms
  btp_subaccount_destination_generic.destination_11                      589ms
  btp_subaccount_destination_generic.destination_12                      342ms
  btp_subaccount_destination_generic.destination_13                      191ms
  btp_subaccount_destination_generic.destination_14                      677ms
  btp_subaccount_destination_generic.destination_15                      183ms
  btp_subaccount_destination_generic.destination_16                      6614ms
  btp_subaccount_destination_generic.destination_17                      705ms
  btp_subaccount_destination_generic.destination_18                      460ms
  btp_subaccount_destination_generic.destination_19                      806ms
  btp_subaccount_destination_generic.destination_2                       2157ms
  btp_subaccount_destination_generic.destination_20                      924ms
  btp_subaccount_destination_generic.destination_3                       796ms
  btp_subaccount_destination_generic.destination_4                       167ms
  btp_subaccount_destination_generic.destination_5                       1866ms
  btp_subaccount_destination_generic.destination_6                       180ms
  btp_subaccount_destination_generic.destination_7                       1575ms
  btp_subaccount_destination_generic.destination_8                       2612ms
  btp_subaccount_destination_generic.destination_9                       1321ms
  btp_subaccount_entitlement.entitlement_1                               14814ms
  btp_subaccount_entitlement.entitlement_10                              15136ms
  btp_subaccount_entitlement.entitlement_11                              14849ms
  btp_subaccount_entitlement.entitlement_12                              14977ms
  btp_subaccount_entitlement.entitlement_13                              11615ms
  btp_subaccount_entitlement.entitlement_14                              12814ms
  btp_subaccount_entitlement.entitlement_15                              15032ms
  btp_subaccount_entitlement.entitlement_16                              16793ms
  btp_subaccount_entitlement.entitlement_17                              13503ms
  btp_subaccount_entitlement.entitlement_18                              13372ms
  btp_subaccount_entitlement.entitlement_19                              10648ms
  btp_subaccount_entitlement.entitlement_2                               17404ms
  btp_subaccount_entitlement.entitlement_20                              15584ms
  btp_subaccount_entitlement.entitlement_21                              15070ms
  btp_subaccount_entitlement.entitlement_22                              14628ms
  btp_subaccount_entitlement.entitlement_23                              13332ms
  btp_subaccount_entitlement.entitlement_24                              17125ms
  btp_subaccount_entitlement.entitlement_25                              12888ms
  btp_subaccount_entitlement.entitlement_26                              12943ms
  btp_subaccount_entitlement.entitlement_27                              12455ms
  btp_subaccount_entitlement.entitlement_28                              13006ms
  btp_subaccount_entitlement.entitlement_29                              13503ms
  btp_subaccount_entitlement.entitlement_3                               16708ms
  btp_subaccount_entitlement.entitlement_30                              10517ms
  btp_subaccount_entitlement.entitlement_31                              15857ms
  btp_subaccount_entitlement.entitlement_32                              13136ms
  btp_subaccount_entitlement.entitlement_33                              12801ms
  btp_subaccount_entitlement.entitlement_34                              11501ms
  btp_subaccount_entitlement.entitlement_35                              19018ms
  btp_subaccount_entitlement.entitlement_36                              12709ms
  btp_subaccount_entitlement.entitlement_37                              13216ms
  btp_subaccount_entitlement.entitlement_38                              16046ms
  btp_subaccount_entitlement.entitlement_39                              13707ms
  btp_subaccount_entitlement.entitlement_4                               11339ms
  btp_subaccount_entitlement.entitlement_40                              12750ms
  btp_subaccount_entitlement.entitlement_5                               15685ms
  btp_subaccount_entitlement.entitlement_6                               17076ms
  btp_subaccount_entitlement.entitlement_7                               15349ms
  btp_subaccount_entitlement.entitlement_8                               18107ms
  btp_subaccount_entitlement.entitlement_9                               15907ms
  btp_subaccount_environment_instance.cloudfoundry_1                     1903ms
  btp_subaccount_environment_instance.cloudfoundry_10                    1178ms
  btp_subaccount_environment_instance.cloudfoundry_2                     614ms
  btp_subaccount_environment_instance.cloudfoundry_3                     7216ms
  btp_subaccount_environment_instance.cloudfoundry_4                     1605ms
  btp_subaccount_environment_instance.cloudfoundry_5                     818ms
  btp_subaccount_environment_instance.cloudfoundry_6                     1799ms
  btp_subaccount_environment_instance.cloudfoundry_7                     934ms
  btp_subaccount_environment_instance.cloudfoundry_8                     1707ms
  btp_subaccount_environment_instance.cloudfoundry_9                     1857ms
  btp_subaccount_role.role_1                                             943ms
  btp_subaccount_role.role_10                                            235ms
  btp_subaccount_role.role_11                                            659ms
  btp_subaccount_role.role_12                                            457ms
  btp_subaccount_role.role_13                                            566ms
  btp_subaccount_role.role_14                                            256ms
  btp_subaccount_role.role_15                                            1221ms
  btp_subaccount_role.role_16                                            406ms
  btp_subaccount_role.role_17                                            980ms
  btp_subaccount_role.role_18                                            671ms
  btp_subaccount_role.role_19                                            243ms
  btp_subaccount_role.role_2                                             951ms
  btp_subaccount_role.role_20                                            1050ms
  btp_subaccount_role.role_3                                             522ms
  btp_subaccount_role.role_4                                             513ms
  btp_subaccount_role.role_5                                             842ms
  btp_subaccount_role.role_6                                             349ms
  btp_subaccount_role.role_7                                             1420ms
  btp_subaccount_role.role_8                                             2039ms
  btp_subaccount_role.role_9                                             442ms
  btp_subaccount_role_collection.collection_1                            449ms
  btp_subaccount_role_collection.collection_10                           883ms
  btp_subaccount_role_collection.collection_11                           862ms
  btp_subaccount_role_collection.collection_12                           1615ms
  btp_subaccount_role_collection.collection_13                           1389ms
  btp_subaccount_role_collection.collection_14                           910ms
  btp_subaccount_role_collection.collection_15                           374ms
  btp_subaccount_role_collection.collection_16                           322ms
  btp_subaccount_role_collection.collection_17                           1897ms
  btp_subaccount_role_collection.collection_18                           1866ms
  btp_subaccount_role_collection.collection_19                           1846ms
  btp_subaccount_role_collection.collection_2                            5826ms
  btp_subaccount_role_collection.collection_20                           454ms
  btp_subaccount_role_collection.collection_21                           1341ms
  btp_subaccount_role_collection.collection_22                           555ms
  btp_subaccount_role_collection.collection_23                           204ms
  btp_subaccount_role_collection.collection_24                           456ms
  btp_subaccount_role_collection.collection_25                           179ms
  btp_subaccount_role_collection.collection_26                           846ms
  btp_subaccount_role_collection.collection_27                           692ms
  btp_subaccount_role_collection.collection_28                           1779ms
  btp_subaccount_role_collection.collection_29                           1614ms
  btp_subaccount_role_collection.collection_3                            657ms
  btp_subaccount_role_collection.collection_30                           1393ms
  btp_subaccount_role_collection.collection_4                            653ms
  btp_subaccount_role_collection.collection_5                            950ms
  btp_subaccount_role_collection.collection_6                            200ms
  btp_subaccount_role_collection.collection_7                            450ms
  btp_subaccount_role_collection.collection_8                            351ms
  btp_subaccount_role_collection.collection_9                            1195ms
  btp_subaccount_service_instance.instance_1                             4915ms
  btp_subaccount_service_instance.instance_10                            2718ms
  btp_subaccount_service_instance.instance_11                            2353ms
  btp_subaccount_service_instance.instance_12                            7867ms
  btp_subaccount_service_instance.instance_13                            5080ms
  btp_subaccount_service_instance.instance_14                            9089ms
  btp_subaccount_service_instance.instance_15                            902ms
  btp_subaccount_service_instance.instance_16                            879ms
  btp_subaccount_service_instance.instance_17                            2152ms
  btp_subaccount_service_instance.instance_18                            14773ms
  btp_subaccount_service_instance.instance_19                            831ms
  btp_subaccount_service_instance.instance_2                             5901ms
  btp_subaccount_service_instance.instance_20                            3431ms
  btp_subaccount_service_instance.instance_3                             6217ms
  btp_subaccount_service_instance.instance_4                             923ms
  btp_subaccount_service_instance.instance_5                             4417ms
  btp_subaccount_service_instance.instance_6                             1448ms
  btp_subaccount_service_instance.instance_7                             5419ms
  btp_subaccount_service_instance.instance_8                             1763ms
  btp_subaccount_service_instance.instance_9                             4256ms
  btp_subaccount_subscription.subscription_1                             3222ms
  btp_subaccount_subscription.subscription_10                            3271ms
  btp_subaccount_subscription.subscription_11                            3866ms
  btp_subaccount_subscription.subscription_12                            669ms
  btp_subaccount_subscription.subscription_13                            3175ms
  btp_subaccount_subscription.subscription_14                            805ms
  btp_subaccount_subscription.subscription_15                            2429ms
  btp_subaccount_subscription.subscription_16                            2760ms
  btp_subaccount_subscription.subscription_17                            2135ms
  btp_subaccount_subscription.subscription_18                            1213ms
  btp_subaccount_subscription.subscription_19                            3145ms
  btp_subaccount_subscription.subscription_2                             3539ms
  btp_subaccount_subscription.subscription_20                            1710ms
  btp_subaccount_subscription.subscription_21                            2749ms
  btp_subaccount_subscription.subscription_22                            3201ms
  btp_subaccount_subscription.subscription_23                            1089ms
  btp_subaccount_subscription.subscription_24                            2153ms
  btp_subaccount_subscription.subscription_25                            2574ms
  btp_subaccount_subscription.subscription_26                            2840ms
  btp_subaccount_subscription.subscription_27                            642ms
  btp_subaccount_subscription.subscription_28                            2105ms
  btp_subaccount_subscription.subscription_29                            746ms
  btp_subaccount_subscription.subscription_3                             3126ms
  btp_subaccount_subscription.subscription_30                            3430ms
  btp_subaccount_subscription.subscription_4                             1066ms
  btp_subaccount_subscription.subscription_5                             1834ms
  btp_subaccount_subscription.subscription_6                             2277ms
  btp_subaccount_subscription.subscription_7                             2964ms
  btp_subaccount_subscription.subscription_8                             2175ms
  btp_subaccount_subscription.subscription_9                             1802ms
  btp_subaccount_trust_configuration.trust_1                             1117ms
  btp_subaccount_trust_configuration.trust_10                            1163ms
  btp_subaccount_trust_configuration.trust_2                             1336ms
  btp_subaccount_trust_configuration.trust_3                             1567ms
  btp_subaccount_trust_configuration.trust_4                             569ms
  btp_subaccount_trust_configuration.trust_5                             1809ms
  btp_subaccount_trust_configuration.trust_6                             1571ms
  btp_subaccount_trust_configuration.trust_7                             243ms
  btp_subaccount_trust_configuration.trust_8                             685ms
  btp_subaccount_trust_configuration.trust_9                             6528ms
  cloudfoundry_service_instance.instance_1                               40ms
  cloudfoundry_service_instance.instance_10                              47ms
  cloudfoundry_service_instance.instance_11                              61ms
  cloudfoundry_service_instance.instance_12                              54ms
  cloudfoundry_service_instance.instance_13                              66ms
  cloudfoundry_service_instance.instance_14                              61ms
  cloudfoundry_service_instance.instance_15                              54ms
  cloudfoundry_service_instance.instance_16                              50ms
  cloudfoundry_service_instance.instance_17                              58ms
  cloudfoundry_service_instance.instance_18                              62ms
  cloudfoundry_service_instance.instance_19                              57ms
  cloudfoundry_service_instance.instance_2                               57ms
  cloudfoundry_service_instance.instance_20                              63ms
  cloudfoundry_service_instance.instance_21                              64ms
  cloudfoundry_service_instance.instance_22                              52ms
  cloudfoundry_service_instance.instance_23                              38ms
  cloudfoundry_service_instance.instance_24                              54ms
  cloudfoundry_service_instance.instance_25                              63ms
  cloudfoundry_service_instance.instance_26                              52ms
  cloudfoundry_service_instance.instance_27                              57ms
  cloudfoundry_service_instance.instance_28                              67ms
  cloudfoundry_service_instance.instance_29                              55ms
  cloudfoundry_service_instance.instance_3                               49ms
  cloudfoundry_service_instance.instance_30                              47ms
  cloudfoundry_service_instance.instance_31                              50ms
  cloudfoundry_service_instance.instance_32                              54ms
  cloudfoundry_service_instance.instance_33                              48ms
  cloudfoundry_service_instance.instance_34                              41ms
  cloudfoundry_service_instance.instance_35                              50ms
  cloudfoundry_service_instance.instance_36                              46ms
  cloudfoundry_service_instance.instance_37                              42ms
  cloudfoundry_service_instance.instance_38                              123ms
  cloudfoundry_service_instance.instance_39                              54ms
  cloudfoundry_service_instance.instance_4                               52ms
  cloudfoundry_service_instance.instance_40                              40ms
  cloudfoundry_service_instance.instance_5                               44ms
  cloudfoundry_service_instance.instance_6                               46ms
  cloudfoundry_service_instance.instance_7                               45ms
  cloudfoundry_service_instance.instance_8                               56ms
  cloudfoundry_service_instance.instance_9                               45ms
  cloudfoundry_space.space_1                                             124ms
  cloudfoundry_space.space_10                                            124ms
  cloudfoundry_space.space_11                                            109ms
  cloudfoundry_space.space_12                                            118ms
  cloudfoundry_space.space_13                                            125ms
  cloudfoundry_space.space_14                                            130ms
  cloudfoundry_space.space_15                                            111ms
  cloudfoundry_space.space_16                                            121ms
  cloudfoundry_space.space_17                                            120ms
  cloudfoundry_space.space_18                                            141ms
  cloudfoundry_space.space_19                                            118ms
  cloudfoundry_space.space_2                                             115ms
  cloudfoundry_space.space_20                                            136ms
  cloudfoundry_space.space_3                                             119ms
  cloudfoundry_space.space_4                                             126ms
  cloudfoundry_space.space_5                                             118ms
  cloudfoundry_space.space_6                                             115ms
  cloudfoundry_space.space_7                                             124ms
  cloudfoundry_space.space_8                                             111ms
  cloudfoundry_space.space_9                                             120ms
  scc_subaccount.subaccount_1                                            29961ms
  scc_subaccount.subaccount_10                                           9503ms
  scc_subaccount.subaccount_2                                            29604ms
  scc_subaccount.subaccount_3                                            20530ms
  scc_subaccount.subaccount_4                                            3741ms
  scc_subaccount.subaccount_5                                            9208ms
  scc_subaccount.subaccount_6                                            30142ms
  scc_subaccount.subaccount_7                                            20188ms
  scc_subaccount.subaccount_8                                            30338ms
  scc_subaccount.subaccount_9                                            14884ms
  scc_system_mapping.system_1                                            76ms
  scc_system_mapping.system_10                                           56ms
  scc_system_mapping.system_11                                           136ms
  scc_system_mapping.system_12                                           61ms
  scc_system_mapping.system_13                                           58ms
  scc_system_mapping.system_14                                           59ms
  scc_system_mapping.system_15                                           156ms
  scc_system_mapping.system_16                                           64ms
  scc_system_mapping.system_17                                           68ms
  scc_system_mapping.system_18                                           76ms
  scc_system_mapping.system_19                                           65ms
  scc_system_mapping.system_2                                            61ms
  scc_system_mapping.system_20                                           74ms
  scc_system_mapping.system_3                                            67ms
  scc_system_mapping.system_4                                            66ms
  scc_system_mapping.system_5                                            60ms
  scc_system_mapping.system_6                                            65ms
  scc_system_mapping.system_7                                            61ms
  scc_system_mapping.system_8                                            59ms
  scc_system_mapping.system_9                                            55ms
  scc_system_mapping_resource.resource_1                                 58ms
  scc_system_mapping_resource.resource_10                                55ms
  scc_system_mapping_resource.resource_11                                58ms
  scc_system_mapping_resource.resource_12                                58ms
  scc_system_mapping_resource.resource_13                                55ms
  scc_system_mapping_resource.resource_14                                56ms
  scc_system_mapping_resource.resource_15                                52ms
  scc_system_mapping_resource.resource_16                                55ms
  scc_system_mapping_resource.resource_17                                60ms
  scc_system_mapping_resource.resource_18                                57ms
  scc_system_mapping_resource.resource_19                                59ms
  scc_system_mapping_resource.resource_2                                 135ms
  scc_system_mapping_resource.resource_20                                71ms
  scc_system_mapping_resource.resource_21                                66ms
  scc_system_mapping_resource.resource_22                                59ms
  scc_system_mapping_resource.resource_23                                56ms
  scc_system_mapping_resource.resource_24                                143ms
  scc_system_mapping_resource.resource_25                                57ms
  scc_system_mapping_resource.resource_26                                63ms
  scc_system_mapping_resource.resource_27                                56ms
  scc_system_mapping_resource.resource_28                                55ms
  scc_system_mapping_resource.resource_29                                144ms
  scc_system_mapping_resource.resource_3                                 59ms
  scc_system_mapping_resource.resource_30                                56ms
  scc_system_mapping_resource.resource_31                                57ms
  scc_system_mapping_resource.resource_32                                62ms
  scc_system_mapping_resource.resource_33                                61ms
  scc_system_mapping_resource.resource_34                                59ms
  scc_system_mapping_resource.resource_35                                57ms
  scc_system_mapping_resource.resource_36                                62ms
  scc_system_mapping_resource.resource_37                                60ms
  scc_system_mapping_resource.resource_38                                63ms
  scc_system_mapping_resource.resource_39                                60ms
  scc_system_mapping_resource.resource_4                                 54ms
  scc_system_mapping_resource.resource_40                                59ms
  scc_system_mapping_resource.resource_5                                 150ms
  scc_system_mapping_resource.resource_6                                 140ms
  scc_system_mapping_resource.resource_7                                 152ms
  scc_system_mapping_resource.resource_8                                 63ms
  scc_system_mapping_resource.resource_9                                 61ms
  sci_application.app_1                                                  125ms
  sci_application.app_10                                                 112ms
  sci_application.app_11                                                 115ms
  sci_application.app_12                                                 110ms
  sci_application.app_13                                                 120ms
  sci_application.app_14                                                 149ms
  sci_application.app_15                                                 137ms
  sci_application.app_16                                                 187ms
  sci_application.app_17                                                 125ms
  sci_application.app_18                                                 126ms
  sci_application.app_19                                                 115ms
  sci_application.app_2                                                  128ms
  sci_application.app_20                                                 119ms
  sci_application.app_3                                                  120ms
  sci_application.app_4                                                  127ms
  sci_application.app_5                                                  123ms
  sci_application.app_6                                                  126ms
  sci_application.app_7                                                  113ms
  sci_application.app_8                                                  113ms
  sci_application.app_9                                                  108ms
  sci_group_base.group_1                                                 97ms
  sci_group_base.group_10                                                107ms
  sci_group_base.group_11                                                162ms
  sci_group_base.group_12                                                95ms
  sci_group_base.group_13                                                97ms
  sci_group_base.group_14                                                104ms
  sci_group_base.group_15                                                152ms
  sci_group_base.group_16                                                86ms
  sci_group_base.group_17                                                90ms
  sci_group_base.group_18                                                95ms
  sci_group_base.group_19                                                108ms
  sci_group_base.group_2                                                 95ms
  sci_group_base.group_20                                                101ms
  sci_group_base.group_21                                                102ms
  sci_group_base.group_22                                                89ms
  sci_group_base.group_23                                                148ms
  sci_group_base.group_24                                                102ms
  sci_group_base.group_25                                                98ms
  sci_group_base.group_26                                                90ms
  sci_group_base.group_27                                                93ms
  sci_group_base.group_28                                                93ms
  sci_group_base.group_29                                                95ms
  sci_group_base.group_3                                                 100ms
  sci_group_base.group_30                                                92ms
  sci_group_base.group_4                                                 108ms
  sci_group_base.group_5                                                 90ms
  sci_group_base.group_6                                                 87ms
  sci_group_base.group_7                                                 94ms
  sci_group_base.group_8                                                 92ms
  sci_group_base.group_9                                                 99ms
  sci_user.user_1                                                        93ms
  sci_user.user_10                                                       89ms
  sci_user.user_11                                                       82ms
  sci_user.user_12                                                       149ms
  sci_user.user_13                                                       87ms
  sci_user.user_14                                                       155ms
  sci_user.user_15                                                       89ms
  sci_user.user_16                                                       99ms
  sci_user.user_17                                                       299ms
  sci_user.user_18                                                       92ms
  sci_user.user_19                                                       85ms
  sci_user.user_2                                                        92ms
  sci_user.user_20                                                       104ms
  sci_user.user_21                                                       88ms
  sci_user.user_22                                                       89ms
  sci_user.user_23                                                       85ms
  sci_user.user_24                                                       86ms
  sci_user.user_25                                                       101ms
  sci_user.user_26                                                       85ms
  sci_user.user_27                                                       104ms
  sci_user.user_28                                                       91ms
  sci_user.user_29                                                       81ms
  sci_user.user_3                                                        87ms
  sci_user.user_30                                                       92ms
  sci_user.user_31                                                       151ms
  sci_user.user_32                                                       90ms
  sci_user.user_33                                                       152ms
  sci_user.user_34                                                       93ms
  sci_user.user_35                                                       88ms
  sci_user.user_36                                                       87ms
  sci_user.user_37                                                       95ms
  sci_user.user_38                                                       87ms
  sci_user.user_39                                                       106ms
  sci_user.user_4                                                        102ms
  sci_user.user_40                                                       95ms
  sci_user.user_41                                                       93ms
  sci_user.user_42                                                       86ms
  sci_user.user_43                                                       98ms
  sci_user.user_44                                                       97ms
  sci_user.user_45                                                       94ms
  sci_user.user_46                                                       100ms
  sci_user.user_47                                                       88ms
  sci_user.user_48                                                       89ms
  sci_user.user_49                                                       92ms
  sci_user.user_5                                                        96ms
  sci_user.user_50                                                       90ms
  sci_user.user_6                                                        103ms
  sci_user.user_7                                                        93ms
  sci_user.user_8                                                        98ms
  sci_user.user_9                                                        82ms


Run 6/20:
  terraform plan failed with exit status 1
  Total run time: 107.855751s
  btp_directory.directory_1                                              500ms
  btp_directory.directory_10                                             125ms
  btp_directory.directory_2                                              673ms
  btp_directory.directory_3                                              1991ms
  btp_directory.directory_4                                              1141ms
  btp_directory.directory_5                                              1329ms
  btp_directory.directory_6                                              1217ms
  btp_directory.directory_7                                              835ms
  btp_directory.directory_8                                              1524ms
  btp_directory.directory_9                                              216ms
  btp_subaccount.subaccount_1                                            246ms
  btp_subaccount.subaccount_10                                           49ms
  btp_subaccount.subaccount_2                                            401ms
  btp_subaccount.subaccount_3                                            1659ms
  btp_subaccount.subaccount_4                                            389ms
  btp_subaccount.subaccount_5                                            484ms
  btp_subaccount.subaccount_6                                            53ms
  btp_subaccount.subaccount_7                                            2104ms
  btp_subaccount.subaccount_8                                            68ms
  btp_subaccount.subaccount_9                                            1805ms
  btp_subaccount_destination_generic.destination_1                       178ms
  btp_subaccount_destination_generic.destination_10                      268ms
  btp_subaccount_destination_generic.destination_11                      693ms
  btp_subaccount_destination_generic.destination_12                      915ms
  btp_subaccount_destination_generic.destination_13                      182ms
  btp_subaccount_destination_generic.destination_14                      1233ms
  btp_subaccount_destination_generic.destination_15                      397ms
  btp_subaccount_destination_generic.destination_16                      204ms
  btp_subaccount_destination_generic.destination_17                      233ms
  btp_subaccount_destination_generic.destination_18                      1052ms
  btp_subaccount_destination_generic.destination_19                      558ms
  btp_subaccount_destination_generic.destination_2                       375ms
  btp_subaccount_destination_generic.destination_20                      656ms
  btp_subaccount_destination_generic.destination_3                       1424ms
  btp_subaccount_destination_generic.destination_4                       975ms
  btp_subaccount_destination_generic.destination_5                       2091ms
  btp_subaccount_destination_generic.destination_6                       604ms
  btp_subaccount_destination_generic.destination_7                       983ms
  btp_subaccount_destination_generic.destination_8                       1176ms
  btp_subaccount_destination_generic.destination_9                       1511ms
  btp_subaccount_entitlement.entitlement_1                               12849ms
  btp_subaccount_entitlement.entitlement_10                              12680ms
  btp_subaccount_entitlement.entitlement_11                              13597ms
  btp_subaccount_entitlement.entitlement_12                              17784ms
  btp_subaccount_entitlement.entitlement_13                              12954ms
  btp_subaccount_entitlement.entitlement_14                              16489ms
  btp_subaccount_entitlement.entitlement_15                              12047ms
  btp_subaccount_entitlement.entitlement_16                              10736ms
  btp_subaccount_entitlement.entitlement_17                              12613ms
  btp_subaccount_entitlement.entitlement_18                              11462ms
  btp_subaccount_entitlement.entitlement_19                              14128ms
  btp_subaccount_entitlement.entitlement_2                               12078ms
  btp_subaccount_entitlement.entitlement_20                              11950ms
  btp_subaccount_entitlement.entitlement_21                              13499ms
  btp_subaccount_entitlement.entitlement_22                              15751ms
  btp_subaccount_entitlement.entitlement_23                              15464ms
  btp_subaccount_entitlement.entitlement_24                              12005ms
  btp_subaccount_entitlement.entitlement_25                              11416ms
  btp_subaccount_entitlement.entitlement_26                              11691ms
  btp_subaccount_entitlement.entitlement_27                              16131ms
  btp_subaccount_entitlement.entitlement_28                              10964ms
  btp_subaccount_entitlement.entitlement_29                              12361ms
  btp_subaccount_entitlement.entitlement_3                               17944ms
  btp_subaccount_entitlement.entitlement_30                              11705ms
  btp_subaccount_entitlement.entitlement_31                              16365ms
  btp_subaccount_entitlement.entitlement_32                              12582ms
  btp_subaccount_entitlement.entitlement_33                              12382ms
  btp_subaccount_entitlement.entitlement_34                              11978ms
  btp_subaccount_entitlement.entitlement_35                              13811ms
  btp_subaccount_entitlement.entitlement_36                              13342ms
  btp_subaccount_entitlement.entitlement_37                              12912ms
  btp_subaccount_entitlement.entitlement_38                              12511ms
  btp_subaccount_entitlement.entitlement_39                              14283ms
  btp_subaccount_entitlement.entitlement_4                               10675ms
  btp_subaccount_entitlement.entitlement_40                              14630ms
  btp_subaccount_entitlement.entitlement_5                               14367ms
  btp_subaccount_entitlement.entitlement_6                               14364ms
  btp_subaccount_entitlement.entitlement_7                               14412ms
  btp_subaccount_entitlement.entitlement_8                               12065ms
  btp_subaccount_entitlement.entitlement_9                               11011ms
  btp_subaccount_environment_instance.cloudfoundry_1                     549ms
  btp_subaccount_environment_instance.cloudfoundry_10                    2340ms
  btp_subaccount_environment_instance.cloudfoundry_2                     364ms
  btp_subaccount_environment_instance.cloudfoundry_3                     2260ms
  btp_subaccount_environment_instance.cloudfoundry_4                     942ms
  btp_subaccount_environment_instance.cloudfoundry_5                     309ms
  btp_subaccount_environment_instance.cloudfoundry_6                     952ms
  btp_subaccount_environment_instance.cloudfoundry_7                     336ms
  btp_subaccount_environment_instance.cloudfoundry_8                     730ms
  btp_subaccount_environment_instance.cloudfoundry_9                     582ms
  btp_subaccount_role.role_1                                             1112ms
  btp_subaccount_role.role_10                                            345ms
  btp_subaccount_role.role_11                                            401ms
  btp_subaccount_role.role_12                                            1089ms
  btp_subaccount_role.role_13                                            533ms
  btp_subaccount_role.role_14                                            887ms
  btp_subaccount_role.role_15                                            200ms
  btp_subaccount_role.role_16                                            260ms
  btp_subaccount_role.role_17                                            1552ms
  btp_subaccount_role.role_18                                            432ms
  btp_subaccount_role.role_19                                            590ms
  btp_subaccount_role.role_2                                             570ms
  btp_subaccount_role.role_20                                            1377ms
  btp_subaccount_role.role_3                                             1123ms
  btp_subaccount_role.role_4                                             1427ms
  btp_subaccount_role.role_5                                             1240ms
  btp_subaccount_role.role_6                                             1474ms
  btp_subaccount_role.role_7                                             1034ms
  btp_subaccount_role.role_8                                             565ms
  btp_subaccount_role.role_9                                             486ms
  btp_subaccount_role_collection.collection_1                            1925ms
  btp_subaccount_role_collection.collection_10                           531ms
  btp_subaccount_role_collection.collection_11                           226ms
  btp_subaccount_role_collection.collection_12                           312ms
  btp_subaccount_role_collection.collection_13                           500ms
  btp_subaccount_role_collection.collection_14                           169ms
  btp_subaccount_role_collection.collection_15                           190ms
  btp_subaccount_role_collection.collection_16                           511ms
  btp_subaccount_role_collection.collection_17                           197ms
  btp_subaccount_role_collection.collection_18                           224ms
  btp_subaccount_role_collection.collection_19                           238ms
  btp_subaccount_role_collection.collection_2                            576ms
  btp_subaccount_role_collection.collection_20                           197ms
  btp_subaccount_role_collection.collection_21                           332ms
  btp_subaccount_role_collection.collection_22                           224ms
  btp_subaccount_role_collection.collection_23                           831ms
  btp_subaccount_role_collection.collection_24                           348ms
  btp_subaccount_role_collection.collection_25                           705ms
  btp_subaccount_role_collection.collection_26                           1531ms
  btp_subaccount_role_collection.collection_27                           207ms
  btp_subaccount_role_collection.collection_28                           465ms
  btp_subaccount_role_collection.collection_29                           217ms
  btp_subaccount_role_collection.collection_3                            358ms
  btp_subaccount_role_collection.collection_30                           1502ms
  btp_subaccount_role_collection.collection_4                            455ms
  btp_subaccount_role_collection.collection_5                            321ms
  btp_subaccount_role_collection.collection_6                            4388ms
  btp_subaccount_role_collection.collection_7                            199ms
  btp_subaccount_role_collection.collection_8                            516ms
  btp_subaccount_role_collection.collection_9                            1136ms
  btp_subaccount_service_instance.instance_1                             1687ms
  btp_subaccount_service_instance.instance_10                            3602ms
  btp_subaccount_service_instance.instance_11                            1043ms
  btp_subaccount_service_instance.instance_12                            4706ms
  btp_subaccount_service_instance.instance_13                            2414ms
  btp_subaccount_service_instance.instance_14                            5874ms
  btp_subaccount_service_instance.instance_15                            865ms
  btp_subaccount_service_instance.instance_16                            3919ms
  btp_subaccount_service_instance.instance_17                            3221ms
  btp_subaccount_service_instance.instance_18                            2158ms
  btp_subaccount_service_instance.instance_19                            1485ms
  btp_subaccount_service_instance.instance_2                             4297ms
  btp_subaccount_service_instance.instance_20                            7039ms
  btp_subaccount_service_instance.instance_3                             843ms
  btp_subaccount_service_instance.instance_4                             4473ms
  btp_subaccount_service_instance.instance_5                             1633ms
  btp_subaccount_service_instance.instance_6                             2286ms
  btp_subaccount_service_instance.instance_7                             3570ms
  btp_subaccount_service_instance.instance_8                             4471ms
  btp_subaccount_service_instance.instance_9                             2165ms
  btp_subaccount_subscription.subscription_1                             2351ms
  btp_subaccount_subscription.subscription_10                            2977ms
  btp_subaccount_subscription.subscription_11                            3213ms
  btp_subaccount_subscription.subscription_12                            1712ms
  btp_subaccount_subscription.subscription_13                            4346ms
  btp_subaccount_subscription.subscription_14                            1496ms
  btp_subaccount_subscription.subscription_15                            3091ms
  btp_subaccount_subscription.subscription_16                            732ms
  btp_subaccount_subscription.subscription_17                            3050ms
  btp_subaccount_subscription.subscription_18                            768ms
  btp_subaccount_subscription.subscription_19                            669ms
  btp_subaccount_subscription.subscription_2                             622ms
  btp_subaccount_subscription.subscription_20                            4228ms
  btp_subaccount_subscription.subscription_21                            3383ms
  btp_subaccount_subscription.subscription_22                            2538ms
  btp_subaccount_subscription.subscription_23                            1591ms
  btp_subaccount_subscription.subscription_24                            4223ms
  btp_subaccount_subscription.subscription_25                            3074ms
  btp_subaccount_subscription.subscription_26                            1663ms
  btp_subaccount_subscription.subscription_27                            2182ms
  btp_subaccount_subscription.subscription_28                            3653ms
  btp_subaccount_subscription.subscription_29                            4094ms
  btp_subaccount_subscription.subscription_3                             1254ms
  btp_subaccount_subscription.subscription_30                            1227ms
  btp_subaccount_subscription.subscription_4                             2263ms
  btp_subaccount_subscription.subscription_5                             874ms
  btp_subaccount_subscription.subscription_6                             1019ms
  btp_subaccount_subscription.subscription_7                             3961ms
  btp_subaccount_subscription.subscription_8                             686ms
  btp_subaccount_subscription.subscription_9                             2789ms
  btp_subaccount_trust_configuration.trust_1                             809ms
  btp_subaccount_trust_configuration.trust_10                            531ms
  btp_subaccount_trust_configuration.trust_2                             1962ms
  btp_subaccount_trust_configuration.trust_3                             970ms
  btp_subaccount_trust_configuration.trust_4                             1837ms
  btp_subaccount_trust_configuration.trust_5                             177ms
  btp_subaccount_trust_configuration.trust_6                             2055ms
  btp_subaccount_trust_configuration.trust_7                             449ms
  btp_subaccount_trust_configuration.trust_8                             500ms
  btp_subaccount_trust_configuration.trust_9                             1948ms
  cloudfoundry_service_instance.instance_1                               57ms
  cloudfoundry_service_instance.instance_10                              49ms
  cloudfoundry_service_instance.instance_11                              50ms
  cloudfoundry_service_instance.instance_12                              45ms
  cloudfoundry_service_instance.instance_13                              43ms
  cloudfoundry_service_instance.instance_14                              38ms
  cloudfoundry_service_instance.instance_15                              38ms
  cloudfoundry_service_instance.instance_16                              45ms
  cloudfoundry_service_instance.instance_17                              56ms
  cloudfoundry_service_instance.instance_18                              43ms
  cloudfoundry_service_instance.instance_19                              39ms
  cloudfoundry_service_instance.instance_2                               51ms
  cloudfoundry_service_instance.instance_20                              45ms
  cloudfoundry_service_instance.instance_21                              38ms
  cloudfoundry_service_instance.instance_22                              45ms
  cloudfoundry_service_instance.instance_23                              58ms
  cloudfoundry_service_instance.instance_24                              63ms
  cloudfoundry_service_instance.instance_25                              41ms
  cloudfoundry_service_instance.instance_26                              40ms
  cloudfoundry_service_instance.instance_27                              41ms
  cloudfoundry_service_instance.instance_28                              71ms
  cloudfoundry_service_instance.instance_29                              40ms
  cloudfoundry_service_instance.instance_3                               36ms
  cloudfoundry_service_instance.instance_30                              46ms
  cloudfoundry_service_instance.instance_31                              36ms
  cloudfoundry_service_instance.instance_32                              57ms
  cloudfoundry_service_instance.instance_33                              49ms
  cloudfoundry_service_instance.instance_34                              47ms
  cloudfoundry_service_instance.instance_35                              42ms
  cloudfoundry_service_instance.instance_36                              51ms
  cloudfoundry_service_instance.instance_37                              44ms
  cloudfoundry_service_instance.instance_38                              47ms
  cloudfoundry_service_instance.instance_39                              54ms
  cloudfoundry_service_instance.instance_4                               41ms
  cloudfoundry_service_instance.instance_40                              58ms
  cloudfoundry_service_instance.instance_5                               38ms
  cloudfoundry_service_instance.instance_6                               39ms
  cloudfoundry_service_instance.instance_7                               52ms
  cloudfoundry_service_instance.instance_8                               54ms
  cloudfoundry_service_instance.instance_9                               37ms
  cloudfoundry_space.space_1                                             95ms
  cloudfoundry_space.space_10                                            112ms
  cloudfoundry_space.space_11                                            103ms
  cloudfoundry_space.space_12                                            116ms
  cloudfoundry_space.space_13                                            117ms
  cloudfoundry_space.space_14                                            88ms
  cloudfoundry_space.space_15                                            190ms
  cloudfoundry_space.space_16                                            113ms
  cloudfoundry_space.space_17                                            103ms
  cloudfoundry_space.space_18                                            102ms
  cloudfoundry_space.space_19                                            101ms
  cloudfoundry_space.space_2                                             98ms
  cloudfoundry_space.space_20                                            107ms
  cloudfoundry_space.space_3                                             125ms
  cloudfoundry_space.space_4                                             105ms
  cloudfoundry_space.space_5                                             112ms
  cloudfoundry_space.space_6                                             97ms
  cloudfoundry_space.space_7                                             123ms
  cloudfoundry_space.space_8                                             104ms
  cloudfoundry_space.space_9                                             106ms
  scc_subaccount.subaccount_1                                            45495ms
  scc_subaccount.subaccount_10                                           10928ms
  scc_subaccount.subaccount_2                                            10638ms
  scc_subaccount.subaccount_3                                            636ms
  scc_subaccount.subaccount_4                                            28580ms
  scc_subaccount.subaccount_5                                            16330ms
  scc_subaccount.subaccount_6                                            16913ms
  scc_subaccount.subaccount_7                                            36502ms
  scc_subaccount.subaccount_8                                            45309ms
  scc_subaccount.subaccount_9                                            16513ms
  scc_system_mapping.system_1                                            63ms
  scc_system_mapping.system_10                                           58ms
  scc_system_mapping.system_11                                           58ms
  scc_system_mapping.system_12                                           210ms
  scc_system_mapping.system_13                                           194ms
  scc_system_mapping.system_14                                           54ms
  scc_system_mapping.system_15                                           172ms
  scc_system_mapping.system_16                                           57ms
  scc_system_mapping.system_17                                           54ms
  scc_system_mapping.system_18                                           64ms
  scc_system_mapping.system_19                                           60ms
  scc_system_mapping.system_2                                            59ms
  scc_system_mapping.system_20                                           56ms
  scc_system_mapping.system_3                                            62ms
  scc_system_mapping.system_4                                            177ms
  scc_system_mapping.system_5                                            60ms
  scc_system_mapping.system_6                                            62ms
  scc_system_mapping.system_7                                            57ms
  scc_system_mapping.system_8                                            58ms
  scc_system_mapping.system_9                                            55ms
  scc_system_mapping_resource.resource_1                                 59ms
  scc_system_mapping_resource.resource_10                                60ms
  scc_system_mapping_resource.resource_11                                199ms
  scc_system_mapping_resource.resource_12                                58ms
  scc_system_mapping_resource.resource_13                                59ms
  scc_system_mapping_resource.resource_14                                92ms
  scc_system_mapping_resource.resource_15                                77ms
  scc_system_mapping_resource.resource_16                                57ms
  scc_system_mapping_resource.resource_17                                60ms
  scc_system_mapping_resource.resource_18                                51ms
  scc_system_mapping_resource.resource_19                                55ms
  scc_system_mapping_resource.resource_2                                 62ms
  scc_system_mapping_resource.resource_20                                55ms
  scc_system_mapping_resource.resource_21                                59ms
  scc_system_mapping_resource.resource_22                                168ms
  scc_system_mapping_resource.resource_23                                52ms
  scc_system_mapping_resource.resource_24                                54ms
  scc_system_mapping_resource.resource_25                                60ms
  scc_system_mapping_resource.resource_26                                58ms
  scc_system_mapping_resource.resource_27                                187ms
  scc_system_mapping_resource.resource_28                                69ms
  scc_system_mapping_resource.resource_29                                54ms
  scc_system_mapping_resource.resource_3                                 54ms
  scc_system_mapping_resource.resource_30                                59ms
  scc_system_mapping_resource.resource_31                                64ms
  scc_system_mapping_resource.resource_32                                63ms
  scc_system_mapping_resource.resource_33                                55ms
  scc_system_mapping_resource.resource_34                                58ms
  scc_system_mapping_resource.resource_35                                172ms
  scc_system_mapping_resource.resource_36                                57ms
  scc_system_mapping_resource.resource_37                                58ms
  scc_system_mapping_resource.resource_38                                68ms
  scc_system_mapping_resource.resource_39                                56ms
  scc_system_mapping_resource.resource_4                                 58ms
  scc_system_mapping_resource.resource_40                                102ms
  scc_system_mapping_resource.resource_5                                 58ms
  scc_system_mapping_resource.resource_6                                 65ms
  scc_system_mapping_resource.resource_7                                 55ms
  scc_system_mapping_resource.resource_8                                 57ms
  scc_system_mapping_resource.resource_9                                 57ms
  sci_application.app_1                                                  145ms
  sci_application.app_10                                                 137ms
  sci_application.app_11                                                 133ms
  sci_application.app_12                                                 112ms
  sci_application.app_13                                                 115ms
  sci_application.app_14                                                 239ms
  sci_application.app_15                                                 133ms
  sci_application.app_16                                                 118ms
  sci_application.app_17                                                 124ms
  sci_application.app_18                                                 128ms
  sci_application.app_19                                                 124ms
  sci_application.app_2                                                  120ms
  sci_application.app_20                                                 125ms
  sci_application.app_3                                                  199ms
  sci_application.app_4                                                  131ms
  sci_application.app_5                                                  120ms
  sci_application.app_6                                                  159ms
  sci_application.app_7                                                  164ms
  sci_application.app_8                                                  112ms
  sci_application.app_9                                                  128ms
  sci_group_base.group_1                                                 96ms
  sci_group_base.group_10                                                104ms
  sci_group_base.group_11                                                89ms
  sci_group_base.group_12                                                98ms
  sci_group_base.group_13                                                98ms
  sci_group_base.group_14                                                105ms
  sci_group_base.group_15                                                89ms
  sci_group_base.group_16                                                96ms
  sci_group_base.group_17                                                97ms
  sci_group_base.group_18                                                145ms
  sci_group_base.group_19                                                95ms
  sci_group_base.group_2                                                 109ms
  sci_group_base.group_20                                                102ms
  sci_group_base.group_21                                                99ms
  sci_group_base.group_22                                                98ms
  sci_group_base.group_23                                                107ms
  sci_group_base.group_24                                                102ms
  sci_group_base.group_25                                                97ms
  sci_group_base.group_26                                                105ms
  sci_group_base.group_27                                                110ms
  sci_group_base.group_28                                                107ms
  sci_group_base.group_29                                                106ms
  sci_group_base.group_3                                                 100ms
  sci_group_base.group_30                                                101ms
  sci_group_base.group_4                                                 106ms
  sci_group_base.group_5                                                 92ms
  sci_group_base.group_6                                                 97ms
  sci_group_base.group_7                                                 103ms
  sci_group_base.group_8                                                 96ms
  sci_group_base.group_9                                                 106ms
  sci_user.user_1                                                        94ms
  sci_user.user_10                                                       105ms
  sci_user.user_11                                                       171ms
  sci_user.user_12                                                       101ms
  sci_user.user_13                                                       95ms
  sci_user.user_14                                                       98ms
  sci_user.user_15                                                       89ms
  sci_user.user_16                                                       93ms
  sci_user.user_17                                                       92ms
  sci_user.user_18                                                       93ms
  sci_user.user_19                                                       106ms
  sci_user.user_2                                                        103ms
  sci_user.user_20                                                       99ms
  sci_user.user_21                                                       92ms
  sci_user.user_22                                                       100ms
  sci_user.user_23                                                       92ms
  sci_user.user_24                                                       85ms
  sci_user.user_25                                                       103ms
  sci_user.user_26                                                       98ms
  sci_user.user_27                                                       108ms
  sci_user.user_28                                                       100ms
  sci_user.user_29                                                       91ms
  sci_user.user_3                                                        98ms
  sci_user.user_30                                                       98ms
  sci_user.user_31                                                       86ms
  sci_user.user_32                                                       173ms
  sci_user.user_33                                                       108ms
  sci_user.user_34                                                       172ms
  sci_user.user_35                                                       103ms
  sci_user.user_36                                                       92ms
  sci_user.user_37                                                       83ms
  sci_user.user_38                                                       95ms
  sci_user.user_39                                                       91ms
  sci_user.user_4                                                        103ms
  sci_user.user_40                                                       96ms
  sci_user.user_41                                                       94ms
  sci_user.user_42                                                       111ms
  sci_user.user_43                                                       128ms
  sci_user.user_44                                                       92ms
  sci_user.user_45                                                       94ms
  sci_user.user_46                                                       82ms
  sci_user.user_47                                                       89ms
  sci_user.user_48                                                       97ms
  sci_user.user_49                                                       97ms
  sci_user.user_5                                                        87ms
  sci_user.user_50                                                       170ms
  sci_user.user_6                                                        92ms
  sci_user.user_7                                                        103ms
  sci_user.user_8                                                        96ms
  sci_user.user_9                                                        172ms


Run 7/20:
  Total run time: 124.015989s
  btp_directory.directory_1                                              1554ms
  btp_directory.directory_10                                             2048ms
  btp_directory.directory_2                                              2698ms
  btp_directory.directory_3                                              2287ms
  btp_directory.directory_4                                              141ms
  btp_directory.directory_5                                              2509ms
  btp_directory.directory_6                                              2070ms
  btp_directory.directory_7                                              8452ms
  btp_directory.directory_8                                              2221ms
  btp_directory.directory_9                                              3440ms
  btp_subaccount.subaccount_1                                            1177ms
  btp_subaccount.subaccount_10                                           743ms
  btp_subaccount.subaccount_2                                            1186ms
  btp_subaccount.subaccount_3                                            2181ms
  btp_subaccount.subaccount_4                                            5023ms
  btp_subaccount.subaccount_5                                            1514ms
  btp_subaccount.subaccount_6                                            1487ms
  btp_subaccount.subaccount_7                                            1944ms
  btp_subaccount.subaccount_8                                            1526ms
  btp_subaccount.subaccount_9                                            598ms
  btp_subaccount_destination_generic.destination_1                       315ms
  btp_subaccount_destination_generic.destination_10                      1501ms
  btp_subaccount_destination_generic.destination_11                      1334ms
  btp_subaccount_destination_generic.destination_12                      965ms
  btp_subaccount_destination_generic.destination_13                      1893ms
  btp_subaccount_destination_generic.destination_14                      1235ms
  btp_subaccount_destination_generic.destination_15                      11637ms
  btp_subaccount_destination_generic.destination_16                      1520ms
  btp_subaccount_destination_generic.destination_17                      1838ms
  btp_subaccount_destination_generic.destination_18                      1091ms
  btp_subaccount_destination_generic.destination_19                      2160ms
  btp_subaccount_destination_generic.destination_2                       1091ms
  btp_subaccount_destination_generic.destination_20                      1645ms
  btp_subaccount_destination_generic.destination_3                       1744ms
  btp_subaccount_destination_generic.destination_4                       1594ms
  btp_subaccount_destination_generic.destination_5                       1546ms
  btp_subaccount_destination_generic.destination_6                       1842ms
  btp_subaccount_destination_generic.destination_7                       845ms
  btp_subaccount_destination_generic.destination_8                       2949ms
  btp_subaccount_destination_generic.destination_9                       1037ms
  btp_subaccount_entitlement.entitlement_1                               13106ms
  btp_subaccount_entitlement.entitlement_10                              19350ms
  btp_subaccount_entitlement.entitlement_11                              16835ms
  btp_subaccount_entitlement.entitlement_12                              20135ms
  btp_subaccount_entitlement.entitlement_13                              19642ms
  btp_subaccount_entitlement.entitlement_14                              13769ms
  btp_subaccount_entitlement.entitlement_15                              13775ms
  btp_subaccount_entitlement.entitlement_16                              12383ms
  btp_subaccount_entitlement.entitlement_17                              13148ms
  btp_subaccount_entitlement.entitlement_18                              12347ms
  btp_subaccount_entitlement.entitlement_19                              13996ms
  btp_subaccount_entitlement.entitlement_2                               19280ms
  btp_subaccount_entitlement.entitlement_20                              16832ms
  btp_subaccount_entitlement.entitlement_21                              13677ms
  btp_subaccount_entitlement.entitlement_22                              13580ms
  btp_subaccount_entitlement.entitlement_23                              14543ms
  btp_subaccount_entitlement.entitlement_24                              16756ms
  btp_subaccount_entitlement.entitlement_25                              19265ms
  btp_subaccount_entitlement.entitlement_26                              13009ms
  btp_subaccount_entitlement.entitlement_27                              14136ms
  btp_subaccount_entitlement.entitlement_28                              14531ms
  btp_subaccount_entitlement.entitlement_29                              13127ms
  btp_subaccount_entitlement.entitlement_3                               13129ms
  btp_subaccount_entitlement.entitlement_30                              12109ms
  btp_subaccount_entitlement.entitlement_31                              23963ms
  btp_subaccount_entitlement.entitlement_32                              14342ms
  btp_subaccount_entitlement.entitlement_33                              24513ms
  btp_subaccount_entitlement.entitlement_34                              12514ms
  btp_subaccount_entitlement.entitlement_35                              17697ms
  btp_subaccount_entitlement.entitlement_36                              12672ms
  btp_subaccount_entitlement.entitlement_37                              12407ms
  btp_subaccount_entitlement.entitlement_38                              12817ms
  btp_subaccount_entitlement.entitlement_39                              14575ms
  btp_subaccount_entitlement.entitlement_4                               11886ms
  btp_subaccount_entitlement.entitlement_40                              17885ms
  btp_subaccount_entitlement.entitlement_5                               15860ms
  btp_subaccount_entitlement.entitlement_6                               11473ms
  btp_subaccount_entitlement.entitlement_7                               24250ms
  btp_subaccount_entitlement.entitlement_8                               12622ms
  btp_subaccount_entitlement.entitlement_9                               13448ms
  btp_subaccount_environment_instance.cloudfoundry_1                     6019ms
  btp_subaccount_environment_instance.cloudfoundry_10                    1854ms
  btp_subaccount_environment_instance.cloudfoundry_2                     1136ms
  btp_subaccount_environment_instance.cloudfoundry_3                     1611ms
  btp_subaccount_environment_instance.cloudfoundry_4                     1434ms
  btp_subaccount_environment_instance.cloudfoundry_5                     1474ms
  btp_subaccount_environment_instance.cloudfoundry_6                     7084ms
  btp_subaccount_environment_instance.cloudfoundry_7                     965ms
  btp_subaccount_environment_instance.cloudfoundry_8                     2378ms
  btp_subaccount_environment_instance.cloudfoundry_9                     1580ms
  btp_subaccount_role.role_1                                             1678ms
  btp_subaccount_role.role_10                                            1389ms
  btp_subaccount_role.role_11                                            1048ms
  btp_subaccount_role.role_12                                            1332ms
  btp_subaccount_role.role_13                                            1827ms
  btp_subaccount_role.role_14                                            786ms
  btp_subaccount_role.role_15                                            2176ms
  btp_subaccount_role.role_16                                            1245ms
  btp_subaccount_role.role_17                                            1339ms
  btp_subaccount_role.role_18                                            2164ms
  btp_subaccount_role.role_19                                            2544ms
  btp_subaccount_role.role_2                                             1176ms
  btp_subaccount_role.role_20                                            1909ms
  btp_subaccount_role.role_3                                             1864ms
  btp_subaccount_role.role_4                                             1471ms
  btp_subaccount_role.role_5                                             1449ms
  btp_subaccount_role.role_6                                             2005ms
  btp_subaccount_role.role_7                                             1321ms
  btp_subaccount_role.role_8                                             2138ms
  btp_subaccount_role.role_9                                             1666ms
  btp_subaccount_role_collection.collection_1                            2543ms
  btp_subaccount_role_collection.collection_10                           1698ms
  btp_subaccount_role_collection.collection_11                           834ms
  btp_subaccount_role_collection.collection_12                           1694ms
  btp_subaccount_role_collection.collection_13                           1031ms
  btp_subaccount_role_collection.collection_14                           1178ms
  btp_subaccount_role_collection.collection_15                           1290ms
  btp_subaccount_role_collection.collection_16                           1281ms
  btp_subaccount_role_collection.collection_17                           976ms
  btp_subaccount_role_collection.collection_18                           5911ms
  btp_subaccount_role_collection.collection_19                           1243ms
  btp_subaccount_role_collection.collection_2                            1162ms
  btp_subaccount_role_collection.collection_20                           1063ms
  btp_subaccount_role_collection.collection_21                           1903ms
  btp_subaccount_role_collection.collection_22                           1949ms
  btp_subaccount_role_collection.collection_23                           1345ms
  btp_subaccount_role_collection.collection_24                           1479ms
  btp_subaccount_role_collection.collection_25                           2349ms
  btp_subaccount_role_collection.collection_26                           897ms
  btp_subaccount_role_collection.collection_27                           2366ms
  btp_subaccount_role_collection.collection_28                           924ms
  btp_subaccount_role_collection.collection_29                           691ms
  btp_subaccount_role_collection.collection_3                            1079ms
  btp_subaccount_role_collection.collection_30                           1559ms
  btp_subaccount_role_collection.collection_4                            1581ms
  btp_subaccount_role_collection.collection_5                            1601ms
  btp_subaccount_role_collection.collection_6                            1677ms
  btp_subaccount_role_collection.collection_7                            1107ms
  btp_subaccount_role_collection.collection_8                            1850ms
  btp_subaccount_role_collection.collection_9                            2894ms
  btp_subaccount_service_instance.instance_1                             5261ms
  btp_subaccount_service_instance.instance_10                            3880ms
  btp_subaccount_service_instance.instance_11                            4023ms
  btp_subaccount_service_instance.instance_12                            5207ms
  btp_subaccount_service_instance.instance_13                            4545ms
  btp_subaccount_service_instance.instance_14                            2782ms
  btp_subaccount_service_instance.instance_15                            5774ms
  btp_subaccount_service_instance.instance_16                            2174ms
  btp_subaccount_service_instance.instance_17                            7681ms
  btp_subaccount_service_instance.instance_18                            16211ms
  btp_subaccount_service_instance.instance_19                            7638ms
  btp_subaccount_service_instance.instance_2                             16489ms
  btp_subaccount_service_instance.instance_20                            3015ms
  btp_subaccount_service_instance.instance_3                             4224ms
  btp_subaccount_service_instance.instance_4                             4299ms
  btp_subaccount_service_instance.instance_5                             4174ms
  btp_subaccount_service_instance.instance_6                             2873ms
  btp_subaccount_service_instance.instance_7                             4178ms
  btp_subaccount_service_instance.instance_8                             5714ms
  btp_subaccount_service_instance.instance_9                             1877ms
  btp_subaccount_subscription.subscription_1                             3514ms
  btp_subaccount_subscription.subscription_10                            3847ms
  btp_subaccount_subscription.subscription_11                            3674ms
  btp_subaccount_subscription.subscription_12                            3815ms
  btp_subaccount_subscription.subscription_13                            2164ms
  btp_subaccount_subscription.subscription_14                            2219ms
  btp_subaccount_subscription.subscription_15                            6818ms
  btp_subaccount_subscription.subscription_16                            2593ms
  btp_subaccount_subscription.subscription_17                            3427ms
  btp_subaccount_subscription.subscription_18                            2357ms
  btp_subaccount_subscription.subscription_19                            4322ms
  btp_subaccount_subscription.subscription_2                             3227ms
  btp_subaccount_subscription.subscription_20                            3368ms
  btp_subaccount_subscription.subscription_21                            3267ms
  btp_subaccount_subscription.subscription_22                            1265ms
  btp_subaccount_subscription.subscription_23                            1729ms
  btp_subaccount_subscription.subscription_24                            3693ms
  btp_subaccount_subscription.subscription_25                            13325ms
  btp_subaccount_subscription.subscription_26                            14761ms
  btp_subaccount_subscription.subscription_27                            2625ms
  btp_subaccount_subscription.subscription_28                            5190ms
  btp_subaccount_subscription.subscription_29                            2659ms
  btp_subaccount_subscription.subscription_3                             8606ms
  btp_subaccount_subscription.subscription_30                            4347ms
  btp_subaccount_subscription.subscription_4                             2480ms
  btp_subaccount_subscription.subscription_5                             5212ms
  btp_subaccount_subscription.subscription_6                             2893ms
  btp_subaccount_subscription.subscription_7                             3616ms
  btp_subaccount_subscription.subscription_8                             8299ms
  btp_subaccount_subscription.subscription_9                             3756ms
  btp_subaccount_trust_configuration.trust_1                             11680ms
  btp_subaccount_trust_configuration.trust_10                            815ms
  btp_subaccount_trust_configuration.trust_2                             872ms
  btp_subaccount_trust_configuration.trust_3                             1476ms
  btp_subaccount_trust_configuration.trust_4                             2349ms
  btp_subaccount_trust_configuration.trust_5                             1497ms
  btp_subaccount_trust_configuration.trust_6                             543ms
  btp_subaccount_trust_configuration.trust_7                             6845ms
  btp_subaccount_trust_configuration.trust_8                             1882ms
  btp_subaccount_trust_configuration.trust_9                             2579ms
  cloudfoundry_service_instance.instance_1                               52ms
  cloudfoundry_service_instance.instance_10                              53ms
  cloudfoundry_service_instance.instance_11                              44ms
  cloudfoundry_service_instance.instance_12                              38ms
  cloudfoundry_service_instance.instance_13                              109ms
  cloudfoundry_service_instance.instance_14                              48ms
  cloudfoundry_service_instance.instance_15                              34ms
  cloudfoundry_service_instance.instance_16                              40ms
  cloudfoundry_service_instance.instance_17                              50ms
  cloudfoundry_service_instance.instance_18                              49ms
  cloudfoundry_service_instance.instance_19                              137ms
  cloudfoundry_service_instance.instance_2                               57ms
  cloudfoundry_service_instance.instance_20                              46ms
  cloudfoundry_service_instance.instance_21                              36ms
  cloudfoundry_service_instance.instance_22                              40ms
  cloudfoundry_service_instance.instance_23                              34ms
  cloudfoundry_service_instance.instance_24                              40ms
  cloudfoundry_service_instance.instance_25                              39ms
  cloudfoundry_service_instance.instance_26                              38ms
  cloudfoundry_service_instance.instance_27                              48ms
  cloudfoundry_service_instance.instance_28                              45ms
  cloudfoundry_service_instance.instance_29                              39ms
  cloudfoundry_service_instance.instance_3                               47ms
  cloudfoundry_service_instance.instance_30                              46ms
  cloudfoundry_service_instance.instance_31                              46ms
  cloudfoundry_service_instance.instance_32                              43ms
  cloudfoundry_service_instance.instance_33                              35ms
  cloudfoundry_service_instance.instance_34                              115ms
  cloudfoundry_service_instance.instance_35                              75ms
  cloudfoundry_service_instance.instance_36                              56ms
  cloudfoundry_service_instance.instance_37                              42ms
  cloudfoundry_service_instance.instance_38                              41ms
  cloudfoundry_service_instance.instance_39                              62ms
  cloudfoundry_service_instance.instance_4                               42ms
  cloudfoundry_service_instance.instance_40                              50ms
  cloudfoundry_service_instance.instance_5                               56ms
  cloudfoundry_service_instance.instance_6                               49ms
  cloudfoundry_service_instance.instance_7                               51ms
  cloudfoundry_service_instance.instance_8                               41ms
  cloudfoundry_service_instance.instance_9                               46ms
  cloudfoundry_space.space_1                                             111ms
  cloudfoundry_space.space_10                                            99ms
  cloudfoundry_space.space_11                                            143ms
  cloudfoundry_space.space_12                                            109ms
  cloudfoundry_space.space_13                                            133ms
  cloudfoundry_space.space_14                                            124ms
  cloudfoundry_space.space_15                                            108ms
  cloudfoundry_space.space_16                                            282ms
  cloudfoundry_space.space_17                                            112ms
  cloudfoundry_space.space_18                                            134ms
  cloudfoundry_space.space_19                                            130ms
  cloudfoundry_space.space_2                                             98ms
  cloudfoundry_space.space_20                                            108ms
  cloudfoundry_space.space_3                                             103ms
  cloudfoundry_space.space_4                                             103ms
  cloudfoundry_space.space_5                                             96ms
  cloudfoundry_space.space_6                                             111ms
  cloudfoundry_space.space_7                                             132ms
  cloudfoundry_space.space_8                                             111ms
  cloudfoundry_space.space_9                                             112ms
  scc_subaccount.subaccount_1                                            11434ms
  scc_subaccount.subaccount_10                                           706ms
  scc_subaccount.subaccount_2                                            12974ms
  scc_subaccount.subaccount_3                                            6080ms
  scc_subaccount.subaccount_4                                            6466ms
  scc_subaccount.subaccount_5                                            11336ms
  scc_subaccount.subaccount_6                                            1100ms
  scc_subaccount.subaccount_7                                            11814ms
  scc_subaccount.subaccount_8                                            875ms
  scc_subaccount.subaccount_9                                            13293ms
  scc_system_mapping.system_1                                            57ms
  scc_system_mapping.system_10                                           54ms
  scc_system_mapping.system_11                                           54ms
  scc_system_mapping.system_12                                           1261ms
  scc_system_mapping.system_13                                           59ms
  scc_system_mapping.system_14                                           61ms
  scc_system_mapping.system_15                                           60ms
  scc_system_mapping.system_16                                           59ms
  scc_system_mapping.system_17                                           54ms
  scc_system_mapping.system_18                                           56ms
  scc_system_mapping.system_19                                           54ms
  scc_system_mapping.system_2                                            62ms
  scc_system_mapping.system_20                                           56ms
  scc_system_mapping.system_3                                            56ms
  scc_system_mapping.system_4                                            71ms
  scc_system_mapping.system_5                                            59ms
  scc_system_mapping.system_6                                            59ms
  scc_system_mapping.system_7                                            114ms
  scc_system_mapping.system_8                                            55ms
  scc_system_mapping.system_9                                            149ms
  scc_system_mapping_resource.resource_1                                 103ms
  scc_system_mapping_resource.resource_10                                53ms
  scc_system_mapping_resource.resource_11                                57ms
  scc_system_mapping_resource.resource_12                                58ms
  scc_system_mapping_resource.resource_13                                67ms
  scc_system_mapping_resource.resource_14                                54ms
  scc_system_mapping_resource.resource_15                                56ms
  scc_system_mapping_resource.resource_16                                56ms
  scc_system_mapping_resource.resource_17                                1259ms
  scc_system_mapping_resource.resource_18                                55ms
  scc_system_mapping_resource.resource_19                                56ms
  scc_system_mapping_resource.resource_2                                 71ms
  scc_system_mapping_resource.resource_20                                58ms
  scc_system_mapping_resource.resource_21                                104ms
  scc_system_mapping_resource.resource_22                                70ms
  scc_system_mapping_resource.resource_23                                1193ms
  scc_system_mapping_resource.resource_24                                58ms
  scc_system_mapping_resource.resource_25                                56ms
  scc_system_mapping_resource.resource_26                                56ms
  scc_system_mapping_resource.resource_27                                55ms
  scc_system_mapping_resource.resource_28                                53ms
  scc_system_mapping_resource.resource_29                                66ms
  scc_system_mapping_resource.resource_3                                 53ms
  scc_system_mapping_resource.resource_30                                55ms
  scc_system_mapping_resource.resource_31                                58ms
  scc_system_mapping_resource.resource_32                                58ms
  scc_system_mapping_resource.resource_33                                58ms
  scc_system_mapping_resource.resource_34                                68ms
  scc_system_mapping_resource.resource_35                                59ms
  scc_system_mapping_resource.resource_36                                62ms
  scc_system_mapping_resource.resource_37                                58ms
  scc_system_mapping_resource.resource_38                                55ms
  scc_system_mapping_resource.resource_39                                55ms
  scc_system_mapping_resource.resource_4                                 58ms
  scc_system_mapping_resource.resource_40                                52ms
  scc_system_mapping_resource.resource_5                                 53ms
  scc_system_mapping_resource.resource_6                                 59ms
  scc_system_mapping_resource.resource_7                                 54ms
  scc_system_mapping_resource.resource_8                                 57ms
  scc_system_mapping_resource.resource_9                                 56ms
  sci_application.app_1                                                  141ms
  sci_application.app_10                                                 127ms
  sci_application.app_11                                                 127ms
  sci_application.app_12                                                 132ms
  sci_application.app_13                                                 142ms
  sci_application.app_14                                                 124ms
  sci_application.app_15                                                 138ms
  sci_application.app_16                                                 233ms
  sci_application.app_17                                                 137ms
  sci_application.app_18                                                 141ms
  sci_application.app_19                                                 134ms
  sci_application.app_2                                                  137ms
  sci_application.app_20                                                 127ms
  sci_application.app_3                                                  215ms
  sci_application.app_4                                                  145ms
  sci_application.app_5                                                  136ms
  sci_application.app_6                                                  137ms
  sci_application.app_7                                                  208ms
  sci_application.app_8                                                  132ms
  sci_application.app_9                                                  138ms
  sci_group_base.group_1                                                 100ms
  sci_group_base.group_10                                                97ms
  sci_group_base.group_11                                                150ms
  sci_group_base.group_12                                                94ms
  sci_group_base.group_13                                                98ms
  sci_group_base.group_14                                                92ms
  sci_group_base.group_15                                                103ms
  sci_group_base.group_16                                                101ms
  sci_group_base.group_17                                                97ms
  sci_group_base.group_18                                                99ms
  sci_group_base.group_19                                                105ms
  sci_group_base.group_2                                                 96ms
  sci_group_base.group_20                                                102ms
  sci_group_base.group_21                                                102ms
  sci_group_base.group_22                                                184ms
  sci_group_base.group_23                                                110ms
  sci_group_base.group_24                                                99ms
  sci_group_base.group_25                                                112ms
  sci_group_base.group_26                                                98ms
  sci_group_base.group_27                                                92ms
  sci_group_base.group_28                                                100ms
  sci_group_base.group_29                                                96ms
  sci_group_base.group_3                                                 101ms
  sci_group_base.group_30                                                98ms
  sci_group_base.group_4                                                 99ms
  sci_group_base.group_5                                                 99ms
  sci_group_base.group_6                                                 102ms
  sci_group_base.group_7                                                 110ms
  sci_group_base.group_8                                                 90ms
  sci_group_base.group_9                                                 99ms
  sci_user.user_1                                                        107ms
  sci_user.user_10                                                       99ms
  sci_user.user_11                                                       94ms
  sci_user.user_12                                                       98ms
  sci_user.user_13                                                       99ms
  sci_user.user_14                                                       94ms
  sci_user.user_15                                                       90ms
  sci_user.user_16                                                       103ms
  sci_user.user_17                                                       115ms
  sci_user.user_18                                                       183ms
  sci_user.user_19                                                       107ms
  sci_user.user_2                                                        98ms
  sci_user.user_20                                                       91ms
  sci_user.user_21                                                       100ms
  sci_user.user_22                                                       97ms
  sci_user.user_23                                                       103ms
  sci_user.user_24                                                       88ms
  sci_user.user_25                                                       100ms
  sci_user.user_26                                                       100ms
  sci_user.user_27                                                       89ms
  sci_user.user_28                                                       110ms
  sci_user.user_29                                                       128ms
  sci_user.user_3                                                        188ms
  sci_user.user_30                                                       92ms
  sci_user.user_31                                                       93ms
  sci_user.user_32                                                       98ms
  sci_user.user_33                                                       93ms
  sci_user.user_34                                                       95ms
  sci_user.user_35                                                       105ms
  sci_user.user_36                                                       96ms
  sci_user.user_37                                                       200ms
  sci_user.user_38                                                       96ms
  sci_user.user_39                                                       89ms
  sci_user.user_4                                                        93ms
  sci_user.user_40                                                       93ms
  sci_user.user_41                                                       100ms
  sci_user.user_42                                                       110ms
  sci_user.user_43                                                       108ms
  sci_user.user_44                                                       95ms
  sci_user.user_45                                                       96ms
  sci_user.user_46                                                       102ms
  sci_user.user_47                                                       103ms
  sci_user.user_48                                                       91ms
  sci_user.user_49                                                       105ms
  sci_user.user_5                                                        98ms
  sci_user.user_50                                                       102ms
  sci_user.user_6                                                        108ms
  sci_user.user_7                                                        113ms
  sci_user.user_8                                                        96ms
  sci_user.user_9                                                        92ms


Run 8/20:
  Total run time: 134.393904s
  btp_directory.directory_1                                              2526ms
  btp_directory.directory_10                                             3051ms
  btp_directory.directory_2                                              1471ms
  btp_directory.directory_3                                              1648ms
  btp_directory.directory_4                                              3681ms
  btp_directory.directory_5                                              4211ms
  btp_directory.directory_6                                              14857ms
  btp_directory.directory_7                                              1957ms
  btp_directory.directory_8                                              2655ms
  btp_directory.directory_9                                              1089ms
  btp_subaccount.subaccount_1                                            2622ms
  btp_subaccount.subaccount_10                                           960ms
  btp_subaccount.subaccount_2                                            6691ms
  btp_subaccount.subaccount_3                                            992ms
  btp_subaccount.subaccount_4                                            1264ms
  btp_subaccount.subaccount_5                                            2293ms
  btp_subaccount.subaccount_6                                            924ms
  btp_subaccount.subaccount_7                                            364ms
  btp_subaccount.subaccount_8                                            544ms
  btp_subaccount.subaccount_9                                            731ms
  btp_subaccount_destination_generic.destination_1                       1180ms
  btp_subaccount_destination_generic.destination_10                      345ms
  btp_subaccount_destination_generic.destination_11                      5660ms
  btp_subaccount_destination_generic.destination_12                      2219ms
  btp_subaccount_destination_generic.destination_13                      871ms
  btp_subaccount_destination_generic.destination_14                      11770ms
  btp_subaccount_destination_generic.destination_15                      1282ms
  btp_subaccount_destination_generic.destination_16                      2202ms
  btp_subaccount_destination_generic.destination_17                      1112ms
  btp_subaccount_destination_generic.destination_18                      1817ms
  btp_subaccount_destination_generic.destination_19                      1072ms
  btp_subaccount_destination_generic.destination_2                       163ms
  btp_subaccount_destination_generic.destination_20                      726ms
  btp_subaccount_destination_generic.destination_3                       1142ms
  btp_subaccount_destination_generic.destination_4                       1385ms
  btp_subaccount_destination_generic.destination_5                       463ms
  btp_subaccount_destination_generic.destination_6                       436ms
  btp_subaccount_destination_generic.destination_7                       1520ms
  btp_subaccount_destination_generic.destination_8                       864ms
  btp_subaccount_destination_generic.destination_9                       1337ms
  btp_subaccount_entitlement.entitlement_1                               13487ms
  btp_subaccount_entitlement.entitlement_10                              22691ms
  btp_subaccount_entitlement.entitlement_11                              12720ms
  btp_subaccount_entitlement.entitlement_12                              12111ms
  btp_subaccount_entitlement.entitlement_13                              13400ms
  btp_subaccount_entitlement.entitlement_14                              15336ms
  btp_subaccount_entitlement.entitlement_15                              12713ms
  btp_subaccount_entitlement.entitlement_16                              12180ms
  btp_subaccount_entitlement.entitlement_17                              14734ms
  btp_subaccount_entitlement.entitlement_18                              12911ms
  btp_subaccount_entitlement.entitlement_19                              28413ms
  btp_subaccount_entitlement.entitlement_2                               17463ms
  btp_subaccount_entitlement.entitlement_20                              24250ms
  btp_subaccount_entitlement.entitlement_21                              14673ms
  btp_subaccount_entitlement.entitlement_22                              15154ms
  btp_subaccount_entitlement.entitlement_23                              15854ms
  btp_subaccount_entitlement.entitlement_24                              12115ms
  btp_subaccount_entitlement.entitlement_25                              14954ms
  btp_subaccount_entitlement.entitlement_26                              14197ms
  btp_subaccount_entitlement.entitlement_27                              13291ms
  btp_subaccount_entitlement.entitlement_28                              13743ms
  btp_subaccount_entitlement.entitlement_29                              12572ms
  btp_subaccount_entitlement.entitlement_3                               12283ms
  btp_subaccount_entitlement.entitlement_30                              22374ms
  btp_subaccount_entitlement.entitlement_31                              17003ms
  btp_subaccount_entitlement.entitlement_32                              12184ms
  btp_subaccount_entitlement.entitlement_33                              24971ms
  btp_subaccount_entitlement.entitlement_34                              23703ms
  btp_subaccount_entitlement.entitlement_35                              12867ms
  btp_subaccount_entitlement.entitlement_36                              16180ms
  btp_subaccount_entitlement.entitlement_37                              14307ms
  btp_subaccount_entitlement.entitlement_38                              12150ms
  btp_subaccount_entitlement.entitlement_39                              24165ms
  btp_subaccount_entitlement.entitlement_4                               22770ms
  btp_subaccount_entitlement.entitlement_40                              18271ms
  btp_subaccount_entitlement.entitlement_5                               12561ms
  btp_subaccount_entitlement.entitlement_6                               12872ms
  btp_subaccount_entitlement.entitlement_7                               23576ms
  btp_subaccount_entitlement.entitlement_8                               15535ms
  btp_subaccount_entitlement.entitlement_9                               14293ms
  btp_subaccount_environment_instance.cloudfoundry_1                     868ms
  btp_subaccount_environment_instance.cloudfoundry_10                    2759ms
  btp_subaccount_environment_instance.cloudfoundry_2                     11716ms
  btp_subaccount_environment_instance.cloudfoundry_3                     2725ms
  btp_subaccount_environment_instance.cloudfoundry_4                     1152ms
  btp_subaccount_environment_instance.cloudfoundry_5                     1071ms
  btp_subaccount_environment_instance.cloudfoundry_6                     474ms
  btp_subaccount_environment_instance.cloudfoundry_7                     12139ms
  btp_subaccount_environment_instance.cloudfoundry_8                     528ms
  btp_subaccount_environment_instance.cloudfoundry_9                     2684ms
  btp_subaccount_role.role_1                                             276ms
  btp_subaccount_role.role_10                                            1237ms
  btp_subaccount_role.role_11                                            406ms
  btp_subaccount_role.role_12                                            12419ms
  btp_subaccount_role.role_13                                            2120ms
  btp_subaccount_role.role_14                                            1258ms
  btp_subaccount_role.role_15                                            1003ms
  btp_subaccount_role.role_16                                            2398ms
  btp_subaccount_role.role_17                                            657ms
  btp_subaccount_role.role_18                                            208ms
  btp_subaccount_role.role_19                                            867ms
  btp_subaccount_role.role_2                                             1659ms
  btp_subaccount_role.role_20                                            586ms
  btp_subaccount_role.role_3                                             2280ms
  btp_subaccount_role.role_4                                             1350ms
  btp_subaccount_role.role_5                                             903ms
  btp_subaccount_role.role_6                                             700ms
  btp_subaccount_role.role_7                                             6663ms
  btp_subaccount_role.role_8                                             2553ms
  btp_subaccount_role.role_9                                             260ms
  btp_subaccount_role_collection.collection_1                            1969ms
  btp_subaccount_role_collection.collection_10                           1959ms
  btp_subaccount_role_collection.collection_11                           230ms
  btp_subaccount_role_collection.collection_12                           211ms
  btp_subaccount_role_collection.collection_13                           1321ms
  btp_subaccount_role_collection.collection_14                           1232ms
  btp_subaccount_role_collection.collection_15                           1471ms
  btp_subaccount_role_collection.collection_16                           1771ms
  btp_subaccount_role_collection.collection_17                           2452ms
  btp_subaccount_role_collection.collection_18                           1382ms
  btp_subaccount_role_collection.collection_19                           172ms
  btp_subaccount_role_collection.collection_2                            420ms
  btp_subaccount_role_collection.collection_20                           5943ms
  btp_subaccount_role_collection.collection_21                           2609ms
  btp_subaccount_role_collection.collection_22                           1347ms
  btp_subaccount_role_collection.collection_23                           2706ms
  btp_subaccount_role_collection.collection_24                           504ms
  btp_subaccount_role_collection.collection_25                           617ms
  btp_subaccount_role_collection.collection_26                           2135ms
  btp_subaccount_role_collection.collection_27                           1158ms
  btp_subaccount_role_collection.collection_28                           834ms
  btp_subaccount_role_collection.collection_29                           1917ms
  btp_subaccount_role_collection.collection_3                            206ms
  btp_subaccount_role_collection.collection_30                           599ms
  btp_subaccount_role_collection.collection_4                            907ms
  btp_subaccount_role_collection.collection_5                            2244ms
  btp_subaccount_role_collection.collection_6                            851ms
  btp_subaccount_role_collection.collection_7                            898ms
  btp_subaccount_role_collection.collection_8                            1367ms
  btp_subaccount_role_collection.collection_9                            873ms
  btp_subaccount_service_instance.instance_1                             851ms
  btp_subaccount_service_instance.instance_10                            834ms
  btp_subaccount_service_instance.instance_11                            20085ms
  btp_subaccount_service_instance.instance_12                            7251ms
  btp_subaccount_service_instance.instance_13                            10594ms
  btp_subaccount_service_instance.instance_14                            7965ms
  btp_subaccount_service_instance.instance_15                            8896ms
  btp_subaccount_service_instance.instance_16                            15868ms
  btp_subaccount_service_instance.instance_17                            2912ms
  btp_subaccount_service_instance.instance_18                            18862ms
  btp_subaccount_service_instance.instance_19                            2282ms
  btp_subaccount_service_instance.instance_2                             4769ms
  btp_subaccount_service_instance.instance_20                            2299ms
  btp_subaccount_service_instance.instance_3                             10863ms
  btp_subaccount_service_instance.instance_4                             2665ms
  btp_subaccount_service_instance.instance_5                             4784ms
  btp_subaccount_service_instance.instance_6                             2193ms
  btp_subaccount_service_instance.instance_7                             2664ms
  btp_subaccount_service_instance.instance_8                             9515ms
  btp_subaccount_service_instance.instance_9                             2730ms
  btp_subaccount_subscription.subscription_1                             1654ms
  btp_subaccount_subscription.subscription_10                            1835ms
  btp_subaccount_subscription.subscription_11                            3030ms
  btp_subaccount_subscription.subscription_12                            9081ms
  btp_subaccount_subscription.subscription_13                            646ms
  btp_subaccount_subscription.subscription_14                            2539ms
  btp_subaccount_subscription.subscription_15                            973ms
  btp_subaccount_subscription.subscription_16                            1762ms
  btp_subaccount_subscription.subscription_17                            2082ms
  btp_subaccount_subscription.subscription_18                            1872ms
  btp_subaccount_subscription.subscription_19                            14294ms
  btp_subaccount_subscription.subscription_2                             733ms
  btp_subaccount_subscription.subscription_20                            1852ms
  btp_subaccount_subscription.subscription_21                            3871ms
  btp_subaccount_subscription.subscription_22                            3235ms
  btp_subaccount_subscription.subscription_23                            2590ms
  btp_subaccount_subscription.subscription_24                            721ms
  btp_subaccount_subscription.subscription_25                            2748ms
  btp_subaccount_subscription.subscription_26                            2834ms
  btp_subaccount_subscription.subscription_27                            13896ms
  btp_subaccount_subscription.subscription_28                            2069ms
  btp_subaccount_subscription.subscription_29                            1020ms
  btp_subaccount_subscription.subscription_3                             3176ms
  btp_subaccount_subscription.subscription_30                            2095ms
  btp_subaccount_subscription.subscription_4                             3005ms
  btp_subaccount_subscription.subscription_5                             2079ms
  btp_subaccount_subscription.subscription_6                             3612ms
  btp_subaccount_subscription.subscription_7                             6746ms
  btp_subaccount_subscription.subscription_8                             4850ms
  btp_subaccount_subscription.subscription_9                             13961ms
  btp_subaccount_trust_configuration.trust_1                             866ms
  btp_subaccount_trust_configuration.trust_10                            986ms
  btp_subaccount_trust_configuration.trust_2                             805ms
  btp_subaccount_trust_configuration.trust_3                             1497ms
  btp_subaccount_trust_configuration.trust_4                             1045ms
  btp_subaccount_trust_configuration.trust_5                             637ms
  btp_subaccount_trust_configuration.trust_6                             894ms
  btp_subaccount_trust_configuration.trust_7                             1077ms
  btp_subaccount_trust_configuration.trust_8                             1538ms
  btp_subaccount_trust_configuration.trust_9                             1697ms
  cloudfoundry_service_instance.instance_1                               52ms
  cloudfoundry_service_instance.instance_10                              57ms
  cloudfoundry_service_instance.instance_11                              61ms
  cloudfoundry_service_instance.instance_12                              51ms
  cloudfoundry_service_instance.instance_13                              51ms
  cloudfoundry_service_instance.instance_14                              53ms
  cloudfoundry_service_instance.instance_15                              41ms
  cloudfoundry_service_instance.instance_16                              71ms
  cloudfoundry_service_instance.instance_17                              42ms
  cloudfoundry_service_instance.instance_18                              61ms
  cloudfoundry_service_instance.instance_19                              51ms
  cloudfoundry_service_instance.instance_2                               53ms
  cloudfoundry_service_instance.instance_20                              53ms
  cloudfoundry_service_instance.instance_21                              43ms
  cloudfoundry_service_instance.instance_22                              56ms
  cloudfoundry_service_instance.instance_23                              48ms
  cloudfoundry_service_instance.instance_24                              52ms
  cloudfoundry_service_instance.instance_25                              53ms
  cloudfoundry_service_instance.instance_26                              64ms
  cloudfoundry_service_instance.instance_27                              57ms
  cloudfoundry_service_instance.instance_28                              52ms
  cloudfoundry_service_instance.instance_29                              57ms
  cloudfoundry_service_instance.instance_3                               54ms
  cloudfoundry_service_instance.instance_30                              55ms
  cloudfoundry_service_instance.instance_31                              60ms
  cloudfoundry_service_instance.instance_32                              45ms
  cloudfoundry_service_instance.instance_33                              44ms
  cloudfoundry_service_instance.instance_34                              63ms
  cloudfoundry_service_instance.instance_35                              48ms
  cloudfoundry_service_instance.instance_36                              48ms
  cloudfoundry_service_instance.instance_37                              67ms
  cloudfoundry_service_instance.instance_38                              42ms
  cloudfoundry_service_instance.instance_39                              79ms
  cloudfoundry_service_instance.instance_4                               40ms
  cloudfoundry_service_instance.instance_40                              64ms
  cloudfoundry_service_instance.instance_5                               54ms
  cloudfoundry_service_instance.instance_6                               43ms
  cloudfoundry_service_instance.instance_7                               44ms
  cloudfoundry_service_instance.instance_8                               112ms
  cloudfoundry_service_instance.instance_9                               53ms
  cloudfoundry_space.space_1                                             142ms
  cloudfoundry_space.space_10                                            115ms
  cloudfoundry_space.space_11                                            120ms
  cloudfoundry_space.space_12                                            119ms
  cloudfoundry_space.space_13                                            125ms
  cloudfoundry_space.space_14                                            104ms
  cloudfoundry_space.space_15                                            103ms
  cloudfoundry_space.space_16                                            113ms
  cloudfoundry_space.space_17                                            99ms
  cloudfoundry_space.space_18                                            118ms
  cloudfoundry_space.space_19                                            108ms
  cloudfoundry_space.space_2                                             110ms
  cloudfoundry_space.space_20                                            104ms
  cloudfoundry_space.space_3                                             114ms
  cloudfoundry_space.space_4                                             118ms
  cloudfoundry_space.space_5                                             107ms
  cloudfoundry_space.space_6                                             115ms
  cloudfoundry_space.space_7                                             103ms
  cloudfoundry_space.space_8                                             114ms
  cloudfoundry_space.space_9                                             97ms
  scc_subaccount.subaccount_1                                            1065ms
  scc_subaccount.subaccount_10                                           17209ms
  scc_subaccount.subaccount_2                                            1653ms
  scc_subaccount.subaccount_3                                            647ms
  scc_subaccount.subaccount_4                                            11790ms
  scc_subaccount.subaccount_5                                            1979ms
  scc_subaccount.subaccount_6                                            22778ms
  scc_subaccount.subaccount_7                                            22451ms
  scc_subaccount.subaccount_8                                            11783ms
  scc_subaccount.subaccount_9                                            1258ms
  scc_system_mapping.system_1                                            56ms
  scc_system_mapping.system_10                                           85ms
  scc_system_mapping.system_11                                           57ms
  scc_system_mapping.system_12                                           57ms
  scc_system_mapping.system_13                                           54ms
  scc_system_mapping.system_14                                           54ms
  scc_system_mapping.system_15                                           73ms
  scc_system_mapping.system_16                                           78ms
  scc_system_mapping.system_17                                           152ms
  scc_system_mapping.system_18                                           62ms
  scc_system_mapping.system_19                                           63ms
  scc_system_mapping.system_2                                            72ms
  scc_system_mapping.system_20                                           71ms
  scc_system_mapping.system_3                                            59ms
  scc_system_mapping.system_4                                            59ms
  scc_system_mapping.system_5                                            58ms
  scc_system_mapping.system_6                                            63ms
  scc_system_mapping.system_7                                            56ms
  scc_system_mapping.system_8                                            61ms
  scc_system_mapping.system_9                                            75ms
  scc_system_mapping_resource.resource_1                                 54ms
  scc_system_mapping_resource.resource_10                                55ms
  scc_system_mapping_resource.resource_11                                53ms
  scc_system_mapping_resource.resource_12                                56ms
  scc_system_mapping_resource.resource_13                                54ms
  scc_system_mapping_resource.resource_14                                61ms
  scc_system_mapping_resource.resource_15                                74ms
  scc_system_mapping_resource.resource_16                                122ms
  scc_system_mapping_resource.resource_17                                59ms
  scc_system_mapping_resource.resource_18                                59ms
  scc_system_mapping_resource.resource_19                                56ms
  scc_system_mapping_resource.resource_2                                 151ms
  scc_system_mapping_resource.resource_20                                54ms
  scc_system_mapping_resource.resource_21                                57ms
  scc_system_mapping_resource.resource_22                                54ms
  scc_system_mapping_resource.resource_23                                56ms
  scc_system_mapping_resource.resource_24                                57ms
  scc_system_mapping_resource.resource_25                                57ms
  scc_system_mapping_resource.resource_26                                99ms
  scc_system_mapping_resource.resource_27                                153ms
  scc_system_mapping_resource.resource_28                                151ms
  scc_system_mapping_resource.resource_29                                56ms
  scc_system_mapping_resource.resource_3                                 141ms
  scc_system_mapping_resource.resource_30                                60ms
  scc_system_mapping_resource.resource_31                                58ms
  scc_system_mapping_resource.resource_32                                77ms
  scc_system_mapping_resource.resource_33                                61ms
  scc_system_mapping_resource.resource_34                                56ms
  scc_system_mapping_resource.resource_35                                62ms
  scc_system_mapping_resource.resource_36                                55ms
  scc_system_mapping_resource.resource_37                                56ms
  scc_system_mapping_resource.resource_38                                57ms
  scc_system_mapping_resource.resource_39                                65ms
  scc_system_mapping_resource.resource_4                                 54ms
  scc_system_mapping_resource.resource_40                                55ms
  scc_system_mapping_resource.resource_5                                 53ms
  scc_system_mapping_resource.resource_6                                 54ms
  scc_system_mapping_resource.resource_7                                 55ms
  scc_system_mapping_resource.resource_8                                 148ms
  scc_system_mapping_resource.resource_9                                 75ms
  sci_application.app_1                                                  131ms
  sci_application.app_10                                                 208ms
  sci_application.app_11                                                 132ms
  sci_application.app_12                                                 128ms
  sci_application.app_13                                                 139ms
  sci_application.app_14                                                 114ms
  sci_application.app_15                                                 135ms
  sci_application.app_16                                                 126ms
  sci_application.app_17                                                 127ms
  sci_application.app_18                                                 125ms
  sci_application.app_19                                                 123ms
  sci_application.app_2                                                  148ms
  sci_application.app_20                                                 322ms
  sci_application.app_3                                                  128ms
  sci_application.app_4                                                  216ms
  sci_application.app_5                                                  150ms
  sci_application.app_6                                                  137ms
  sci_application.app_7                                                  201ms
  sci_application.app_8                                                  127ms
  sci_application.app_9                                                  138ms
  sci_group_base.group_1                                                 92ms
  sci_group_base.group_10                                                97ms
  sci_group_base.group_11                                                93ms
  sci_group_base.group_12                                                107ms
  sci_group_base.group_13                                                85ms
  sci_group_base.group_14                                                165ms
  sci_group_base.group_15                                                97ms
  sci_group_base.group_16                                                101ms
  sci_group_base.group_17                                                89ms
  sci_group_base.group_18                                                99ms
  sci_group_base.group_19                                                105ms
  sci_group_base.group_2                                                 86ms
  sci_group_base.group_20                                                86ms
  sci_group_base.group_21                                                93ms
  sci_group_base.group_22                                                96ms
  sci_group_base.group_23                                                97ms
  sci_group_base.group_24                                                165ms
  sci_group_base.group_25                                                194ms
  sci_group_base.group_26                                                97ms
  sci_group_base.group_27                                                140ms
  sci_group_base.group_28                                                91ms
  sci_group_base.group_29                                                89ms
  sci_group_base.group_3                                                 97ms
  sci_group_base.group_30                                                89ms
  sci_group_base.group_4                                                 119ms
  sci_group_base.group_5                                                 110ms
  sci_group_base.group_6                                                 99ms
  sci_group_base.group_7                                                 111ms
  sci_group_base.group_8                                                 93ms
  sci_group_base.group_9                                                 93ms
  sci_user.user_1                                                        91ms
  sci_user.user_10                                                       101ms
  sci_user.user_11                                                       87ms
  sci_user.user_12                                                       102ms
  sci_user.user_13                                                       87ms
  sci_user.user_14                                                       80ms
  sci_user.user_15                                                       94ms
  sci_user.user_16                                                       95ms
  sci_user.user_17                                                       88ms
  sci_user.user_18                                                       96ms
  sci_user.user_19                                                       173ms
  sci_user.user_2                                                        164ms
  sci_user.user_20                                                       92ms
  sci_user.user_21                                                       84ms
  sci_user.user_22                                                       85ms
  sci_user.user_23                                                       100ms
  sci_user.user_24                                                       93ms
  sci_user.user_25                                                       90ms
  sci_user.user_26                                                       84ms
  sci_user.user_27                                                       305ms
  sci_user.user_28                                                       103ms
  sci_user.user_29                                                       96ms
  sci_user.user_3                                                        100ms
  sci_user.user_30                                                       95ms
  sci_user.user_31                                                       98ms
  sci_user.user_32                                                       110ms
  sci_user.user_33                                                       93ms
  sci_user.user_34                                                       91ms
  sci_user.user_35                                                       111ms
  sci_user.user_36                                                       88ms
  sci_user.user_37                                                       98ms
  sci_user.user_38                                                       166ms
  sci_user.user_39                                                       87ms
  sci_user.user_4                                                        87ms
  sci_user.user_40                                                       101ms
  sci_user.user_41                                                       143ms
  sci_user.user_42                                                       102ms
  sci_user.user_43                                                       94ms
  sci_user.user_44                                                       84ms
  sci_user.user_45                                                       98ms
  sci_user.user_46                                                       88ms
  sci_user.user_47                                                       90ms
  sci_user.user_48                                                       90ms
  sci_user.user_49                                                       167ms
  sci_user.user_5                                                        94ms
  sci_user.user_50                                                       170ms
  sci_user.user_6                                                        101ms
  sci_user.user_7                                                        89ms
  sci_user.user_8                                                        92ms
  sci_user.user_9                                                        160ms


Run 9/20:
  Total run time: 103.113220s
  btp_directory.directory_1                                              164ms
  btp_directory.directory_10                                             1514ms
  btp_directory.directory_2                                              342ms
  btp_directory.directory_3                                              7346ms
  btp_directory.directory_4                                              566ms
  btp_directory.directory_5                                              4029ms
  btp_directory.directory_6                                              204ms
  btp_directory.directory_7                                              1181ms
  btp_directory.directory_8                                              1920ms
  btp_directory.directory_9                                              2514ms
  btp_subaccount.subaccount_1                                            1907ms
  btp_subaccount.subaccount_10                                           492ms
  btp_subaccount.subaccount_2                                            1444ms
  btp_subaccount.subaccount_3                                            304ms
  btp_subaccount.subaccount_4                                            223ms
  btp_subaccount.subaccount_5                                            101ms
  btp_subaccount.subaccount_6                                            1793ms
  btp_subaccount.subaccount_7                                            1463ms
  btp_subaccount.subaccount_8                                            93ms
  btp_subaccount.subaccount_9                                            1605ms
  btp_subaccount_destination_generic.destination_1                       2115ms
  btp_subaccount_destination_generic.destination_10                      1931ms
  btp_subaccount_destination_generic.destination_11                      2006ms
  btp_subaccount_destination_generic.destination_12                      798ms
  btp_subaccount_destination_generic.destination_13                      5903ms
  btp_subaccount_destination_generic.destination_14                      2074ms
  btp_subaccount_destination_generic.destination_15                      435ms
  btp_subaccount_destination_generic.destination_16                      1615ms
  btp_subaccount_destination_generic.destination_17                      482ms
  btp_subaccount_destination_generic.destination_18                      1954ms
  btp_subaccount_destination_generic.destination_19                      1380ms
  btp_subaccount_destination_generic.destination_2                       1845ms
  btp_subaccount_destination_generic.destination_20                      676ms
  btp_subaccount_destination_generic.destination_3                       940ms
  btp_subaccount_destination_generic.destination_4                       1153ms
  btp_subaccount_destination_generic.destination_5                       1965ms
  btp_subaccount_destination_generic.destination_6                       1789ms
  btp_subaccount_destination_generic.destination_7                       1093ms
  btp_subaccount_destination_generic.destination_8                       1934ms
  btp_subaccount_destination_generic.destination_9                       1405ms
  btp_subaccount_entitlement.entitlement_1                               12258ms
  btp_subaccount_entitlement.entitlement_10                              12607ms
  btp_subaccount_entitlement.entitlement_11                              12778ms
  btp_subaccount_entitlement.entitlement_12                              16094ms
  btp_subaccount_entitlement.entitlement_13                              19010ms
  btp_subaccount_entitlement.entitlement_14                              15204ms
  btp_subaccount_entitlement.entitlement_15                              13872ms
  btp_subaccount_entitlement.entitlement_16                              11366ms
  btp_subaccount_entitlement.entitlement_17                              16425ms
  btp_subaccount_entitlement.entitlement_18                              17019ms
  btp_subaccount_entitlement.entitlement_19                              18783ms
  btp_subaccount_entitlement.entitlement_2                               13769ms
  btp_subaccount_entitlement.entitlement_20                              12965ms
  btp_subaccount_entitlement.entitlement_21                              12660ms
  btp_subaccount_entitlement.entitlement_22                              14249ms
  btp_subaccount_entitlement.entitlement_23                              11517ms
  btp_subaccount_entitlement.entitlement_24                              11403ms
  btp_subaccount_entitlement.entitlement_25                              12866ms
  btp_subaccount_entitlement.entitlement_26                              12126ms
  btp_subaccount_entitlement.entitlement_27                              13101ms
  btp_subaccount_entitlement.entitlement_28                              14207ms
  btp_subaccount_entitlement.entitlement_29                              15655ms
  btp_subaccount_entitlement.entitlement_3                               12868ms
  btp_subaccount_entitlement.entitlement_30                              15585ms
  btp_subaccount_entitlement.entitlement_31                              15074ms
  btp_subaccount_entitlement.entitlement_32                              12782ms
  btp_subaccount_entitlement.entitlement_33                              11590ms
  btp_subaccount_entitlement.entitlement_34                              13005ms
  btp_subaccount_entitlement.entitlement_35                              13952ms
  btp_subaccount_entitlement.entitlement_36                              13030ms
  btp_subaccount_entitlement.entitlement_37                              13925ms
  btp_subaccount_entitlement.entitlement_38                              12613ms
  btp_subaccount_entitlement.entitlement_39                              14084ms
  btp_subaccount_entitlement.entitlement_4                               13794ms
  btp_subaccount_entitlement.entitlement_40                              11447ms
  btp_subaccount_entitlement.entitlement_5                               13104ms
  btp_subaccount_entitlement.entitlement_6                               18065ms
  btp_subaccount_entitlement.entitlement_7                               15068ms
  btp_subaccount_entitlement.entitlement_8                               13051ms
  btp_subaccount_entitlement.entitlement_9                               14599ms
  btp_subaccount_environment_instance.cloudfoundry_1                     2360ms
  btp_subaccount_environment_instance.cloudfoundry_10                    957ms
  btp_subaccount_environment_instance.cloudfoundry_2                     1465ms
  btp_subaccount_environment_instance.cloudfoundry_3                     531ms
  btp_subaccount_environment_instance.cloudfoundry_4                     1936ms
  btp_subaccount_environment_instance.cloudfoundry_5                     1392ms
  btp_subaccount_environment_instance.cloudfoundry_6                     965ms
  btp_subaccount_environment_instance.cloudfoundry_7                     936ms
  btp_subaccount_environment_instance.cloudfoundry_8                     1010ms
  btp_subaccount_environment_instance.cloudfoundry_9                     2359ms
  btp_subaccount_role.role_1                                             269ms
  btp_subaccount_role.role_10                                            950ms
  btp_subaccount_role.role_11                                            578ms
  btp_subaccount_role.role_12                                            816ms
  btp_subaccount_role.role_13                                            2018ms
  btp_subaccount_role.role_14                                            187ms
  btp_subaccount_role.role_15                                            641ms
  btp_subaccount_role.role_16                                            1661ms
  btp_subaccount_role.role_17                                            392ms
  btp_subaccount_role.role_18                                            1020ms
  btp_subaccount_role.role_19                                            1676ms
  btp_subaccount_role.role_2                                             1982ms
  btp_subaccount_role.role_20                                            1573ms
  btp_subaccount_role.role_3                                             1100ms
  btp_subaccount_role.role_4                                             1562ms
  btp_subaccount_role.role_5                                             965ms
  btp_subaccount_role.role_6                                             1411ms
  btp_subaccount_role.role_7                                             1119ms
  btp_subaccount_role.role_8                                             2386ms
  btp_subaccount_role.role_9                                             207ms
  btp_subaccount_role_collection.collection_1                            2103ms
  btp_subaccount_role_collection.collection_10                           1654ms
  btp_subaccount_role_collection.collection_11                           5204ms
  btp_subaccount_role_collection.collection_12                           636ms
  btp_subaccount_role_collection.collection_13                           1805ms
  btp_subaccount_role_collection.collection_14                           264ms
  btp_subaccount_role_collection.collection_15                           2146ms
  btp_subaccount_role_collection.collection_16                           1200ms
  btp_subaccount_role_collection.collection_17                           1072ms
  btp_subaccount_role_collection.collection_18                           1335ms
  btp_subaccount_role_collection.collection_19                           1803ms
  btp_subaccount_role_collection.collection_2                            1000ms
  btp_subaccount_role_collection.collection_20                           1033ms
  btp_subaccount_role_collection.collection_21                           1604ms
  btp_subaccount_role_collection.collection_22                           1131ms
  btp_subaccount_role_collection.collection_23                           1932ms
  btp_subaccount_role_collection.collection_24                           309ms
  btp_subaccount_role_collection.collection_25                           794ms
  btp_subaccount_role_collection.collection_26                           2169ms
  btp_subaccount_role_collection.collection_27                           737ms
  btp_subaccount_role_collection.collection_28                           1410ms
  btp_subaccount_role_collection.collection_29                           1059ms
  btp_subaccount_role_collection.collection_3                            1821ms
  btp_subaccount_role_collection.collection_30                           852ms
  btp_subaccount_role_collection.collection_4                            1479ms
  btp_subaccount_role_collection.collection_5                            1461ms
  btp_subaccount_role_collection.collection_6                            184ms
  btp_subaccount_role_collection.collection_7                            896ms
  btp_subaccount_role_collection.collection_8                            2125ms
  btp_subaccount_role_collection.collection_9                            2190ms
  btp_subaccount_service_instance.instance_1                             5276ms
  btp_subaccount_service_instance.instance_10                            2527ms
  btp_subaccount_service_instance.instance_11                            3328ms
  btp_subaccount_service_instance.instance_12                            12363ms
  btp_subaccount_service_instance.instance_13                            5711ms
  btp_subaccount_service_instance.instance_14                            4485ms
  btp_subaccount_service_instance.instance_15                            3939ms
  btp_subaccount_service_instance.instance_16                            2687ms
  btp_subaccount_service_instance.instance_17                            9034ms
  btp_subaccount_service_instance.instance_18                            4561ms
  btp_subaccount_service_instance.instance_19                            4827ms
  btp_subaccount_service_instance.instance_2                             2739ms
  btp_subaccount_service_instance.instance_20                            3413ms
  btp_subaccount_service_instance.instance_3                             3020ms
  btp_subaccount_service_instance.instance_4                             908ms
  btp_subaccount_service_instance.instance_5                             5031ms
  btp_subaccount_service_instance.instance_6                             860ms
  btp_subaccount_service_instance.instance_7                             3639ms
  btp_subaccount_service_instance.instance_8                             2563ms
  btp_subaccount_service_instance.instance_9                             1489ms
  btp_subaccount_subscription.subscription_1                             3514ms
  btp_subaccount_subscription.subscription_10                            7072ms
  btp_subaccount_subscription.subscription_11                            1137ms
  btp_subaccount_subscription.subscription_12                            2718ms
  btp_subaccount_subscription.subscription_13                            3626ms
  btp_subaccount_subscription.subscription_14                            3965ms
  btp_subaccount_subscription.subscription_15                            1764ms
  btp_subaccount_subscription.subscription_16                            2144ms
  btp_subaccount_subscription.subscription_17                            2349ms
  btp_subaccount_subscription.subscription_18                            1656ms
  btp_subaccount_subscription.subscription_19                            3011ms
  btp_subaccount_subscription.subscription_2                             1922ms
  btp_subaccount_subscription.subscription_20                            2760ms
  btp_subaccount_subscription.subscription_21                            1577ms
  btp_subaccount_subscription.subscription_22                            3553ms
  btp_subaccount_subscription.subscription_23                            4066ms
  btp_subaccount_subscription.subscription_24                            3442ms
  btp_subaccount_subscription.subscription_25                            4448ms
  btp_subaccount_subscription.subscription_26                            1774ms
  btp_subaccount_subscription.subscription_27                            2152ms
  btp_subaccount_subscription.subscription_28                            7431ms
  btp_subaccount_subscription.subscription_29                            7050ms
  btp_subaccount_subscription.subscription_3                             3890ms
  btp_subaccount_subscription.subscription_30                            2230ms
  btp_subaccount_subscription.subscription_4                             2204ms
  btp_subaccount_subscription.subscription_5                             3785ms
  btp_subaccount_subscription.subscription_6                             2121ms
  btp_subaccount_subscription.subscription_7                             1637ms
  btp_subaccount_subscription.subscription_8                             3686ms
  btp_subaccount_subscription.subscription_9                             3552ms
  btp_subaccount_trust_configuration.trust_1                             1468ms
  btp_subaccount_trust_configuration.trust_10                            5071ms
  btp_subaccount_trust_configuration.trust_2                             1542ms
  btp_subaccount_trust_configuration.trust_3                             1980ms
  btp_subaccount_trust_configuration.trust_4                             1869ms
  btp_subaccount_trust_configuration.trust_5                             410ms
  btp_subaccount_trust_configuration.trust_6                             1771ms
  btp_subaccount_trust_configuration.trust_7                             1186ms
  btp_subaccount_trust_configuration.trust_8                             921ms
  btp_subaccount_trust_configuration.trust_9                             1792ms
  cloudfoundry_service_instance.instance_1                               86ms
  cloudfoundry_service_instance.instance_10                              46ms
  cloudfoundry_service_instance.instance_11                              55ms
  cloudfoundry_service_instance.instance_12                              47ms
  cloudfoundry_service_instance.instance_13                              44ms
  cloudfoundry_service_instance.instance_14                              61ms
  cloudfoundry_service_instance.instance_15                              42ms
  cloudfoundry_service_instance.instance_16                              60ms
  cloudfoundry_service_instance.instance_17                              38ms
  cloudfoundry_service_instance.instance_18                              38ms
  cloudfoundry_service_instance.instance_19                              37ms
  cloudfoundry_service_instance.instance_2                               49ms
  cloudfoundry_service_instance.instance_20                              38ms
  cloudfoundry_service_instance.instance_21                              61ms
  cloudfoundry_service_instance.instance_22                              44ms
  cloudfoundry_service_instance.instance_23                              56ms
  cloudfoundry_service_instance.instance_24                              60ms
  cloudfoundry_service_instance.instance_25                              59ms
  cloudfoundry_service_instance.instance_26                              55ms
  cloudfoundry_service_instance.instance_27                              51ms
  cloudfoundry_service_instance.instance_28                              56ms
  cloudfoundry_service_instance.instance_29                              36ms
  cloudfoundry_service_instance.instance_3                               51ms
  cloudfoundry_service_instance.instance_30                              43ms
  cloudfoundry_service_instance.instance_31                              40ms
  cloudfoundry_service_instance.instance_32                              75ms
  cloudfoundry_service_instance.instance_33                              61ms
  cloudfoundry_service_instance.instance_34                              44ms
  cloudfoundry_service_instance.instance_35                              48ms
  cloudfoundry_service_instance.instance_36                              38ms
  cloudfoundry_service_instance.instance_37                              41ms
  cloudfoundry_service_instance.instance_38                              45ms
  cloudfoundry_service_instance.instance_39                              38ms
  cloudfoundry_service_instance.instance_4                               47ms
  cloudfoundry_service_instance.instance_40                              51ms
  cloudfoundry_service_instance.instance_5                               47ms
  cloudfoundry_service_instance.instance_6                               45ms
  cloudfoundry_service_instance.instance_7                               46ms
  cloudfoundry_service_instance.instance_8                               38ms
  cloudfoundry_service_instance.instance_9                               39ms
  cloudfoundry_space.space_1                                             106ms
  cloudfoundry_space.space_10                                            98ms
  cloudfoundry_space.space_11                                            105ms
  cloudfoundry_space.space_12                                            135ms
  cloudfoundry_space.space_13                                            98ms
  cloudfoundry_space.space_14                                            100ms
  cloudfoundry_space.space_15                                            111ms
  cloudfoundry_space.space_16                                            84ms
  cloudfoundry_space.space_17                                            103ms
  cloudfoundry_space.space_18                                            91ms
  cloudfoundry_space.space_19                                            116ms
  cloudfoundry_space.space_2                                             109ms
  cloudfoundry_space.space_20                                            101ms
  cloudfoundry_space.space_3                                             134ms
  cloudfoundry_space.space_4                                             100ms
  cloudfoundry_space.space_5                                             93ms
  cloudfoundry_space.space_6                                             125ms
  cloudfoundry_space.space_7                                             126ms
  cloudfoundry_space.space_8                                             99ms
  cloudfoundry_space.space_9                                             115ms
  scc_subaccount.subaccount_1                                            3343ms
  scc_subaccount.subaccount_10                                           3693ms
  scc_subaccount.subaccount_2                                            8416ms
  scc_subaccount.subaccount_3                                            4017ms
  scc_subaccount.subaccount_4                                            10010ms
  scc_subaccount.subaccount_5                                            2953ms
  scc_subaccount.subaccount_6                                            9658ms
  scc_subaccount.subaccount_7                                            3743ms
  scc_subaccount.subaccount_8                                            9446ms
  scc_subaccount.subaccount_9                                            9189ms
  scc_system_mapping.system_1                                            62ms
  scc_system_mapping.system_10                                           59ms
  scc_system_mapping.system_11                                           63ms
  scc_system_mapping.system_12                                           67ms
  scc_system_mapping.system_13                                           63ms
  scc_system_mapping.system_14                                           69ms
  scc_system_mapping.system_15                                           60ms
  scc_system_mapping.system_16                                           60ms
  scc_system_mapping.system_17                                           77ms
  scc_system_mapping.system_18                                           390ms
  scc_system_mapping.system_19                                           60ms
  scc_system_mapping.system_2                                            62ms
  scc_system_mapping.system_20                                           63ms
  scc_system_mapping.system_3                                            62ms
  scc_system_mapping.system_4                                            76ms
  scc_system_mapping.system_5                                            1120ms
  scc_system_mapping.system_6                                            65ms
  scc_system_mapping.system_7                                            60ms
  scc_system_mapping.system_8                                            57ms
  scc_system_mapping.system_9                                            60ms
  scc_system_mapping_resource.resource_1                                 57ms
  scc_system_mapping_resource.resource_10                                57ms
  scc_system_mapping_resource.resource_11                                58ms
  scc_system_mapping_resource.resource_12                                75ms
  scc_system_mapping_resource.resource_13                                135ms
  scc_system_mapping_resource.resource_14                                59ms
  scc_system_mapping_resource.resource_15                                55ms
  scc_system_mapping_resource.resource_16                                65ms
  scc_system_mapping_resource.resource_17                                60ms
  scc_system_mapping_resource.resource_18                                55ms
  scc_system_mapping_resource.resource_19                                1145ms
  scc_system_mapping_resource.resource_2                                 60ms
  scc_system_mapping_resource.resource_20                                69ms
  scc_system_mapping_resource.resource_21                                57ms
  scc_system_mapping_resource.resource_22                                63ms
  scc_system_mapping_resource.resource_23                                57ms
  scc_system_mapping_resource.resource_24                                56ms
  scc_system_mapping_resource.resource_25                                72ms
  scc_system_mapping_resource.resource_26                                55ms
  scc_system_mapping_resource.resource_27                                54ms
  scc_system_mapping_resource.resource_28                                67ms
  scc_system_mapping_resource.resource_29                                59ms
  scc_system_mapping_resource.resource_3                                 58ms
  scc_system_mapping_resource.resource_30                                1179ms
  scc_system_mapping_resource.resource_31                                56ms
  scc_system_mapping_resource.resource_32                                55ms
  scc_system_mapping_resource.resource_33                                62ms
  scc_system_mapping_resource.resource_34                                954ms
  scc_system_mapping_resource.resource_35                                61ms
  scc_system_mapping_resource.resource_36                                62ms
  scc_system_mapping_resource.resource_37                                57ms
  scc_system_mapping_resource.resource_38                                63ms
  scc_system_mapping_resource.resource_39                                81ms
  scc_system_mapping_resource.resource_4                                 58ms
  scc_system_mapping_resource.resource_40                                62ms
  scc_system_mapping_resource.resource_5                                 57ms
  scc_system_mapping_resource.resource_6                                 1212ms
  scc_system_mapping_resource.resource_7                                 57ms
  scc_system_mapping_resource.resource_8                                 58ms
  scc_system_mapping_resource.resource_9                                 58ms
  sci_application.app_1                                                  258ms
  sci_application.app_10                                                 145ms
  sci_application.app_11                                                 138ms
  sci_application.app_12                                                 142ms
  sci_application.app_13                                                 228ms
  sci_application.app_14                                                 130ms
  sci_application.app_15                                                 168ms
  sci_application.app_16                                                 124ms
  sci_application.app_17                                                 136ms
  sci_application.app_18                                                 145ms
  sci_application.app_19                                                 140ms
  sci_application.app_2                                                  153ms
  sci_application.app_20                                                 129ms
  sci_application.app_3                                                  143ms
  sci_application.app_4                                                  130ms
  sci_application.app_5                                                  136ms
  sci_application.app_6                                                  138ms
  sci_application.app_7                                                  128ms
  sci_application.app_8                                                  134ms
  sci_application.app_9                                                  128ms
  sci_group_base.group_1                                                 89ms
  sci_group_base.group_10                                                103ms
  sci_group_base.group_11                                                88ms
  sci_group_base.group_12                                                96ms
  sci_group_base.group_13                                                99ms
  sci_group_base.group_14                                                98ms
  sci_group_base.group_15                                                102ms
  sci_group_base.group_16                                                99ms
  sci_group_base.group_17                                                199ms
  sci_group_base.group_18                                                102ms
  sci_group_base.group_19                                                94ms
  sci_group_base.group_2                                                 99ms
  sci_group_base.group_20                                                92ms
  sci_group_base.group_21                                                100ms
  sci_group_base.group_22                                                101ms
  sci_group_base.group_23                                                86ms
  sci_group_base.group_24                                                96ms
  sci_group_base.group_25                                                106ms
  sci_group_base.group_26                                                133ms
  sci_group_base.group_27                                                102ms
  sci_group_base.group_28                                                100ms
  sci_group_base.group_29                                                92ms
  sci_group_base.group_3                                                 98ms
  sci_group_base.group_30                                                99ms
  sci_group_base.group_4                                                 119ms
  sci_group_base.group_5                                                 103ms
  sci_group_base.group_6                                                 104ms
  sci_group_base.group_7                                                 95ms
  sci_group_base.group_8                                                 102ms
  sci_group_base.group_9                                                 126ms
  sci_user.user_1                                                        87ms
  sci_user.user_10                                                       86ms
  sci_user.user_11                                                       189ms
  sci_user.user_12                                                       109ms
  sci_user.user_13                                                       92ms
  sci_user.user_14                                                       98ms
  sci_user.user_15                                                       99ms
  sci_user.user_16                                                       106ms
  sci_user.user_17                                                       89ms
  sci_user.user_18                                                       92ms
  sci_user.user_19                                                       98ms
  sci_user.user_2                                                        101ms
  sci_user.user_20                                                       95ms
  sci_user.user_21                                                       93ms
  sci_user.user_22                                                       113ms
  sci_user.user_23                                                       86ms
  sci_user.user_24                                                       94ms
  sci_user.user_25                                                       221ms
  sci_user.user_26                                                       110ms
  sci_user.user_27                                                       89ms
  sci_user.user_28                                                       90ms
  sci_user.user_29                                                       98ms
  sci_user.user_3                                                        201ms
  sci_user.user_30                                                       94ms
  sci_user.user_31                                                       90ms
  sci_user.user_32                                                       95ms
  sci_user.user_33                                                       95ms
  sci_user.user_34                                                       94ms
  sci_user.user_35                                                       89ms
  sci_user.user_36                                                       92ms
  sci_user.user_37                                                       96ms
  sci_user.user_38                                                       93ms
  sci_user.user_39                                                       91ms
  sci_user.user_4                                                        96ms
  sci_user.user_40                                                       96ms
  sci_user.user_41                                                       117ms
  sci_user.user_42                                                       89ms
  sci_user.user_43                                                       93ms
  sci_user.user_44                                                       104ms
  sci_user.user_45                                                       91ms
  sci_user.user_46                                                       100ms
  sci_user.user_47                                                       93ms
  sci_user.user_48                                                       207ms
  sci_user.user_49                                                       101ms
  sci_user.user_5                                                        104ms
  sci_user.user_50                                                       111ms
  sci_user.user_6                                                        104ms
  sci_user.user_7                                                        93ms
  sci_user.user_8                                                        90ms
  sci_user.user_9                                                        98ms


Run 10/20:
  Total run time: 141.571826s
  btp_directory.directory_1                                              8371ms
  btp_directory.directory_10                                             9921ms
  btp_directory.directory_2                                              1799ms
  btp_directory.directory_3                                              147ms
  btp_directory.directory_4                                              3023ms
  btp_directory.directory_5                                              7690ms
  btp_directory.directory_6                                              1570ms
  btp_directory.directory_7                                              899ms
  btp_directory.directory_8                                              4107ms
  btp_directory.directory_9                                              8055ms
  btp_subaccount.subaccount_1                                            1420ms
  btp_subaccount.subaccount_10                                           2162ms
  btp_subaccount.subaccount_2                                            2002ms
  btp_subaccount.subaccount_3                                            1924ms
  btp_subaccount.subaccount_4                                            607ms
  btp_subaccount.subaccount_5                                            2323ms
  btp_subaccount.subaccount_6                                            1221ms
  btp_subaccount.subaccount_7                                            2039ms
  btp_subaccount.subaccount_8                                            421ms
  btp_subaccount.subaccount_9                                            1274ms
  btp_subaccount_destination_generic.destination_1                       5969ms
  btp_subaccount_destination_generic.destination_10                      6284ms
  btp_subaccount_destination_generic.destination_11                      1609ms
  btp_subaccount_destination_generic.destination_12                      169ms
  btp_subaccount_destination_generic.destination_13                      1316ms
  btp_subaccount_destination_generic.destination_14                      169ms
  btp_subaccount_destination_generic.destination_15                      2991ms
  btp_subaccount_destination_generic.destination_16                      1857ms
  btp_subaccount_destination_generic.destination_17                      1939ms
  btp_subaccount_destination_generic.destination_18                      548ms
  btp_subaccount_destination_generic.destination_19                      1966ms
  btp_subaccount_destination_generic.destination_2                       13530ms
  btp_subaccount_destination_generic.destination_20                      249ms
  btp_subaccount_destination_generic.destination_3                       2444ms
  btp_subaccount_destination_generic.destination_4                       194ms
  btp_subaccount_destination_generic.destination_5                       6284ms
  btp_subaccount_destination_generic.destination_6                       294ms
  btp_subaccount_destination_generic.destination_7                       1343ms
  btp_subaccount_destination_generic.destination_8                       773ms
  btp_subaccount_destination_generic.destination_9                       5109ms
  btp_subaccount_entitlement.entitlement_1                               16587ms
  btp_subaccount_entitlement.entitlement_10                              19339ms
  btp_subaccount_entitlement.entitlement_11                              14751ms
  btp_subaccount_entitlement.entitlement_12                              21251ms
  btp_subaccount_entitlement.entitlement_13                              14963ms
  btp_subaccount_entitlement.entitlement_14                              13484ms
  btp_subaccount_entitlement.entitlement_15                              22087ms
  btp_subaccount_entitlement.entitlement_16                              17044ms
  btp_subaccount_entitlement.entitlement_17                              12917ms
  btp_subaccount_entitlement.entitlement_18                              12537ms
  btp_subaccount_entitlement.entitlement_19                              23330ms
  btp_subaccount_entitlement.entitlement_2                               23867ms
  btp_subaccount_entitlement.entitlement_20                              24580ms
  btp_subaccount_entitlement.entitlement_21                              14723ms
  btp_subaccount_entitlement.entitlement_22                              11983ms
  btp_subaccount_entitlement.entitlement_23                              17239ms
  btp_subaccount_entitlement.entitlement_24                              14678ms
  btp_subaccount_entitlement.entitlement_25                              13417ms
  btp_subaccount_entitlement.entitlement_26                              15067ms
  btp_subaccount_entitlement.entitlement_27                              17164ms
  btp_subaccount_entitlement.entitlement_28                              13030ms
  btp_subaccount_entitlement.entitlement_29                              10826ms
  btp_subaccount_entitlement.entitlement_3                               12142ms
  btp_subaccount_entitlement.entitlement_30                              20792ms
  btp_subaccount_entitlement.entitlement_31                              11555ms
  btp_subaccount_entitlement.entitlement_32                              12850ms
  btp_subaccount_entitlement.entitlement_33                              13876ms
  btp_subaccount_entitlement.entitlement_34                              17521ms
  btp_subaccount_entitlement.entitlement_35                              13881ms
  btp_subaccount_entitlement.entitlement_36                              11818ms
  btp_subaccount_entitlement.entitlement_37                              14979ms
  btp_subaccount_entitlement.entitlement_38                              20605ms
  btp_subaccount_entitlement.entitlement_39                              21715ms
  btp_subaccount_entitlement.entitlement_4                               13857ms
  btp_subaccount_entitlement.entitlement_40                              20137ms
  btp_subaccount_entitlement.entitlement_5                               17490ms
  btp_subaccount_entitlement.entitlement_6                               11813ms
  btp_subaccount_entitlement.entitlement_7                               17730ms
  btp_subaccount_entitlement.entitlement_8                               13422ms
  btp_subaccount_entitlement.entitlement_9                               16379ms
  btp_subaccount_environment_instance.cloudfoundry_1                     2205ms
  btp_subaccount_environment_instance.cloudfoundry_10                    365ms
  btp_subaccount_environment_instance.cloudfoundry_2                     930ms
  btp_subaccount_environment_instance.cloudfoundry_3                     6024ms
  btp_subaccount_environment_instance.cloudfoundry_4                     3303ms
  btp_subaccount_environment_instance.cloudfoundry_5                     1253ms
  btp_subaccount_environment_instance.cloudfoundry_6                     1300ms
  btp_subaccount_environment_instance.cloudfoundry_7                     3932ms
  btp_subaccount_environment_instance.cloudfoundry_8                     1243ms
  btp_subaccount_environment_instance.cloudfoundry_9                     1500ms
  btp_subaccount_role.role_1                                             2535ms
  btp_subaccount_role.role_10                                            866ms
  btp_subaccount_role.role_11                                            808ms
  btp_subaccount_role.role_12                                            1879ms
  btp_subaccount_role.role_13                                            748ms
  btp_subaccount_role.role_14                                            1421ms
  btp_subaccount_role.role_15                                            199ms
  btp_subaccount_role.role_16                                            2298ms
  btp_subaccount_role.role_17                                            980ms
  btp_subaccount_role.role_18                                            6276ms
  btp_subaccount_role.role_19                                            2730ms
  btp_subaccount_role.role_2                                             2343ms
  btp_subaccount_role.role_20                                            7933ms
  btp_subaccount_role.role_3                                             1967ms
  btp_subaccount_role.role_4                                             1989ms
  btp_subaccount_role.role_5                                             5196ms
  btp_subaccount_role.role_6                                             13406ms
  btp_subaccount_role.role_7                                             1131ms
  btp_subaccount_role.role_8                                             933ms
  btp_subaccount_role.role_9                                             2309ms
  btp_subaccount_role_collection.collection_1                            2245ms
  btp_subaccount_role_collection.collection_10                           999ms
  btp_subaccount_role_collection.collection_11                           1015ms
  btp_subaccount_role_collection.collection_12                           1551ms
  btp_subaccount_role_collection.collection_13                           1983ms
  btp_subaccount_role_collection.collection_14                           2542ms
  btp_subaccount_role_collection.collection_15                           886ms
  btp_subaccount_role_collection.collection_16                           917ms
  btp_subaccount_role_collection.collection_17                           181ms
  btp_subaccount_role_collection.collection_18                           181ms
  btp_subaccount_role_collection.collection_19                           961ms
  btp_subaccount_role_collection.collection_2                            6007ms
  btp_subaccount_role_collection.collection_20                           1687ms
  btp_subaccount_role_collection.collection_21                           195ms
  btp_subaccount_role_collection.collection_22                           2353ms
  btp_subaccount_role_collection.collection_23                           1129ms
  btp_subaccount_role_collection.collection_24                           1284ms
  btp_subaccount_role_collection.collection_25                           2091ms
  btp_subaccount_role_collection.collection_26                           626ms
  btp_subaccount_role_collection.collection_27                           2988ms
  btp_subaccount_role_collection.collection_28                           1941ms
  btp_subaccount_role_collection.collection_29                           397ms
  btp_subaccount_role_collection.collection_3                            1973ms
  btp_subaccount_role_collection.collection_30                           2231ms
  btp_subaccount_role_collection.collection_4                            559ms
  btp_subaccount_role_collection.collection_5                            239ms
  btp_subaccount_role_collection.collection_6                            1862ms
  btp_subaccount_role_collection.collection_7                            1273ms
  btp_subaccount_role_collection.collection_8                            2245ms
  btp_subaccount_role_collection.collection_9                            1630ms
  btp_subaccount_service_instance.instance_1                             3997ms
  btp_subaccount_service_instance.instance_10                            1520ms
  btp_subaccount_service_instance.instance_11                            6821ms
  btp_subaccount_service_instance.instance_12                            9773ms
  btp_subaccount_service_instance.instance_13                            8160ms
  btp_subaccount_service_instance.instance_14                            849ms
  btp_subaccount_service_instance.instance_15                            4730ms
  btp_subaccount_service_instance.instance_16                            18196ms
  btp_subaccount_service_instance.instance_17                            8456ms
  btp_subaccount_service_instance.instance_18                            2004ms
  btp_subaccount_service_instance.instance_19                            3905ms
  btp_subaccount_service_instance.instance_2                             835ms
  btp_subaccount_service_instance.instance_20                            7663ms
  btp_subaccount_service_instance.instance_3                             968ms
  btp_subaccount_service_instance.instance_4                             8453ms
  btp_subaccount_service_instance.instance_5                             5768ms
  btp_subaccount_service_instance.instance_6                             9744ms
  btp_subaccount_service_instance.instance_7                             6975ms
  btp_subaccount_service_instance.instance_8                             10405ms
  btp_subaccount_service_instance.instance_9                             6876ms
  btp_subaccount_subscription.subscription_1                             3769ms
  btp_subaccount_subscription.subscription_10                            1001ms
  btp_subaccount_subscription.subscription_11                            4440ms
  btp_subaccount_subscription.subscription_12                            2269ms
  btp_subaccount_subscription.subscription_13                            8967ms
  btp_subaccount_subscription.subscription_14                            4348ms
  btp_subaccount_subscription.subscription_15                            4739ms
  btp_subaccount_subscription.subscription_16                            651ms
  btp_subaccount_subscription.subscription_17                            4292ms
  btp_subaccount_subscription.subscription_18                            683ms
  btp_subaccount_subscription.subscription_19                            4659ms
  btp_subaccount_subscription.subscription_2                             821ms
  btp_subaccount_subscription.subscription_20                            18680ms
  btp_subaccount_subscription.subscription_21                            2424ms
  btp_subaccount_subscription.subscription_22                            2408ms
  btp_subaccount_subscription.subscription_23                            5486ms
  btp_subaccount_subscription.subscription_24                            4228ms
  btp_subaccount_subscription.subscription_25                            3580ms
  btp_subaccount_subscription.subscription_26                            716ms
  btp_subaccount_subscription.subscription_27                            1159ms
  btp_subaccount_subscription.subscription_28                            15740ms
  btp_subaccount_subscription.subscription_29                            713ms
  btp_subaccount_subscription.subscription_3                             2078ms
  btp_subaccount_subscription.subscription_30                            7757ms
  btp_subaccount_subscription.subscription_4                             4021ms
  btp_subaccount_subscription.subscription_5                             4871ms
  btp_subaccount_subscription.subscription_6                             10038ms
  btp_subaccount_subscription.subscription_7                             3377ms
  btp_subaccount_subscription.subscription_8                             5602ms
  btp_subaccount_subscription.subscription_9                             7815ms
  btp_subaccount_trust_configuration.trust_1                             198ms
  btp_subaccount_trust_configuration.trust_10                            2284ms
  btp_subaccount_trust_configuration.trust_2                             1973ms
  btp_subaccount_trust_configuration.trust_3                             1252ms
  btp_subaccount_trust_configuration.trust_4                             2098ms
  btp_subaccount_trust_configuration.trust_5                             249ms
  btp_subaccount_trust_configuration.trust_6                             1166ms
  btp_subaccount_trust_configuration.trust_7                             862ms
  btp_subaccount_trust_configuration.trust_8                             275ms
  btp_subaccount_trust_configuration.trust_9                             2174ms
  cloudfoundry_service_instance.instance_1                               74ms
  cloudfoundry_service_instance.instance_10                              54ms
  cloudfoundry_service_instance.instance_11                              55ms
  cloudfoundry_service_instance.instance_12                              48ms
  cloudfoundry_service_instance.instance_13                              50ms
  cloudfoundry_service_instance.instance_14                              38ms
  cloudfoundry_service_instance.instance_15                              36ms
  cloudfoundry_service_instance.instance_16                              48ms
  cloudfoundry_service_instance.instance_17                              53ms
  cloudfoundry_service_instance.instance_18                              45ms
  cloudfoundry_service_instance.instance_19                              50ms
  cloudfoundry_service_instance.instance_2                               36ms
  cloudfoundry_service_instance.instance_20                              70ms
  cloudfoundry_service_instance.instance_21                              53ms
  cloudfoundry_service_instance.instance_22                              104ms
  cloudfoundry_service_instance.instance_23                              62ms
  cloudfoundry_service_instance.instance_24                              42ms
  cloudfoundry_service_instance.instance_25                              55ms
  cloudfoundry_service_instance.instance_26                              45ms
  cloudfoundry_service_instance.instance_27                              47ms
  cloudfoundry_service_instance.instance_28                              44ms
  cloudfoundry_service_instance.instance_29                              43ms
  cloudfoundry_service_instance.instance_3                               39ms
  cloudfoundry_service_instance.instance_30                              41ms
  cloudfoundry_service_instance.instance_31                              41ms
  cloudfoundry_service_instance.instance_32                              38ms
  cloudfoundry_service_instance.instance_33                              55ms
  cloudfoundry_service_instance.instance_34                              52ms
  cloudfoundry_service_instance.instance_35                              50ms
  cloudfoundry_service_instance.instance_36                              39ms
  cloudfoundry_service_instance.instance_37                              47ms
  cloudfoundry_service_instance.instance_38                              49ms
  cloudfoundry_service_instance.instance_39                              45ms
  cloudfoundry_service_instance.instance_4                               52ms
  cloudfoundry_service_instance.instance_40                              38ms
  cloudfoundry_service_instance.instance_5                               50ms
  cloudfoundry_service_instance.instance_6                               65ms
  cloudfoundry_service_instance.instance_7                               39ms
  cloudfoundry_service_instance.instance_8                               54ms
  cloudfoundry_service_instance.instance_9                               39ms
  cloudfoundry_space.space_1                                             96ms
  cloudfoundry_space.space_10                                            121ms
  cloudfoundry_space.space_11                                            128ms
  cloudfoundry_space.space_12                                            116ms
  cloudfoundry_space.space_13                                            119ms
  cloudfoundry_space.space_14                                            112ms
  cloudfoundry_space.space_15                                            104ms
  cloudfoundry_space.space_16                                            128ms
  cloudfoundry_space.space_17                                            102ms
  cloudfoundry_space.space_18                                            130ms
  cloudfoundry_space.space_19                                            135ms
  cloudfoundry_space.space_2                                             103ms
  cloudfoundry_space.space_20                                            146ms
  cloudfoundry_space.space_3                                             114ms
  cloudfoundry_space.space_4                                             115ms
  cloudfoundry_space.space_5                                             107ms
  cloudfoundry_space.space_6                                             99ms
  cloudfoundry_space.space_7                                             98ms
  cloudfoundry_space.space_8                                             107ms
  cloudfoundry_space.space_9                                             107ms
  scc_subaccount.subaccount_1                                            18949ms
  scc_subaccount.subaccount_10                                           5871ms
  scc_subaccount.subaccount_2                                            11411ms
  scc_subaccount.subaccount_3                                            17921ms
  scc_subaccount.subaccount_4                                            17494ms
  scc_subaccount.subaccount_5                                            11986ms
  scc_subaccount.subaccount_6                                            11739ms
  scc_subaccount.subaccount_7                                            11038ms
  scc_subaccount.subaccount_8                                            18297ms
  scc_subaccount.subaccount_9                                            556ms
  scc_system_mapping.system_1                                            59ms
  scc_system_mapping.system_10                                           136ms
  scc_system_mapping.system_11                                           57ms
  scc_system_mapping.system_12                                           56ms
  scc_system_mapping.system_13                                           140ms
  scc_system_mapping.system_14                                           56ms
  scc_system_mapping.system_15                                           152ms
  scc_system_mapping.system_16                                           65ms
  scc_system_mapping.system_17                                           58ms
  scc_system_mapping.system_18                                           62ms
  scc_system_mapping.system_19                                           61ms
  scc_system_mapping.system_2                                            126ms
  scc_system_mapping.system_20                                           57ms
  scc_system_mapping.system_3                                            67ms
  scc_system_mapping.system_4                                            54ms
  scc_system_mapping.system_5                                            58ms
  scc_system_mapping.system_6                                            57ms
  scc_system_mapping.system_7                                            58ms
  scc_system_mapping.system_8                                            65ms
  scc_system_mapping.system_9                                            80ms
  scc_system_mapping_resource.resource_1                                 62ms
  scc_system_mapping_resource.resource_10                                58ms
  scc_system_mapping_resource.resource_11                                57ms
  scc_system_mapping_resource.resource_12                                138ms
  scc_system_mapping_resource.resource_13                                55ms
  scc_system_mapping_resource.resource_14                                55ms
  scc_system_mapping_resource.resource_15                                57ms
  scc_system_mapping_resource.resource_16                                67ms
  scc_system_mapping_resource.resource_17                                57ms
  scc_system_mapping_resource.resource_18                                57ms
  scc_system_mapping_resource.resource_19                                76ms
  scc_system_mapping_resource.resource_2                                 62ms
  scc_system_mapping_resource.resource_20                                52ms
  scc_system_mapping_resource.resource_21                                59ms
  scc_system_mapping_resource.resource_22                                63ms
  scc_system_mapping_resource.resource_23                                59ms
  scc_system_mapping_resource.resource_24                                133ms
  scc_system_mapping_resource.resource_25                                60ms
  scc_system_mapping_resource.resource_26                                53ms
  scc_system_mapping_resource.resource_27                                53ms
  scc_system_mapping_resource.resource_28                                60ms
  scc_system_mapping_resource.resource_29                                59ms
  scc_system_mapping_resource.resource_3                                 54ms
  scc_system_mapping_resource.resource_30                                54ms
  scc_system_mapping_resource.resource_31                                141ms
  scc_system_mapping_resource.resource_32                                138ms
  scc_system_mapping_resource.resource_33                                70ms
  scc_system_mapping_resource.resource_34                                58ms
  scc_system_mapping_resource.resource_35                                55ms
  scc_system_mapping_resource.resource_36                                66ms
  scc_system_mapping_resource.resource_37                                58ms
  scc_system_mapping_resource.resource_38                                56ms
  scc_system_mapping_resource.resource_39                                60ms
  scc_system_mapping_resource.resource_4                                 55ms
  scc_system_mapping_resource.resource_40                                69ms
  scc_system_mapping_resource.resource_5                                 66ms
  scc_system_mapping_resource.resource_6                                 56ms
  scc_system_mapping_resource.resource_7                                 84ms
  scc_system_mapping_resource.resource_8                                 140ms
  scc_system_mapping_resource.resource_9                                 141ms
  sci_application.app_1                                                  126ms
  sci_application.app_10                                                 133ms
  sci_application.app_11                                                 158ms
  sci_application.app_12                                                 121ms
  sci_application.app_13                                                 128ms
  sci_application.app_14                                                 131ms
  sci_application.app_15                                                 142ms
  sci_application.app_16                                                 132ms
  sci_application.app_17                                                 133ms
  sci_application.app_18                                                 129ms
  sci_application.app_19                                                 130ms
  sci_application.app_2                                                  134ms
  sci_application.app_20                                                 143ms
  sci_application.app_3                                                  135ms
  sci_application.app_4                                                  131ms
  sci_application.app_5                                                  119ms
  sci_application.app_6                                                  124ms
  sci_application.app_7                                                  126ms
  sci_application.app_8                                                  132ms
  sci_application.app_9                                                  137ms
  sci_group_base.group_1                                                 98ms
  sci_group_base.group_10                                                170ms
  sci_group_base.group_11                                                96ms
  sci_group_base.group_12                                                92ms
  sci_group_base.group_13                                                101ms
  sci_group_base.group_14                                                108ms
  sci_group_base.group_15                                                104ms
  sci_group_base.group_16                                                98ms
  sci_group_base.group_17                                                100ms
  sci_group_base.group_18                                                94ms
  sci_group_base.group_19                                                109ms
  sci_group_base.group_2                                                 105ms
  sci_group_base.group_20                                                93ms
  sci_group_base.group_21                                                92ms
  sci_group_base.group_22                                                89ms
  sci_group_base.group_23                                                97ms
  sci_group_base.group_24                                                99ms
  sci_group_base.group_25                                                90ms
  sci_group_base.group_26                                                101ms
  sci_group_base.group_27                                                85ms
  sci_group_base.group_28                                                94ms
  sci_group_base.group_29                                                92ms
  sci_group_base.group_3                                                 105ms
  sci_group_base.group_30                                                95ms
  sci_group_base.group_4                                                 110ms
  sci_group_base.group_5                                                 95ms
  sci_group_base.group_6                                                 99ms
  sci_group_base.group_7                                                 176ms
  sci_group_base.group_8                                                 103ms
  sci_group_base.group_9                                                 97ms
  sci_user.user_1                                                        95ms
  sci_user.user_10                                                       94ms
  sci_user.user_11                                                       95ms
  sci_user.user_12                                                       96ms
  sci_user.user_13                                                       94ms
  sci_user.user_14                                                       98ms
  sci_user.user_15                                                       104ms
  sci_user.user_16                                                       104ms
  sci_user.user_17                                                       90ms
  sci_user.user_18                                                       97ms
  sci_user.user_19                                                       102ms
  sci_user.user_2                                                        97ms
  sci_user.user_20                                                       100ms
  sci_user.user_21                                                       107ms
  sci_user.user_22                                                       160ms
  sci_user.user_23                                                       106ms
  sci_user.user_24                                                       86ms
  sci_user.user_25                                                       98ms
  sci_user.user_26                                                       97ms
  sci_user.user_27                                                       102ms
  sci_user.user_28                                                       106ms
  sci_user.user_29                                                       102ms
  sci_user.user_3                                                        94ms
  sci_user.user_30                                                       93ms
  sci_user.user_31                                                       104ms
  sci_user.user_32                                                       91ms
  sci_user.user_33                                                       94ms
  sci_user.user_34                                                       88ms
  sci_user.user_35                                                       89ms
  sci_user.user_36                                                       88ms
  sci_user.user_37                                                       165ms
  sci_user.user_38                                                       99ms
  sci_user.user_39                                                       178ms
  sci_user.user_4                                                        92ms
  sci_user.user_40                                                       171ms
  sci_user.user_41                                                       95ms
  sci_user.user_42                                                       156ms
  sci_user.user_43                                                       94ms
  sci_user.user_44                                                       93ms
  sci_user.user_45                                                       99ms
  sci_user.user_46                                                       90ms
  sci_user.user_47                                                       94ms
  sci_user.user_48                                                       90ms
  sci_user.user_49                                                       99ms
  sci_user.user_5                                                        101ms
  sci_user.user_50                                                       93ms
  sci_user.user_6                                                        96ms
  sci_user.user_7                                                        95ms
  sci_user.user_8                                                        105ms
  sci_user.user_9                                                        93ms


Run 11/20:
  Total run time: 110.469985s
  btp_directory.directory_1                                              956ms
  btp_directory.directory_10                                             123ms
  btp_directory.directory_2                                              929ms
  btp_directory.directory_3                                              1269ms
  btp_directory.directory_4                                              1614ms
  btp_directory.directory_5                                              2375ms
  btp_directory.directory_6                                              601ms
  btp_directory.directory_7                                              910ms
  btp_directory.directory_8                                              7448ms
  btp_directory.directory_9                                              902ms
  btp_subaccount.subaccount_1                                            521ms
  btp_subaccount.subaccount_10                                           1748ms
  btp_subaccount.subaccount_2                                            357ms
  btp_subaccount.subaccount_3                                            1235ms
  btp_subaccount.subaccount_4                                            933ms
  btp_subaccount.subaccount_5                                            1112ms
  btp_subaccount.subaccount_6                                            226ms
  btp_subaccount.subaccount_7                                            1904ms
  btp_subaccount.subaccount_8                                            507ms
  btp_subaccount.subaccount_9                                            1914ms
  btp_subaccount_destination_generic.destination_1                       928ms
  btp_subaccount_destination_generic.destination_10                      309ms
  btp_subaccount_destination_generic.destination_11                      363ms
  btp_subaccount_destination_generic.destination_12                      2446ms
  btp_subaccount_destination_generic.destination_13                      792ms
  btp_subaccount_destination_generic.destination_14                      1052ms
  btp_subaccount_destination_generic.destination_15                      212ms
  btp_subaccount_destination_generic.destination_16                      1151ms
  btp_subaccount_destination_generic.destination_17                      1034ms
  btp_subaccount_destination_generic.destination_18                      387ms
  btp_subaccount_destination_generic.destination_19                      368ms
  btp_subaccount_destination_generic.destination_2                       1096ms
  btp_subaccount_destination_generic.destination_20                      976ms
  btp_subaccount_destination_generic.destination_3                       878ms
  btp_subaccount_destination_generic.destination_4                       397ms
  btp_subaccount_destination_generic.destination_5                       2031ms
  btp_subaccount_destination_generic.destination_6                       5255ms
  btp_subaccount_destination_generic.destination_7                       5892ms
  btp_subaccount_destination_generic.destination_8                       559ms
  btp_subaccount_destination_generic.destination_9                       784ms
  btp_subaccount_entitlement.entitlement_1                               15514ms
  btp_subaccount_entitlement.entitlement_10                              13023ms
  btp_subaccount_entitlement.entitlement_11                              13768ms
  btp_subaccount_entitlement.entitlement_12                              11936ms
  btp_subaccount_entitlement.entitlement_13                              10777ms
  btp_subaccount_entitlement.entitlement_14                              14585ms
  btp_subaccount_entitlement.entitlement_15                              14910ms
  btp_subaccount_entitlement.entitlement_16                              13405ms
  btp_subaccount_entitlement.entitlement_17                              12573ms
  btp_subaccount_entitlement.entitlement_18                              19172ms
  btp_subaccount_entitlement.entitlement_19                              13713ms
  btp_subaccount_entitlement.entitlement_2                               12386ms
  btp_subaccount_entitlement.entitlement_20                              16853ms
  btp_subaccount_entitlement.entitlement_21                              20564ms
  btp_subaccount_entitlement.entitlement_22                              13565ms
  btp_subaccount_entitlement.entitlement_23                              13054ms
  btp_subaccount_entitlement.entitlement_24                              13345ms
  btp_subaccount_entitlement.entitlement_25                              14254ms
  btp_subaccount_entitlement.entitlement_26                              13715ms
  btp_subaccount_entitlement.entitlement_27                              13724ms
  btp_subaccount_entitlement.entitlement_28                              17223ms
  btp_subaccount_entitlement.entitlement_29                              13277ms
  btp_subaccount_entitlement.entitlement_3                               13797ms
  btp_subaccount_entitlement.entitlement_30                              12282ms
  btp_subaccount_entitlement.entitlement_31                              14100ms
  btp_subaccount_entitlement.entitlement_32                              19157ms
  btp_subaccount_entitlement.entitlement_33                              12754ms
  btp_subaccount_entitlement.entitlement_34                              12838ms
  btp_subaccount_entitlement.entitlement_35                              13305ms
  btp_subaccount_entitlement.entitlement_36                              13285ms
  btp_subaccount_entitlement.entitlement_37                              12148ms
  btp_subaccount_entitlement.entitlement_38                              12994ms
  btp_subaccount_entitlement.entitlement_39                              18914ms
  btp_subaccount_entitlement.entitlement_4                               14603ms
  btp_subaccount_entitlement.entitlement_40                              18907ms
  btp_subaccount_entitlement.entitlement_5                               15336ms
  btp_subaccount_entitlement.entitlement_6                               12529ms
  btp_subaccount_entitlement.entitlement_7                               16403ms
  btp_subaccount_entitlement.entitlement_8                               17879ms
  btp_subaccount_entitlement.entitlement_9                               11895ms
  btp_subaccount_environment_instance.cloudfoundry_1                     338ms
  btp_subaccount_environment_instance.cloudfoundry_10                    6717ms
  btp_subaccount_environment_instance.cloudfoundry_2                     814ms
  btp_subaccount_environment_instance.cloudfoundry_3                     795ms
  btp_subaccount_environment_instance.cloudfoundry_4                     802ms
  btp_subaccount_environment_instance.cloudfoundry_5                     5330ms
  btp_subaccount_environment_instance.cloudfoundry_6                     1729ms
  btp_subaccount_environment_instance.cloudfoundry_7                     922ms
  btp_subaccount_environment_instance.cloudfoundry_8                     1767ms
  btp_subaccount_environment_instance.cloudfoundry_9                     590ms
  btp_subaccount_role.role_1                                             370ms
  btp_subaccount_role.role_10                                            1477ms
  btp_subaccount_role.role_11                                            246ms
  btp_subaccount_role.role_12                                            1316ms
  btp_subaccount_role.role_13                                            150ms
  btp_subaccount_role.role_14                                            2529ms
  btp_subaccount_role.role_15                                            793ms
  btp_subaccount_role.role_16                                            1013ms
  btp_subaccount_role.role_17                                            368ms
  btp_subaccount_role.role_18                                            2353ms
  btp_subaccount_role.role_19                                            2297ms
  btp_subaccount_role.role_2                                             1363ms
  btp_subaccount_role.role_20                                            746ms
  btp_subaccount_role.role_3                                             1294ms
  btp_subaccount_role.role_4                                             1929ms
  btp_subaccount_role.role_5                                             943ms
  btp_subaccount_role.role_6                                             638ms
  btp_subaccount_role.role_7                                             573ms
  btp_subaccount_role.role_8                                             1906ms
  btp_subaccount_role.role_9                                             231ms
  btp_subaccount_role_collection.collection_1                            243ms
  btp_subaccount_role_collection.collection_10                           1948ms
  btp_subaccount_role_collection.collection_11                           600ms
  btp_subaccount_role_collection.collection_12                           998ms
  btp_subaccount_role_collection.collection_13                           207ms
  btp_subaccount_role_collection.collection_14                           178ms
  btp_subaccount_role_collection.collection_15                           554ms
  btp_subaccount_role_collection.collection_16                           777ms
  btp_subaccount_role_collection.collection_17                           2639ms
  btp_subaccount_role_collection.collection_18                           752ms
  btp_subaccount_role_collection.collection_19                           525ms
  btp_subaccount_role_collection.collection_2                            168ms
  btp_subaccount_role_collection.collection_20                           506ms
  btp_subaccount_role_collection.collection_21                           643ms
  btp_subaccount_role_collection.collection_22                           266ms
  btp_subaccount_role_collection.collection_23                           262ms
  btp_subaccount_role_collection.collection_24                           1184ms
  btp_subaccount_role_collection.collection_25                           678ms
  btp_subaccount_role_collection.collection_26                           2355ms
  btp_subaccount_role_collection.collection_27                           531ms
  btp_subaccount_role_collection.collection_28                           514ms
  btp_subaccount_role_collection.collection_29                           3060ms
  btp_subaccount_role_collection.collection_3                            624ms
  btp_subaccount_role_collection.collection_30                           780ms
  btp_subaccount_role_collection.collection_4                            1178ms
  btp_subaccount_role_collection.collection_5                            1504ms
  btp_subaccount_role_collection.collection_6                            1514ms
  btp_subaccount_role_collection.collection_7                            530ms
  btp_subaccount_role_collection.collection_8                            286ms
  btp_subaccount_role_collection.collection_9                            1476ms
  btp_subaccount_service_instance.instance_1                             3928ms
  btp_subaccount_service_instance.instance_10                            2285ms
  btp_subaccount_service_instance.instance_11                            2143ms
  btp_subaccount_service_instance.instance_12                            2376ms
  btp_subaccount_service_instance.instance_13                            10227ms
  btp_subaccount_service_instance.instance_14                            5363ms
  btp_subaccount_service_instance.instance_15                            2354ms
  btp_subaccount_service_instance.instance_16                            6932ms
  btp_subaccount_service_instance.instance_17                            2336ms
  btp_subaccount_service_instance.instance_18                            14284ms
  btp_subaccount_service_instance.instance_19                            4380ms
  btp_subaccount_service_instance.instance_2                             1859ms
  btp_subaccount_service_instance.instance_20                            3108ms
  btp_subaccount_service_instance.instance_3                             2036ms
  btp_subaccount_service_instance.instance_4                             6489ms
  btp_subaccount_service_instance.instance_5                             902ms
  btp_subaccount_service_instance.instance_6                             1480ms
  btp_subaccount_service_instance.instance_7                             1667ms
  btp_subaccount_service_instance.instance_8                             2652ms
  btp_subaccount_service_instance.instance_9                             5728ms
  btp_subaccount_subscription.subscription_1                             8648ms
  btp_subaccount_subscription.subscription_10                            2444ms
  btp_subaccount_subscription.subscription_11                            1378ms
  btp_subaccount_subscription.subscription_12                            1618ms
  btp_subaccount_subscription.subscription_13                            945ms
  btp_subaccount_subscription.subscription_14                            8715ms
  btp_subaccount_subscription.subscription_15                            3098ms
  btp_subaccount_subscription.subscription_16                            2336ms
  btp_subaccount_subscription.subscription_17                            2395ms
  btp_subaccount_subscription.subscription_18                            680ms
  btp_subaccount_subscription.subscription_19                            4072ms
  btp_subaccount_subscription.subscription_2                             2271ms
  btp_subaccount_subscription.subscription_20                            2662ms
  btp_subaccount_subscription.subscription_21                            4709ms
  btp_subaccount_subscription.subscription_22                            1338ms
  btp_subaccount_subscription.subscription_23                            1546ms
  btp_subaccount_subscription.subscription_24                            2708ms
  btp_subaccount_subscription.subscription_25                            4814ms
  btp_subaccount_subscription.subscription_26                            1449ms
  btp_subaccount_subscription.subscription_27                            3738ms
  btp_subaccount_subscription.subscription_28                            4709ms
  btp_subaccount_subscription.subscription_29                            789ms
  btp_subaccount_subscription.subscription_3                             1993ms
  btp_subaccount_subscription.subscription_30                            3407ms
  btp_subaccount_subscription.subscription_4                             1509ms
  btp_subaccount_subscription.subscription_5                             1072ms
  btp_subaccount_subscription.subscription_6                             4719ms
  btp_subaccount_subscription.subscription_7                             9087ms
  btp_subaccount_subscription.subscription_8                             2736ms
  btp_subaccount_subscription.subscription_9                             2350ms
  btp_subaccount_trust_configuration.trust_1                             365ms
  btp_subaccount_trust_configuration.trust_10                            898ms
  btp_subaccount_trust_configuration.trust_2                             1441ms
  btp_subaccount_trust_configuration.trust_3                             2158ms
  btp_subaccount_trust_configuration.trust_4                             1225ms
  btp_subaccount_trust_configuration.trust_5                             209ms
  btp_subaccount_trust_configuration.trust_6                             1668ms
  btp_subaccount_trust_configuration.trust_7                             695ms
  btp_subaccount_trust_configuration.trust_8                             268ms
  btp_subaccount_trust_configuration.trust_9                             239ms
  cloudfoundry_service_instance.instance_1                               44ms
  cloudfoundry_service_instance.instance_10                              55ms
  cloudfoundry_service_instance.instance_11                              44ms
  cloudfoundry_service_instance.instance_12                              37ms
  cloudfoundry_service_instance.instance_13                              54ms
  cloudfoundry_service_instance.instance_14                              45ms
  cloudfoundry_service_instance.instance_15                              37ms
  cloudfoundry_service_instance.instance_16                              55ms
  cloudfoundry_service_instance.instance_17                              40ms
  cloudfoundry_service_instance.instance_18                              40ms
  cloudfoundry_service_instance.instance_19                              55ms
  cloudfoundry_service_instance.instance_2                               47ms
  cloudfoundry_service_instance.instance_20                              43ms
  cloudfoundry_service_instance.instance_21                              45ms
  cloudfoundry_service_instance.instance_22                              40ms
  cloudfoundry_service_instance.instance_23                              46ms
  cloudfoundry_service_instance.instance_24                              130ms
  cloudfoundry_service_instance.instance_25                              35ms
  cloudfoundry_service_instance.instance_26                              39ms
  cloudfoundry_service_instance.instance_27                              38ms
  cloudfoundry_service_instance.instance_28                              44ms
  cloudfoundry_service_instance.instance_29                              38ms
  cloudfoundry_service_instance.instance_3                               40ms
  cloudfoundry_service_instance.instance_30                              36ms
  cloudfoundry_service_instance.instance_31                              48ms
  cloudfoundry_service_instance.instance_32                              54ms
  cloudfoundry_service_instance.instance_33                              49ms
  cloudfoundry_service_instance.instance_34                              40ms
  cloudfoundry_service_instance.instance_35                              37ms
  cloudfoundry_service_instance.instance_36                              50ms
  cloudfoundry_service_instance.instance_37                              58ms
  cloudfoundry_service_instance.instance_38                              89ms
  cloudfoundry_service_instance.instance_39                              50ms
  cloudfoundry_service_instance.instance_4                               48ms
  cloudfoundry_service_instance.instance_40                              50ms
  cloudfoundry_service_instance.instance_5                               54ms
  cloudfoundry_service_instance.instance_6                               47ms
  cloudfoundry_service_instance.instance_7                               40ms
  cloudfoundry_service_instance.instance_8                               45ms
  cloudfoundry_service_instance.instance_9                               49ms
  cloudfoundry_space.space_1                                             106ms
  cloudfoundry_space.space_10                                            98ms
  cloudfoundry_space.space_11                                            102ms
  cloudfoundry_space.space_12                                            155ms
  cloudfoundry_space.space_13                                            93ms
  cloudfoundry_space.space_14                                            107ms
  cloudfoundry_space.space_15                                            96ms
  cloudfoundry_space.space_16                                            113ms
  cloudfoundry_space.space_17                                            129ms
  cloudfoundry_space.space_18                                            109ms
  cloudfoundry_space.space_19                                            107ms
  cloudfoundry_space.space_2                                             109ms
  cloudfoundry_space.space_20                                            101ms
  cloudfoundry_space.space_3                                             105ms
  cloudfoundry_space.space_4                                             218ms
  cloudfoundry_space.space_5                                             102ms
  cloudfoundry_space.space_6                                             102ms
  cloudfoundry_space.space_7                                             104ms
  cloudfoundry_space.space_8                                             114ms
  cloudfoundry_space.space_9                                             98ms
  scc_subaccount.subaccount_1                                            554ms
  scc_subaccount.subaccount_10                                           21874ms
  scc_subaccount.subaccount_2                                            11796ms
  scc_subaccount.subaccount_3                                            835ms
  scc_subaccount.subaccount_4                                            22224ms
  scc_subaccount.subaccount_5                                            6185ms
  scc_subaccount.subaccount_6                                            11598ms
  scc_subaccount.subaccount_7                                            1220ms
  scc_subaccount.subaccount_8                                            21566ms
  scc_subaccount.subaccount_9                                            17253ms
  scc_system_mapping.system_1                                            56ms
  scc_system_mapping.system_10                                           62ms
  scc_system_mapping.system_11                                           145ms
  scc_system_mapping.system_12                                           56ms
  scc_system_mapping.system_13                                           58ms
  scc_system_mapping.system_14                                           55ms
  scc_system_mapping.system_15                                           63ms
  scc_system_mapping.system_16                                           60ms
  scc_system_mapping.system_17                                           56ms
  scc_system_mapping.system_18                                           63ms
  scc_system_mapping.system_19                                           53ms
  scc_system_mapping.system_2                                            57ms
  scc_system_mapping.system_20                                           143ms
  scc_system_mapping.system_3                                            68ms
  scc_system_mapping.system_4                                            56ms
  scc_system_mapping.system_5                                            56ms
  scc_system_mapping.system_6                                            61ms
  scc_system_mapping.system_7                                            56ms
  scc_system_mapping.system_8                                            62ms
  scc_system_mapping.system_9                                            60ms
  scc_system_mapping_resource.resource_1                                 52ms
  scc_system_mapping_resource.resource_10                                58ms
  scc_system_mapping_resource.resource_11                                72ms
  scc_system_mapping_resource.resource_12                                58ms
  scc_system_mapping_resource.resource_13                                62ms
  scc_system_mapping_resource.resource_14                                65ms
  scc_system_mapping_resource.resource_15                                60ms
  scc_system_mapping_resource.resource_16                                62ms
  scc_system_mapping_resource.resource_17                                145ms
  scc_system_mapping_resource.resource_18                                64ms
  scc_system_mapping_resource.resource_19                                55ms
  scc_system_mapping_resource.resource_2                                 57ms
  scc_system_mapping_resource.resource_20                                60ms
  scc_system_mapping_resource.resource_21                                55ms
  scc_system_mapping_resource.resource_22                                132ms
  scc_system_mapping_resource.resource_23                                146ms
  scc_system_mapping_resource.resource_24                                54ms
  scc_system_mapping_resource.resource_25                                58ms
  scc_system_mapping_resource.resource_26                                65ms
  scc_system_mapping_resource.resource_27                                140ms
  scc_system_mapping_resource.resource_28                                56ms
  scc_system_mapping_resource.resource_29                                143ms
  scc_system_mapping_resource.resource_3                                 56ms
  scc_system_mapping_resource.resource_30                                61ms
  scc_system_mapping_resource.resource_31                                155ms
  scc_system_mapping_resource.resource_32                                57ms
  scc_system_mapping_resource.resource_33                                61ms
  scc_system_mapping_resource.resource_34                                150ms
  scc_system_mapping_resource.resource_35                                55ms
  scc_system_mapping_resource.resource_36                                61ms
  scc_system_mapping_resource.resource_37                                56ms
  scc_system_mapping_resource.resource_38                                59ms
  scc_system_mapping_resource.resource_39                                149ms
  scc_system_mapping_resource.resource_4                                 59ms
  scc_system_mapping_resource.resource_40                                54ms
  scc_system_mapping_resource.resource_5                                 62ms
  scc_system_mapping_resource.resource_6                                 59ms
  scc_system_mapping_resource.resource_7                                 56ms
  scc_system_mapping_resource.resource_8                                 57ms
  scc_system_mapping_resource.resource_9                                 58ms
  sci_application.app_1                                                  117ms
  sci_application.app_10                                                 245ms
  sci_application.app_11                                                 131ms
  sci_application.app_12                                                 128ms
  sci_application.app_13                                                 114ms
  sci_application.app_14                                                 130ms
  sci_application.app_15                                                 120ms
  sci_application.app_16                                                 108ms
  sci_application.app_17                                                 115ms
  sci_application.app_18                                                 111ms
  sci_application.app_19                                                 124ms
  sci_application.app_2                                                  120ms
  sci_application.app_20                                                 117ms
  sci_application.app_3                                                  122ms
  sci_application.app_4                                                  136ms
  sci_application.app_5                                                  111ms
  sci_application.app_6                                                  185ms
  sci_application.app_7                                                  116ms
  sci_application.app_8                                                  130ms
  sci_application.app_9                                                  119ms
  sci_group_base.group_1                                                 103ms
  sci_group_base.group_10                                                95ms
  sci_group_base.group_11                                                96ms
  sci_group_base.group_12                                                92ms
  sci_group_base.group_13                                                107ms
  sci_group_base.group_14                                                91ms
  sci_group_base.group_15                                                103ms
  sci_group_base.group_16                                                180ms
  sci_group_base.group_17                                                92ms
  sci_group_base.group_18                                                97ms
  sci_group_base.group_19                                                99ms
  sci_group_base.group_2                                                 96ms
  sci_group_base.group_20                                                86ms
  sci_group_base.group_21                                                92ms
  sci_group_base.group_22                                                99ms
  sci_group_base.group_23                                                93ms
  sci_group_base.group_24                                                103ms
  sci_group_base.group_25                                                93ms
  sci_group_base.group_26                                                99ms
  sci_group_base.group_27                                                100ms
  sci_group_base.group_28                                                98ms
  sci_group_base.group_29                                                106ms
  sci_group_base.group_3                                                 96ms
  sci_group_base.group_30                                                98ms
  sci_group_base.group_4                                                 97ms
  sci_group_base.group_5                                                 107ms
  sci_group_base.group_6                                                 99ms
  sci_group_base.group_7                                                 97ms
  sci_group_base.group_8                                                 101ms
  sci_group_base.group_9                                                 99ms
  sci_user.user_1                                                        85ms
  sci_user.user_10                                                       101ms
  sci_user.user_11                                                       170ms
  sci_user.user_12                                                       167ms
  sci_user.user_13                                                       93ms
  sci_user.user_14                                                       87ms
  sci_user.user_15                                                       92ms
  sci_user.user_16                                                       83ms
  sci_user.user_17                                                       95ms
  sci_user.user_18                                                       102ms
  sci_user.user_19                                                       82ms
  sci_user.user_2                                                        87ms
  sci_user.user_20                                                       96ms
  sci_user.user_21                                                       86ms
  sci_user.user_22                                                       89ms
  sci_user.user_23                                                       86ms
  sci_user.user_24                                                       102ms
  sci_user.user_25                                                       91ms
  sci_user.user_26                                                       93ms
  sci_user.user_27                                                       93ms
  sci_user.user_28                                                       87ms
  sci_user.user_29                                                       93ms
  sci_user.user_3                                                        166ms
  sci_user.user_30                                                       104ms
  sci_user.user_31                                                       88ms
  sci_user.user_32                                                       89ms
  sci_user.user_33                                                       96ms
  sci_user.user_34                                                       90ms
  sci_user.user_35                                                       93ms
  sci_user.user_36                                                       94ms
  sci_user.user_37                                                       83ms
  sci_user.user_38                                                       191ms
  sci_user.user_39                                                       90ms
  sci_user.user_4                                                        87ms
  sci_user.user_40                                                       118ms
  sci_user.user_41                                                       89ms
  sci_user.user_42                                                       83ms
  sci_user.user_43                                                       87ms
  sci_user.user_44                                                       82ms
  sci_user.user_45                                                       91ms
  sci_user.user_46                                                       85ms
  sci_user.user_47                                                       102ms
  sci_user.user_48                                                       102ms
  sci_user.user_49                                                       96ms
  sci_user.user_5                                                        101ms
  sci_user.user_50                                                       99ms
  sci_user.user_6                                                        100ms
  sci_user.user_7                                                        95ms
  sci_user.user_8                                                        99ms
  sci_user.user_9                                                        105ms


Run 12/20:
  Total run time: 118.366583s
  btp_directory.directory_1                                              6328ms
  btp_directory.directory_10                                             2227ms
  btp_directory.directory_2                                              3176ms
  btp_directory.directory_3                                              117ms
  btp_directory.directory_4                                              2720ms
  btp_directory.directory_5                                              2871ms
  btp_directory.directory_6                                              2506ms
  btp_directory.directory_7                                              4453ms
  btp_directory.directory_8                                              1005ms
  btp_directory.directory_9                                              2896ms
  btp_subaccount.subaccount_1                                            404ms
  btp_subaccount.subaccount_10                                           1005ms
  btp_subaccount.subaccount_2                                            1345ms
  btp_subaccount.subaccount_3                                            352ms
  btp_subaccount.subaccount_4                                            1357ms
  btp_subaccount.subaccount_5                                            54ms
  btp_subaccount.subaccount_6                                            2742ms
  btp_subaccount.subaccount_7                                            1873ms
  btp_subaccount.subaccount_8                                            1451ms
  btp_subaccount.subaccount_9                                            1242ms
  btp_subaccount_destination_generic.destination_1                       2128ms
  btp_subaccount_destination_generic.destination_10                      1177ms
  btp_subaccount_destination_generic.destination_11                      965ms
  btp_subaccount_destination_generic.destination_12                      698ms
  btp_subaccount_destination_generic.destination_13                      1502ms
  btp_subaccount_destination_generic.destination_14                      892ms
  btp_subaccount_destination_generic.destination_15                      334ms
  btp_subaccount_destination_generic.destination_16                      501ms
  btp_subaccount_destination_generic.destination_17                      264ms
  btp_subaccount_destination_generic.destination_18                      1287ms
  btp_subaccount_destination_generic.destination_19                      1473ms
  btp_subaccount_destination_generic.destination_2                       2181ms
  btp_subaccount_destination_generic.destination_20                      256ms
  btp_subaccount_destination_generic.destination_3                       517ms
  btp_subaccount_destination_generic.destination_4                       1397ms
  btp_subaccount_destination_generic.destination_5                       1167ms
  btp_subaccount_destination_generic.destination_6                       2188ms
  btp_subaccount_destination_generic.destination_7                       1177ms
  btp_subaccount_destination_generic.destination_8                       1039ms
  btp_subaccount_destination_generic.destination_9                       719ms
  btp_subaccount_entitlement.entitlement_1                               13562ms
  btp_subaccount_entitlement.entitlement_10                              19976ms
  btp_subaccount_entitlement.entitlement_11                              12610ms
  btp_subaccount_entitlement.entitlement_12                              15044ms
  btp_subaccount_entitlement.entitlement_13                              12316ms
  btp_subaccount_entitlement.entitlement_14                              12459ms
  btp_subaccount_entitlement.entitlement_15                              12807ms
  btp_subaccount_entitlement.entitlement_16                              13554ms
  btp_subaccount_entitlement.entitlement_17                              12835ms
  btp_subaccount_entitlement.entitlement_18                              11749ms
  btp_subaccount_entitlement.entitlement_19                              11640ms
  btp_subaccount_entitlement.entitlement_2                               13612ms
  btp_subaccount_entitlement.entitlement_20                              14536ms
  btp_subaccount_entitlement.entitlement_21                              21296ms
  btp_subaccount_entitlement.entitlement_22                              15532ms
  btp_subaccount_entitlement.entitlement_23                              13859ms
  btp_subaccount_entitlement.entitlement_24                              13188ms
  btp_subaccount_entitlement.entitlement_25                              14772ms
  btp_subaccount_entitlement.entitlement_26                              14206ms
  btp_subaccount_entitlement.entitlement_27                              13677ms
  btp_subaccount_entitlement.entitlement_28                              17255ms
  btp_subaccount_entitlement.entitlement_29                              12894ms
  btp_subaccount_entitlement.entitlement_3                               14082ms
  btp_subaccount_entitlement.entitlement_30                              11726ms
  btp_subaccount_entitlement.entitlement_31                              12989ms
  btp_subaccount_entitlement.entitlement_32                              13314ms
  btp_subaccount_entitlement.entitlement_33                              13101ms
  btp_subaccount_entitlement.entitlement_34                              13072ms
  btp_subaccount_entitlement.entitlement_35                              14145ms
  btp_subaccount_entitlement.entitlement_36                              16961ms
  btp_subaccount_entitlement.entitlement_37                              14328ms
  btp_subaccount_entitlement.entitlement_38                              15028ms
  btp_subaccount_entitlement.entitlement_39                              14026ms
  btp_subaccount_entitlement.entitlement_4                               13080ms
  btp_subaccount_entitlement.entitlement_40                              12477ms
  btp_subaccount_entitlement.entitlement_5                               12201ms
  btp_subaccount_entitlement.entitlement_6                               14213ms
  btp_subaccount_entitlement.entitlement_7                               14427ms
  btp_subaccount_entitlement.entitlement_8                               16611ms
  btp_subaccount_entitlement.entitlement_9                               15711ms
  btp_subaccount_environment_instance.cloudfoundry_1                     2883ms
  btp_subaccount_environment_instance.cloudfoundry_10                    544ms
  btp_subaccount_environment_instance.cloudfoundry_2                     1510ms
  btp_subaccount_environment_instance.cloudfoundry_3                     1799ms
  btp_subaccount_environment_instance.cloudfoundry_4                     2838ms
  btp_subaccount_environment_instance.cloudfoundry_5                     1214ms
  btp_subaccount_environment_instance.cloudfoundry_6                     1560ms
  btp_subaccount_environment_instance.cloudfoundry_7                     2052ms
  btp_subaccount_environment_instance.cloudfoundry_8                     1201ms
  btp_subaccount_environment_instance.cloudfoundry_9                     717ms
  btp_subaccount_role.role_1                                             1542ms
  btp_subaccount_role.role_10                                            628ms
  btp_subaccount_role.role_11                                            190ms
  btp_subaccount_role.role_12                                            5777ms
  btp_subaccount_role.role_13                                            1205ms
  btp_subaccount_role.role_14                                            623ms
  btp_subaccount_role.role_15                                            1196ms
  btp_subaccount_role.role_16                                            665ms
  btp_subaccount_role.role_17                                            820ms
  btp_subaccount_role.role_18                                            507ms
  btp_subaccount_role.role_19                                            1882ms
  btp_subaccount_role.role_2                                             1376ms
  btp_subaccount_role.role_20                                            1907ms
  btp_subaccount_role.role_3                                             427ms
  btp_subaccount_role.role_4                                             990ms
  btp_subaccount_role.role_5                                             245ms
  btp_subaccount_role.role_6                                             852ms
  btp_subaccount_role.role_7                                             2060ms
  btp_subaccount_role.role_8                                             1586ms
  btp_subaccount_role.role_9                                             354ms
  btp_subaccount_role_collection.collection_1                            1260ms
  btp_subaccount_role_collection.collection_10                           1546ms
  btp_subaccount_role_collection.collection_11                           1614ms
  btp_subaccount_role_collection.collection_12                           1507ms
  btp_subaccount_role_collection.collection_13                           1350ms
  btp_subaccount_role_collection.collection_14                           928ms
  btp_subaccount_role_collection.collection_15                           1267ms
  btp_subaccount_role_collection.collection_16                           1189ms
  btp_subaccount_role_collection.collection_17                           1555ms
  btp_subaccount_role_collection.collection_18                           1465ms
  btp_subaccount_role_collection.collection_19                           2067ms
  btp_subaccount_role_collection.collection_2                            471ms
  btp_subaccount_role_collection.collection_20                           1489ms
  btp_subaccount_role_collection.collection_21                           389ms
  btp_subaccount_role_collection.collection_22                           2696ms
  btp_subaccount_role_collection.collection_23                           1383ms
  btp_subaccount_role_collection.collection_24                           1142ms
  btp_subaccount_role_collection.collection_25                           983ms
  btp_subaccount_role_collection.collection_26                           1526ms
  btp_subaccount_role_collection.collection_27                           1204ms
  btp_subaccount_role_collection.collection_28                           562ms
  btp_subaccount_role_collection.collection_29                           313ms
  btp_subaccount_role_collection.collection_3                            338ms
  btp_subaccount_role_collection.collection_30                           1151ms
  btp_subaccount_role_collection.collection_4                            767ms
  btp_subaccount_role_collection.collection_5                            422ms
  btp_subaccount_role_collection.collection_6                            1713ms
  btp_subaccount_role_collection.collection_7                            1634ms
  btp_subaccount_role_collection.collection_8                            1047ms
  btp_subaccount_role_collection.collection_9                            520ms
  btp_subaccount_service_instance.instance_1                             4442ms
  btp_subaccount_service_instance.instance_10                            4844ms
  btp_subaccount_service_instance.instance_11                            4425ms
  btp_subaccount_service_instance.instance_12                            4498ms
  btp_subaccount_service_instance.instance_13                            6052ms
  btp_subaccount_service_instance.instance_14                            4839ms
  btp_subaccount_service_instance.instance_15                            1731ms
  btp_subaccount_service_instance.instance_16                            6486ms
  btp_subaccount_service_instance.instance_17                            2376ms
  btp_subaccount_service_instance.instance_18                            4007ms
  btp_subaccount_service_instance.instance_19                            7649ms
  btp_subaccount_service_instance.instance_2                             1418ms
  btp_subaccount_service_instance.instance_20                            3930ms
  btp_subaccount_service_instance.instance_3                             4853ms
  btp_subaccount_service_instance.instance_4                             7799ms
  btp_subaccount_service_instance.instance_5                             1789ms
  btp_subaccount_service_instance.instance_6                             6911ms
  btp_subaccount_service_instance.instance_7                             4624ms
  btp_subaccount_service_instance.instance_8                             4197ms
  btp_subaccount_service_instance.instance_9                             4693ms
  btp_subaccount_subscription.subscription_1                             3018ms
  btp_subaccount_subscription.subscription_10                            3181ms
  btp_subaccount_subscription.subscription_11                            3513ms
  btp_subaccount_subscription.subscription_12                            2569ms
  btp_subaccount_subscription.subscription_13                            3215ms
  btp_subaccount_subscription.subscription_14                            2921ms
  btp_subaccount_subscription.subscription_15                            6581ms
  btp_subaccount_subscription.subscription_16                            5581ms
  btp_subaccount_subscription.subscription_17                            675ms
  btp_subaccount_subscription.subscription_18                            1409ms
  btp_subaccount_subscription.subscription_19                            3479ms
  btp_subaccount_subscription.subscription_2                             2706ms
  btp_subaccount_subscription.subscription_20                            2682ms
  btp_subaccount_subscription.subscription_21                            2360ms
  btp_subaccount_subscription.subscription_22                            1949ms
  btp_subaccount_subscription.subscription_23                            5218ms
  btp_subaccount_subscription.subscription_24                            3308ms
  btp_subaccount_subscription.subscription_25                            1847ms
  btp_subaccount_subscription.subscription_26                            3460ms
  btp_subaccount_subscription.subscription_27                            3347ms
  btp_subaccount_subscription.subscription_28                            6886ms
  btp_subaccount_subscription.subscription_29                            2847ms
  btp_subaccount_subscription.subscription_3                             2786ms
  btp_subaccount_subscription.subscription_30                            2325ms
  btp_subaccount_subscription.subscription_4                             6554ms
  btp_subaccount_subscription.subscription_5                             2960ms
  btp_subaccount_subscription.subscription_6                             2593ms
  btp_subaccount_subscription.subscription_7                             2912ms
  btp_subaccount_subscription.subscription_8                             3320ms
  btp_subaccount_subscription.subscription_9                             1284ms
  btp_subaccount_trust_configuration.trust_1                             1166ms
  btp_subaccount_trust_configuration.trust_10                            1293ms
  btp_subaccount_trust_configuration.trust_2                             1510ms
  btp_subaccount_trust_configuration.trust_3                             2185ms
  btp_subaccount_trust_configuration.trust_4                             1460ms
  btp_subaccount_trust_configuration.trust_5                             1212ms
  btp_subaccount_trust_configuration.trust_6                             367ms
  btp_subaccount_trust_configuration.trust_7                             848ms
  btp_subaccount_trust_configuration.trust_8                             1062ms
  btp_subaccount_trust_configuration.trust_9                             1254ms
  cloudfoundry_service_instance.instance_1                               39ms
  cloudfoundry_service_instance.instance_10                              68ms
  cloudfoundry_service_instance.instance_11                              46ms
  cloudfoundry_service_instance.instance_12                              40ms
  cloudfoundry_service_instance.instance_13                              60ms
  cloudfoundry_service_instance.instance_14                              41ms
  cloudfoundry_service_instance.instance_15                              50ms
  cloudfoundry_service_instance.instance_16                              49ms
  cloudfoundry_service_instance.instance_17                              52ms
  cloudfoundry_service_instance.instance_18                              57ms
  cloudfoundry_service_instance.instance_19                              38ms
  cloudfoundry_service_instance.instance_2                               41ms
  cloudfoundry_service_instance.instance_20                              48ms
  cloudfoundry_service_instance.instance_21                              35ms
  cloudfoundry_service_instance.instance_22                              42ms
  cloudfoundry_service_instance.instance_23                              37ms
  cloudfoundry_service_instance.instance_24                              52ms
  cloudfoundry_service_instance.instance_25                              67ms
  cloudfoundry_service_instance.instance_26                              77ms
  cloudfoundry_service_instance.instance_27                              40ms
  cloudfoundry_service_instance.instance_28                              39ms
  cloudfoundry_service_instance.instance_29                              56ms
  cloudfoundry_service_instance.instance_3                               38ms
  cloudfoundry_service_instance.instance_30                              71ms
  cloudfoundry_service_instance.instance_31                              43ms
  cloudfoundry_service_instance.instance_32                              37ms
  cloudfoundry_service_instance.instance_33                              38ms
  cloudfoundry_service_instance.instance_34                              51ms
  cloudfoundry_service_instance.instance_35                              40ms
  cloudfoundry_service_instance.instance_36                              38ms
  cloudfoundry_service_instance.instance_37                              36ms
  cloudfoundry_service_instance.instance_38                              45ms
  cloudfoundry_service_instance.instance_39                              46ms
  cloudfoundry_service_instance.instance_4                               39ms
  cloudfoundry_service_instance.instance_40                              51ms
  cloudfoundry_service_instance.instance_5                               54ms
  cloudfoundry_service_instance.instance_6                               52ms
  cloudfoundry_service_instance.instance_7                               46ms
  cloudfoundry_service_instance.instance_8                               67ms
  cloudfoundry_service_instance.instance_9                               43ms
  cloudfoundry_space.space_1                                             98ms
  cloudfoundry_space.space_10                                            104ms
  cloudfoundry_space.space_11                                            109ms
  cloudfoundry_space.space_12                                            145ms
  cloudfoundry_space.space_13                                            104ms
  cloudfoundry_space.space_14                                            106ms
  cloudfoundry_space.space_15                                            99ms
  cloudfoundry_space.space_16                                            103ms
  cloudfoundry_space.space_17                                            134ms
  cloudfoundry_space.space_18                                            101ms
  cloudfoundry_space.space_19                                            117ms
  cloudfoundry_space.space_2                                             106ms
  cloudfoundry_space.space_20                                            114ms
  cloudfoundry_space.space_3                                             154ms
  cloudfoundry_space.space_4                                             114ms
  cloudfoundry_space.space_5                                             111ms
  cloudfoundry_space.space_6                                             97ms
  cloudfoundry_space.space_7                                             185ms
  cloudfoundry_space.space_8                                             124ms
  cloudfoundry_space.space_9                                             95ms
  scc_subaccount.subaccount_1                                            22395ms
  scc_subaccount.subaccount_10                                           13493ms
  scc_subaccount.subaccount_2                                            18003ms
  scc_subaccount.subaccount_3                                            22686ms
  scc_subaccount.subaccount_4                                            12955ms
  scc_subaccount.subaccount_5                                            5326ms
  scc_subaccount.subaccount_6                                            12728ms
  scc_subaccount.subaccount_7                                            5725ms
  scc_subaccount.subaccount_8                                            13186ms
  scc_subaccount.subaccount_9                                            12998ms
  scc_system_mapping.system_1                                            55ms
  scc_system_mapping.system_10                                           111ms
  scc_system_mapping.system_11                                           58ms
  scc_system_mapping.system_12                                           58ms
  scc_system_mapping.system_13                                           56ms
  scc_system_mapping.system_14                                           145ms
  scc_system_mapping.system_15                                           58ms
  scc_system_mapping.system_16                                           61ms
  scc_system_mapping.system_17                                           55ms
  scc_system_mapping.system_18                                           58ms
  scc_system_mapping.system_19                                           63ms
  scc_system_mapping.system_2                                            56ms
  scc_system_mapping.system_20                                           145ms
  scc_system_mapping.system_3                                            57ms
  scc_system_mapping.system_4                                            58ms
  scc_system_mapping.system_5                                            155ms
  scc_system_mapping.system_6                                            54ms
  scc_system_mapping.system_7                                            57ms
  scc_system_mapping.system_8                                            60ms
  scc_system_mapping.system_9                                            56ms
  scc_system_mapping_resource.resource_1                                 56ms
  scc_system_mapping_resource.resource_10                                58ms
  scc_system_mapping_resource.resource_11                                55ms
  scc_system_mapping_resource.resource_12                                57ms
  scc_system_mapping_resource.resource_13                                56ms
  scc_system_mapping_resource.resource_14                                57ms
  scc_system_mapping_resource.resource_15                                55ms
  scc_system_mapping_resource.resource_16                                57ms
  scc_system_mapping_resource.resource_17                                63ms
  scc_system_mapping_resource.resource_18                                58ms
  scc_system_mapping_resource.resource_19                                57ms
  scc_system_mapping_resource.resource_2                                 152ms
  scc_system_mapping_resource.resource_20                                54ms
  scc_system_mapping_resource.resource_21                                56ms
  scc_system_mapping_resource.resource_22                                58ms
  scc_system_mapping_resource.resource_23                                66ms
  scc_system_mapping_resource.resource_24                                58ms
  scc_system_mapping_resource.resource_25                                55ms
  scc_system_mapping_resource.resource_26                                54ms
  scc_system_mapping_resource.resource_27                                57ms
  scc_system_mapping_resource.resource_28                                57ms
  scc_system_mapping_resource.resource_29                                57ms
  scc_system_mapping_resource.resource_3                                 57ms
  scc_system_mapping_resource.resource_30                                56ms
  scc_system_mapping_resource.resource_31                                55ms
  scc_system_mapping_resource.resource_32                                144ms
  scc_system_mapping_resource.resource_33                                57ms
  scc_system_mapping_resource.resource_34                                58ms
  scc_system_mapping_resource.resource_35                                57ms
  scc_system_mapping_resource.resource_36                                58ms
  scc_system_mapping_resource.resource_37                                57ms
  scc_system_mapping_resource.resource_38                                56ms
  scc_system_mapping_resource.resource_39                                143ms
  scc_system_mapping_resource.resource_4                                 55ms
  scc_system_mapping_resource.resource_40                                54ms
  scc_system_mapping_resource.resource_5                                 58ms
  scc_system_mapping_resource.resource_6                                 57ms
  scc_system_mapping_resource.resource_7                                 65ms
  scc_system_mapping_resource.resource_8                                 54ms
  scc_system_mapping_resource.resource_9                                 58ms
  sci_application.app_1                                                  129ms
  sci_application.app_10                                                 132ms
  sci_application.app_11                                                 165ms
  sci_application.app_12                                                 125ms
  sci_application.app_13                                                 140ms
  sci_application.app_14                                                 134ms
  sci_application.app_15                                                 156ms
  sci_application.app_16                                                 137ms
  sci_application.app_17                                                 142ms
  sci_application.app_18                                                 145ms
  sci_application.app_19                                                 126ms
  sci_application.app_2                                                  129ms
  sci_application.app_20                                                 155ms
  sci_application.app_3                                                  126ms
  sci_application.app_4                                                  139ms
  sci_application.app_5                                                  215ms
  sci_application.app_6                                                  154ms
  sci_application.app_7                                                  147ms
  sci_application.app_8                                                  136ms
  sci_application.app_9                                                  153ms
  sci_group_base.group_1                                                 105ms
  sci_group_base.group_10                                                95ms
  sci_group_base.group_11                                                98ms
  sci_group_base.group_12                                                106ms
  sci_group_base.group_13                                                106ms
  sci_group_base.group_14                                                98ms
  sci_group_base.group_15                                                100ms
  sci_group_base.group_16                                                95ms
  sci_group_base.group_17                                                105ms
  sci_group_base.group_18                                                314ms
  sci_group_base.group_19                                                96ms
  sci_group_base.group_2                                                 100ms
  sci_group_base.group_20                                                96ms
  sci_group_base.group_21                                                188ms
  sci_group_base.group_22                                                97ms
  sci_group_base.group_23                                                104ms
  sci_group_base.group_24                                                172ms
  sci_group_base.group_25                                                97ms
  sci_group_base.group_26                                                101ms
  sci_group_base.group_27                                                188ms
  sci_group_base.group_28                                                109ms
  sci_group_base.group_29                                                89ms
  sci_group_base.group_3                                                 175ms
  sci_group_base.group_30                                                103ms
  sci_group_base.group_4                                                 97ms
  sci_group_base.group_5                                                 106ms
  sci_group_base.group_6                                                 138ms
  sci_group_base.group_7                                                 99ms
  sci_group_base.group_8                                                 97ms
  sci_group_base.group_9                                                 88ms
  sci_user.user_1                                                        102ms
  sci_user.user_10                                                       131ms
  sci_user.user_11                                                       89ms
  sci_user.user_12                                                       84ms
  sci_user.user_13                                                       100ms
  sci_user.user_14                                                       87ms
  sci_user.user_15                                                       109ms
  sci_user.user_16                                                       112ms
  sci_user.user_17                                                       94ms
  sci_user.user_18                                                       87ms
  sci_user.user_19                                                       96ms
  sci_user.user_2                                                        94ms
  sci_user.user_20                                                       89ms
  sci_user.user_21                                                       92ms
  sci_user.user_22                                                       127ms
  sci_user.user_23                                                       95ms
  sci_user.user_24                                                       95ms
  sci_user.user_25                                                       100ms
  sci_user.user_26                                                       104ms
  sci_user.user_27                                                       92ms
  sci_user.user_28                                                       91ms
  sci_user.user_29                                                       111ms
  sci_user.user_3                                                        100ms
  sci_user.user_30                                                       101ms
  sci_user.user_31                                                       97ms
  sci_user.user_32                                                       92ms
  sci_user.user_33                                                       90ms
  sci_user.user_34                                                       97ms
  sci_user.user_35                                                       216ms
  sci_user.user_36                                                       92ms
  sci_user.user_37                                                       139ms
  sci_user.user_38                                                       97ms
  sci_user.user_39                                                       92ms
  sci_user.user_4                                                        94ms
  sci_user.user_40                                                       103ms
  sci_user.user_41                                                       94ms
  sci_user.user_42                                                       96ms
  sci_user.user_43                                                       101ms
  sci_user.user_44                                                       138ms
  sci_user.user_45                                                       97ms
  sci_user.user_46                                                       86ms
  sci_user.user_47                                                       115ms
  sci_user.user_48                                                       96ms
  sci_user.user_49                                                       173ms
  sci_user.user_5                                                        101ms
  sci_user.user_50                                                       92ms
  sci_user.user_6                                                        90ms
  sci_user.user_7                                                        91ms
  sci_user.user_8                                                        96ms
  sci_user.user_9                                                        100ms


Run 13/20:
  Total run time: 101.388737s
  btp_directory.directory_1                                              114ms
  btp_directory.directory_10                                             1435ms
  btp_directory.directory_2                                              3802ms
  btp_directory.directory_3                                              108ms
  btp_directory.directory_4                                              4009ms
  btp_directory.directory_5                                              2061ms
  btp_directory.directory_6                                              122ms
  btp_directory.directory_7                                              978ms
  btp_directory.directory_8                                              1859ms
  btp_directory.directory_9                                              3731ms
  btp_subaccount.subaccount_1                                            569ms
  btp_subaccount.subaccount_10                                           1267ms
  btp_subaccount.subaccount_2                                            1306ms
  btp_subaccount.subaccount_3                                            254ms
  btp_subaccount.subaccount_4                                            406ms
  btp_subaccount.subaccount_5                                            1669ms
  btp_subaccount.subaccount_6                                            1615ms
  btp_subaccount.subaccount_7                                            361ms
  btp_subaccount.subaccount_8                                            407ms
  btp_subaccount.subaccount_9                                            78ms
  btp_subaccount_destination_generic.destination_1                       1081ms
  btp_subaccount_destination_generic.destination_10                      980ms
  btp_subaccount_destination_generic.destination_11                      503ms
  btp_subaccount_destination_generic.destination_12                      386ms
  btp_subaccount_destination_generic.destination_13                      1746ms
  btp_subaccount_destination_generic.destination_14                      752ms
  btp_subaccount_destination_generic.destination_15                      357ms
  btp_subaccount_destination_generic.destination_16                      808ms
  btp_subaccount_destination_generic.destination_17                      367ms
  btp_subaccount_destination_generic.destination_18                      648ms
  btp_subaccount_destination_generic.destination_19                      523ms
  btp_subaccount_destination_generic.destination_2                       419ms
  btp_subaccount_destination_generic.destination_20                      200ms
  btp_subaccount_destination_generic.destination_3                       1626ms
  btp_subaccount_destination_generic.destination_4                       577ms
  btp_subaccount_destination_generic.destination_5                       1929ms
  btp_subaccount_destination_generic.destination_6                       816ms
  btp_subaccount_destination_generic.destination_7                       212ms
  btp_subaccount_destination_generic.destination_8                       1047ms
  btp_subaccount_destination_generic.destination_9                       11038ms
  btp_subaccount_entitlement.entitlement_1                               14652ms
  btp_subaccount_entitlement.entitlement_10                              14664ms
  btp_subaccount_entitlement.entitlement_11                              24368ms
  btp_subaccount_entitlement.entitlement_12                              11607ms
  btp_subaccount_entitlement.entitlement_13                              12638ms
  btp_subaccount_entitlement.entitlement_14                              11356ms
  btp_subaccount_entitlement.entitlement_15                              21510ms
  btp_subaccount_entitlement.entitlement_16                              13881ms
  btp_subaccount_entitlement.entitlement_17                              14276ms
  btp_subaccount_entitlement.entitlement_18                              18375ms
  btp_subaccount_entitlement.entitlement_19                              14193ms
  btp_subaccount_entitlement.entitlement_2                               13381ms
  btp_subaccount_entitlement.entitlement_20                              16610ms
  btp_subaccount_entitlement.entitlement_21                              14087ms
  btp_subaccount_entitlement.entitlement_22                              13183ms
  btp_subaccount_entitlement.entitlement_23                              12382ms
  btp_subaccount_entitlement.entitlement_24                              20602ms
  btp_subaccount_entitlement.entitlement_25                              14239ms
  btp_subaccount_entitlement.entitlement_26                              14579ms
  btp_subaccount_entitlement.entitlement_27                              13161ms
  btp_subaccount_entitlement.entitlement_28                              13478ms
  btp_subaccount_entitlement.entitlement_29                              13107ms
  btp_subaccount_entitlement.entitlement_3                               12198ms
  btp_subaccount_entitlement.entitlement_30                              13151ms
  btp_subaccount_entitlement.entitlement_31                              12828ms
  btp_subaccount_entitlement.entitlement_32                              14337ms
  btp_subaccount_entitlement.entitlement_33                              12948ms
  btp_subaccount_entitlement.entitlement_34                              14487ms
  btp_subaccount_entitlement.entitlement_35                              11158ms
  btp_subaccount_entitlement.entitlement_36                              12685ms
  btp_subaccount_entitlement.entitlement_37                              14966ms
  btp_subaccount_entitlement.entitlement_38                              20138ms
  btp_subaccount_entitlement.entitlement_39                              18264ms
  btp_subaccount_entitlement.entitlement_4                               12579ms
  btp_subaccount_entitlement.entitlement_40                              13891ms
  btp_subaccount_entitlement.entitlement_5                               12716ms
  btp_subaccount_entitlement.entitlement_6                               18573ms
  btp_subaccount_entitlement.entitlement_7                               11952ms
  btp_subaccount_entitlement.entitlement_8                               14031ms
  btp_subaccount_entitlement.entitlement_9                               16408ms
  btp_subaccount_environment_instance.cloudfoundry_1                     429ms
  btp_subaccount_environment_instance.cloudfoundry_10                    2631ms
  btp_subaccount_environment_instance.cloudfoundry_2                     1537ms
  btp_subaccount_environment_instance.cloudfoundry_3                     1146ms
  btp_subaccount_environment_instance.cloudfoundry_4                     325ms
  btp_subaccount_environment_instance.cloudfoundry_5                     1131ms
  btp_subaccount_environment_instance.cloudfoundry_6                     749ms
  btp_subaccount_environment_instance.cloudfoundry_7                     613ms
  btp_subaccount_environment_instance.cloudfoundry_8                     2839ms
  btp_subaccount_environment_instance.cloudfoundry_9                     1059ms
  btp_subaccount_role.role_1                                             2248ms
  btp_subaccount_role.role_10                                            2214ms
  btp_subaccount_role.role_11                                            527ms
  btp_subaccount_role.role_12                                            584ms
  btp_subaccount_role.role_13                                            1052ms
  btp_subaccount_role.role_14                                            1966ms
  btp_subaccount_role.role_15                                            1013ms
  btp_subaccount_role.role_16                                            602ms
  btp_subaccount_role.role_17                                            1820ms
  btp_subaccount_role.role_18                                            579ms
  btp_subaccount_role.role_19                                            576ms
  btp_subaccount_role.role_2                                             1369ms
  btp_subaccount_role.role_20                                            213ms
  btp_subaccount_role.role_3                                             370ms
  btp_subaccount_role.role_4                                             341ms
  btp_subaccount_role.role_5                                             188ms
  btp_subaccount_role.role_6                                             1530ms
  btp_subaccount_role.role_7                                             1225ms
  btp_subaccount_role.role_8                                             1030ms
  btp_subaccount_role.role_9                                             1482ms
  btp_subaccount_role_collection.collection_1                            449ms
  btp_subaccount_role_collection.collection_10                           565ms
  btp_subaccount_role_collection.collection_11                           1192ms
  btp_subaccount_role_collection.collection_12                           1385ms
  btp_subaccount_role_collection.collection_13                           601ms
  btp_subaccount_role_collection.collection_14                           748ms
  btp_subaccount_role_collection.collection_15                           859ms
  btp_subaccount_role_collection.collection_16                           1017ms
  btp_subaccount_role_collection.collection_17                           468ms
  btp_subaccount_role_collection.collection_18                           484ms
  btp_subaccount_role_collection.collection_19                           1448ms
  btp_subaccount_role_collection.collection_2                            1045ms
  btp_subaccount_role_collection.collection_20                           352ms
  btp_subaccount_role_collection.collection_21                           2347ms
  btp_subaccount_role_collection.collection_22                           595ms
  btp_subaccount_role_collection.collection_23                           192ms
  btp_subaccount_role_collection.collection_24                           496ms
  btp_subaccount_role_collection.collection_25                           357ms
  btp_subaccount_role_collection.collection_26                           393ms
  btp_subaccount_role_collection.collection_27                           698ms
  btp_subaccount_role_collection.collection_28                           576ms
  btp_subaccount_role_collection.collection_29                           705ms
  btp_subaccount_role_collection.collection_3                            185ms
  btp_subaccount_role_collection.collection_30                           723ms
  btp_subaccount_role_collection.collection_4                            643ms
  btp_subaccount_role_collection.collection_5                            2680ms
  btp_subaccount_role_collection.collection_6                            1255ms
  btp_subaccount_role_collection.collection_7                            938ms
  btp_subaccount_role_collection.collection_8                            1165ms
  btp_subaccount_role_collection.collection_9                            188ms
  btp_subaccount_service_instance.instance_1                             13751ms
  btp_subaccount_service_instance.instance_10                            5513ms
  btp_subaccount_service_instance.instance_11                            10010ms
  btp_subaccount_service_instance.instance_12                            4468ms
  btp_subaccount_service_instance.instance_13                            5544ms
  btp_subaccount_service_instance.instance_14                            987ms
  btp_subaccount_service_instance.instance_15                            745ms
  btp_subaccount_service_instance.instance_16                            3259ms
  btp_subaccount_service_instance.instance_17                            1564ms
  btp_subaccount_service_instance.instance_18                            8229ms
  btp_subaccount_service_instance.instance_19                            1918ms
  btp_subaccount_service_instance.instance_2                             2203ms
  btp_subaccount_service_instance.instance_20                            4480ms
  btp_subaccount_service_instance.instance_3                             3170ms
  btp_subaccount_service_instance.instance_4                             5574ms
  btp_subaccount_service_instance.instance_5                             13471ms
  btp_subaccount_service_instance.instance_6                             4793ms
  btp_subaccount_service_instance.instance_7                             6309ms
  btp_subaccount_service_instance.instance_8                             5426ms
  btp_subaccount_service_instance.instance_9                             1285ms
  btp_subaccount_subscription.subscription_1                             3807ms
  btp_subaccount_subscription.subscription_10                            1125ms
  btp_subaccount_subscription.subscription_11                            3545ms
  btp_subaccount_subscription.subscription_12                            1010ms
  btp_subaccount_subscription.subscription_13                            1858ms
  btp_subaccount_subscription.subscription_14                            587ms
  btp_subaccount_subscription.subscription_15                            1561ms
  btp_subaccount_subscription.subscription_16                            3476ms
  btp_subaccount_subscription.subscription_17                            1418ms
  btp_subaccount_subscription.subscription_18                            1404ms
  btp_subaccount_subscription.subscription_19                            3054ms
  btp_subaccount_subscription.subscription_2                             2913ms
  btp_subaccount_subscription.subscription_20                            1185ms
  btp_subaccount_subscription.subscription_21                            674ms
  btp_subaccount_subscription.subscription_22                            2042ms
  btp_subaccount_subscription.subscription_23                            2499ms
  btp_subaccount_subscription.subscription_24                            1070ms
  btp_subaccount_subscription.subscription_25                            2381ms
  btp_subaccount_subscription.subscription_26                            1208ms
  btp_subaccount_subscription.subscription_27                            958ms
  btp_subaccount_subscription.subscription_28                            1154ms
  btp_subaccount_subscription.subscription_29                            12392ms
  btp_subaccount_subscription.subscription_3                             4225ms
  btp_subaccount_subscription.subscription_30                            751ms
  btp_subaccount_subscription.subscription_4                             689ms
  btp_subaccount_subscription.subscription_5                             3883ms
  btp_subaccount_subscription.subscription_6                             2989ms
  btp_subaccount_subscription.subscription_7                             1099ms
  btp_subaccount_subscription.subscription_8                             2004ms
  btp_subaccount_subscription.subscription_9                             2542ms
  btp_subaccount_trust_configuration.trust_1                             312ms
  btp_subaccount_trust_configuration.trust_10                            614ms
  btp_subaccount_trust_configuration.trust_2                             908ms
  btp_subaccount_trust_configuration.trust_3                             5950ms
  btp_subaccount_trust_configuration.trust_4                             231ms
  btp_subaccount_trust_configuration.trust_5                             459ms
  btp_subaccount_trust_configuration.trust_6                             685ms
  btp_subaccount_trust_configuration.trust_7                             232ms
  btp_subaccount_trust_configuration.trust_8                             177ms
  btp_subaccount_trust_configuration.trust_9                             507ms
  cloudfoundry_service_instance.instance_1                               41ms
  cloudfoundry_service_instance.instance_10                              59ms
  cloudfoundry_service_instance.instance_11                              47ms
  cloudfoundry_service_instance.instance_12                              44ms
  cloudfoundry_service_instance.instance_13                              48ms
  cloudfoundry_service_instance.instance_14                              61ms
  cloudfoundry_service_instance.instance_15                              41ms
  cloudfoundry_service_instance.instance_16                              54ms
  cloudfoundry_service_instance.instance_17                              43ms
  cloudfoundry_service_instance.instance_18                              47ms
  cloudfoundry_service_instance.instance_19                              48ms
  cloudfoundry_service_instance.instance_2                               39ms
  cloudfoundry_service_instance.instance_20                              40ms
  cloudfoundry_service_instance.instance_21                              38ms
  cloudfoundry_service_instance.instance_22                              41ms
  cloudfoundry_service_instance.instance_23                              45ms
  cloudfoundry_service_instance.instance_24                              39ms
  cloudfoundry_service_instance.instance_25                              40ms
  cloudfoundry_service_instance.instance_26                              42ms
  cloudfoundry_service_instance.instance_27                              39ms
  cloudfoundry_service_instance.instance_28                              42ms
  cloudfoundry_service_instance.instance_29                              39ms
  cloudfoundry_service_instance.instance_3                               55ms
  cloudfoundry_service_instance.instance_30                              42ms
  cloudfoundry_service_instance.instance_31                              45ms
  cloudfoundry_service_instance.instance_32                              39ms
  cloudfoundry_service_instance.instance_33                              41ms
  cloudfoundry_service_instance.instance_34                              45ms
  cloudfoundry_service_instance.instance_35                              37ms
  cloudfoundry_service_instance.instance_36                              39ms
  cloudfoundry_service_instance.instance_37                              42ms
  cloudfoundry_service_instance.instance_38                              44ms
  cloudfoundry_service_instance.instance_39                              45ms
  cloudfoundry_service_instance.instance_4                               48ms
  cloudfoundry_service_instance.instance_40                              41ms
  cloudfoundry_service_instance.instance_5                               101ms
  cloudfoundry_service_instance.instance_6                               50ms
  cloudfoundry_service_instance.instance_7                               42ms
  cloudfoundry_service_instance.instance_8                               44ms
  cloudfoundry_service_instance.instance_9                               54ms
  cloudfoundry_space.space_1                                             99ms
  cloudfoundry_space.space_10                                            96ms
  cloudfoundry_space.space_11                                            101ms
  cloudfoundry_space.space_12                                            102ms
  cloudfoundry_space.space_13                                            123ms
  cloudfoundry_space.space_14                                            105ms
  cloudfoundry_space.space_15                                            110ms
  cloudfoundry_space.space_16                                            90ms
  cloudfoundry_space.space_17                                            91ms
  cloudfoundry_space.space_18                                            103ms
  cloudfoundry_space.space_19                                            96ms
  cloudfoundry_space.space_2                                             107ms
  cloudfoundry_space.space_20                                            93ms
  cloudfoundry_space.space_3                                             100ms
  cloudfoundry_space.space_4                                             107ms
  cloudfoundry_space.space_5                                             101ms
  cloudfoundry_space.space_6                                             103ms
  cloudfoundry_space.space_7                                             97ms
  cloudfoundry_space.space_8                                             117ms
  cloudfoundry_space.space_9                                             97ms
  scc_subaccount.subaccount_1                                            4758ms
  scc_subaccount.subaccount_10                                           6681ms
  scc_subaccount.subaccount_2                                            6725ms
  scc_subaccount.subaccount_3                                            5473ms
  scc_subaccount.subaccount_4                                            5758ms
  scc_subaccount.subaccount_5                                            4420ms
  scc_subaccount.subaccount_6                                            4124ms
  scc_subaccount.subaccount_7                                            6387ms
  scc_subaccount.subaccount_8                                            6115ms
  scc_subaccount.subaccount_9                                            3703ms
  scc_system_mapping.system_1                                            59ms
  scc_system_mapping.system_10                                           56ms
  scc_system_mapping.system_11                                           58ms
  scc_system_mapping.system_12                                           57ms
  scc_system_mapping.system_13                                           135ms
  scc_system_mapping.system_14                                           58ms
  scc_system_mapping.system_15                                           57ms
  scc_system_mapping.system_16                                           57ms
  scc_system_mapping.system_17                                           55ms
  scc_system_mapping.system_18                                           141ms
  scc_system_mapping.system_19                                           56ms
  scc_system_mapping.system_2                                            59ms
  scc_system_mapping.system_20                                           57ms
  scc_system_mapping.system_3                                            68ms
  scc_system_mapping.system_4                                            54ms
  scc_system_mapping.system_5                                            134ms
  scc_system_mapping.system_6                                            58ms
  scc_system_mapping.system_7                                            53ms
  scc_system_mapping.system_8                                            58ms
  scc_system_mapping.system_9                                            59ms
  scc_system_mapping_resource.resource_1                                 54ms
  scc_system_mapping_resource.resource_10                                53ms
  scc_system_mapping_resource.resource_11                                59ms
  scc_system_mapping_resource.resource_12                                58ms
  scc_system_mapping_resource.resource_13                                159ms
  scc_system_mapping_resource.resource_14                                59ms
  scc_system_mapping_resource.resource_15                                145ms
  scc_system_mapping_resource.resource_16                                57ms
  scc_system_mapping_resource.resource_17                                59ms
  scc_system_mapping_resource.resource_18                                53ms
  scc_system_mapping_resource.resource_19                                55ms
  scc_system_mapping_resource.resource_2                                 55ms
  scc_system_mapping_resource.resource_20                                56ms
  scc_system_mapping_resource.resource_21                                53ms
  scc_system_mapping_resource.resource_22                                59ms
  scc_system_mapping_resource.resource_23                                57ms
  scc_system_mapping_resource.resource_24                                54ms
  scc_system_mapping_resource.resource_25                                65ms
  scc_system_mapping_resource.resource_26                                57ms
  scc_system_mapping_resource.resource_27                                53ms
  scc_system_mapping_resource.resource_28                                57ms
  scc_system_mapping_resource.resource_29                                57ms
  scc_system_mapping_resource.resource_3                                 144ms
  scc_system_mapping_resource.resource_30                                57ms
  scc_system_mapping_resource.resource_31                                56ms
  scc_system_mapping_resource.resource_32                                135ms
  scc_system_mapping_resource.resource_33                                60ms
  scc_system_mapping_resource.resource_34                                139ms
  scc_system_mapping_resource.resource_35                                68ms
  scc_system_mapping_resource.resource_36                                58ms
  scc_system_mapping_resource.resource_37                                56ms
  scc_system_mapping_resource.resource_38                                131ms
  scc_system_mapping_resource.resource_39                                144ms
  scc_system_mapping_resource.resource_4                                 56ms
  scc_system_mapping_resource.resource_40                                56ms
  scc_system_mapping_resource.resource_5                                 55ms
  scc_system_mapping_resource.resource_6                                 121ms
  scc_system_mapping_resource.resource_7                                 58ms
  scc_system_mapping_resource.resource_8                                 57ms
  scc_system_mapping_resource.resource_9                                 58ms
  sci_application.app_1                                                  126ms
  sci_application.app_10                                                 135ms
  sci_application.app_11                                                 136ms
  sci_application.app_12                                                 189ms
  sci_application.app_13                                                 125ms
  sci_application.app_14                                                 124ms
  sci_application.app_15                                                 217ms
  sci_application.app_16                                                 115ms
  sci_application.app_17                                                 129ms
  sci_application.app_18                                                 129ms
  sci_application.app_19                                                 128ms
  sci_application.app_2                                                  150ms
  sci_application.app_20                                                 126ms
  sci_application.app_3                                                  128ms
  sci_application.app_4                                                  129ms
  sci_application.app_5                                                  129ms
  sci_application.app_6                                                  123ms
  sci_application.app_7                                                  123ms
  sci_application.app_8                                                  138ms
  sci_application.app_9                                                  126ms
  sci_group_base.group_1                                                 106ms
  sci_group_base.group_10                                                196ms
  sci_group_base.group_11                                                95ms
  sci_group_base.group_12                                                109ms
  sci_group_base.group_13                                                100ms
  sci_group_base.group_14                                                102ms
  sci_group_base.group_15                                                132ms
  sci_group_base.group_16                                                100ms
  sci_group_base.group_17                                                104ms
  sci_group_base.group_18                                                115ms
  sci_group_base.group_19                                                93ms
  sci_group_base.group_2                                                 102ms
  sci_group_base.group_20                                                94ms
  sci_group_base.group_21                                                96ms
  sci_group_base.group_22                                                102ms
  sci_group_base.group_23                                                108ms
  sci_group_base.group_24                                                116ms
  sci_group_base.group_25                                                95ms
  sci_group_base.group_26                                                98ms
  sci_group_base.group_27                                                93ms
  sci_group_base.group_28                                                89ms
  sci_group_base.group_29                                                101ms
  sci_group_base.group_3                                                 103ms
  sci_group_base.group_30                                                91ms
  sci_group_base.group_4                                                 104ms
  sci_group_base.group_5                                                 95ms
  sci_group_base.group_6                                                 107ms
  sci_group_base.group_7                                                 97ms
  sci_group_base.group_8                                                 138ms
  sci_group_base.group_9                                                 99ms
  sci_user.user_1                                                        107ms
  sci_user.user_10                                                       101ms
  sci_user.user_11                                                       89ms
  sci_user.user_12                                                       96ms
  sci_user.user_13                                                       93ms
  sci_user.user_14                                                       102ms
  sci_user.user_15                                                       91ms
  sci_user.user_16                                                       243ms
  sci_user.user_17                                                       213ms
  sci_user.user_18                                                       97ms
  sci_user.user_19                                                       97ms
  sci_user.user_2                                                        113ms
  sci_user.user_20                                                       97ms
  sci_user.user_21                                                       97ms
  sci_user.user_22                                                       93ms
  sci_user.user_23                                                       87ms
  sci_user.user_24                                                       87ms
  sci_user.user_25                                                       104ms
  sci_user.user_26                                                       93ms
  sci_user.user_27                                                       94ms
  sci_user.user_28                                                       94ms
  sci_user.user_29                                                       89ms
  sci_user.user_3                                                        101ms
  sci_user.user_30                                                       94ms
  sci_user.user_31                                                       194ms
  sci_user.user_32                                                       122ms
  sci_user.user_33                                                       97ms
  sci_user.user_34                                                       98ms
  sci_user.user_35                                                       192ms
  sci_user.user_36                                                       90ms
  sci_user.user_37                                                       103ms
  sci_user.user_38                                                       92ms
  sci_user.user_39                                                       94ms
  sci_user.user_4                                                        93ms
  sci_user.user_40                                                       87ms
  sci_user.user_41                                                       90ms
  sci_user.user_42                                                       111ms
  sci_user.user_43                                                       99ms
  sci_user.user_44                                                       144ms
  sci_user.user_45                                                       142ms
  sci_user.user_46                                                       85ms
  sci_user.user_47                                                       95ms
  sci_user.user_48                                                       141ms
  sci_user.user_49                                                       111ms
  sci_user.user_5                                                        96ms
  sci_user.user_50                                                       95ms
  sci_user.user_6                                                        97ms
  sci_user.user_7                                                        104ms
  sci_user.user_8                                                        96ms
  sci_user.user_9                                                        89ms


Run 14/20:
  Total run time: 108.560149s
  btp_directory.directory_1                                              3423ms
  btp_directory.directory_10                                             2440ms
  btp_directory.directory_2                                              3139ms
  btp_directory.directory_3                                              1268ms
  btp_directory.directory_4                                              1359ms
  btp_directory.directory_5                                              2243ms
  btp_directory.directory_6                                              2604ms
  btp_directory.directory_7                                              2038ms
  btp_directory.directory_8                                              2791ms
  btp_directory.directory_9                                              2272ms
  btp_subaccount.subaccount_1                                            769ms
  btp_subaccount.subaccount_10                                           881ms
  btp_subaccount.subaccount_2                                            477ms
  btp_subaccount.subaccount_3                                            6661ms
  btp_subaccount.subaccount_4                                            54ms
  btp_subaccount.subaccount_5                                            1086ms
  btp_subaccount.subaccount_6                                            1231ms
  btp_subaccount.subaccount_7                                            275ms
  btp_subaccount.subaccount_8                                            1619ms
  btp_subaccount.subaccount_9                                            2288ms
  btp_subaccount_destination_generic.destination_1                       563ms
  btp_subaccount_destination_generic.destination_10                      1456ms
  btp_subaccount_destination_generic.destination_11                      941ms
  btp_subaccount_destination_generic.destination_12                      1677ms
  btp_subaccount_destination_generic.destination_13                      2158ms
  btp_subaccount_destination_generic.destination_14                      2233ms
  btp_subaccount_destination_generic.destination_15                      1970ms
  btp_subaccount_destination_generic.destination_16                      839ms
  btp_subaccount_destination_generic.destination_17                      1450ms
  btp_subaccount_destination_generic.destination_18                      542ms
  btp_subaccount_destination_generic.destination_19                      1560ms
  btp_subaccount_destination_generic.destination_2                       6287ms
  btp_subaccount_destination_generic.destination_20                      981ms
  btp_subaccount_destination_generic.destination_3                       1167ms
  btp_subaccount_destination_generic.destination_4                       266ms
  btp_subaccount_destination_generic.destination_5                       2389ms
  btp_subaccount_destination_generic.destination_6                       2844ms
  btp_subaccount_destination_generic.destination_7                       2104ms
  btp_subaccount_destination_generic.destination_8                       901ms
  btp_subaccount_destination_generic.destination_9                       648ms
  btp_subaccount_entitlement.entitlement_1                               21000ms
  btp_subaccount_entitlement.entitlement_10                              14189ms
  btp_subaccount_entitlement.entitlement_11                              14110ms
  btp_subaccount_entitlement.entitlement_12                              13076ms
  btp_subaccount_entitlement.entitlement_13                              14510ms
  btp_subaccount_entitlement.entitlement_14                              12243ms
  btp_subaccount_entitlement.entitlement_15                              14224ms
  btp_subaccount_entitlement.entitlement_16                              14006ms
  btp_subaccount_entitlement.entitlement_17                              14109ms
  btp_subaccount_entitlement.entitlement_18                              16595ms
  btp_subaccount_entitlement.entitlement_19                              18899ms
  btp_subaccount_entitlement.entitlement_2                               16059ms
  btp_subaccount_entitlement.entitlement_20                              19187ms
  btp_subaccount_entitlement.entitlement_21                              14405ms
  btp_subaccount_entitlement.entitlement_22                              12989ms
  btp_subaccount_entitlement.entitlement_23                              16155ms
  btp_subaccount_entitlement.entitlement_24                              13003ms
  btp_subaccount_entitlement.entitlement_25                              13962ms
  btp_subaccount_entitlement.entitlement_26                              13268ms
  btp_subaccount_entitlement.entitlement_27                              13546ms
  btp_subaccount_entitlement.entitlement_28                              12853ms
  btp_subaccount_entitlement.entitlement_29                              13161ms
  btp_subaccount_entitlement.entitlement_3                               21191ms
  btp_subaccount_entitlement.entitlement_30                              14056ms
  btp_subaccount_entitlement.entitlement_31                              15171ms
  btp_subaccount_entitlement.entitlement_32                              16968ms
  btp_subaccount_entitlement.entitlement_33                              14016ms
  btp_subaccount_entitlement.entitlement_34                              14706ms
  btp_subaccount_entitlement.entitlement_35                              13225ms
  btp_subaccount_entitlement.entitlement_36                              14478ms
  btp_subaccount_entitlement.entitlement_37                              14172ms
  btp_subaccount_entitlement.entitlement_38                              18312ms
  btp_subaccount_entitlement.entitlement_39                              16520ms
  btp_subaccount_entitlement.entitlement_4                               14904ms
  btp_subaccount_entitlement.entitlement_40                              15046ms
  btp_subaccount_entitlement.entitlement_5                               12100ms
  btp_subaccount_entitlement.entitlement_6                               14152ms
  btp_subaccount_entitlement.entitlement_7                               18150ms
  btp_subaccount_entitlement.entitlement_8                               15466ms
  btp_subaccount_entitlement.entitlement_9                               17509ms
  btp_subaccount_environment_instance.cloudfoundry_1                     4433ms
  btp_subaccount_environment_instance.cloudfoundry_10                    1414ms
  btp_subaccount_environment_instance.cloudfoundry_2                     2512ms
  btp_subaccount_environment_instance.cloudfoundry_3                     1584ms
  btp_subaccount_environment_instance.cloudfoundry_4                     1623ms
  btp_subaccount_environment_instance.cloudfoundry_5                     1445ms
  btp_subaccount_environment_instance.cloudfoundry_6                     1930ms
  btp_subaccount_environment_instance.cloudfoundry_7                     883ms
  btp_subaccount_environment_instance.cloudfoundry_8                     1993ms
  btp_subaccount_environment_instance.cloudfoundry_9                     2136ms
  btp_subaccount_role.role_1                                             825ms
  btp_subaccount_role.role_10                                            1385ms
  btp_subaccount_role.role_11                                            1082ms
  btp_subaccount_role.role_12                                            2429ms
  btp_subaccount_role.role_13                                            1514ms
  btp_subaccount_role.role_14                                            1648ms
  btp_subaccount_role.role_15                                            1747ms
  btp_subaccount_role.role_16                                            1440ms
  btp_subaccount_role.role_17                                            1416ms
  btp_subaccount_role.role_18                                            949ms
  btp_subaccount_role.role_19                                            159ms
  btp_subaccount_role.role_2                                             4231ms
  btp_subaccount_role.role_20                                            454ms
  btp_subaccount_role.role_3                                             1618ms
  btp_subaccount_role.role_4                                             1895ms
  btp_subaccount_role.role_5                                             2026ms
  btp_subaccount_role.role_6                                             1866ms
  btp_subaccount_role.role_7                                             1070ms
  btp_subaccount_role.role_8                                             1565ms
  btp_subaccount_role.role_9                                             818ms
  btp_subaccount_role_collection.collection_1                            213ms
  btp_subaccount_role_collection.collection_10                           476ms
  btp_subaccount_role_collection.collection_11                           1960ms
  btp_subaccount_role_collection.collection_12                           2287ms
  btp_subaccount_role_collection.collection_13                           2132ms
  btp_subaccount_role_collection.collection_14                           626ms
  btp_subaccount_role_collection.collection_15                           1192ms
  btp_subaccount_role_collection.collection_16                           2014ms
  btp_subaccount_role_collection.collection_17                           1475ms
  btp_subaccount_role_collection.collection_18                           861ms
  btp_subaccount_role_collection.collection_19                           280ms
  btp_subaccount_role_collection.collection_2                            744ms
  btp_subaccount_role_collection.collection_20                           2758ms
  btp_subaccount_role_collection.collection_21                           595ms
  btp_subaccount_role_collection.collection_22                           1395ms
  btp_subaccount_role_collection.collection_23                           639ms
  btp_subaccount_role_collection.collection_24                           2000ms
  btp_subaccount_role_collection.collection_25                           1007ms
  btp_subaccount_role_collection.collection_26                           1342ms
  btp_subaccount_role_collection.collection_27                           1179ms
  btp_subaccount_role_collection.collection_28                           2242ms
  btp_subaccount_role_collection.collection_29                           2076ms
  btp_subaccount_role_collection.collection_3                            1613ms
  btp_subaccount_role_collection.collection_30                           1365ms
  btp_subaccount_role_collection.collection_4                            369ms
  btp_subaccount_role_collection.collection_5                            2107ms
  btp_subaccount_role_collection.collection_6                            680ms
  btp_subaccount_role_collection.collection_7                            1509ms
  btp_subaccount_role_collection.collection_8                            1737ms
  btp_subaccount_role_collection.collection_9                            1322ms
  btp_subaccount_service_instance.instance_1                             1887ms
  btp_subaccount_service_instance.instance_10                            4082ms
  btp_subaccount_service_instance.instance_11                            3609ms
  btp_subaccount_service_instance.instance_12                            2768ms
  btp_subaccount_service_instance.instance_13                            4584ms
  btp_subaccount_service_instance.instance_14                            5750ms
  btp_subaccount_service_instance.instance_15                            3559ms
  btp_subaccount_service_instance.instance_16                            3035ms
  btp_subaccount_service_instance.instance_17                            4246ms
  btp_subaccount_service_instance.instance_18                            6138ms
  btp_subaccount_service_instance.instance_19                            4523ms
  btp_subaccount_service_instance.instance_2                             4047ms
  btp_subaccount_service_instance.instance_20                            5995ms
  btp_subaccount_service_instance.instance_3                             1653ms
  btp_subaccount_service_instance.instance_4                             7654ms
  btp_subaccount_service_instance.instance_5                             6498ms
  btp_subaccount_service_instance.instance_6                             7111ms
  btp_subaccount_service_instance.instance_7                             7113ms
  btp_subaccount_service_instance.instance_8                             6694ms
  btp_subaccount_service_instance.instance_9                             4323ms
  btp_subaccount_subscription.subscription_1                             10743ms
  btp_subaccount_subscription.subscription_10                            2554ms
  btp_subaccount_subscription.subscription_11                            4497ms
  btp_subaccount_subscription.subscription_12                            4218ms
  btp_subaccount_subscription.subscription_13                            2593ms
  btp_subaccount_subscription.subscription_14                            2183ms
  btp_subaccount_subscription.subscription_15                            6728ms
  btp_subaccount_subscription.subscription_16                            1111ms
  btp_subaccount_subscription.subscription_17                            5398ms
  btp_subaccount_subscription.subscription_18                            3509ms
  btp_subaccount_subscription.subscription_19                            4052ms
  btp_subaccount_subscription.subscription_2                             4001ms
  btp_subaccount_subscription.subscription_20                            2755ms
  btp_subaccount_subscription.subscription_21                            4427ms
  btp_subaccount_subscription.subscription_22                            1688ms
  btp_subaccount_subscription.subscription_23                            4550ms
  btp_subaccount_subscription.subscription_24                            3355ms
  btp_subaccount_subscription.subscription_25                            4853ms
  btp_subaccount_subscription.subscription_26                            4274ms
  btp_subaccount_subscription.subscription_27                            2635ms
  btp_subaccount_subscription.subscription_28                            2654ms
  btp_subaccount_subscription.subscription_29                            5108ms
  btp_subaccount_subscription.subscription_3                             2203ms
  btp_subaccount_subscription.subscription_30                            2678ms
  btp_subaccount_subscription.subscription_4                             2918ms
  btp_subaccount_subscription.subscription_5                             1270ms
  btp_subaccount_subscription.subscription_6                             778ms
  btp_subaccount_subscription.subscription_7                             3916ms
  btp_subaccount_subscription.subscription_8                             2718ms
  btp_subaccount_subscription.subscription_9                             1956ms
  btp_subaccount_trust_configuration.trust_1                             6739ms
  btp_subaccount_trust_configuration.trust_10                            825ms
  btp_subaccount_trust_configuration.trust_2                             1112ms
  btp_subaccount_trust_configuration.trust_3                             1426ms
  btp_subaccount_trust_configuration.trust_4                             968ms
  btp_subaccount_trust_configuration.trust_5                             4080ms
  btp_subaccount_trust_configuration.trust_6                             949ms
  btp_subaccount_trust_configuration.trust_7                             2071ms
  btp_subaccount_trust_configuration.trust_8                             1222ms
  btp_subaccount_trust_configuration.trust_9                             1124ms
  cloudfoundry_service_instance.instance_1                               48ms
  cloudfoundry_service_instance.instance_10                              72ms
  cloudfoundry_service_instance.instance_11                              48ms
  cloudfoundry_service_instance.instance_12                              54ms
  cloudfoundry_service_instance.instance_13                              44ms
  cloudfoundry_service_instance.instance_14                              42ms
  cloudfoundry_service_instance.instance_15                              52ms
  cloudfoundry_service_instance.instance_16                              54ms
  cloudfoundry_service_instance.instance_17                              43ms
  cloudfoundry_service_instance.instance_18                              45ms
  cloudfoundry_service_instance.instance_19                              42ms
  cloudfoundry_service_instance.instance_2                               50ms
  cloudfoundry_service_instance.instance_20                              40ms
  cloudfoundry_service_instance.instance_21                              71ms
  cloudfoundry_service_instance.instance_22                              42ms
  cloudfoundry_service_instance.instance_23                              68ms
  cloudfoundry_service_instance.instance_24                              54ms
  cloudfoundry_service_instance.instance_25                              49ms
  cloudfoundry_service_instance.instance_26                              50ms
  cloudfoundry_service_instance.instance_27                              56ms
  cloudfoundry_service_instance.instance_28                              43ms
  cloudfoundry_service_instance.instance_29                              75ms
  cloudfoundry_service_instance.instance_3                               54ms
  cloudfoundry_service_instance.instance_30                              125ms
  cloudfoundry_service_instance.instance_31                              41ms
  cloudfoundry_service_instance.instance_32                              55ms
  cloudfoundry_service_instance.instance_33                              54ms
  cloudfoundry_service_instance.instance_34                              56ms
  cloudfoundry_service_instance.instance_35                              46ms
  cloudfoundry_service_instance.instance_36                              74ms
  cloudfoundry_service_instance.instance_37                              56ms
  cloudfoundry_service_instance.instance_38                              58ms
  cloudfoundry_service_instance.instance_39                              55ms
  cloudfoundry_service_instance.instance_4                               40ms
  cloudfoundry_service_instance.instance_40                              47ms
  cloudfoundry_service_instance.instance_5                               62ms
  cloudfoundry_service_instance.instance_6                               59ms
  cloudfoundry_service_instance.instance_7                               48ms
  cloudfoundry_service_instance.instance_8                               62ms
  cloudfoundry_service_instance.instance_9                               69ms
  cloudfoundry_space.space_1                                             97ms
  cloudfoundry_space.space_10                                            112ms
  cloudfoundry_space.space_11                                            151ms
  cloudfoundry_space.space_12                                            119ms
  cloudfoundry_space.space_13                                            97ms
  cloudfoundry_space.space_14                                            127ms
  cloudfoundry_space.space_15                                            119ms
  cloudfoundry_space.space_16                                            99ms
  cloudfoundry_space.space_17                                            130ms
  cloudfoundry_space.space_18                                            130ms
  cloudfoundry_space.space_19                                            103ms
  cloudfoundry_space.space_2                                             142ms
  cloudfoundry_space.space_20                                            132ms
  cloudfoundry_space.space_3                                             133ms
  cloudfoundry_space.space_4                                             112ms
  cloudfoundry_space.space_5                                             110ms
  cloudfoundry_space.space_6                                             123ms
  cloudfoundry_space.space_7                                             103ms
  cloudfoundry_space.space_8                                             111ms
  cloudfoundry_space.space_9                                             114ms
  scc_subaccount.subaccount_1                                            900ms
  scc_subaccount.subaccount_10                                           2775ms
  scc_subaccount.subaccount_2                                            2135ms
  scc_subaccount.subaccount_3                                            655ms
  scc_subaccount.subaccount_4                                            2380ms
  scc_subaccount.subaccount_5                                            1435ms
  scc_subaccount.subaccount_6                                            2148ms
  scc_subaccount.subaccount_7                                            2494ms
  scc_subaccount.subaccount_8                                            1815ms
  scc_subaccount.subaccount_9                                            2611ms
  scc_system_mapping.system_1                                            61ms
  scc_system_mapping.system_10                                           55ms
  scc_system_mapping.system_11                                           61ms
  scc_system_mapping.system_12                                           56ms
  scc_system_mapping.system_13                                           57ms
  scc_system_mapping.system_14                                           57ms
  scc_system_mapping.system_15                                           57ms
  scc_system_mapping.system_16                                           53ms
  scc_system_mapping.system_17                                           53ms
  scc_system_mapping.system_18                                           58ms
  scc_system_mapping.system_19                                           53ms
  scc_system_mapping.system_2                                            57ms
  scc_system_mapping.system_20                                           54ms
  scc_system_mapping.system_3                                            54ms
  scc_system_mapping.system_4                                            144ms
  scc_system_mapping.system_5                                            139ms
  scc_system_mapping.system_6                                            53ms
  scc_system_mapping.system_7                                            58ms
  scc_system_mapping.system_8                                            103ms
  scc_system_mapping.system_9                                            144ms
  scc_system_mapping_resource.resource_1                                 53ms
  scc_system_mapping_resource.resource_10                                56ms
  scc_system_mapping_resource.resource_11                                74ms
  scc_system_mapping_resource.resource_12                                55ms
  scc_system_mapping_resource.resource_13                                55ms
  scc_system_mapping_resource.resource_14                                54ms
  scc_system_mapping_resource.resource_15                                53ms
  scc_system_mapping_resource.resource_16                                54ms
  scc_system_mapping_resource.resource_17                                95ms
  scc_system_mapping_resource.resource_18                                54ms
  scc_system_mapping_resource.resource_19                                53ms
  scc_system_mapping_resource.resource_2                                 57ms
  scc_system_mapping_resource.resource_20                                54ms
  scc_system_mapping_resource.resource_21                                57ms
  scc_system_mapping_resource.resource_22                                54ms
  scc_system_mapping_resource.resource_23                                94ms
  scc_system_mapping_resource.resource_24                                57ms
  scc_system_mapping_resource.resource_25                                50ms
  scc_system_mapping_resource.resource_26                                55ms
  scc_system_mapping_resource.resource_27                                55ms
  scc_system_mapping_resource.resource_28                                54ms
  scc_system_mapping_resource.resource_29                                52ms
  scc_system_mapping_resource.resource_3                                 54ms
  scc_system_mapping_resource.resource_30                                56ms
  scc_system_mapping_resource.resource_31                                53ms
  scc_system_mapping_resource.resource_32                                55ms
  scc_system_mapping_resource.resource_33                                57ms
  scc_system_mapping_resource.resource_34                                55ms
  scc_system_mapping_resource.resource_35                                58ms
  scc_system_mapping_resource.resource_36                                62ms
  scc_system_mapping_resource.resource_37                                111ms
  scc_system_mapping_resource.resource_38                                54ms
  scc_system_mapping_resource.resource_39                                56ms
  scc_system_mapping_resource.resource_4                                 75ms
  scc_system_mapping_resource.resource_40                                55ms
  scc_system_mapping_resource.resource_5                                 57ms
  scc_system_mapping_resource.resource_6                                 62ms
  scc_system_mapping_resource.resource_7                                 58ms
  scc_system_mapping_resource.resource_8                                 56ms
  scc_system_mapping_resource.resource_9                                 54ms
  sci_application.app_1                                                  117ms
  sci_application.app_10                                                 119ms
  sci_application.app_11                                                 147ms
  sci_application.app_12                                                 123ms
  sci_application.app_13                                                 124ms
  sci_application.app_14                                                 124ms
  sci_application.app_15                                                 120ms
  sci_application.app_16                                                 122ms
  sci_application.app_17                                                 126ms
  sci_application.app_18                                                 143ms
  sci_application.app_19                                                 118ms
  sci_application.app_2                                                  165ms
  sci_application.app_20                                                 123ms
  sci_application.app_3                                                  128ms
  sci_application.app_4                                                  130ms
  sci_application.app_5                                                  124ms
  sci_application.app_6                                                  162ms
  sci_application.app_7                                                  197ms
  sci_application.app_8                                                  121ms
  sci_application.app_9                                                  131ms
  sci_group_base.group_1                                                 93ms
  sci_group_base.group_10                                                102ms
  sci_group_base.group_11                                                129ms
  sci_group_base.group_12                                                138ms
  sci_group_base.group_13                                                110ms
  sci_group_base.group_14                                                88ms
  sci_group_base.group_15                                                104ms
  sci_group_base.group_16                                                89ms
  sci_group_base.group_17                                                95ms
  sci_group_base.group_18                                                95ms
  sci_group_base.group_19                                                96ms
  sci_group_base.group_2                                                 95ms
  sci_group_base.group_20                                                175ms
  sci_group_base.group_21                                                98ms
  sci_group_base.group_22                                                93ms
  sci_group_base.group_23                                                92ms
  sci_group_base.group_24                                                105ms
  sci_group_base.group_25                                                92ms
  sci_group_base.group_26                                                110ms
  sci_group_base.group_27                                                92ms
  sci_group_base.group_28                                                95ms
  sci_group_base.group_29                                                165ms
  sci_group_base.group_3                                                 93ms
  sci_group_base.group_30                                                108ms
  sci_group_base.group_4                                                 93ms
  sci_group_base.group_5                                                 130ms
  sci_group_base.group_6                                                 95ms
  sci_group_base.group_7                                                 102ms
  sci_group_base.group_8                                                 177ms
  sci_group_base.group_9                                                 98ms
  sci_user.user_1                                                        93ms
  sci_user.user_10                                                       106ms
  sci_user.user_11                                                       93ms
  sci_user.user_12                                                       87ms
  sci_user.user_13                                                       127ms
  sci_user.user_14                                                       97ms
  sci_user.user_15                                                       102ms
  sci_user.user_16                                                       89ms
  sci_user.user_17                                                       79ms
  sci_user.user_18                                                       89ms
  sci_user.user_19                                                       90ms
  sci_user.user_2                                                        179ms
  sci_user.user_20                                                       127ms
  sci_user.user_21                                                       94ms
  sci_user.user_22                                                       93ms
  sci_user.user_23                                                       94ms
  sci_user.user_24                                                       95ms
  sci_user.user_25                                                       101ms
  sci_user.user_26                                                       84ms
  sci_user.user_27                                                       91ms
  sci_user.user_28                                                       97ms
  sci_user.user_29                                                       85ms
  sci_user.user_3                                                        91ms
  sci_user.user_30                                                       98ms
  sci_user.user_31                                                       88ms
  sci_user.user_32                                                       132ms
  sci_user.user_33                                                       83ms
  sci_user.user_34                                                       93ms
  sci_user.user_35                                                       85ms
  sci_user.user_36                                                       173ms
  sci_user.user_37                                                       88ms
  sci_user.user_38                                                       95ms
  sci_user.user_39                                                       101ms
  sci_user.user_4                                                        96ms
  sci_user.user_40                                                       93ms
  sci_user.user_41                                                       100ms
  sci_user.user_42                                                       86ms
  sci_user.user_43                                                       80ms
  sci_user.user_44                                                       84ms
  sci_user.user_45                                                       89ms
  sci_user.user_46                                                       179ms
  sci_user.user_47                                                       91ms
  sci_user.user_48                                                       93ms
  sci_user.user_49                                                       100ms
  sci_user.user_5                                                        94ms
  sci_user.user_50                                                       103ms
  sci_user.user_6                                                        93ms
  sci_user.user_7                                                        92ms
  sci_user.user_8                                                        90ms
  sci_user.user_9                                                        134ms


Run 15/20:
  Total run time: 103.781372s
  btp_directory.directory_1                                              482ms
  btp_directory.directory_10                                             2231ms
  btp_directory.directory_2                                              2527ms
  btp_directory.directory_3                                              2721ms
  btp_directory.directory_4                                              2675ms
  btp_directory.directory_5                                              1939ms
  btp_directory.directory_6                                              128ms
  btp_directory.directory_7                                              859ms
  btp_directory.directory_8                                              2519ms
  btp_directory.directory_9                                              179ms
  btp_subaccount.subaccount_1                                            1211ms
  btp_subaccount.subaccount_10                                           1282ms
  btp_subaccount.subaccount_2                                            1867ms
  btp_subaccount.subaccount_3                                            1027ms
  btp_subaccount.subaccount_4                                            6074ms
  btp_subaccount.subaccount_5                                            1321ms
  btp_subaccount.subaccount_6                                            2153ms
  btp_subaccount.subaccount_7                                            478ms
  btp_subaccount.subaccount_8                                            804ms
  btp_subaccount.subaccount_9                                            55ms
  btp_subaccount_destination_generic.destination_1                       542ms
  btp_subaccount_destination_generic.destination_10                      663ms
  btp_subaccount_destination_generic.destination_11                      1320ms
  btp_subaccount_destination_generic.destination_12                      1574ms
  btp_subaccount_destination_generic.destination_13                      1169ms
  btp_subaccount_destination_generic.destination_14                      200ms
  btp_subaccount_destination_generic.destination_15                      1104ms
  btp_subaccount_destination_generic.destination_16                      1712ms
  btp_subaccount_destination_generic.destination_17                      538ms
  btp_subaccount_destination_generic.destination_18                      1353ms
  btp_subaccount_destination_generic.destination_19                      613ms
  btp_subaccount_destination_generic.destination_2                       1103ms
  btp_subaccount_destination_generic.destination_20                      1066ms
  btp_subaccount_destination_generic.destination_3                       1512ms
  btp_subaccount_destination_generic.destination_4                       1459ms
  btp_subaccount_destination_generic.destination_5                       1725ms
  btp_subaccount_destination_generic.destination_6                       577ms
  btp_subaccount_destination_generic.destination_7                       6184ms
  btp_subaccount_destination_generic.destination_8                       1698ms
  btp_subaccount_destination_generic.destination_9                       6113ms
  btp_subaccount_entitlement.entitlement_1                               16755ms
  btp_subaccount_entitlement.entitlement_10                              13956ms
  btp_subaccount_entitlement.entitlement_11                              14432ms
  btp_subaccount_entitlement.entitlement_12                              12863ms
  btp_subaccount_entitlement.entitlement_13                              14277ms
  btp_subaccount_entitlement.entitlement_14                              13948ms
  btp_subaccount_entitlement.entitlement_15                              13364ms
  btp_subaccount_entitlement.entitlement_16                              14062ms
  btp_subaccount_entitlement.entitlement_17                              11723ms
  btp_subaccount_entitlement.entitlement_18                              14116ms
  btp_subaccount_entitlement.entitlement_19                              12286ms
  btp_subaccount_entitlement.entitlement_2                               13727ms
  btp_subaccount_entitlement.entitlement_20                              13486ms
  btp_subaccount_entitlement.entitlement_21                              18898ms
  btp_subaccount_entitlement.entitlement_22                              15737ms
  btp_subaccount_entitlement.entitlement_23                              14591ms
  btp_subaccount_entitlement.entitlement_24                              12316ms
  btp_subaccount_entitlement.entitlement_25                              14537ms
  btp_subaccount_entitlement.entitlement_26                              12466ms
  btp_subaccount_entitlement.entitlement_27                              13242ms
  btp_subaccount_entitlement.entitlement_28                              14606ms
  btp_subaccount_entitlement.entitlement_29                              14547ms
  btp_subaccount_entitlement.entitlement_3                               13310ms
  btp_subaccount_entitlement.entitlement_30                              13152ms
  btp_subaccount_entitlement.entitlement_31                              13233ms
  btp_subaccount_entitlement.entitlement_32                              13034ms
  btp_subaccount_entitlement.entitlement_33                              12387ms
  btp_subaccount_entitlement.entitlement_34                              13133ms
  btp_subaccount_entitlement.entitlement_35                              14108ms
  btp_subaccount_entitlement.entitlement_36                              13182ms
  btp_subaccount_entitlement.entitlement_37                              11822ms
  btp_subaccount_entitlement.entitlement_38                              12746ms
  btp_subaccount_entitlement.entitlement_39                              14576ms
  btp_subaccount_entitlement.entitlement_4                               13214ms
  btp_subaccount_entitlement.entitlement_40                              12425ms
  btp_subaccount_entitlement.entitlement_5                               14413ms
  btp_subaccount_entitlement.entitlement_6                               15142ms
  btp_subaccount_entitlement.entitlement_7                               15818ms
  btp_subaccount_entitlement.entitlement_8                               15403ms
  btp_subaccount_entitlement.entitlement_9                               18873ms
  btp_subaccount_environment_instance.cloudfoundry_1                     4979ms
  btp_subaccount_environment_instance.cloudfoundry_10                    434ms
  btp_subaccount_environment_instance.cloudfoundry_2                     6336ms
  btp_subaccount_environment_instance.cloudfoundry_3                     2567ms
  btp_subaccount_environment_instance.cloudfoundry_4                     828ms
  btp_subaccount_environment_instance.cloudfoundry_5                     817ms
  btp_subaccount_environment_instance.cloudfoundry_6                     1405ms
  btp_subaccount_environment_instance.cloudfoundry_7                     1917ms
  btp_subaccount_environment_instance.cloudfoundry_8                     948ms
  btp_subaccount_environment_instance.cloudfoundry_9                     836ms
  btp_subaccount_role.role_1                                             1013ms
  btp_subaccount_role.role_10                                            1168ms
  btp_subaccount_role.role_11                                            1282ms
  btp_subaccount_role.role_12                                            1289ms
  btp_subaccount_role.role_13                                            1650ms
  btp_subaccount_role.role_14                                            4575ms
  btp_subaccount_role.role_15                                            1485ms
  btp_subaccount_role.role_16                                            1713ms
  btp_subaccount_role.role_17                                            1224ms
  btp_subaccount_role.role_18                                            309ms
  btp_subaccount_role.role_19                                            859ms
  btp_subaccount_role.role_2                                             942ms
  btp_subaccount_role.role_20                                            169ms
  btp_subaccount_role.role_3                                             240ms
  btp_subaccount_role.role_4                                             193ms
  btp_subaccount_role.role_5                                             2039ms
  btp_subaccount_role.role_6                                             1373ms
  btp_subaccount_role.role_7                                             415ms
  btp_subaccount_role.role_8                                             242ms
  btp_subaccount_role.role_9                                             1756ms
  btp_subaccount_role_collection.collection_1                            6180ms
  btp_subaccount_role_collection.collection_10                           697ms
  btp_subaccount_role_collection.collection_11                           309ms
  btp_subaccount_role_collection.collection_12                           1280ms
  btp_subaccount_role_collection.collection_13                           1420ms
  btp_subaccount_role_collection.collection_14                           1126ms
  btp_subaccount_role_collection.collection_15                           2391ms
  btp_subaccount_role_collection.collection_16                           5492ms
  btp_subaccount_role_collection.collection_17                           2151ms
  btp_subaccount_role_collection.collection_18                           289ms
  btp_subaccount_role_collection.collection_19                           1503ms
  btp_subaccount_role_collection.collection_2                            1277ms
  btp_subaccount_role_collection.collection_20                           6169ms
  btp_subaccount_role_collection.collection_21                           2033ms
  btp_subaccount_role_collection.collection_22                           153ms
  btp_subaccount_role_collection.collection_23                           1421ms
  btp_subaccount_role_collection.collection_24                           1403ms
  btp_subaccount_role_collection.collection_25                           1335ms
  btp_subaccount_role_collection.collection_26                           1339ms
  btp_subaccount_role_collection.collection_27                           457ms
  btp_subaccount_role_collection.collection_28                           1697ms
  btp_subaccount_role_collection.collection_29                           1053ms
  btp_subaccount_role_collection.collection_3                            1516ms
  btp_subaccount_role_collection.collection_30                           1945ms
  btp_subaccount_role_collection.collection_4                            928ms
  btp_subaccount_role_collection.collection_5                            263ms
  btp_subaccount_role_collection.collection_6                            1244ms
  btp_subaccount_role_collection.collection_7                            1529ms
  btp_subaccount_role_collection.collection_8                            203ms
  btp_subaccount_role_collection.collection_9                            777ms
  btp_subaccount_service_instance.instance_1                             13989ms
  btp_subaccount_service_instance.instance_10                            856ms
  btp_subaccount_service_instance.instance_11                            4319ms
  btp_subaccount_service_instance.instance_12                            14402ms
  btp_subaccount_service_instance.instance_13                            2954ms
  btp_subaccount_service_instance.instance_14                            3938ms
  btp_subaccount_service_instance.instance_15                            3421ms
  btp_subaccount_service_instance.instance_16                            4709ms
  btp_subaccount_service_instance.instance_17                            4159ms
  btp_subaccount_service_instance.instance_18                            2347ms
  btp_subaccount_service_instance.instance_19                            6077ms
  btp_subaccount_service_instance.instance_2                             5789ms
  btp_subaccount_service_instance.instance_20                            4186ms
  btp_subaccount_service_instance.instance_3                             1676ms
  btp_subaccount_service_instance.instance_4                             3378ms
  btp_subaccount_service_instance.instance_5                             4253ms
  btp_subaccount_service_instance.instance_6                             4042ms
  btp_subaccount_service_instance.instance_7                             1884ms
  btp_subaccount_service_instance.instance_8                             4105ms
  btp_subaccount_service_instance.instance_9                             4809ms
  btp_subaccount_subscription.subscription_1                             2804ms
  btp_subaccount_subscription.subscription_10                            2867ms
  btp_subaccount_subscription.subscription_11                            2706ms
  btp_subaccount_subscription.subscription_12                            2923ms
  btp_subaccount_subscription.subscription_13                            4028ms
  btp_subaccount_subscription.subscription_14                            2889ms
  btp_subaccount_subscription.subscription_15                            624ms
  btp_subaccount_subscription.subscription_16                            1680ms
  btp_subaccount_subscription.subscription_17                            1938ms
  btp_subaccount_subscription.subscription_18                            3380ms
  btp_subaccount_subscription.subscription_19                            636ms
  btp_subaccount_subscription.subscription_2                             3443ms
  btp_subaccount_subscription.subscription_20                            2273ms
  btp_subaccount_subscription.subscription_21                            2866ms
  btp_subaccount_subscription.subscription_22                            3719ms
  btp_subaccount_subscription.subscription_23                            2058ms
  btp_subaccount_subscription.subscription_24                            7500ms
  btp_subaccount_subscription.subscription_25                            2519ms
  btp_subaccount_subscription.subscription_26                            4143ms
  btp_subaccount_subscription.subscription_27                            1291ms
  btp_subaccount_subscription.subscription_28                            2219ms
  btp_subaccount_subscription.subscription_29                            2860ms
  btp_subaccount_subscription.subscription_3                             3454ms
  btp_subaccount_subscription.subscription_30                            6983ms
  btp_subaccount_subscription.subscription_4                             2929ms
  btp_subaccount_subscription.subscription_5                             2941ms
  btp_subaccount_subscription.subscription_6                             2758ms
  btp_subaccount_subscription.subscription_7                             5732ms
  btp_subaccount_subscription.subscription_8                             3259ms
  btp_subaccount_subscription.subscription_9                             2790ms
  btp_subaccount_trust_configuration.trust_1                             629ms
  btp_subaccount_trust_configuration.trust_10                            790ms
  btp_subaccount_trust_configuration.trust_2                             1743ms
  btp_subaccount_trust_configuration.trust_3                             958ms
  btp_subaccount_trust_configuration.trust_4                             1124ms
  btp_subaccount_trust_configuration.trust_5                             1528ms
  btp_subaccount_trust_configuration.trust_6                             2202ms
  btp_subaccount_trust_configuration.trust_7                             4440ms
  btp_subaccount_trust_configuration.trust_8                             1103ms
  btp_subaccount_trust_configuration.trust_9                             1458ms
  cloudfoundry_service_instance.instance_1                               51ms
  cloudfoundry_service_instance.instance_10                              37ms
  cloudfoundry_service_instance.instance_11                              42ms
  cloudfoundry_service_instance.instance_12                              78ms
  cloudfoundry_service_instance.instance_13                              52ms
  cloudfoundry_service_instance.instance_14                              42ms
  cloudfoundry_service_instance.instance_15                              52ms
  cloudfoundry_service_instance.instance_16                              83ms
  cloudfoundry_service_instance.instance_17                              42ms
  cloudfoundry_service_instance.instance_18                              37ms
  cloudfoundry_service_instance.instance_19                              44ms
  cloudfoundry_service_instance.instance_2                               123ms
  cloudfoundry_service_instance.instance_20                              53ms
  cloudfoundry_service_instance.instance_21                              3269ms
  cloudfoundry_service_instance.instance_22                              38ms
  cloudfoundry_service_instance.instance_23                              44ms
  cloudfoundry_service_instance.instance_24                              54ms
  cloudfoundry_service_instance.instance_25                              56ms
  cloudfoundry_service_instance.instance_26                              40ms
  cloudfoundry_service_instance.instance_27                              49ms
  cloudfoundry_service_instance.instance_28                              41ms
  cloudfoundry_service_instance.instance_29                              40ms
  cloudfoundry_service_instance.instance_3                               37ms
  cloudfoundry_service_instance.instance_30                              64ms
  cloudfoundry_service_instance.instance_31                              50ms
  cloudfoundry_service_instance.instance_32                              35ms
  cloudfoundry_service_instance.instance_33                              47ms
  cloudfoundry_service_instance.instance_34                              49ms
  cloudfoundry_service_instance.instance_35                              58ms
  cloudfoundry_service_instance.instance_36                              48ms
  cloudfoundry_service_instance.instance_37                              43ms
  cloudfoundry_service_instance.instance_38                              41ms
  cloudfoundry_service_instance.instance_39                              39ms
  cloudfoundry_service_instance.instance_4                               37ms
  cloudfoundry_service_instance.instance_40                              41ms
  cloudfoundry_service_instance.instance_5                               40ms
  cloudfoundry_service_instance.instance_6                               62ms
  cloudfoundry_service_instance.instance_7                               50ms
  cloudfoundry_service_instance.instance_8                               46ms
  cloudfoundry_service_instance.instance_9                               52ms
  cloudfoundry_space.space_1                                             128ms
  cloudfoundry_space.space_10                                            92ms
  cloudfoundry_space.space_11                                            142ms
  cloudfoundry_space.space_12                                            98ms
  cloudfoundry_space.space_13                                            115ms
  cloudfoundry_space.space_14                                            100ms
  cloudfoundry_space.space_15                                            110ms
  cloudfoundry_space.space_16                                            108ms
  cloudfoundry_space.space_17                                            105ms
  cloudfoundry_space.space_18                                            102ms
  cloudfoundry_space.space_19                                            100ms
  cloudfoundry_space.space_2                                             119ms
  cloudfoundry_space.space_20                                            112ms
  cloudfoundry_space.space_3                                             95ms
  cloudfoundry_space.space_4                                             99ms
  cloudfoundry_space.space_5                                             141ms
  cloudfoundry_space.space_6                                             103ms
  cloudfoundry_space.space_7                                             112ms
  cloudfoundry_space.space_8                                             120ms
  cloudfoundry_space.space_9                                             4005ms
  scc_subaccount.subaccount_1                                            3569ms
  scc_subaccount.subaccount_10                                           2575ms
  scc_subaccount.subaccount_2                                            2292ms
  scc_subaccount.subaccount_3                                            3261ms
  scc_subaccount.subaccount_4                                            1904ms
  scc_subaccount.subaccount_5                                            1498ms
  scc_subaccount.subaccount_6                                            2823ms
  scc_subaccount.subaccount_7                                            948ms
  scc_subaccount.subaccount_8                                            534ms
  scc_subaccount.subaccount_9                                            1287ms
  scc_system_mapping.system_1                                            58ms
  scc_system_mapping.system_10                                           63ms
  scc_system_mapping.system_11                                           78ms
  scc_system_mapping.system_12                                           144ms
  scc_system_mapping.system_13                                           74ms
  scc_system_mapping.system_14                                           153ms
  scc_system_mapping.system_15                                           87ms
  scc_system_mapping.system_16                                           64ms
  scc_system_mapping.system_17                                           149ms
  scc_system_mapping.system_18                                           70ms
  scc_system_mapping.system_19                                           63ms
  scc_system_mapping.system_2                                            58ms
  scc_system_mapping.system_20                                           61ms
  scc_system_mapping.system_3                                            58ms
  scc_system_mapping.system_4                                            92ms
  scc_system_mapping.system_5                                            64ms
  scc_system_mapping.system_6                                            61ms
  scc_system_mapping.system_7                                            154ms
  scc_system_mapping.system_8                                            64ms
  scc_system_mapping.system_9                                            115ms
  scc_system_mapping_resource.resource_1                                 56ms
  scc_system_mapping_resource.resource_10                                137ms
  scc_system_mapping_resource.resource_11                                61ms
  scc_system_mapping_resource.resource_12                                61ms
  scc_system_mapping_resource.resource_13                                62ms
  scc_system_mapping_resource.resource_14                                53ms
  scc_system_mapping_resource.resource_15                                81ms
  scc_system_mapping_resource.resource_16                                57ms
  scc_system_mapping_resource.resource_17                                163ms
  scc_system_mapping_resource.resource_18                                67ms
  scc_system_mapping_resource.resource_19                                60ms
  scc_system_mapping_resource.resource_2                                 51ms
  scc_system_mapping_resource.resource_20                                59ms
  scc_system_mapping_resource.resource_21                                60ms
  scc_system_mapping_resource.resource_22                                64ms
  scc_system_mapping_resource.resource_23                                62ms
  scc_system_mapping_resource.resource_24                                55ms
  scc_system_mapping_resource.resource_25                                55ms
  scc_system_mapping_resource.resource_26                                60ms
  scc_system_mapping_resource.resource_27                                71ms
  scc_system_mapping_resource.resource_28                                63ms
  scc_system_mapping_resource.resource_29                                64ms
  scc_system_mapping_resource.resource_3                                 62ms
  scc_system_mapping_resource.resource_30                                63ms
  scc_system_mapping_resource.resource_31                                63ms
  scc_system_mapping_resource.resource_32                                148ms
  scc_system_mapping_resource.resource_33                                62ms
  scc_system_mapping_resource.resource_34                                67ms
  scc_system_mapping_resource.resource_35                                60ms
  scc_system_mapping_resource.resource_36                                55ms
  scc_system_mapping_resource.resource_37                                71ms
  scc_system_mapping_resource.resource_38                                63ms
  scc_system_mapping_resource.resource_39                                89ms
  scc_system_mapping_resource.resource_4                                 78ms
  scc_system_mapping_resource.resource_40                                144ms
  scc_system_mapping_resource.resource_5                                 56ms
  scc_system_mapping_resource.resource_6                                 138ms
  scc_system_mapping_resource.resource_7                                 63ms
  scc_system_mapping_resource.resource_8                                 61ms
  scc_system_mapping_resource.resource_9                                 88ms
  sci_application.app_1                                                  120ms
  sci_application.app_10                                                 124ms
  sci_application.app_11                                                 127ms
  sci_application.app_12                                                 195ms
  sci_application.app_13                                                 115ms
  sci_application.app_14                                                 124ms
  sci_application.app_15                                                 118ms
  sci_application.app_16                                                 116ms
  sci_application.app_17                                                 136ms
  sci_application.app_18                                                 121ms
  sci_application.app_19                                                 128ms
  sci_application.app_2                                                  126ms
  sci_application.app_20                                                 127ms
  sci_application.app_3                                                  126ms
  sci_application.app_4                                                  126ms
  sci_application.app_5                                                  129ms
  sci_application.app_6                                                  117ms
  sci_application.app_7                                                  111ms
  sci_application.app_8                                                  130ms
  sci_application.app_9                                                  132ms
  sci_group_base.group_1                                                 103ms
  sci_group_base.group_10                                                92ms
  sci_group_base.group_11                                                110ms
  sci_group_base.group_12                                                107ms
  sci_group_base.group_13                                                99ms
  sci_group_base.group_14                                                163ms
  sci_group_base.group_15                                                91ms
  sci_group_base.group_16                                                112ms
  sci_group_base.group_17                                                105ms
  sci_group_base.group_18                                                156ms
  sci_group_base.group_19                                                96ms
  sci_group_base.group_2                                                 92ms
  sci_group_base.group_20                                                98ms
  sci_group_base.group_21                                                92ms
  sci_group_base.group_22                                                91ms
  sci_group_base.group_23                                                103ms
  sci_group_base.group_24                                                106ms
  sci_group_base.group_25                                                97ms
  sci_group_base.group_26                                                95ms
  sci_group_base.group_27                                                107ms
  sci_group_base.group_28                                                96ms
  sci_group_base.group_29                                                92ms
  sci_group_base.group_3                                                 119ms
  sci_group_base.group_30                                                92ms
  sci_group_base.group_4                                                 110ms
  sci_group_base.group_5                                                 99ms
  sci_group_base.group_6                                                 97ms
  sci_group_base.group_7                                                 158ms
  sci_group_base.group_8                                                 91ms
  sci_group_base.group_9                                                 93ms
  sci_user.user_1                                                        97ms
  sci_user.user_10                                                       102ms
  sci_user.user_11                                                       111ms
  sci_user.user_12                                                       89ms
  sci_user.user_13                                                       92ms
  sci_user.user_14                                                       94ms
  sci_user.user_15                                                       101ms
  sci_user.user_16                                                       91ms
  sci_user.user_17                                                       93ms
  sci_user.user_18                                                       109ms
  sci_user.user_19                                                       98ms
  sci_user.user_2                                                        95ms
  sci_user.user_20                                                       111ms
  sci_user.user_21                                                       111ms
  sci_user.user_22                                                       87ms
  sci_user.user_23                                                       99ms
  sci_user.user_24                                                       96ms
  sci_user.user_25                                                       87ms
  sci_user.user_26                                                       92ms
  sci_user.user_27                                                       100ms
  sci_user.user_28                                                       90ms
  sci_user.user_29                                                       87ms
  sci_user.user_3                                                        87ms
  sci_user.user_30                                                       93ms
  sci_user.user_31                                                       98ms
  sci_user.user_32                                                       94ms
  sci_user.user_33                                                       105ms
  sci_user.user_34                                                       90ms
  sci_user.user_35                                                       105ms
  sci_user.user_36                                                       98ms
  sci_user.user_37                                                       83ms
  sci_user.user_38                                                       98ms
  sci_user.user_39                                                       105ms
  sci_user.user_4                                                        96ms
  sci_user.user_40                                                       99ms
  sci_user.user_41                                                       154ms
  sci_user.user_42                                                       109ms
  sci_user.user_43                                                       90ms
  sci_user.user_44                                                       112ms
  sci_user.user_45                                                       105ms
  sci_user.user_46                                                       97ms
  sci_user.user_47                                                       102ms
  sci_user.user_48                                                       99ms
  sci_user.user_49                                                       96ms
  sci_user.user_5                                                        163ms
  sci_user.user_50                                                       158ms
  sci_user.user_6                                                        93ms
  sci_user.user_7                                                        100ms
  sci_user.user_8                                                        94ms
  sci_user.user_9                                                        89ms


Run 16/20:
  terraform plan failed with exit status 1
  Total run time: 105.257823s
  btp_directory.directory_1                                              2050ms
  btp_directory.directory_10                                             10028ms
  btp_directory.directory_2                                              2676ms
  btp_directory.directory_3                                              133ms
  btp_directory.directory_4                                              2389ms
  btp_directory.directory_5                                              8251ms
  btp_directory.directory_6                                              2283ms
  btp_directory.directory_7                                              2151ms
  btp_directory.directory_8                                              1650ms
  btp_directory.directory_9                                              2581ms
  btp_subaccount.subaccount_1                                            987ms
  btp_subaccount.subaccount_10                                           228ms
  btp_subaccount.subaccount_2                                            1613ms
  btp_subaccount.subaccount_3                                            1492ms
  btp_subaccount.subaccount_4                                            1017ms
  btp_subaccount.subaccount_5                                            6472ms
  btp_subaccount.subaccount_6                                            958ms
  btp_subaccount.subaccount_7                                            1618ms
  btp_subaccount.subaccount_8                                            856ms
  btp_subaccount.subaccount_9                                            1115ms
  btp_subaccount_destination_generic.destination_1                       1037ms
  btp_subaccount_destination_generic.destination_10                      547ms
  btp_subaccount_destination_generic.destination_11                      2111ms
  btp_subaccount_destination_generic.destination_12                      1199ms
  btp_subaccount_destination_generic.destination_13                      1245ms
  btp_subaccount_destination_generic.destination_14                      891ms
  btp_subaccount_destination_generic.destination_15                      207ms
  btp_subaccount_destination_generic.destination_16                      1556ms
  btp_subaccount_destination_generic.destination_17                      1302ms
  btp_subaccount_destination_generic.destination_18                      1321ms
  btp_subaccount_destination_generic.destination_19                      1316ms
  btp_subaccount_destination_generic.destination_2                       1110ms
  btp_subaccount_destination_generic.destination_20                      165ms
  btp_subaccount_destination_generic.destination_3                       1208ms
  btp_subaccount_destination_generic.destination_4                       1526ms
  btp_subaccount_destination_generic.destination_5                       1644ms
  btp_subaccount_destination_generic.destination_6                       1035ms
  btp_subaccount_destination_generic.destination_7                       846ms
  btp_subaccount_destination_generic.destination_8                       1227ms
  btp_subaccount_destination_generic.destination_9                       1402ms
  btp_subaccount_entitlement.entitlement_1                               13627ms
  btp_subaccount_entitlement.entitlement_10                              13281ms
  btp_subaccount_entitlement.entitlement_11                              15435ms
  btp_subaccount_entitlement.entitlement_12                              13625ms
  btp_subaccount_entitlement.entitlement_13                              11637ms
  btp_subaccount_entitlement.entitlement_14                              11920ms
  btp_subaccount_entitlement.entitlement_15                              13109ms
  btp_subaccount_entitlement.entitlement_16                              12750ms
  btp_subaccount_entitlement.entitlement_17                              12777ms
  btp_subaccount_entitlement.entitlement_18                              13155ms
  btp_subaccount_entitlement.entitlement_19                              12567ms
  btp_subaccount_entitlement.entitlement_2                               12467ms
  btp_subaccount_entitlement.entitlement_20                              13914ms
  btp_subaccount_entitlement.entitlement_21                              15460ms
  btp_subaccount_entitlement.entitlement_22                              17182ms
  btp_subaccount_entitlement.entitlement_23                              13092ms
  btp_subaccount_entitlement.entitlement_24                              17278ms
  btp_subaccount_entitlement.entitlement_25                              12398ms
  btp_subaccount_entitlement.entitlement_26                              13049ms
  btp_subaccount_entitlement.entitlement_27                              12281ms
  btp_subaccount_entitlement.entitlement_28                              12148ms
  btp_subaccount_entitlement.entitlement_29                              12941ms
  btp_subaccount_entitlement.entitlement_3                               13585ms
  btp_subaccount_entitlement.entitlement_30                              13398ms
  btp_subaccount_entitlement.entitlement_31                              13593ms
  btp_subaccount_entitlement.entitlement_32                              15777ms
  btp_subaccount_entitlement.entitlement_33                              14218ms
  btp_subaccount_entitlement.entitlement_34                              15193ms
  btp_subaccount_entitlement.entitlement_35                              12740ms
  btp_subaccount_entitlement.entitlement_36                              11875ms
  btp_subaccount_entitlement.entitlement_37                              16988ms
  btp_subaccount_entitlement.entitlement_38                              13076ms
  btp_subaccount_entitlement.entitlement_39                              12329ms
  btp_subaccount_entitlement.entitlement_4                               12241ms
  btp_subaccount_entitlement.entitlement_40                              18580ms
  btp_subaccount_entitlement.entitlement_5                               13870ms
  btp_subaccount_entitlement.entitlement_6                               12666ms
  btp_subaccount_entitlement.entitlement_7                               13222ms
  btp_subaccount_entitlement.entitlement_8                               13405ms
  btp_subaccount_entitlement.entitlement_9                               12076ms
  btp_subaccount_environment_instance.cloudfoundry_1                     376ms
  btp_subaccount_environment_instance.cloudfoundry_10                    646ms
  btp_subaccount_environment_instance.cloudfoundry_2                     374ms
  btp_subaccount_environment_instance.cloudfoundry_3                     340ms
  btp_subaccount_environment_instance.cloudfoundry_4                     1005ms
  btp_subaccount_environment_instance.cloudfoundry_5                     1797ms
  btp_subaccount_environment_instance.cloudfoundry_6                     1755ms
  btp_subaccount_environment_instance.cloudfoundry_7                     1514ms
  btp_subaccount_environment_instance.cloudfoundry_8                     389ms
  btp_subaccount_environment_instance.cloudfoundry_9                     1172ms
  btp_subaccount_role.role_1                                             3778ms
  btp_subaccount_role.role_10                                            840ms
  btp_subaccount_role.role_11                                            1497ms
  btp_subaccount_role.role_12                                            1857ms
  btp_subaccount_role.role_13                                            986ms
  btp_subaccount_role.role_14                                            986ms
  btp_subaccount_role.role_15                                            1380ms
  btp_subaccount_role.role_16                                            1067ms
  btp_subaccount_role.role_17                                            1242ms
  btp_subaccount_role.role_18                                            1497ms
  btp_subaccount_role.role_19                                            1407ms
  btp_subaccount_role.role_2                                             202ms
  btp_subaccount_role.role_20                                            2469ms
  btp_subaccount_role.role_3                                             1304ms
  btp_subaccount_role.role_4                                             1670ms
  btp_subaccount_role.role_5                                             1345ms
  btp_subaccount_role.role_6                                             1177ms
  btp_subaccount_role.role_7                                             1481ms
  btp_subaccount_role.role_8                                             1420ms
  btp_subaccount_role.role_9                                             1123ms
  btp_subaccount_role_collection.collection_1                            1019ms
  btp_subaccount_role_collection.collection_10                           321ms
  btp_subaccount_role_collection.collection_11                           1222ms
  btp_subaccount_role_collection.collection_12                           889ms
  btp_subaccount_role_collection.collection_13                           1322ms
  btp_subaccount_role_collection.collection_14                           204ms
  btp_subaccount_role_collection.collection_15                           204ms
  btp_subaccount_role_collection.collection_16                           1587ms
  btp_subaccount_role_collection.collection_17                           1108ms
  btp_subaccount_role_collection.collection_18                           257ms
  btp_subaccount_role_collection.collection_19                           3192ms
  btp_subaccount_role_collection.collection_2                            2186ms
  btp_subaccount_role_collection.collection_20                           971ms
  btp_subaccount_role_collection.collection_21                           1146ms
  btp_subaccount_role_collection.collection_22                           556ms
  btp_subaccount_role_collection.collection_23                           1440ms
  btp_subaccount_role_collection.collection_24                           778ms
  btp_subaccount_role_collection.collection_25                           1415ms
  btp_subaccount_role_collection.collection_26                           320ms
  btp_subaccount_role_collection.collection_27                           1546ms
  btp_subaccount_role_collection.collection_28                           1248ms
  btp_subaccount_role_collection.collection_29                           1042ms
  btp_subaccount_role_collection.collection_3                            1205ms
  btp_subaccount_role_collection.collection_30                           1481ms
  btp_subaccount_role_collection.collection_4                            1224ms
  btp_subaccount_role_collection.collection_5                            153ms
  btp_subaccount_role_collection.collection_6                            916ms
  btp_subaccount_role_collection.collection_7                            1869ms
  btp_subaccount_role_collection.collection_8                            1470ms
  btp_subaccount_role_collection.collection_9                            3586ms
  btp_subaccount_service_instance.instance_1                             4787ms
  btp_subaccount_service_instance.instance_10                            1908ms
  btp_subaccount_service_instance.instance_11                            7897ms
  btp_subaccount_service_instance.instance_12                            4656ms
  btp_subaccount_service_instance.instance_13                            3997ms
  btp_subaccount_service_instance.instance_14                            4015ms
  btp_subaccount_service_instance.instance_15                            9302ms
  btp_subaccount_service_instance.instance_16                            1754ms
  btp_subaccount_service_instance.instance_17                            4561ms
  btp_subaccount_service_instance.instance_18                            3335ms
  btp_subaccount_service_instance.instance_19                            2625ms
  btp_subaccount_service_instance.instance_2                             11580ms
  btp_subaccount_service_instance.instance_20                            3912ms
  btp_subaccount_service_instance.instance_3                             4568ms
  btp_subaccount_service_instance.instance_4                             1831ms
  btp_subaccount_service_instance.instance_5                             847ms
  btp_subaccount_service_instance.instance_6                             3732ms
  btp_subaccount_service_instance.instance_7                             3281ms
  btp_subaccount_service_instance.instance_8                             2481ms
  btp_subaccount_service_instance.instance_9                             1361ms
  btp_subaccount_subscription.subscription_1                             2717ms
  btp_subaccount_subscription.subscription_10                            2012ms
  btp_subaccount_subscription.subscription_11                            2267ms
  btp_subaccount_subscription.subscription_12                            685ms
  btp_subaccount_subscription.subscription_13                            1838ms
  btp_subaccount_subscription.subscription_14                            5955ms
  btp_subaccount_subscription.subscription_15                            2733ms
  btp_subaccount_subscription.subscription_16                            2832ms
  btp_subaccount_subscription.subscription_17                            1854ms
  btp_subaccount_subscription.subscription_18                            673ms
  btp_subaccount_subscription.subscription_19                            3133ms
  btp_subaccount_subscription.subscription_2                             2393ms
  btp_subaccount_subscription.subscription_20                            2440ms
  btp_subaccount_subscription.subscription_21                            3357ms
  btp_subaccount_subscription.subscription_22                            2262ms
  btp_subaccount_subscription.subscription_23                            3034ms
  btp_subaccount_subscription.subscription_24                            2949ms
  btp_subaccount_subscription.subscription_25                            2836ms
  btp_subaccount_subscription.subscription_26                            3137ms
  btp_subaccount_subscription.subscription_27                            2515ms
  btp_subaccount_subscription.subscription_28                            1293ms
  btp_subaccount_subscription.subscription_29                            1968ms
  btp_subaccount_subscription.subscription_3                             5078ms
  btp_subaccount_subscription.subscription_30                            1862ms
  btp_subaccount_subscription.subscription_4                             2665ms
  btp_subaccount_subscription.subscription_5                             1480ms
  btp_subaccount_subscription.subscription_6                             2283ms
  btp_subaccount_subscription.subscription_7                             3250ms
  btp_subaccount_subscription.subscription_8                             3209ms
  btp_subaccount_subscription.subscription_9                             2844ms
  btp_subaccount_trust_configuration.trust_1                             1393ms
  btp_subaccount_trust_configuration.trust_10                            200ms
  btp_subaccount_trust_configuration.trust_2                             1024ms
  btp_subaccount_trust_configuration.trust_3                             795ms
  btp_subaccount_trust_configuration.trust_4                             1142ms
  btp_subaccount_trust_configuration.trust_5                             482ms
  btp_subaccount_trust_configuration.trust_6                             472ms
  btp_subaccount_trust_configuration.trust_7                             1324ms
  btp_subaccount_trust_configuration.trust_8                             1129ms
  btp_subaccount_trust_configuration.trust_9                             1067ms
  cloudfoundry_service_instance.instance_1                               43ms
  cloudfoundry_service_instance.instance_10                              43ms
  cloudfoundry_service_instance.instance_11                              64ms
  cloudfoundry_service_instance.instance_12                              40ms
  cloudfoundry_service_instance.instance_13                              46ms
  cloudfoundry_service_instance.instance_14                              60ms
  cloudfoundry_service_instance.instance_15                              46ms
  cloudfoundry_service_instance.instance_16                              68ms
  cloudfoundry_service_instance.instance_17                              62ms
  cloudfoundry_service_instance.instance_18                              52ms
  cloudfoundry_service_instance.instance_19                              51ms
  cloudfoundry_service_instance.instance_2                               46ms
  cloudfoundry_service_instance.instance_20                              60ms
  cloudfoundry_service_instance.instance_21                              66ms
  cloudfoundry_service_instance.instance_22                              40ms
  cloudfoundry_service_instance.instance_23                              88ms
  cloudfoundry_service_instance.instance_24                              94ms
  cloudfoundry_service_instance.instance_25                              41ms
  cloudfoundry_service_instance.instance_26                              45ms
  cloudfoundry_service_instance.instance_27                              73ms
  cloudfoundry_service_instance.instance_28                              73ms
  cloudfoundry_service_instance.instance_29                              48ms
  cloudfoundry_service_instance.instance_3                               75ms
  cloudfoundry_service_instance.instance_30                              46ms
  cloudfoundry_service_instance.instance_31                              41ms
  cloudfoundry_service_instance.instance_32                              57ms
  cloudfoundry_service_instance.instance_33                              49ms
  cloudfoundry_service_instance.instance_34                              70ms
  cloudfoundry_service_instance.instance_35                              56ms
  cloudfoundry_service_instance.instance_36                              42ms
  cloudfoundry_service_instance.instance_37                              87ms
  cloudfoundry_service_instance.instance_38                              43ms
  cloudfoundry_service_instance.instance_39                              73ms
  cloudfoundry_service_instance.instance_4                               64ms
  cloudfoundry_service_instance.instance_40                              39ms
  cloudfoundry_service_instance.instance_5                               64ms
  cloudfoundry_service_instance.instance_6                               54ms
  cloudfoundry_service_instance.instance_7                               50ms
  cloudfoundry_service_instance.instance_8                               48ms
  cloudfoundry_service_instance.instance_9                               51ms
  cloudfoundry_space.space_1                                             108ms
  cloudfoundry_space.space_10                                            153ms
  cloudfoundry_space.space_11                                            144ms
  cloudfoundry_space.space_12                                            110ms
  cloudfoundry_space.space_13                                            115ms
  cloudfoundry_space.space_14                                            148ms
  cloudfoundry_space.space_15                                            149ms
  cloudfoundry_space.space_16                                            161ms
  cloudfoundry_space.space_17                                            168ms
  cloudfoundry_space.space_18                                            113ms
  cloudfoundry_space.space_19                                            129ms
  cloudfoundry_space.space_2                                             120ms
  cloudfoundry_space.space_20                                            118ms
  cloudfoundry_space.space_3                                             142ms
  cloudfoundry_space.space_4                                             121ms
  cloudfoundry_space.space_5                                             120ms
  cloudfoundry_space.space_6                                             132ms
  cloudfoundry_space.space_7                                             130ms
  cloudfoundry_space.space_8                                             181ms
  cloudfoundry_space.space_9                                             105ms
  scc_subaccount.subaccount_1                                            6117ms
  scc_subaccount.subaccount_10                                           888ms
  scc_subaccount.subaccount_2                                            16468ms
  scc_subaccount.subaccount_3                                            16723ms
  scc_subaccount.subaccount_4                                            15993ms
  scc_subaccount.subaccount_5                                            920ms
  scc_subaccount.subaccount_6                                            1054ms
  scc_subaccount.subaccount_7                                            16654ms
  scc_subaccount.subaccount_8                                            16430ms
  scc_subaccount.subaccount_9                                            524ms
  scc_system_mapping.system_1                                            64ms
  scc_system_mapping.system_10                                           61ms
  scc_system_mapping.system_11                                           64ms
  scc_system_mapping.system_12                                           59ms
  scc_system_mapping.system_13                                           56ms
  scc_system_mapping.system_14                                           56ms
  scc_system_mapping.system_15                                           58ms
  scc_system_mapping.system_16                                           56ms
  scc_system_mapping.system_17                                           57ms
  scc_system_mapping.system_18                                           57ms
  scc_system_mapping.system_19                                           60ms
  scc_system_mapping.system_2                                            63ms
  scc_system_mapping.system_20                                           57ms
  scc_system_mapping.system_3                                            58ms
  scc_system_mapping.system_4                                            87ms
  scc_system_mapping.system_5                                            60ms
  scc_system_mapping.system_6                                            55ms
  scc_system_mapping.system_7                                            60ms
  scc_system_mapping.system_8                                            1159ms
  scc_system_mapping.system_9                                            56ms
  scc_system_mapping_resource.resource_1                                 65ms
  scc_system_mapping_resource.resource_10                                81ms
  scc_system_mapping_resource.resource_11                                59ms
  scc_system_mapping_resource.resource_12                                57ms
  scc_system_mapping_resource.resource_13                                85ms
  scc_system_mapping_resource.resource_14                                67ms
  scc_system_mapping_resource.resource_15                                54ms
  scc_system_mapping_resource.resource_16                                58ms
  scc_system_mapping_resource.resource_17                                57ms
  scc_system_mapping_resource.resource_18                                57ms
  scc_system_mapping_resource.resource_19                                1195ms
  scc_system_mapping_resource.resource_2                                 1188ms
  scc_system_mapping_resource.resource_20                                55ms
  scc_system_mapping_resource.resource_21                                67ms
  scc_system_mapping_resource.resource_22                                55ms
  scc_system_mapping_resource.resource_23                                56ms
  scc_system_mapping_resource.resource_24                                57ms
  scc_system_mapping_resource.resource_25                                55ms
  scc_system_mapping_resource.resource_26                                55ms
  scc_system_mapping_resource.resource_27                                53ms
  scc_system_mapping_resource.resource_28                                114ms
  scc_system_mapping_resource.resource_29                                99ms
  scc_system_mapping_resource.resource_3                                 61ms
  scc_system_mapping_resource.resource_30                                56ms
  scc_system_mapping_resource.resource_31                                56ms
  scc_system_mapping_resource.resource_32                                59ms
  scc_system_mapping_resource.resource_33                                61ms
  scc_system_mapping_resource.resource_34                                63ms
  scc_system_mapping_resource.resource_35                                57ms
  scc_system_mapping_resource.resource_36                                58ms
  scc_system_mapping_resource.resource_37                                1208ms
  scc_system_mapping_resource.resource_38                                111ms
  scc_system_mapping_resource.resource_39                                57ms
  scc_system_mapping_resource.resource_4                                 57ms
  scc_system_mapping_resource.resource_40                                58ms
  scc_system_mapping_resource.resource_5                                 57ms
  scc_system_mapping_resource.resource_6                                 1175ms
  scc_system_mapping_resource.resource_7                                 54ms
  scc_system_mapping_resource.resource_8                                 66ms
  scc_system_mapping_resource.resource_9                                 58ms
  sci_application.app_1                                                  121ms
  sci_application.app_10                                                 128ms
  sci_application.app_11                                                 122ms
  sci_application.app_12                                                 134ms
  sci_application.app_13                                                 117ms
  sci_application.app_14                                                 240ms
  sci_application.app_15                                                 124ms
  sci_application.app_16                                                 140ms
  sci_application.app_17                                                 133ms
  sci_application.app_18                                                 241ms
  sci_application.app_19                                                 109ms
  sci_application.app_2                                                  118ms
  sci_application.app_20                                                 121ms
  sci_application.app_3                                                  134ms
  sci_application.app_4                                                  127ms
  sci_application.app_5                                                  119ms
  sci_application.app_6                                                  123ms
  sci_application.app_7                                                  123ms
  sci_application.app_8                                                  128ms
  sci_application.app_9                                                  224ms
  sci_group_base.group_1                                                 92ms
  sci_group_base.group_10                                                93ms
  sci_group_base.group_11                                                95ms
  sci_group_base.group_12                                                100ms
  sci_group_base.group_13                                                94ms
  sci_group_base.group_14                                                108ms
  sci_group_base.group_15                                                242ms
  sci_group_base.group_16                                                91ms
  sci_group_base.group_17                                                107ms
  sci_group_base.group_18                                                101ms
  sci_group_base.group_19                                                104ms
  sci_group_base.group_2                                                 96ms
  sci_group_base.group_20                                                100ms
  sci_group_base.group_21                                                91ms
  sci_group_base.group_22                                                93ms
  sci_group_base.group_23                                                87ms
  sci_group_base.group_24                                                97ms
  sci_group_base.group_25                                                88ms
  sci_group_base.group_26                                                92ms
  sci_group_base.group_27                                                124ms
  sci_group_base.group_28                                                89ms
  sci_group_base.group_29                                                108ms
  sci_group_base.group_3                                                 106ms
  sci_group_base.group_30                                                96ms
  sci_group_base.group_4                                                 96ms
  sci_group_base.group_5                                                 89ms
  sci_group_base.group_6                                                 109ms
  sci_group_base.group_7                                                 107ms
  sci_group_base.group_8                                                 108ms
  sci_group_base.group_9                                                 99ms
  sci_user.user_1                                                        181ms
  sci_user.user_10                                                       90ms
  sci_user.user_11                                                       87ms
  sci_user.user_12                                                       95ms
  sci_user.user_13                                                       85ms
  sci_user.user_14                                                       91ms
  sci_user.user_15                                                       105ms
  sci_user.user_16                                                       109ms
  sci_user.user_17                                                       96ms
  sci_user.user_18                                                       89ms
  sci_user.user_19                                                       89ms
  sci_user.user_2                                                        83ms
  sci_user.user_20                                                       98ms
  sci_user.user_21                                                       97ms
  sci_user.user_22                                                       90ms
  sci_user.user_23                                                       98ms
  sci_user.user_24                                                       93ms
  sci_user.user_25                                                       129ms
  sci_user.user_26                                                       86ms
  sci_user.user_27                                                       112ms
  sci_user.user_28                                                       129ms
  sci_user.user_29                                                       87ms
  sci_user.user_3                                                        82ms
  sci_user.user_30                                                       88ms
  sci_user.user_31                                                       97ms
  sci_user.user_32                                                       88ms
  sci_user.user_33                                                       102ms
  sci_user.user_34                                                       89ms
  sci_user.user_35                                                       95ms
  sci_user.user_36                                                       97ms
  sci_user.user_37                                                       92ms
  sci_user.user_38                                                       91ms
  sci_user.user_39                                                       181ms
  sci_user.user_4                                                        113ms
  sci_user.user_40                                                       141ms
  sci_user.user_41                                                       95ms
  sci_user.user_42                                                       95ms
  sci_user.user_43                                                       95ms
  sci_user.user_44                                                       96ms
  sci_user.user_45                                                       89ms
  sci_user.user_46                                                       98ms
  sci_user.user_47                                                       238ms
  sci_user.user_48                                                       101ms
  sci_user.user_49                                                       99ms
  sci_user.user_5                                                        88ms
  sci_user.user_50                                                       92ms
  sci_user.user_6                                                        99ms
  sci_user.user_7                                                        105ms
  sci_user.user_8                                                        110ms
  sci_user.user_9                                                        82ms


Run 17/20:
  Total run time: 120.847360s
  btp_directory.directory_1                                              714ms
  btp_directory.directory_10                                             1151ms
  btp_directory.directory_2                                              115ms
  btp_directory.directory_3                                              578ms
  btp_directory.directory_4                                              622ms
  btp_directory.directory_5                                              134ms
  btp_directory.directory_6                                              620ms
  btp_directory.directory_7                                              3831ms
  btp_directory.directory_8                                              583ms
  btp_directory.directory_9                                              1075ms
  btp_subaccount.subaccount_1                                            5093ms
  btp_subaccount.subaccount_10                                           2382ms
  btp_subaccount.subaccount_2                                            1007ms
  btp_subaccount.subaccount_3                                            305ms
  btp_subaccount.subaccount_4                                            153ms
  btp_subaccount.subaccount_5                                            430ms
  btp_subaccount.subaccount_6                                            842ms
  btp_subaccount.subaccount_7                                            576ms
  btp_subaccount.subaccount_8                                            1010ms
  btp_subaccount.subaccount_9                                            185ms
  btp_subaccount_destination_generic.destination_1                       416ms
  btp_subaccount_destination_generic.destination_10                      471ms
  btp_subaccount_destination_generic.destination_11                      6903ms
  btp_subaccount_destination_generic.destination_12                      2108ms
  btp_subaccount_destination_generic.destination_13                      470ms
  btp_subaccount_destination_generic.destination_14                      572ms
  btp_subaccount_destination_generic.destination_15                      2228ms
  btp_subaccount_destination_generic.destination_16                      1817ms
  btp_subaccount_destination_generic.destination_17                      441ms
  btp_subaccount_destination_generic.destination_18                      1042ms
  btp_subaccount_destination_generic.destination_19                      680ms
  btp_subaccount_destination_generic.destination_2                       2920ms
  btp_subaccount_destination_generic.destination_20                      520ms
  btp_subaccount_destination_generic.destination_3                       584ms
  btp_subaccount_destination_generic.destination_4                       753ms
  btp_subaccount_destination_generic.destination_5                       905ms
  btp_subaccount_destination_generic.destination_6                       224ms
  btp_subaccount_destination_generic.destination_7                       2203ms
  btp_subaccount_destination_generic.destination_8                       2206ms
  btp_subaccount_destination_generic.destination_9                       744ms
  btp_subaccount_entitlement.entitlement_1                               12405ms
  btp_subaccount_entitlement.entitlement_10                              18486ms
  btp_subaccount_entitlement.entitlement_11                              12611ms
  btp_subaccount_entitlement.entitlement_12                              14736ms
  btp_subaccount_entitlement.entitlement_13                              12847ms
  btp_subaccount_entitlement.entitlement_14                              13839ms
  btp_subaccount_entitlement.entitlement_15                              13169ms
  btp_subaccount_entitlement.entitlement_16                              14338ms
  btp_subaccount_entitlement.entitlement_17                              11196ms
  btp_subaccount_entitlement.entitlement_18                              13295ms
  btp_subaccount_entitlement.entitlement_19                              15112ms
  btp_subaccount_entitlement.entitlement_2                               13302ms
  btp_subaccount_entitlement.entitlement_20                              12874ms
  btp_subaccount_entitlement.entitlement_21                              12273ms
  btp_subaccount_entitlement.entitlement_22                              12380ms
  btp_subaccount_entitlement.entitlement_23                              11930ms
  btp_subaccount_entitlement.entitlement_24                              19382ms
  btp_subaccount_entitlement.entitlement_25                              14509ms
  btp_subaccount_entitlement.entitlement_26                              24094ms
  btp_subaccount_entitlement.entitlement_27                              13400ms
  btp_subaccount_entitlement.entitlement_28                              11078ms
  btp_subaccount_entitlement.entitlement_29                              14982ms
  btp_subaccount_entitlement.entitlement_3                               13179ms
  btp_subaccount_entitlement.entitlement_30                              11586ms
  btp_subaccount_entitlement.entitlement_31                              13469ms
  btp_subaccount_entitlement.entitlement_32                              24029ms
  btp_subaccount_entitlement.entitlement_33                              11083ms
  btp_subaccount_entitlement.entitlement_34                              12651ms
  btp_subaccount_entitlement.entitlement_35                              14428ms
  btp_subaccount_entitlement.entitlement_36                              10921ms
  btp_subaccount_entitlement.entitlement_37                              13055ms
  btp_subaccount_entitlement.entitlement_38                              13143ms
  btp_subaccount_entitlement.entitlement_39                              24477ms
  btp_subaccount_entitlement.entitlement_4                               12929ms
  btp_subaccount_entitlement.entitlement_40                              12884ms
  btp_subaccount_entitlement.entitlement_5                               12436ms
  btp_subaccount_entitlement.entitlement_6                               13354ms
  btp_subaccount_entitlement.entitlement_7                               13350ms
  btp_subaccount_entitlement.entitlement_8                               12383ms
  btp_subaccount_entitlement.entitlement_9                               20665ms
  btp_subaccount_environment_instance.cloudfoundry_1                     340ms
  btp_subaccount_environment_instance.cloudfoundry_10                    2090ms
  btp_subaccount_environment_instance.cloudfoundry_2                     2772ms
  btp_subaccount_environment_instance.cloudfoundry_3                     526ms
  btp_subaccount_environment_instance.cloudfoundry_4                     1587ms
  btp_subaccount_environment_instance.cloudfoundry_5                     1995ms
  btp_subaccount_environment_instance.cloudfoundry_6                     6155ms
  btp_subaccount_environment_instance.cloudfoundry_7                     1088ms
  btp_subaccount_environment_instance.cloudfoundry_8                     2062ms
  btp_subaccount_environment_instance.cloudfoundry_9                     1801ms
  btp_subaccount_role.role_1                                             2057ms
  btp_subaccount_role.role_10                                            426ms
  btp_subaccount_role.role_11                                            1406ms
  btp_subaccount_role.role_12                                            286ms
  btp_subaccount_role.role_13                                            393ms
  btp_subaccount_role.role_14                                            193ms
  btp_subaccount_role.role_15                                            7405ms
  btp_subaccount_role.role_16                                            236ms
  btp_subaccount_role.role_17                                            1835ms
  btp_subaccount_role.role_18                                            542ms
  btp_subaccount_role.role_19                                            1772ms
  btp_subaccount_role.role_2                                             2108ms
  btp_subaccount_role.role_20                                            11948ms
  btp_subaccount_role.role_3                                             1010ms
  btp_subaccount_role.role_4                                             1165ms
  btp_subaccount_role.role_5                                             307ms
  btp_subaccount_role.role_6                                             2076ms
  btp_subaccount_role.role_7                                             1440ms
  btp_subaccount_role.role_8                                             421ms
  btp_subaccount_role.role_9                                             265ms
  btp_subaccount_role_collection.collection_1                            11864ms
  btp_subaccount_role_collection.collection_10                           884ms
  btp_subaccount_role_collection.collection_11                           238ms
  btp_subaccount_role_collection.collection_12                           499ms
  btp_subaccount_role_collection.collection_13                           1557ms
  btp_subaccount_role_collection.collection_14                           192ms
  btp_subaccount_role_collection.collection_15                           1740ms
  btp_subaccount_role_collection.collection_16                           637ms
  btp_subaccount_role_collection.collection_17                           1934ms
  btp_subaccount_role_collection.collection_18                           1924ms
  btp_subaccount_role_collection.collection_19                           771ms
  btp_subaccount_role_collection.collection_2                            491ms
  btp_subaccount_role_collection.collection_20                           2290ms
  btp_subaccount_role_collection.collection_21                           2061ms
  btp_subaccount_role_collection.collection_22                           7316ms
  btp_subaccount_role_collection.collection_23                           1492ms
  btp_subaccount_role_collection.collection_24                           7194ms
  btp_subaccount_role_collection.collection_25                           1978ms
  btp_subaccount_role_collection.collection_26                           810ms
  btp_subaccount_role_collection.collection_27                           472ms
  btp_subaccount_role_collection.collection_28                           610ms
  btp_subaccount_role_collection.collection_29                           551ms
  btp_subaccount_role_collection.collection_3                            1968ms
  btp_subaccount_role_collection.collection_30                           7147ms
  btp_subaccount_role_collection.collection_4                            762ms
  btp_subaccount_role_collection.collection_5                            1060ms
  btp_subaccount_role_collection.collection_6                            291ms
  btp_subaccount_role_collection.collection_7                            1633ms
  btp_subaccount_role_collection.collection_8                            2363ms
  btp_subaccount_role_collection.collection_9                            1665ms
  btp_subaccount_service_instance.instance_1                             11766ms
  btp_subaccount_service_instance.instance_10                            6372ms
  btp_subaccount_service_instance.instance_11                            8150ms
  btp_subaccount_service_instance.instance_12                            6119ms
  btp_subaccount_service_instance.instance_13                            2710ms
  btp_subaccount_service_instance.instance_14                            11335ms
  btp_subaccount_service_instance.instance_15                            2632ms
  btp_subaccount_service_instance.instance_16                            3181ms
  btp_subaccount_service_instance.instance_17                            6956ms
  btp_subaccount_service_instance.instance_18                            906ms
  btp_subaccount_service_instance.instance_19                            15986ms
  btp_subaccount_service_instance.instance_2                             10922ms
  btp_subaccount_service_instance.instance_20                            3963ms
  btp_subaccount_service_instance.instance_3                             11425ms
  btp_subaccount_service_instance.instance_4                             1603ms
  btp_subaccount_service_instance.instance_5                             11775ms
  btp_subaccount_service_instance.instance_6                             2285ms
  btp_subaccount_service_instance.instance_7                             3796ms
  btp_subaccount_service_instance.instance_8                             1571ms
  btp_subaccount_service_instance.instance_9                             1364ms
  btp_subaccount_subscription.subscription_1                             9574ms
  btp_subaccount_subscription.subscription_10                            756ms
  btp_subaccount_subscription.subscription_11                            1607ms
  btp_subaccount_subscription.subscription_12                            3799ms
  btp_subaccount_subscription.subscription_13                            1900ms
  btp_subaccount_subscription.subscription_14                            3857ms
  btp_subaccount_subscription.subscription_15                            3217ms
  btp_subaccount_subscription.subscription_16                            4465ms
  btp_subaccount_subscription.subscription_17                            840ms
  btp_subaccount_subscription.subscription_18                            9166ms
  btp_subaccount_subscription.subscription_19                            1783ms
  btp_subaccount_subscription.subscription_2                             2583ms
  btp_subaccount_subscription.subscription_20                            4911ms
  btp_subaccount_subscription.subscription_21                            1572ms
  btp_subaccount_subscription.subscription_22                            4095ms
  btp_subaccount_subscription.subscription_23                            757ms
  btp_subaccount_subscription.subscription_24                            1026ms
  btp_subaccount_subscription.subscription_25                            837ms
  btp_subaccount_subscription.subscription_26                            2557ms
  btp_subaccount_subscription.subscription_27                            1303ms
  btp_subaccount_subscription.subscription_28                            1858ms
  btp_subaccount_subscription.subscription_29                            793ms
  btp_subaccount_subscription.subscription_3                             7144ms
  btp_subaccount_subscription.subscription_30                            1816ms
  btp_subaccount_subscription.subscription_4                             1317ms
  btp_subaccount_subscription.subscription_5                             2274ms
  btp_subaccount_subscription.subscription_6                             1269ms
  btp_subaccount_subscription.subscription_7                             1758ms
  btp_subaccount_subscription.subscription_8                             2646ms
  btp_subaccount_subscription.subscription_9                             2060ms
  btp_subaccount_trust_configuration.trust_1                             970ms
  btp_subaccount_trust_configuration.trust_10                            2199ms
  btp_subaccount_trust_configuration.trust_2                             519ms
  btp_subaccount_trust_configuration.trust_3                             2030ms
  btp_subaccount_trust_configuration.trust_4                             838ms
  btp_subaccount_trust_configuration.trust_5                             344ms
  btp_subaccount_trust_configuration.trust_6                             2594ms
  btp_subaccount_trust_configuration.trust_7                             7381ms
  btp_subaccount_trust_configuration.trust_8                             11758ms
  btp_subaccount_trust_configuration.trust_9                             764ms
  cloudfoundry_service_instance.instance_1                               71ms
  cloudfoundry_service_instance.instance_10                              44ms
  cloudfoundry_service_instance.instance_11                              46ms
  cloudfoundry_service_instance.instance_12                              40ms
  cloudfoundry_service_instance.instance_13                              44ms
  cloudfoundry_service_instance.instance_14                              49ms
  cloudfoundry_service_instance.instance_15                              55ms
  cloudfoundry_service_instance.instance_16                              41ms
  cloudfoundry_service_instance.instance_17                              50ms
  cloudfoundry_service_instance.instance_18                              40ms
  cloudfoundry_service_instance.instance_19                              40ms
  cloudfoundry_service_instance.instance_2                               36ms
  cloudfoundry_service_instance.instance_20                              43ms
  cloudfoundry_service_instance.instance_21                              45ms
  cloudfoundry_service_instance.instance_22                              56ms
  cloudfoundry_service_instance.instance_23                              41ms
  cloudfoundry_service_instance.instance_24                              46ms
  cloudfoundry_service_instance.instance_25                              58ms
  cloudfoundry_service_instance.instance_26                              47ms
  cloudfoundry_service_instance.instance_27                              54ms
  cloudfoundry_service_instance.instance_28                              37ms
  cloudfoundry_service_instance.instance_29                              48ms
  cloudfoundry_service_instance.instance_3                               45ms
  cloudfoundry_service_instance.instance_30                              36ms
  cloudfoundry_service_instance.instance_31                              40ms
  cloudfoundry_service_instance.instance_32                              39ms
  cloudfoundry_service_instance.instance_33                              44ms
  cloudfoundry_service_instance.instance_34                              47ms
  cloudfoundry_service_instance.instance_35                              55ms
  cloudfoundry_service_instance.instance_36                              41ms
  cloudfoundry_service_instance.instance_37                              53ms
  cloudfoundry_service_instance.instance_38                              48ms
  cloudfoundry_service_instance.instance_39                              54ms
  cloudfoundry_service_instance.instance_4                               39ms
  cloudfoundry_service_instance.instance_40                              45ms
  cloudfoundry_service_instance.instance_5                               47ms
  cloudfoundry_service_instance.instance_6                               43ms
  cloudfoundry_service_instance.instance_7                               50ms
  cloudfoundry_service_instance.instance_8                               41ms
  cloudfoundry_service_instance.instance_9                               52ms
  cloudfoundry_space.space_1                                             119ms
  cloudfoundry_space.space_10                                            144ms
  cloudfoundry_space.space_11                                            96ms
  cloudfoundry_space.space_12                                            124ms
  cloudfoundry_space.space_13                                            119ms
  cloudfoundry_space.space_14                                            103ms
  cloudfoundry_space.space_15                                            117ms
  cloudfoundry_space.space_16                                            107ms
  cloudfoundry_space.space_17                                            101ms
  cloudfoundry_space.space_18                                            101ms
  cloudfoundry_space.space_19                                            101ms
  cloudfoundry_space.space_2                                             104ms
  cloudfoundry_space.space_20                                            103ms
  cloudfoundry_space.space_3                                             103ms
  cloudfoundry_space.space_4                                             127ms
  cloudfoundry_space.space_5                                             107ms
  cloudfoundry_space.space_6                                             100ms
  cloudfoundry_space.space_7                                             134ms
  cloudfoundry_space.space_8                                             107ms
  cloudfoundry_space.space_9                                             166ms
  scc_subaccount.subaccount_1                                            24938ms
  scc_subaccount.subaccount_10                                           16540ms
  scc_subaccount.subaccount_2                                            8266ms
  scc_subaccount.subaccount_3                                            8547ms
  scc_subaccount.subaccount_4                                            7719ms
  scc_subaccount.subaccount_5                                            16816ms
  scc_subaccount.subaccount_6                                            6998ms
  scc_subaccount.subaccount_7                                            7342ms
  scc_subaccount.subaccount_8                                            7882ms
  scc_subaccount.subaccount_9                                            22052ms
  scc_system_mapping.system_1                                            59ms
  scc_system_mapping.system_10                                           53ms
  scc_system_mapping.system_11                                           57ms
  scc_system_mapping.system_12                                           137ms
  scc_system_mapping.system_13                                           151ms
  scc_system_mapping.system_14                                           127ms
  scc_system_mapping.system_15                                           59ms
  scc_system_mapping.system_16                                           66ms
  scc_system_mapping.system_17                                           99ms
  scc_system_mapping.system_18                                           59ms
  scc_system_mapping.system_19                                           75ms
  scc_system_mapping.system_2                                            55ms
  scc_system_mapping.system_20                                           58ms
  scc_system_mapping.system_3                                            62ms
  scc_system_mapping.system_4                                            58ms
  scc_system_mapping.system_5                                            56ms
  scc_system_mapping.system_6                                            102ms
  scc_system_mapping.system_7                                            60ms
  scc_system_mapping.system_8                                            55ms
  scc_system_mapping.system_9                                            54ms
  scc_system_mapping_resource.resource_1                                 68ms
  scc_system_mapping_resource.resource_10                                61ms
  scc_system_mapping_resource.resource_11                                61ms
  scc_system_mapping_resource.resource_12                                93ms
  scc_system_mapping_resource.resource_13                                57ms
  scc_system_mapping_resource.resource_14                                59ms
  scc_system_mapping_resource.resource_15                                64ms
  scc_system_mapping_resource.resource_16                                60ms
  scc_system_mapping_resource.resource_17                                59ms
  scc_system_mapping_resource.resource_18                                138ms
  scc_system_mapping_resource.resource_19                                54ms
  scc_system_mapping_resource.resource_2                                 55ms
  scc_system_mapping_resource.resource_20                                57ms
  scc_system_mapping_resource.resource_21                                97ms
  scc_system_mapping_resource.resource_22                                62ms
  scc_system_mapping_resource.resource_23                                58ms
  scc_system_mapping_resource.resource_24                                142ms
  scc_system_mapping_resource.resource_25                                89ms
  scc_system_mapping_resource.resource_26                                56ms
  scc_system_mapping_resource.resource_27                                138ms
  scc_system_mapping_resource.resource_28                                85ms
  scc_system_mapping_resource.resource_29                                120ms
  scc_system_mapping_resource.resource_3                                 53ms
  scc_system_mapping_resource.resource_30                                59ms
  scc_system_mapping_resource.resource_31                                85ms
  scc_system_mapping_resource.resource_32                                65ms
  scc_system_mapping_resource.resource_33                                75ms
  scc_system_mapping_resource.resource_34                                84ms
  scc_system_mapping_resource.resource_35                                125ms
  scc_system_mapping_resource.resource_36                                100ms
  scc_system_mapping_resource.resource_37                                75ms
  scc_system_mapping_resource.resource_38                                67ms
  scc_system_mapping_resource.resource_39                                55ms
  scc_system_mapping_resource.resource_4                                 122ms
  scc_system_mapping_resource.resource_40                                54ms
  scc_system_mapping_resource.resource_5                                 58ms
  scc_system_mapping_resource.resource_6                                 97ms
  scc_system_mapping_resource.resource_7                                 54ms
  scc_system_mapping_resource.resource_8                                 60ms
  scc_system_mapping_resource.resource_9                                 64ms
  sci_application.app_1                                                  154ms
  sci_application.app_10                                                 138ms
  sci_application.app_11                                                 134ms
  sci_application.app_12                                                 159ms
  sci_application.app_13                                                 155ms
  sci_application.app_14                                                 144ms
  sci_application.app_15                                                 214ms
  sci_application.app_16                                                 132ms
  sci_application.app_17                                                 143ms
  sci_application.app_18                                                 193ms
  sci_application.app_19                                                 141ms
  sci_application.app_2                                                  155ms
  sci_application.app_20                                                 147ms
  sci_application.app_3                                                  138ms
  sci_application.app_4                                                  130ms
  sci_application.app_5                                                  140ms
  sci_application.app_6                                                  145ms
  sci_application.app_7                                                  211ms
  sci_application.app_8                                                  132ms
  sci_application.app_9                                                  121ms
  sci_group_base.group_1                                                 107ms
  sci_group_base.group_10                                                90ms
  sci_group_base.group_11                                                92ms
  sci_group_base.group_12                                                98ms
  sci_group_base.group_13                                                96ms
  sci_group_base.group_14                                                116ms
  sci_group_base.group_15                                                148ms
  sci_group_base.group_16                                                89ms
  sci_group_base.group_17                                                95ms
  sci_group_base.group_18                                                106ms
  sci_group_base.group_19                                                123ms
  sci_group_base.group_2                                                 95ms
  sci_group_base.group_20                                                179ms
  sci_group_base.group_21                                                98ms
  sci_group_base.group_22                                                95ms
  sci_group_base.group_23                                                105ms
  sci_group_base.group_24                                                94ms
  sci_group_base.group_25                                                98ms
  sci_group_base.group_26                                                97ms
  sci_group_base.group_27                                                89ms
  sci_group_base.group_28                                                89ms
  sci_group_base.group_29                                                97ms
  sci_group_base.group_3                                                 93ms
  sci_group_base.group_30                                                92ms
  sci_group_base.group_4                                                 96ms
  sci_group_base.group_5                                                 89ms
  sci_group_base.group_6                                                 88ms
  sci_group_base.group_7                                                 121ms
  sci_group_base.group_8                                                 185ms
  sci_group_base.group_9                                                 96ms
  sci_user.user_1                                                        95ms
  sci_user.user_10                                                       102ms
  sci_user.user_11                                                       113ms
  sci_user.user_12                                                       84ms
  sci_user.user_13                                                       91ms
  sci_user.user_14                                                       95ms
  sci_user.user_15                                                       97ms
  sci_user.user_16                                                       94ms
  sci_user.user_17                                                       104ms
  sci_user.user_18                                                       99ms
  sci_user.user_19                                                       95ms
  sci_user.user_2                                                        180ms
  sci_user.user_20                                                       104ms
  sci_user.user_21                                                       91ms
  sci_user.user_22                                                       99ms
  sci_user.user_23                                                       99ms
  sci_user.user_24                                                       92ms
  sci_user.user_25                                                       88ms
  sci_user.user_26                                                       108ms
  sci_user.user_27                                                       92ms
  sci_user.user_28                                                       94ms
  sci_user.user_29                                                       97ms
  sci_user.user_3                                                        89ms
  sci_user.user_30                                                       180ms
  sci_user.user_31                                                       121ms
  sci_user.user_32                                                       104ms
  sci_user.user_33                                                       92ms
  sci_user.user_34                                                       90ms
  sci_user.user_35                                                       90ms
  sci_user.user_36                                                       100ms
  sci_user.user_37                                                       97ms
  sci_user.user_38                                                       96ms
  sci_user.user_39                                                       96ms
  sci_user.user_4                                                        85ms
  sci_user.user_40                                                       111ms
  sci_user.user_41                                                       96ms
  sci_user.user_42                                                       98ms
  sci_user.user_43                                                       215ms
  sci_user.user_44                                                       96ms
  sci_user.user_45                                                       94ms
  sci_user.user_46                                                       92ms
  sci_user.user_47                                                       93ms
  sci_user.user_48                                                       79ms
  sci_user.user_49                                                       92ms
  sci_user.user_5                                                        140ms
  sci_user.user_50                                                       94ms
  sci_user.user_6                                                        91ms
  sci_user.user_7                                                        91ms
  sci_user.user_8                                                        92ms
  sci_user.user_9                                                        92ms


Run 18/20:
  terraform plan failed with exit status 1
  Total run time: 149.710584s
  btp_directory.directory_1                                              862ms
  btp_directory.directory_10                                             4102ms
  btp_directory.directory_2                                              1964ms
  btp_directory.directory_3                                              631ms
  btp_directory.directory_4                                              3554ms
  btp_directory.directory_5                                              2377ms
  btp_directory.directory_6                                              4725ms
  btp_directory.directory_7                                              1838ms
  btp_directory.directory_8                                              3341ms
  btp_directory.directory_9                                              324ms
  btp_subaccount.subaccount_1                                            1167ms
  btp_subaccount.subaccount_10                                           569ms
  btp_subaccount.subaccount_2                                            1420ms
  btp_subaccount.subaccount_3                                            1516ms
  btp_subaccount.subaccount_4                                            2033ms
  btp_subaccount.subaccount_5                                            1704ms
  btp_subaccount.subaccount_6                                            2132ms
  btp_subaccount.subaccount_7                                            1395ms
  btp_subaccount.subaccount_8                                            309ms
  btp_subaccount.subaccount_9                                            1046ms
  btp_subaccount_destination_generic.destination_1                       1896ms
  btp_subaccount_destination_generic.destination_10                      1867ms
  btp_subaccount_destination_generic.destination_11                      6974ms
  btp_subaccount_destination_generic.destination_12                      1856ms
  btp_subaccount_destination_generic.destination_13                      1736ms
  btp_subaccount_destination_generic.destination_14                      752ms
  btp_subaccount_destination_generic.destination_15                      1036ms
  btp_subaccount_destination_generic.destination_16                      1621ms
  btp_subaccount_destination_generic.destination_17                      5901ms
  btp_subaccount_destination_generic.destination_18                      2391ms
  btp_subaccount_destination_generic.destination_19                      1631ms
  btp_subaccount_destination_generic.destination_2                       657ms
  btp_subaccount_destination_generic.destination_20                      750ms
  btp_subaccount_destination_generic.destination_3                       354ms
  btp_subaccount_destination_generic.destination_4                       718ms
  btp_subaccount_destination_generic.destination_5                       561ms
  btp_subaccount_destination_generic.destination_6                       1709ms
  btp_subaccount_destination_generic.destination_7                       1758ms
  btp_subaccount_destination_generic.destination_8                       469ms
  btp_subaccount_destination_generic.destination_9                       1711ms
  btp_subaccount_entitlement.entitlement_1                               18174ms
  btp_subaccount_entitlement.entitlement_10                              16236ms
  btp_subaccount_entitlement.entitlement_11                              23920ms
  btp_subaccount_entitlement.entitlement_12                              13166ms
  btp_subaccount_entitlement.entitlement_13                              19420ms
  btp_subaccount_entitlement.entitlement_14                              14135ms
  btp_subaccount_entitlement.entitlement_15                              15466ms
  btp_subaccount_entitlement.entitlement_16                              18991ms
  btp_subaccount_entitlement.entitlement_17                              17335ms
  btp_subaccount_entitlement.entitlement_18                              14216ms
  btp_subaccount_entitlement.entitlement_19                              13115ms
  btp_subaccount_entitlement.entitlement_2                               13868ms
  btp_subaccount_entitlement.entitlement_20                              14728ms
  btp_subaccount_entitlement.entitlement_21                              12481ms
  btp_subaccount_entitlement.entitlement_22                              17355ms
  btp_subaccount_entitlement.entitlement_23                              16506ms
  btp_subaccount_entitlement.entitlement_24                              14865ms
  btp_subaccount_entitlement.entitlement_25                              13027ms
  btp_subaccount_entitlement.entitlement_26                              12813ms
  btp_subaccount_entitlement.entitlement_27                              18432ms
  btp_subaccount_entitlement.entitlement_28                              14702ms
  btp_subaccount_entitlement.entitlement_29                              16470ms
  btp_subaccount_entitlement.entitlement_3                               13235ms
  btp_subaccount_entitlement.entitlement_30                              14319ms
  btp_subaccount_entitlement.entitlement_31                              14899ms
  btp_subaccount_entitlement.entitlement_32                              14804ms
  btp_subaccount_entitlement.entitlement_33                              14658ms
  btp_subaccount_entitlement.entitlement_34                              12428ms
  btp_subaccount_entitlement.entitlement_35                              19342ms
  btp_subaccount_entitlement.entitlement_36                              14617ms
  btp_subaccount_entitlement.entitlement_37                              14988ms
  btp_subaccount_entitlement.entitlement_38                              16150ms
  btp_subaccount_entitlement.entitlement_39                              15903ms
  btp_subaccount_entitlement.entitlement_4                               19948ms
  btp_subaccount_entitlement.entitlement_40                              17386ms
  btp_subaccount_entitlement.entitlement_5                               15513ms
  btp_subaccount_entitlement.entitlement_6                               14436ms
  btp_subaccount_entitlement.entitlement_7                               19857ms
  btp_subaccount_entitlement.entitlement_8                               14402ms
  btp_subaccount_entitlement.entitlement_9                               12546ms
  btp_subaccount_environment_instance.cloudfoundry_1                     475ms
  btp_subaccount_environment_instance.cloudfoundry_10                    601ms
  btp_subaccount_environment_instance.cloudfoundry_2                     2410ms
  btp_subaccount_environment_instance.cloudfoundry_3                     6897ms
  btp_subaccount_environment_instance.cloudfoundry_4                     6887ms
  btp_subaccount_environment_instance.cloudfoundry_5                     2424ms
  btp_subaccount_environment_instance.cloudfoundry_6                     1327ms
  btp_subaccount_environment_instance.cloudfoundry_7                     1513ms
  btp_subaccount_environment_instance.cloudfoundry_8                     650ms
  btp_subaccount_environment_instance.cloudfoundry_9                     1724ms
  btp_subaccount_role.role_1                                             1058ms
  btp_subaccount_role.role_10                                            1696ms
  btp_subaccount_role.role_11                                            723ms
  btp_subaccount_role.role_12                                            456ms
  btp_subaccount_role.role_13                                            1608ms
  btp_subaccount_role.role_14                                            1579ms
  btp_subaccount_role.role_15                                            303ms
  btp_subaccount_role.role_16                                            1435ms
  btp_subaccount_role.role_17                                            1899ms
  btp_subaccount_role.role_18                                            1206ms
  btp_subaccount_role.role_19                                            540ms
  btp_subaccount_role.role_2                                             437ms
  btp_subaccount_role.role_20                                            2097ms
  btp_subaccount_role.role_3                                             754ms
  btp_subaccount_role.role_4                                             1697ms
  btp_subaccount_role.role_5                                             1261ms
  btp_subaccount_role.role_6                                             718ms
  btp_subaccount_role.role_7                                             1998ms
  btp_subaccount_role.role_8                                             1701ms
  btp_subaccount_role.role_9                                             920ms
  btp_subaccount_role_collection.collection_1                            1513ms
  btp_subaccount_role_collection.collection_10                           805ms
  btp_subaccount_role_collection.collection_11                           1493ms
  btp_subaccount_role_collection.collection_12                           762ms
  btp_subaccount_role_collection.collection_13                           676ms
  btp_subaccount_role_collection.collection_14                           422ms
  btp_subaccount_role_collection.collection_15                           649ms
  btp_subaccount_role_collection.collection_16                           207ms
  btp_subaccount_role_collection.collection_17                           337ms
  btp_subaccount_role_collection.collection_18                           1749ms
  btp_subaccount_role_collection.collection_19                           1925ms
  btp_subaccount_role_collection.collection_2                            741ms
  btp_subaccount_role_collection.collection_20                           1657ms
  btp_subaccount_role_collection.collection_21                           1457ms
  btp_subaccount_role_collection.collection_22                           579ms
  btp_subaccount_role_collection.collection_23                           1508ms
  btp_subaccount_role_collection.collection_24                           2146ms
  btp_subaccount_role_collection.collection_25                           986ms
  btp_subaccount_role_collection.collection_26                           885ms
  btp_subaccount_role_collection.collection_27                           1716ms
  btp_subaccount_role_collection.collection_28                           1024ms
  btp_subaccount_role_collection.collection_29                           1746ms
  btp_subaccount_role_collection.collection_3                            1245ms
  btp_subaccount_role_collection.collection_30                           648ms
  btp_subaccount_role_collection.collection_4                            230ms
  btp_subaccount_role_collection.collection_5                            2511ms
  btp_subaccount_role_collection.collection_6                            1073ms
  btp_subaccount_role_collection.collection_7                            896ms
  btp_subaccount_role_collection.collection_8                            531ms
  btp_subaccount_role_collection.collection_9                            524ms
  btp_subaccount_service_instance.instance_1                             4766ms
  btp_subaccount_service_instance.instance_10                            2172ms
  btp_subaccount_service_instance.instance_11                            6588ms
  btp_subaccount_service_instance.instance_12                            5971ms
  btp_subaccount_service_instance.instance_13                            10908ms
  btp_subaccount_service_instance.instance_14                            6033ms
  btp_subaccount_service_instance.instance_15                            8029ms
  btp_subaccount_service_instance.instance_16                            3220ms
  btp_subaccount_service_instance.instance_17                            5588ms
  btp_subaccount_service_instance.instance_18                            10278ms
  btp_subaccount_service_instance.instance_19                            1306ms
  btp_subaccount_service_instance.instance_2                             9171ms
  btp_subaccount_service_instance.instance_20                            7762ms
  btp_subaccount_service_instance.instance_3                             2476ms
  btp_subaccount_service_instance.instance_4                             5098ms
  btp_subaccount_service_instance.instance_5                             3136ms
  btp_subaccount_service_instance.instance_6                             9473ms
  btp_subaccount_service_instance.instance_7                             5935ms
  btp_subaccount_service_instance.instance_8                             1390ms
  btp_subaccount_service_instance.instance_9                             3757ms
  btp_subaccount_subscription.subscription_1                             3502ms
  btp_subaccount_subscription.subscription_10                            1407ms
  btp_subaccount_subscription.subscription_11                            4824ms
  btp_subaccount_subscription.subscription_12                            4289ms
  btp_subaccount_subscription.subscription_13                            2461ms
  btp_subaccount_subscription.subscription_14                            3746ms
  btp_subaccount_subscription.subscription_15                            1343ms
  btp_subaccount_subscription.subscription_16                            8823ms
  btp_subaccount_subscription.subscription_17                            2650ms
  btp_subaccount_subscription.subscription_18                            3758ms
  btp_subaccount_subscription.subscription_19                            8802ms
  btp_subaccount_subscription.subscription_2                             3143ms
  btp_subaccount_subscription.subscription_20                            3912ms
  btp_subaccount_subscription.subscription_21                            4053ms
  btp_subaccount_subscription.subscription_22                            1507ms
  btp_subaccount_subscription.subscription_23                            4695ms
  btp_subaccount_subscription.subscription_24                            1437ms
  btp_subaccount_subscription.subscription_25                            3916ms
  btp_subaccount_subscription.subscription_26                            2205ms
  btp_subaccount_subscription.subscription_27                            1058ms
  btp_subaccount_subscription.subscription_28                            3820ms
  btp_subaccount_subscription.subscription_29                            2199ms
  btp_subaccount_subscription.subscription_3                             3968ms
  btp_subaccount_subscription.subscription_30                            3678ms
  btp_subaccount_subscription.subscription_4                             3476ms
  btp_subaccount_subscription.subscription_5                             3510ms
  btp_subaccount_subscription.subscription_6                             1553ms
  btp_subaccount_subscription.subscription_7                             3719ms
  btp_subaccount_subscription.subscription_8                             1696ms
  btp_subaccount_subscription.subscription_9                             8209ms
  btp_subaccount_trust_configuration.trust_1                             1692ms
  btp_subaccount_trust_configuration.trust_10                            733ms
  btp_subaccount_trust_configuration.trust_2                             793ms
  btp_subaccount_trust_configuration.trust_3                             1993ms
  btp_subaccount_trust_configuration.trust_4                             1128ms
  btp_subaccount_trust_configuration.trust_5                             2609ms
  btp_subaccount_trust_configuration.trust_6                             590ms
  btp_subaccount_trust_configuration.trust_7                             2198ms
  btp_subaccount_trust_configuration.trust_8                             2066ms
  btp_subaccount_trust_configuration.trust_9                             1758ms
  cloudfoundry_service_instance.instance_1                               44ms
  cloudfoundry_service_instance.instance_10                              45ms
  cloudfoundry_service_instance.instance_11                              55ms
  cloudfoundry_service_instance.instance_12                              39ms
  cloudfoundry_service_instance.instance_13                              57ms
  cloudfoundry_service_instance.instance_14                              44ms
  cloudfoundry_service_instance.instance_15                              43ms
  cloudfoundry_service_instance.instance_16                              42ms
  cloudfoundry_service_instance.instance_17                              42ms
  cloudfoundry_service_instance.instance_18                              48ms
  cloudfoundry_service_instance.instance_19                              42ms
  cloudfoundry_service_instance.instance_2                               41ms
  cloudfoundry_service_instance.instance_20                              58ms
  cloudfoundry_service_instance.instance_21                              61ms
  cloudfoundry_service_instance.instance_22                              54ms
  cloudfoundry_service_instance.instance_23                              38ms
  cloudfoundry_service_instance.instance_24                              54ms
  cloudfoundry_service_instance.instance_25                              57ms
  cloudfoundry_service_instance.instance_26                              59ms
  cloudfoundry_service_instance.instance_27                              42ms
  cloudfoundry_service_instance.instance_28                              40ms
  cloudfoundry_service_instance.instance_29                              55ms
  cloudfoundry_service_instance.instance_3                               61ms
  cloudfoundry_service_instance.instance_30                              43ms
  cloudfoundry_service_instance.instance_31                              47ms
  cloudfoundry_service_instance.instance_32                              42ms
  cloudfoundry_service_instance.instance_33                              54ms
  cloudfoundry_service_instance.instance_34                              97ms
  cloudfoundry_service_instance.instance_35                              50ms
  cloudfoundry_service_instance.instance_36                              41ms
  cloudfoundry_service_instance.instance_37                              49ms
  cloudfoundry_service_instance.instance_38                              59ms
  cloudfoundry_service_instance.instance_39                              53ms
  cloudfoundry_service_instance.instance_4                               44ms
  cloudfoundry_service_instance.instance_40                              39ms
  cloudfoundry_service_instance.instance_5                               39ms
  cloudfoundry_service_instance.instance_6                               49ms
  cloudfoundry_service_instance.instance_7                               49ms
  cloudfoundry_service_instance.instance_8                               64ms
  cloudfoundry_service_instance.instance_9                               48ms
  cloudfoundry_space.space_1                                             118ms
  cloudfoundry_space.space_10                                            144ms
  cloudfoundry_space.space_11                                            115ms
  cloudfoundry_space.space_12                                            124ms
  cloudfoundry_space.space_13                                            113ms
  cloudfoundry_space.space_14                                            93ms
  cloudfoundry_space.space_15                                            115ms
  cloudfoundry_space.space_16                                            116ms
  cloudfoundry_space.space_17                                            100ms
  cloudfoundry_space.space_18                                            142ms
  cloudfoundry_space.space_19                                            153ms
  cloudfoundry_space.space_2                                             128ms
  cloudfoundry_space.space_20                                            108ms
  cloudfoundry_space.space_3                                             110ms
  cloudfoundry_space.space_4                                             94ms
  cloudfoundry_space.space_5                                             127ms
  cloudfoundry_space.space_6                                             114ms
  cloudfoundry_space.space_7                                             116ms
  cloudfoundry_space.space_8                                             101ms
  cloudfoundry_space.space_9                                             107ms
  scc_subaccount.subaccount_1                                            41292ms
  scc_subaccount.subaccount_10                                           9131ms
  scc_subaccount.subaccount_2                                            24221ms
  scc_subaccount.subaccount_3                                            41167ms
  scc_subaccount.subaccount_4                                            9332ms
  scc_subaccount.subaccount_5                                            14718ms
  scc_subaccount.subaccount_6                                            43207ms
  scc_subaccount.subaccount_7                                            40796ms
  scc_subaccount.subaccount_8                                            41061ms
  scc_subaccount.subaccount_9                                            34194ms
  scc_system_mapping.system_1                                            55ms
  scc_system_mapping.system_10                                           59ms
  scc_system_mapping.system_11                                           57ms
  scc_system_mapping.system_12                                           58ms
  scc_system_mapping.system_13                                           69ms
  scc_system_mapping.system_14                                           61ms
  scc_system_mapping.system_15                                           54ms
  scc_system_mapping.system_16                                           59ms
  scc_system_mapping.system_17                                           1255ms
  scc_system_mapping.system_18                                           64ms
  scc_system_mapping.system_19                                           92ms
  scc_system_mapping.system_2                                            63ms
  scc_system_mapping.system_20                                           57ms
  scc_system_mapping.system_3                                            58ms
  scc_system_mapping.system_4                                            59ms
  scc_system_mapping.system_5                                            56ms
  scc_system_mapping.system_6                                            65ms
  scc_system_mapping.system_7                                            60ms
  scc_system_mapping.system_8                                            162ms
  scc_system_mapping.system_9                                            64ms
  scc_system_mapping_resource.resource_1                                 71ms
  scc_system_mapping_resource.resource_10                                65ms
  scc_system_mapping_resource.resource_11                                58ms
  scc_system_mapping_resource.resource_12                                58ms
  scc_system_mapping_resource.resource_13                                58ms
  scc_system_mapping_resource.resource_14                                59ms
  scc_system_mapping_resource.resource_15                                52ms
  scc_system_mapping_resource.resource_16                                56ms
  scc_system_mapping_resource.resource_17                                73ms
  scc_system_mapping_resource.resource_18                                56ms
  scc_system_mapping_resource.resource_19                                59ms
  scc_system_mapping_resource.resource_2                                 57ms
  scc_system_mapping_resource.resource_20                                67ms
  scc_system_mapping_resource.resource_21                                56ms
  scc_system_mapping_resource.resource_22                                56ms
  scc_system_mapping_resource.resource_23                                68ms
  scc_system_mapping_resource.resource_24                                61ms
  scc_system_mapping_resource.resource_25                                59ms
  scc_system_mapping_resource.resource_26                                58ms
  scc_system_mapping_resource.resource_27                                62ms
  scc_system_mapping_resource.resource_28                                649ms
  scc_system_mapping_resource.resource_29                                58ms
  scc_system_mapping_resource.resource_3                                 57ms
  scc_system_mapping_resource.resource_30                                60ms
  scc_system_mapping_resource.resource_31                                63ms
  scc_system_mapping_resource.resource_32                                57ms
  scc_system_mapping_resource.resource_33                                75ms
  scc_system_mapping_resource.resource_34                                58ms
  scc_system_mapping_resource.resource_35                                59ms
  scc_system_mapping_resource.resource_36                                55ms
  scc_system_mapping_resource.resource_37                                58ms
  scc_system_mapping_resource.resource_38                                62ms
  scc_system_mapping_resource.resource_39                                923ms
  scc_system_mapping_resource.resource_4                                 84ms
  scc_system_mapping_resource.resource_40                                61ms
  scc_system_mapping_resource.resource_5                                 70ms
  scc_system_mapping_resource.resource_6                                 61ms
  scc_system_mapping_resource.resource_7                                 61ms
  scc_system_mapping_resource.resource_8                                 57ms
  scc_system_mapping_resource.resource_9                                 54ms
  sci_application.app_1                                                  147ms
  sci_application.app_10                                                 146ms
  sci_application.app_11                                                 145ms
  sci_application.app_12                                                 141ms
  sci_application.app_13                                                 138ms
  sci_application.app_14                                                 159ms
  sci_application.app_15                                                 136ms
  sci_application.app_16                                                 145ms
  sci_application.app_17                                                 146ms
  sci_application.app_18                                                 249ms
  sci_application.app_19                                                 129ms
  sci_application.app_2                                                  130ms
  sci_application.app_20                                                 154ms
  sci_application.app_3                                                  143ms
  sci_application.app_4                                                  140ms
  sci_application.app_5                                                  142ms
  sci_application.app_6                                                  150ms
  sci_application.app_7                                                  139ms
  sci_application.app_8                                                  160ms
  sci_application.app_9                                                  148ms
  sci_group_base.group_1                                                 99ms
  sci_group_base.group_10                                                111ms
  sci_group_base.group_11                                                110ms
  sci_group_base.group_12                                                105ms
  sci_group_base.group_13                                                92ms
  sci_group_base.group_14                                                111ms
  sci_group_base.group_15                                                108ms
  sci_group_base.group_16                                                110ms
  sci_group_base.group_17                                                105ms
  sci_group_base.group_18                                                237ms
  sci_group_base.group_19                                                150ms
  sci_group_base.group_2                                                 119ms
  sci_group_base.group_20                                                113ms
  sci_group_base.group_21                                                111ms
  sci_group_base.group_22                                                109ms
  sci_group_base.group_23                                                91ms
  sci_group_base.group_24                                                102ms
  sci_group_base.group_25                                                104ms
  sci_group_base.group_26                                                119ms
  sci_group_base.group_27                                                236ms
  sci_group_base.group_28                                                95ms
  sci_group_base.group_29                                                109ms
  sci_group_base.group_3                                                 99ms
  sci_group_base.group_30                                                153ms
  sci_group_base.group_4                                                 107ms
  sci_group_base.group_5                                                 101ms
  sci_group_base.group_6                                                 105ms
  sci_group_base.group_7                                                 113ms
  sci_group_base.group_8                                                 93ms
  sci_group_base.group_9                                                 122ms
  sci_user.user_1                                                        100ms
  sci_user.user_10                                                       109ms
  sci_user.user_11                                                       103ms
  sci_user.user_12                                                       122ms
  sci_user.user_13                                                       238ms
  sci_user.user_14                                                       99ms
  sci_user.user_15                                                       103ms
  sci_user.user_16                                                       121ms
  sci_user.user_17                                                       284ms
  sci_user.user_18                                                       102ms
  sci_user.user_19                                                       101ms
  sci_user.user_2                                                        122ms
  sci_user.user_20                                                       93ms
  sci_user.user_21                                                       103ms
  sci_user.user_22                                                       100ms
  sci_user.user_23                                                       90ms
  sci_user.user_24                                                       92ms
  sci_user.user_25                                                       101ms
  sci_user.user_26                                                       120ms
  sci_user.user_27                                                       104ms
  sci_user.user_28                                                       99ms
  sci_user.user_29                                                       99ms
  sci_user.user_3                                                        107ms
  sci_user.user_30                                                       90ms
  sci_user.user_31                                                       113ms
  sci_user.user_32                                                       111ms
  sci_user.user_33                                                       104ms
  sci_user.user_34                                                       132ms
  sci_user.user_35                                                       97ms
  sci_user.user_36                                                       100ms
  sci_user.user_37                                                       118ms
  sci_user.user_38                                                       98ms
  sci_user.user_39                                                       92ms
  sci_user.user_4                                                        86ms
  sci_user.user_40                                                       238ms
  sci_user.user_41                                                       106ms
  sci_user.user_42                                                       97ms
  sci_user.user_43                                                       218ms
  sci_user.user_44                                                       98ms
  sci_user.user_45                                                       97ms
  sci_user.user_46                                                       98ms
  sci_user.user_47                                                       97ms
  sci_user.user_48                                                       112ms
  sci_user.user_49                                                       96ms
  sci_user.user_5                                                        94ms
  sci_user.user_50                                                       112ms
  sci_user.user_6                                                        105ms
  sci_user.user_7                                                        97ms
  sci_user.user_8                                                        98ms
  sci_user.user_9                                                        109ms


Run 19/20:
  Total run time: 120.016075s
  btp_directory.directory_1                                              1122ms
  btp_directory.directory_10                                             3656ms
  btp_directory.directory_2                                              3123ms
  btp_directory.directory_3                                              2088ms
  btp_directory.directory_4                                              2200ms
  btp_directory.directory_5                                              3405ms
  btp_directory.directory_6                                              2386ms
  btp_directory.directory_7                                              1925ms
  btp_directory.directory_8                                              4523ms
  btp_directory.directory_9                                              4036ms
  btp_subaccount.subaccount_1                                            1710ms
  btp_subaccount.subaccount_10                                           1694ms
  btp_subaccount.subaccount_2                                            761ms
  btp_subaccount.subaccount_3                                            532ms
  btp_subaccount.subaccount_4                                            71ms
  btp_subaccount.subaccount_5                                            1822ms
  btp_subaccount.subaccount_6                                            2160ms
  btp_subaccount.subaccount_7                                            856ms
  btp_subaccount.subaccount_8                                            916ms
  btp_subaccount.subaccount_9                                            656ms
  btp_subaccount_destination_generic.destination_1                       881ms
  btp_subaccount_destination_generic.destination_10                      158ms
  btp_subaccount_destination_generic.destination_11                      561ms
  btp_subaccount_destination_generic.destination_12                      711ms
  btp_subaccount_destination_generic.destination_13                      1049ms
  btp_subaccount_destination_generic.destination_14                      922ms
  btp_subaccount_destination_generic.destination_15                      989ms
  btp_subaccount_destination_generic.destination_16                      7357ms
  btp_subaccount_destination_generic.destination_17                      1053ms
  btp_subaccount_destination_generic.destination_18                      793ms
  btp_subaccount_destination_generic.destination_19                      951ms
  btp_subaccount_destination_generic.destination_2                       996ms
  btp_subaccount_destination_generic.destination_20                      2608ms
  btp_subaccount_destination_generic.destination_3                       2079ms
  btp_subaccount_destination_generic.destination_4                       5975ms
  btp_subaccount_destination_generic.destination_5                       2083ms
  btp_subaccount_destination_generic.destination_6                       2628ms
  btp_subaccount_destination_generic.destination_7                       1034ms
  btp_subaccount_destination_generic.destination_8                       1397ms
  btp_subaccount_destination_generic.destination_9                       1468ms
  btp_subaccount_entitlement.entitlement_1                               13161ms
  btp_subaccount_entitlement.entitlement_10                              15225ms
  btp_subaccount_entitlement.entitlement_11                              17373ms
  btp_subaccount_entitlement.entitlement_12                              16117ms
  btp_subaccount_entitlement.entitlement_13                              15463ms
  btp_subaccount_entitlement.entitlement_14                              22733ms
  btp_subaccount_entitlement.entitlement_15                              13483ms
  btp_subaccount_entitlement.entitlement_16                              19765ms
  btp_subaccount_entitlement.entitlement_17                              14006ms
  btp_subaccount_entitlement.entitlement_18                              13512ms
  btp_subaccount_entitlement.entitlement_19                              17227ms
  btp_subaccount_entitlement.entitlement_2                               16705ms
  btp_subaccount_entitlement.entitlement_20                              13206ms
  btp_subaccount_entitlement.entitlement_21                              12677ms
  btp_subaccount_entitlement.entitlement_22                              13146ms
  btp_subaccount_entitlement.entitlement_23                              13538ms
  btp_subaccount_entitlement.entitlement_24                              21290ms
  btp_subaccount_entitlement.entitlement_25                              14269ms
  btp_subaccount_entitlement.entitlement_26                              18956ms
  btp_subaccount_entitlement.entitlement_27                              12771ms
  btp_subaccount_entitlement.entitlement_28                              18552ms
  btp_subaccount_entitlement.entitlement_29                              20684ms
  btp_subaccount_entitlement.entitlement_3                               16509ms
  btp_subaccount_entitlement.entitlement_30                              11237ms
  btp_subaccount_entitlement.entitlement_31                              16933ms
  btp_subaccount_entitlement.entitlement_32                              13484ms
  btp_subaccount_entitlement.entitlement_33                              12629ms
  btp_subaccount_entitlement.entitlement_34                              13288ms
  btp_subaccount_entitlement.entitlement_35                              14853ms
  btp_subaccount_entitlement.entitlement_36                              23318ms
  btp_subaccount_entitlement.entitlement_37                              18126ms
  btp_subaccount_entitlement.entitlement_38                              14410ms
  btp_subaccount_entitlement.entitlement_39                              14015ms
  btp_subaccount_entitlement.entitlement_4                               15988ms
  btp_subaccount_entitlement.entitlement_40                              13693ms
  btp_subaccount_entitlement.entitlement_5                               14057ms
  btp_subaccount_entitlement.entitlement_6                               15958ms
  btp_subaccount_entitlement.entitlement_7                               14190ms
  btp_subaccount_entitlement.entitlement_8                               15675ms
  btp_subaccount_entitlement.entitlement_9                               14065ms
  btp_subaccount_environment_instance.cloudfoundry_1                     2289ms
  btp_subaccount_environment_instance.cloudfoundry_10                    849ms
  btp_subaccount_environment_instance.cloudfoundry_2                     2632ms
  btp_subaccount_environment_instance.cloudfoundry_3                     1983ms
  btp_subaccount_environment_instance.cloudfoundry_4                     1263ms
  btp_subaccount_environment_instance.cloudfoundry_5                     2866ms
  btp_subaccount_environment_instance.cloudfoundry_6                     1057ms
  btp_subaccount_environment_instance.cloudfoundry_7                     6708ms
  btp_subaccount_environment_instance.cloudfoundry_8                     895ms
  btp_subaccount_environment_instance.cloudfoundry_9                     741ms
  btp_subaccount_role.role_1                                             1494ms
  btp_subaccount_role.role_10                                            882ms
  btp_subaccount_role.role_11                                            2404ms
  btp_subaccount_role.role_12                                            2741ms
  btp_subaccount_role.role_13                                            2154ms
  btp_subaccount_role.role_14                                            521ms
  btp_subaccount_role.role_15                                            1728ms
  btp_subaccount_role.role_16                                            1274ms
  btp_subaccount_role.role_17                                            989ms
  btp_subaccount_role.role_18                                            7468ms
  btp_subaccount_role.role_19                                            2803ms
  btp_subaccount_role.role_2                                             788ms
  btp_subaccount_role.role_20                                            1416ms
  btp_subaccount_role.role_3                                             1527ms
  btp_subaccount_role.role_4                                             1296ms
  btp_subaccount_role.role_5                                             931ms
  btp_subaccount_role.role_6                                             1016ms
  btp_subaccount_role.role_7                                             1017ms
  btp_subaccount_role.role_8                                             1547ms
  btp_subaccount_role.role_9                                             1308ms
  btp_subaccount_role_collection.collection_1                            4687ms
  btp_subaccount_role_collection.collection_10                           2267ms
  btp_subaccount_role_collection.collection_11                           1447ms
  btp_subaccount_role_collection.collection_12                           1386ms
  btp_subaccount_role_collection.collection_13                           2230ms
  btp_subaccount_role_collection.collection_14                           961ms
  btp_subaccount_role_collection.collection_15                           1035ms
  btp_subaccount_role_collection.collection_16                           639ms
  btp_subaccount_role_collection.collection_17                           2334ms
  btp_subaccount_role_collection.collection_18                           2047ms
  btp_subaccount_role_collection.collection_19                           1015ms
  btp_subaccount_role_collection.collection_2                            1315ms
  btp_subaccount_role_collection.collection_20                           135ms
  btp_subaccount_role_collection.collection_21                           1439ms
  btp_subaccount_role_collection.collection_22                           2381ms
  btp_subaccount_role_collection.collection_23                           584ms
  btp_subaccount_role_collection.collection_24                           661ms
  btp_subaccount_role_collection.collection_25                           1773ms
  btp_subaccount_role_collection.collection_26                           922ms
  btp_subaccount_role_collection.collection_27                           291ms
  btp_subaccount_role_collection.collection_28                           951ms
  btp_subaccount_role_collection.collection_29                           1410ms
  btp_subaccount_role_collection.collection_3                            1725ms
  btp_subaccount_role_collection.collection_30                           1369ms
  btp_subaccount_role_collection.collection_4                            875ms
  btp_subaccount_role_collection.collection_5                            1462ms
  btp_subaccount_role_collection.collection_6                            1217ms
  btp_subaccount_role_collection.collection_7                            564ms
  btp_subaccount_role_collection.collection_8                            1334ms
  btp_subaccount_role_collection.collection_9                            579ms
  btp_subaccount_service_instance.instance_1                             2611ms
  btp_subaccount_service_instance.instance_10                            8083ms
  btp_subaccount_service_instance.instance_11                            6771ms
  btp_subaccount_service_instance.instance_12                            2785ms
  btp_subaccount_service_instance.instance_13                            13468ms
  btp_subaccount_service_instance.instance_14                            2598ms
  btp_subaccount_service_instance.instance_15                            3860ms
  btp_subaccount_service_instance.instance_16                            4681ms
  btp_subaccount_service_instance.instance_17                            1352ms
  btp_subaccount_service_instance.instance_18                            6360ms
  btp_subaccount_service_instance.instance_19                            7417ms
  btp_subaccount_service_instance.instance_2                             7324ms
  btp_subaccount_service_instance.instance_20                            3420ms
  btp_subaccount_service_instance.instance_3                             4409ms
  btp_subaccount_service_instance.instance_4                             6150ms
  btp_subaccount_service_instance.instance_5                             10691ms
  btp_subaccount_service_instance.instance_6                             4760ms
  btp_subaccount_service_instance.instance_7                             6430ms
  btp_subaccount_service_instance.instance_8                             8450ms
  btp_subaccount_service_instance.instance_9                             3097ms
  btp_subaccount_subscription.subscription_1                             9454ms
  btp_subaccount_subscription.subscription_10                            2971ms
  btp_subaccount_subscription.subscription_11                            9383ms
  btp_subaccount_subscription.subscription_12                            7785ms
  btp_subaccount_subscription.subscription_13                            2751ms
  btp_subaccount_subscription.subscription_14                            12686ms
  btp_subaccount_subscription.subscription_15                            6475ms
  btp_subaccount_subscription.subscription_16                            2441ms
  btp_subaccount_subscription.subscription_17                            4963ms
  btp_subaccount_subscription.subscription_18                            3443ms
  btp_subaccount_subscription.subscription_19                            7398ms
  btp_subaccount_subscription.subscription_2                             3179ms
  btp_subaccount_subscription.subscription_20                            2584ms
  btp_subaccount_subscription.subscription_21                            3833ms
  btp_subaccount_subscription.subscription_22                            1784ms
  btp_subaccount_subscription.subscription_23                            2325ms
  btp_subaccount_subscription.subscription_24                            4349ms
  btp_subaccount_subscription.subscription_25                            4547ms
  btp_subaccount_subscription.subscription_26                            2339ms
  btp_subaccount_subscription.subscription_27                            4302ms
  btp_subaccount_subscription.subscription_28                            3223ms
  btp_subaccount_subscription.subscription_29                            9274ms
  btp_subaccount_subscription.subscription_3                             1980ms
  btp_subaccount_subscription.subscription_30                            3635ms
  btp_subaccount_subscription.subscription_4                             1841ms
  btp_subaccount_subscription.subscription_5                             3403ms
  btp_subaccount_subscription.subscription_6                             2452ms
  btp_subaccount_subscription.subscription_7                             906ms
  btp_subaccount_subscription.subscription_8                             3881ms
  btp_subaccount_subscription.subscription_9                             4461ms
  btp_subaccount_trust_configuration.trust_1                             1878ms
  btp_subaccount_trust_configuration.trust_10                            877ms
  btp_subaccount_trust_configuration.trust_2                             1972ms
  btp_subaccount_trust_configuration.trust_3                             2498ms
  btp_subaccount_trust_configuration.trust_4                             7332ms
  btp_subaccount_trust_configuration.trust_5                             2530ms
  btp_subaccount_trust_configuration.trust_6                             1303ms
  btp_subaccount_trust_configuration.trust_7                             1491ms
  btp_subaccount_trust_configuration.trust_8                             942ms
  btp_subaccount_trust_configuration.trust_9                             1084ms
  cloudfoundry_service_instance.instance_1                               38ms
  cloudfoundry_service_instance.instance_10                              45ms
  cloudfoundry_service_instance.instance_11                              42ms
  cloudfoundry_service_instance.instance_12                              44ms
  cloudfoundry_service_instance.instance_13                              56ms
  cloudfoundry_service_instance.instance_14                              49ms
  cloudfoundry_service_instance.instance_15                              39ms
  cloudfoundry_service_instance.instance_16                              51ms
  cloudfoundry_service_instance.instance_17                              37ms
  cloudfoundry_service_instance.instance_18                              60ms
  cloudfoundry_service_instance.instance_19                              47ms
  cloudfoundry_service_instance.instance_2                               51ms
  cloudfoundry_service_instance.instance_20                              41ms
  cloudfoundry_service_instance.instance_21                              44ms
  cloudfoundry_service_instance.instance_22                              54ms
  cloudfoundry_service_instance.instance_23                              63ms
  cloudfoundry_service_instance.instance_24                              42ms
  cloudfoundry_service_instance.instance_25                              43ms
  cloudfoundry_service_instance.instance_26                              57ms
  cloudfoundry_service_instance.instance_27                              41ms
  cloudfoundry_service_instance.instance_28                              52ms
  cloudfoundry_service_instance.instance_29                              44ms
  cloudfoundry_service_instance.instance_3                               42ms
  cloudfoundry_service_instance.instance_30                              50ms
  cloudfoundry_service_instance.instance_31                              43ms
  cloudfoundry_service_instance.instance_32                              51ms
  cloudfoundry_service_instance.instance_33                              40ms
  cloudfoundry_service_instance.instance_34                              41ms
  cloudfoundry_service_instance.instance_35                              42ms
  cloudfoundry_service_instance.instance_36                              49ms
  cloudfoundry_service_instance.instance_37                              39ms
  cloudfoundry_service_instance.instance_38                              45ms
  cloudfoundry_service_instance.instance_39                              52ms
  cloudfoundry_service_instance.instance_4                               45ms
  cloudfoundry_service_instance.instance_40                              42ms
  cloudfoundry_service_instance.instance_5                               50ms
  cloudfoundry_service_instance.instance_6                               50ms
  cloudfoundry_service_instance.instance_7                               54ms
  cloudfoundry_service_instance.instance_8                               43ms
  cloudfoundry_service_instance.instance_9                               40ms
  cloudfoundry_space.space_1                                             148ms
  cloudfoundry_space.space_10                                            195ms
  cloudfoundry_space.space_11                                            113ms
  cloudfoundry_space.space_12                                            101ms
  cloudfoundry_space.space_13                                            132ms
  cloudfoundry_space.space_14                                            106ms
  cloudfoundry_space.space_15                                            98ms
  cloudfoundry_space.space_16                                            119ms
  cloudfoundry_space.space_17                                            113ms
  cloudfoundry_space.space_18                                            101ms
  cloudfoundry_space.space_19                                            119ms
  cloudfoundry_space.space_2                                             125ms
  cloudfoundry_space.space_20                                            129ms
  cloudfoundry_space.space_3                                             195ms
  cloudfoundry_space.space_4                                             134ms
  cloudfoundry_space.space_5                                             134ms
  cloudfoundry_space.space_6                                             188ms
  cloudfoundry_space.space_7                                             237ms
  cloudfoundry_space.space_8                                             136ms
  cloudfoundry_space.space_9                                             140ms
  scc_subaccount.subaccount_1                                            1139ms
  scc_subaccount.subaccount_10                                           10084ms
  scc_subaccount.subaccount_2                                            959ms
  scc_subaccount.subaccount_3                                            4437ms
  scc_subaccount.subaccount_4                                            1398ms
  scc_subaccount.subaccount_5                                            12616ms
  scc_subaccount.subaccount_6                                            633ms
  scc_subaccount.subaccount_7                                            4619ms
  scc_subaccount.subaccount_8                                            10339ms
  scc_subaccount.subaccount_9                                            12970ms
  scc_system_mapping.system_1                                            62ms
  scc_system_mapping.system_10                                           76ms
  scc_system_mapping.system_11                                           71ms
  scc_system_mapping.system_12                                           66ms
  scc_system_mapping.system_13                                           63ms
  scc_system_mapping.system_14                                           57ms
  scc_system_mapping.system_15                                           63ms
  scc_system_mapping.system_16                                           59ms
  scc_system_mapping.system_17                                           78ms
  scc_system_mapping.system_18                                           74ms
  scc_system_mapping.system_19                                           62ms
  scc_system_mapping.system_2                                            61ms
  scc_system_mapping.system_20                                           150ms
  scc_system_mapping.system_3                                            56ms
  scc_system_mapping.system_4                                            87ms
  scc_system_mapping.system_5                                            123ms
  scc_system_mapping.system_6                                            86ms
  scc_system_mapping.system_7                                            79ms
  scc_system_mapping.system_8                                            63ms
  scc_system_mapping.system_9                                            84ms
  scc_system_mapping_resource.resource_1                                 156ms
  scc_system_mapping_resource.resource_10                                103ms
  scc_system_mapping_resource.resource_11                                137ms
  scc_system_mapping_resource.resource_12                                58ms
  scc_system_mapping_resource.resource_13                                61ms
  scc_system_mapping_resource.resource_14                                79ms
  scc_system_mapping_resource.resource_15                                61ms
  scc_system_mapping_resource.resource_16                                73ms
  scc_system_mapping_resource.resource_17                                66ms
  scc_system_mapping_resource.resource_18                                140ms
  scc_system_mapping_resource.resource_19                                146ms
  scc_system_mapping_resource.resource_2                                 58ms
  scc_system_mapping_resource.resource_20                                61ms
  scc_system_mapping_resource.resource_21                                81ms
  scc_system_mapping_resource.resource_22                                58ms
  scc_system_mapping_resource.resource_23                                57ms
  scc_system_mapping_resource.resource_24                                59ms
  scc_system_mapping_resource.resource_25                                58ms
  scc_system_mapping_resource.resource_26                                65ms
  scc_system_mapping_resource.resource_27                                71ms
  scc_system_mapping_resource.resource_28                                167ms
  scc_system_mapping_resource.resource_29                                71ms
  scc_system_mapping_resource.resource_3                                 71ms
  scc_system_mapping_resource.resource_30                                56ms
  scc_system_mapping_resource.resource_31                                64ms
  scc_system_mapping_resource.resource_32                                58ms
  scc_system_mapping_resource.resource_33                                69ms
  scc_system_mapping_resource.resource_34                                135ms
  scc_system_mapping_resource.resource_35                                63ms
  scc_system_mapping_resource.resource_36                                59ms
  scc_system_mapping_resource.resource_37                                118ms
  scc_system_mapping_resource.resource_38                                63ms
  scc_system_mapping_resource.resource_39                                97ms
  scc_system_mapping_resource.resource_4                                 63ms
  scc_system_mapping_resource.resource_40                                54ms
  scc_system_mapping_resource.resource_5                                 59ms
  scc_system_mapping_resource.resource_6                                 64ms
  scc_system_mapping_resource.resource_7                                 61ms
  scc_system_mapping_resource.resource_8                                 61ms
  scc_system_mapping_resource.resource_9                                 62ms
  sci_application.app_1                                                  154ms
  sci_application.app_10                                                 134ms
  sci_application.app_11                                                 120ms
  sci_application.app_12                                                 136ms
  sci_application.app_13                                                 123ms
  sci_application.app_14                                                 135ms
  sci_application.app_15                                                 123ms
  sci_application.app_16                                                 142ms
  sci_application.app_17                                                 123ms
  sci_application.app_18                                                 135ms
  sci_application.app_19                                                 146ms
  sci_application.app_2                                                  129ms
  sci_application.app_20                                                 124ms
  sci_application.app_3                                                  132ms
  sci_application.app_4                                                  143ms
  sci_application.app_5                                                  127ms
  sci_application.app_6                                                  143ms
  sci_application.app_7                                                  126ms
  sci_application.app_8                                                  123ms
  sci_application.app_9                                                  133ms
  sci_group_base.group_1                                                 103ms
  sci_group_base.group_10                                                106ms
  sci_group_base.group_11                                                85ms
  sci_group_base.group_12                                                101ms
  sci_group_base.group_13                                                174ms
  sci_group_base.group_14                                                101ms
  sci_group_base.group_15                                                102ms
  sci_group_base.group_16                                                113ms
  sci_group_base.group_17                                                100ms
  sci_group_base.group_18                                                99ms
  sci_group_base.group_19                                                87ms
  sci_group_base.group_2                                                 109ms
  sci_group_base.group_20                                                170ms
  sci_group_base.group_21                                                95ms
  sci_group_base.group_22                                                112ms
  sci_group_base.group_23                                                96ms
  sci_group_base.group_24                                                99ms
  sci_group_base.group_25                                                101ms
  sci_group_base.group_26                                                105ms
  sci_group_base.group_27                                                99ms
  sci_group_base.group_28                                                104ms
  sci_group_base.group_29                                                106ms
  sci_group_base.group_3                                                 91ms
  sci_group_base.group_30                                                102ms
  sci_group_base.group_4                                                 105ms
  sci_group_base.group_5                                                 102ms
  sci_group_base.group_6                                                 92ms
  sci_group_base.group_7                                                 113ms
  sci_group_base.group_8                                                 112ms
  sci_group_base.group_9                                                 140ms
  sci_user.user_1                                                        102ms
  sci_user.user_10                                                       97ms
  sci_user.user_11                                                       96ms
  sci_user.user_12                                                       100ms
  sci_user.user_13                                                       99ms
  sci_user.user_14                                                       92ms
  sci_user.user_15                                                       93ms
  sci_user.user_16                                                       97ms
  sci_user.user_17                                                       95ms
  sci_user.user_18                                                       106ms
  sci_user.user_19                                                       86ms
  sci_user.user_2                                                        99ms
  sci_user.user_20                                                       100ms
  sci_user.user_21                                                       94ms
  sci_user.user_22                                                       106ms
  sci_user.user_23                                                       95ms
  sci_user.user_24                                                       89ms
  sci_user.user_25                                                       96ms
  sci_user.user_26                                                       88ms
  sci_user.user_27                                                       82ms
  sci_user.user_28                                                       92ms
  sci_user.user_29                                                       216ms
  sci_user.user_3                                                        169ms
  sci_user.user_30                                                       98ms
  sci_user.user_31                                                       95ms
  sci_user.user_32                                                       94ms
  sci_user.user_33                                                       99ms
  sci_user.user_34                                                       125ms
  sci_user.user_35                                                       117ms
  sci_user.user_36                                                       94ms
  sci_user.user_37                                                       103ms
  sci_user.user_38                                                       98ms
  sci_user.user_39                                                       100ms
  sci_user.user_4                                                        161ms
  sci_user.user_40                                                       84ms
  sci_user.user_41                                                       94ms
  sci_user.user_42                                                       168ms
  sci_user.user_43                                                       90ms
  sci_user.user_44                                                       100ms
  sci_user.user_45                                                       95ms
  sci_user.user_46                                                       166ms
  sci_user.user_47                                                       84ms
  sci_user.user_48                                                       92ms
  sci_user.user_49                                                       86ms
  sci_user.user_5                                                        100ms
  sci_user.user_50                                                       101ms
  sci_user.user_6                                                        90ms
  sci_user.user_7                                                        107ms
  sci_user.user_8                                                        101ms
  sci_user.user_9                                                        99ms


Run 20/20:
  Total run time: 95.745702s
  btp_directory.directory_1                                              1264ms
  btp_directory.directory_10                                             195ms
  btp_directory.directory_2                                              2443ms
  btp_directory.directory_3                                              2851ms
  btp_directory.directory_4                                              2285ms
  btp_directory.directory_5                                              2475ms
  btp_directory.directory_6                                              3008ms
  btp_directory.directory_7                                              3628ms
  btp_directory.directory_8                                              1306ms
  btp_directory.directory_9                                              3483ms
  btp_subaccount.subaccount_1                                            1131ms
  btp_subaccount.subaccount_10                                           1362ms
  btp_subaccount.subaccount_2                                            617ms
  btp_subaccount.subaccount_3                                            1389ms
  btp_subaccount.subaccount_4                                            976ms
  btp_subaccount.subaccount_5                                            2014ms
  btp_subaccount.subaccount_6                                            723ms
  btp_subaccount.subaccount_7                                            858ms
  btp_subaccount.subaccount_8                                            992ms
  btp_subaccount.subaccount_9                                            2009ms
  btp_subaccount_destination_generic.destination_1                       1748ms
  btp_subaccount_destination_generic.destination_10                      1038ms
  btp_subaccount_destination_generic.destination_11                      1202ms
  btp_subaccount_destination_generic.destination_12                      1344ms
  btp_subaccount_destination_generic.destination_13                      1215ms
  btp_subaccount_destination_generic.destination_14                      790ms
  btp_subaccount_destination_generic.destination_15                      1554ms
  btp_subaccount_destination_generic.destination_16                      1855ms
  btp_subaccount_destination_generic.destination_17                      1225ms
  btp_subaccount_destination_generic.destination_18                      2042ms
  btp_subaccount_destination_generic.destination_19                      1325ms
  btp_subaccount_destination_generic.destination_2                       1474ms
  btp_subaccount_destination_generic.destination_20                      1264ms
  btp_subaccount_destination_generic.destination_3                       1938ms
  btp_subaccount_destination_generic.destination_4                       1022ms
  btp_subaccount_destination_generic.destination_5                       988ms
  btp_subaccount_destination_generic.destination_6                       443ms
  btp_subaccount_destination_generic.destination_7                       1567ms
  btp_subaccount_destination_generic.destination_8                       865ms
  btp_subaccount_destination_generic.destination_9                       1145ms
  btp_subaccount_entitlement.entitlement_1                               14475ms
  btp_subaccount_entitlement.entitlement_10                              13541ms
  btp_subaccount_entitlement.entitlement_11                              14422ms
  btp_subaccount_entitlement.entitlement_12                              15512ms
  btp_subaccount_entitlement.entitlement_13                              13561ms
  btp_subaccount_entitlement.entitlement_14                              13653ms
  btp_subaccount_entitlement.entitlement_15                              15953ms
  btp_subaccount_entitlement.entitlement_16                              15109ms
  btp_subaccount_entitlement.entitlement_17                              13098ms
  btp_subaccount_entitlement.entitlement_18                              13324ms
  btp_subaccount_entitlement.entitlement_19                              12516ms
  btp_subaccount_entitlement.entitlement_2                               12772ms
  btp_subaccount_entitlement.entitlement_20                              13716ms
  btp_subaccount_entitlement.entitlement_21                              13146ms
  btp_subaccount_entitlement.entitlement_22                              14425ms
  btp_subaccount_entitlement.entitlement_23                              12285ms
  btp_subaccount_entitlement.entitlement_24                              13065ms
  btp_subaccount_entitlement.entitlement_25                              11981ms
  btp_subaccount_entitlement.entitlement_26                              13445ms
  btp_subaccount_entitlement.entitlement_27                              11763ms
  btp_subaccount_entitlement.entitlement_28                              12680ms
  btp_subaccount_entitlement.entitlement_29                              12493ms
  btp_subaccount_entitlement.entitlement_3                               13481ms
  btp_subaccount_entitlement.entitlement_30                              14100ms
  btp_subaccount_entitlement.entitlement_31                              14171ms
  btp_subaccount_entitlement.entitlement_32                              14365ms
  btp_subaccount_entitlement.entitlement_33                              13252ms
  btp_subaccount_entitlement.entitlement_34                              13620ms
  btp_subaccount_entitlement.entitlement_35                              13837ms
  btp_subaccount_entitlement.entitlement_36                              13839ms
  btp_subaccount_entitlement.entitlement_37                              13865ms
  btp_subaccount_entitlement.entitlement_38                              13265ms
  btp_subaccount_entitlement.entitlement_39                              12783ms
  btp_subaccount_entitlement.entitlement_4                               13526ms
  btp_subaccount_entitlement.entitlement_40                              13825ms
  btp_subaccount_entitlement.entitlement_5                               13862ms
  btp_subaccount_entitlement.entitlement_6                               13911ms
  btp_subaccount_entitlement.entitlement_7                               13495ms
  btp_subaccount_entitlement.entitlement_8                               14238ms
  btp_subaccount_entitlement.entitlement_9                               13793ms
  btp_subaccount_environment_instance.cloudfoundry_1                     1193ms
  btp_subaccount_environment_instance.cloudfoundry_10                    1815ms
  btp_subaccount_environment_instance.cloudfoundry_2                     1164ms
  btp_subaccount_environment_instance.cloudfoundry_3                     634ms
  btp_subaccount_environment_instance.cloudfoundry_4                     584ms
  btp_subaccount_environment_instance.cloudfoundry_5                     1447ms
  btp_subaccount_environment_instance.cloudfoundry_6                     614ms
  btp_subaccount_environment_instance.cloudfoundry_7                     1817ms
  btp_subaccount_environment_instance.cloudfoundry_8                     1433ms
  btp_subaccount_environment_instance.cloudfoundry_9                     1227ms
  btp_subaccount_role.role_1                                             1179ms
  btp_subaccount_role.role_10                                            1645ms
  btp_subaccount_role.role_11                                            1464ms
  btp_subaccount_role.role_12                                            1106ms
  btp_subaccount_role.role_13                                            1345ms
  btp_subaccount_role.role_14                                            1246ms
  btp_subaccount_role.role_15                                            611ms
  btp_subaccount_role.role_16                                            954ms
  btp_subaccount_role.role_17                                            1765ms
  btp_subaccount_role.role_18                                            1836ms
  btp_subaccount_role.role_19                                            1279ms
  btp_subaccount_role.role_2                                             1293ms
  btp_subaccount_role.role_20                                            1446ms
  btp_subaccount_role.role_3                                             1013ms
  btp_subaccount_role.role_4                                             1172ms
  btp_subaccount_role.role_5                                             859ms
  btp_subaccount_role.role_6                                             1263ms
  btp_subaccount_role.role_7                                             1710ms
  btp_subaccount_role.role_8                                             1248ms
  btp_subaccount_role.role_9                                             167ms
  btp_subaccount_role_collection.collection_1                            1317ms
  btp_subaccount_role_collection.collection_10                           1345ms
  btp_subaccount_role_collection.collection_11                           1247ms
  btp_subaccount_role_collection.collection_12                           534ms
  btp_subaccount_role_collection.collection_13                           1474ms
  btp_subaccount_role_collection.collection_14                           1800ms
  btp_subaccount_role_collection.collection_15                           671ms
  btp_subaccount_role_collection.collection_16                           1055ms
  btp_subaccount_role_collection.collection_17                           373ms
  btp_subaccount_role_collection.collection_18                           2128ms
  btp_subaccount_role_collection.collection_19                           2275ms
  btp_subaccount_role_collection.collection_2                            1526ms
  btp_subaccount_role_collection.collection_20                           707ms
  btp_subaccount_role_collection.collection_21                           504ms
  btp_subaccount_role_collection.collection_22                           1996ms
  btp_subaccount_role_collection.collection_23                           1645ms
  btp_subaccount_role_collection.collection_24                           580ms
  btp_subaccount_role_collection.collection_25                           1030ms
  btp_subaccount_role_collection.collection_26                           1373ms
  btp_subaccount_role_collection.collection_27                           601ms
  btp_subaccount_role_collection.collection_28                           1832ms
  btp_subaccount_role_collection.collection_29                           1133ms
  btp_subaccount_role_collection.collection_3                            607ms
  btp_subaccount_role_collection.collection_30                           566ms
  btp_subaccount_role_collection.collection_4                            824ms
  btp_subaccount_role_collection.collection_5                            1274ms
  btp_subaccount_role_collection.collection_6                            1102ms
  btp_subaccount_role_collection.collection_7                            772ms
  btp_subaccount_role_collection.collection_8                            1210ms
  btp_subaccount_role_collection.collection_9                            1973ms
  btp_subaccount_service_instance.instance_1                             2313ms
  btp_subaccount_service_instance.instance_10                            4281ms
  btp_subaccount_service_instance.instance_11                            2660ms
  btp_subaccount_service_instance.instance_12                            4132ms
  btp_subaccount_service_instance.instance_13                            1510ms
  btp_subaccount_service_instance.instance_14                            3185ms
  btp_subaccount_service_instance.instance_15                            4565ms
  btp_subaccount_service_instance.instance_16                            1969ms
  btp_subaccount_service_instance.instance_17                            2527ms
  btp_subaccount_service_instance.instance_18                            4473ms
  btp_subaccount_service_instance.instance_19                            5233ms
  btp_subaccount_service_instance.instance_2                             3182ms
  btp_subaccount_service_instance.instance_20                            4324ms
  btp_subaccount_service_instance.instance_3                             2308ms
  btp_subaccount_service_instance.instance_4                             7620ms
  btp_subaccount_service_instance.instance_5                             5263ms
  btp_subaccount_service_instance.instance_6                             2765ms
  btp_subaccount_service_instance.instance_7                             4542ms
  btp_subaccount_service_instance.instance_8                             3588ms
  btp_subaccount_service_instance.instance_9                             4183ms
  btp_subaccount_subscription.subscription_1                             3550ms
  btp_subaccount_subscription.subscription_10                            3700ms
  btp_subaccount_subscription.subscription_11                            2521ms
  btp_subaccount_subscription.subscription_12                            3462ms
  btp_subaccount_subscription.subscription_13                            6309ms
  btp_subaccount_subscription.subscription_14                            2014ms
  btp_subaccount_subscription.subscription_15                            3050ms
  btp_subaccount_subscription.subscription_16                            2652ms
  btp_subaccount_subscription.subscription_17                            4498ms
  btp_subaccount_subscription.subscription_18                            1362ms
  btp_subaccount_subscription.subscription_19                            3253ms
  btp_subaccount_subscription.subscription_2                             3443ms
  btp_subaccount_subscription.subscription_20                            2462ms
  btp_subaccount_subscription.subscription_21                            3906ms
  btp_subaccount_subscription.subscription_22                            3481ms
  btp_subaccount_subscription.subscription_23                            2824ms
  btp_subaccount_subscription.subscription_24                            4219ms
  btp_subaccount_subscription.subscription_25                            1869ms
  btp_subaccount_subscription.subscription_26                            1992ms
  btp_subaccount_subscription.subscription_27                            2656ms
  btp_subaccount_subscription.subscription_28                            3222ms
  btp_subaccount_subscription.subscription_29                            1801ms
  btp_subaccount_subscription.subscription_3                             3589ms
  btp_subaccount_subscription.subscription_30                            3350ms
  btp_subaccount_subscription.subscription_4                             3013ms
  btp_subaccount_subscription.subscription_5                             1693ms
  btp_subaccount_subscription.subscription_6                             2027ms
  btp_subaccount_subscription.subscription_7                             3855ms
  btp_subaccount_subscription.subscription_8                             1359ms
  btp_subaccount_subscription.subscription_9                             2472ms
  btp_subaccount_trust_configuration.trust_1                             946ms
  btp_subaccount_trust_configuration.trust_10                            1894ms
  btp_subaccount_trust_configuration.trust_2                             1834ms
  btp_subaccount_trust_configuration.trust_3                             820ms
  btp_subaccount_trust_configuration.trust_4                             1423ms
  btp_subaccount_trust_configuration.trust_5                             1817ms
  btp_subaccount_trust_configuration.trust_6                             1468ms
  btp_subaccount_trust_configuration.trust_7                             1402ms
  btp_subaccount_trust_configuration.trust_8                             822ms
  btp_subaccount_trust_configuration.trust_9                             266ms
  cloudfoundry_service_instance.instance_1                               54ms
  cloudfoundry_service_instance.instance_10                              43ms
  cloudfoundry_service_instance.instance_11                              49ms
  cloudfoundry_service_instance.instance_12                              53ms
  cloudfoundry_service_instance.instance_13                              48ms
  cloudfoundry_service_instance.instance_14                              38ms
  cloudfoundry_service_instance.instance_15                              48ms
  cloudfoundry_service_instance.instance_16                              62ms
  cloudfoundry_service_instance.instance_17                              52ms
  cloudfoundry_service_instance.instance_18                              40ms
  cloudfoundry_service_instance.instance_19                              40ms
  cloudfoundry_service_instance.instance_2                               38ms
  cloudfoundry_service_instance.instance_20                              66ms
  cloudfoundry_service_instance.instance_21                              57ms
  cloudfoundry_service_instance.instance_22                              52ms
  cloudfoundry_service_instance.instance_23                              37ms
  cloudfoundry_service_instance.instance_24                              38ms
  cloudfoundry_service_instance.instance_25                              38ms
  cloudfoundry_service_instance.instance_26                              43ms
  cloudfoundry_service_instance.instance_27                              45ms
  cloudfoundry_service_instance.instance_28                              57ms
  cloudfoundry_service_instance.instance_29                              49ms
  cloudfoundry_service_instance.instance_3                               55ms
  cloudfoundry_service_instance.instance_30                              46ms
  cloudfoundry_service_instance.instance_31                              49ms
  cloudfoundry_service_instance.instance_32                              43ms
  cloudfoundry_service_instance.instance_33                              39ms
  cloudfoundry_service_instance.instance_34                              55ms
  cloudfoundry_service_instance.instance_35                              56ms
  cloudfoundry_service_instance.instance_36                              72ms
  cloudfoundry_service_instance.instance_37                              41ms
  cloudfoundry_service_instance.instance_38                              44ms
  cloudfoundry_service_instance.instance_39                              39ms
  cloudfoundry_service_instance.instance_4                               48ms
  cloudfoundry_service_instance.instance_40                              81ms
  cloudfoundry_service_instance.instance_5                               50ms
  cloudfoundry_service_instance.instance_6                               46ms
  cloudfoundry_service_instance.instance_7                               40ms
  cloudfoundry_service_instance.instance_8                               36ms
  cloudfoundry_service_instance.instance_9                               46ms
  cloudfoundry_space.space_1                                             122ms
  cloudfoundry_space.space_10                                            123ms
  cloudfoundry_space.space_11                                            109ms
  cloudfoundry_space.space_12                                            130ms
  cloudfoundry_space.space_13                                            109ms
  cloudfoundry_space.space_14                                            130ms
  cloudfoundry_space.space_15                                            99ms
  cloudfoundry_space.space_16                                            119ms
  cloudfoundry_space.space_17                                            109ms
  cloudfoundry_space.space_18                                            129ms
  cloudfoundry_space.space_19                                            109ms
  cloudfoundry_space.space_2                                             117ms
  cloudfoundry_space.space_20                                            119ms
  cloudfoundry_space.space_3                                             114ms
  cloudfoundry_space.space_4                                             110ms
  cloudfoundry_space.space_5                                             122ms
  cloudfoundry_space.space_6                                             124ms
  cloudfoundry_space.space_7                                             113ms
  cloudfoundry_space.space_8                                             102ms
  cloudfoundry_space.space_9                                             104ms
  scc_subaccount.subaccount_1                                            1727ms
  scc_subaccount.subaccount_10                                           7084ms
  scc_subaccount.subaccount_2                                            1255ms
  scc_subaccount.subaccount_3                                            7138ms
  scc_subaccount.subaccount_4                                            6849ms
  scc_subaccount.subaccount_5                                            1665ms
  scc_subaccount.subaccount_6                                            7084ms
  scc_subaccount.subaccount_7                                            7205ms
  scc_subaccount.subaccount_8                                            7031ms
  scc_subaccount.subaccount_9                                            7530ms
  scc_system_mapping.system_1                                            60ms
  scc_system_mapping.system_10                                           66ms
  scc_system_mapping.system_11                                           68ms
  scc_system_mapping.system_12                                           59ms
  scc_system_mapping.system_13                                           56ms
  scc_system_mapping.system_14                                           59ms
  scc_system_mapping.system_15                                           1206ms
  scc_system_mapping.system_16                                           67ms
  scc_system_mapping.system_17                                           1256ms
  scc_system_mapping.system_18                                           64ms
  scc_system_mapping.system_19                                           77ms
  scc_system_mapping.system_2                                            91ms
  scc_system_mapping.system_20                                           59ms
  scc_system_mapping.system_3                                            59ms
  scc_system_mapping.system_4                                            61ms
  scc_system_mapping.system_5                                            64ms
  scc_system_mapping.system_6                                            66ms
  scc_system_mapping.system_7                                            73ms
  scc_system_mapping.system_8                                            535ms
  scc_system_mapping.system_9                                            1173ms
  scc_system_mapping_resource.resource_1                                 58ms
  scc_system_mapping_resource.resource_10                                58ms
  scc_system_mapping_resource.resource_11                                63ms
  scc_system_mapping_resource.resource_12                                56ms
  scc_system_mapping_resource.resource_13                                78ms
  scc_system_mapping_resource.resource_14                                93ms
  scc_system_mapping_resource.resource_15                                67ms
  scc_system_mapping_resource.resource_16                                59ms
  scc_system_mapping_resource.resource_17                                59ms
  scc_system_mapping_resource.resource_18                                62ms
  scc_system_mapping_resource.resource_19                                65ms
  scc_system_mapping_resource.resource_2                                 88ms
  scc_system_mapping_resource.resource_20                                65ms
  scc_system_mapping_resource.resource_21                                60ms
  scc_system_mapping_resource.resource_22                                60ms
  scc_system_mapping_resource.resource_23                                62ms
  scc_system_mapping_resource.resource_24                                66ms
  scc_system_mapping_resource.resource_25                                60ms
  scc_system_mapping_resource.resource_26                                61ms
  scc_system_mapping_resource.resource_27                                60ms
  scc_system_mapping_resource.resource_28                                57ms
  scc_system_mapping_resource.resource_29                                58ms
  scc_system_mapping_resource.resource_3                                 57ms
  scc_system_mapping_resource.resource_30                                1194ms
  scc_system_mapping_resource.resource_31                                58ms
  scc_system_mapping_resource.resource_32                                71ms
  scc_system_mapping_resource.resource_33                                58ms
  scc_system_mapping_resource.resource_34                                56ms
  scc_system_mapping_resource.resource_35                                58ms
  scc_system_mapping_resource.resource_36                                68ms
  scc_system_mapping_resource.resource_37                                62ms
  scc_system_mapping_resource.resource_38                                70ms
  scc_system_mapping_resource.resource_39                                66ms
  scc_system_mapping_resource.resource_4                                 58ms
  scc_system_mapping_resource.resource_40                                59ms
  scc_system_mapping_resource.resource_5                                 57ms
  scc_system_mapping_resource.resource_6                                 60ms
  scc_system_mapping_resource.resource_7                                 61ms
  scc_system_mapping_resource.resource_8                                 63ms
  scc_system_mapping_resource.resource_9                                 61ms
  sci_application.app_1                                                  137ms
  sci_application.app_10                                                 152ms
  sci_application.app_11                                                 150ms
  sci_application.app_12                                                 163ms
  sci_application.app_13                                                 135ms
  sci_application.app_14                                                 166ms
  sci_application.app_15                                                 162ms
  sci_application.app_16                                                 130ms
  sci_application.app_17                                                 138ms
  sci_application.app_18                                                 154ms
  sci_application.app_19                                                 158ms
  sci_application.app_2                                                  206ms
  sci_application.app_20                                                 145ms
  sci_application.app_3                                                  126ms
  sci_application.app_4                                                  137ms
  sci_application.app_5                                                  157ms
  sci_application.app_6                                                  143ms
  sci_application.app_7                                                  140ms
  sci_application.app_8                                                  149ms
  sci_application.app_9                                                  132ms
  sci_group_base.group_1                                                 99ms
  sci_group_base.group_10                                                101ms
  sci_group_base.group_11                                                104ms
  sci_group_base.group_12                                                100ms
  sci_group_base.group_13                                                127ms
  sci_group_base.group_14                                                97ms
  sci_group_base.group_15                                                103ms
  sci_group_base.group_16                                                111ms
  sci_group_base.group_17                                                149ms
  sci_group_base.group_18                                                112ms
  sci_group_base.group_19                                                112ms
  sci_group_base.group_2                                                 182ms
  sci_group_base.group_20                                                111ms
  sci_group_base.group_21                                                103ms
  sci_group_base.group_22                                                113ms
  sci_group_base.group_23                                                99ms
  sci_group_base.group_24                                                97ms
  sci_group_base.group_25                                                104ms
  sci_group_base.group_26                                                99ms
  sci_group_base.group_27                                                102ms
  sci_group_base.group_28                                                105ms
  sci_group_base.group_29                                                115ms
  sci_group_base.group_3                                                 101ms
  sci_group_base.group_30                                                102ms
  sci_group_base.group_4                                                 107ms
  sci_group_base.group_5                                                 107ms
  sci_group_base.group_6                                                 93ms
  sci_group_base.group_7                                                 108ms
  sci_group_base.group_8                                                 107ms
  sci_group_base.group_9                                                 96ms
  sci_user.user_1                                                        100ms
  sci_user.user_10                                                       93ms
  sci_user.user_11                                                       111ms
  sci_user.user_12                                                       102ms
  sci_user.user_13                                                       95ms
  sci_user.user_14                                                       97ms
  sci_user.user_15                                                       100ms
  sci_user.user_16                                                       96ms
  sci_user.user_17                                                       174ms
  sci_user.user_18                                                       100ms
  sci_user.user_19                                                       122ms
  sci_user.user_2                                                        107ms
  sci_user.user_20                                                       101ms
  sci_user.user_21                                                       167ms
  sci_user.user_22                                                       102ms
  sci_user.user_23                                                       99ms
  sci_user.user_24                                                       131ms
  sci_user.user_25                                                       112ms
  sci_user.user_26                                                       173ms
  sci_user.user_27                                                       118ms
  sci_user.user_28                                                       100ms
  sci_user.user_29                                                       90ms
  sci_user.user_3                                                        110ms
  sci_user.user_30                                                       98ms
  sci_user.user_31                                                       97ms
  sci_user.user_32                                                       96ms
  sci_user.user_33                                                       106ms
  sci_user.user_34                                                       113ms
  sci_user.user_35                                                       97ms
  sci_user.user_36                                                       101ms
  sci_user.user_37                                                       102ms
  sci_user.user_38                                                       165ms
  sci_user.user_39                                                       205ms
  sci_user.user_4                                                        110ms
  sci_user.user_40                                                       108ms
  sci_user.user_41                                                       121ms
  sci_user.user_42                                                       99ms
  sci_user.user_43                                                       93ms
  sci_user.user_44                                                       97ms
  sci_user.user_45                                                       118ms
  sci_user.user_46                                                       145ms
  sci_user.user_47                                                       100ms
  sci_user.user_48                                                       96ms
  sci_user.user_49                                                       149ms
  sci_user.user_5                                                        110ms
  sci_user.user_50                                                       95ms
  sci_user.user_6                                                        107ms
  sci_user.user_7                                                        94ms
  sci_user.user_8                                                        96ms
  sci_user.user_9                                                        102ms


Final results:
-------                                               ------------    -----------    -----------
Element                                               Average (ms)   Minimum (ms)   Maximum (ms)
btp_directory.directory_1                                  2232.75            114           8371
btp_directory.directory_10                                 2609.35            123          10028
btp_directory.directory_2                                  1970.60            115           3802
btp_directory.directory_3                                  2392.95            108           7992
btp_directory.directory_4                                  2202.85            140           4009
btp_directory.directory_5                                  2744.15            134           8251
btp_directory.directory_6                                  2423.70            122          14857
btp_directory.directory_7                                  2517.35            835           8452
btp_directory.directory_8                                  2846.40            583           8638
btp_directory.directory_9                                  3010.65            179          11509
btp_subaccount.subaccount_1                                1444.05            246           5610
btp_subaccount.subaccount_10                               1142.90             49           2382
btp_subaccount.subaccount_2                                1707.30            357           6966
btp_subaccount.subaccount_3                                1710.30            254           6661
btp_subaccount.subaccount_4                                1489.00             54           6074
btp_subaccount.subaccount_5                                1873.00             54           6708
btp_subaccount.subaccount_6                                1237.50             53           2742
btp_subaccount.subaccount_7                                1220.50            275           2104
btp_subaccount.subaccount_8                                 811.40             68           1655
btp_subaccount.subaccount_9                                1259.40             48           6151
btp_subaccount_destination_generic.destination_1           1303.05            178           5969
btp_subaccount_destination_generic.destination_10          1491.55            158           7251
btp_subaccount_destination_generic.destination_11          1877.95            363           6974
btp_subaccount_destination_generic.destination_12          1235.15            169           2446
btp_subaccount_destination_generic.destination_13          1516.50            182           5903
btp_subaccount_destination_generic.destination_14          1459.25            169          11770
btp_subaccount_destination_generic.destination_15          1527.30            183          11637
btp_subaccount_destination_generic.destination_16          1959.65            204           7357
btp_subaccount_destination_generic.destination_17          1185.80            198           5901
btp_subaccount_destination_generic.destination_18          1365.85            387           5984
btp_subaccount_destination_generic.destination_19          1132.10            357           2160
btp_subaccount_destination_generic.destination_2           2100.40            163          13530
btp_subaccount_destination_generic.destination_20           965.10            165           2608
btp_subaccount_destination_generic.destination_3           1437.40            354           6062
btp_subaccount_destination_generic.destination_4           1270.00            167           5975
btp_subaccount_destination_generic.destination_5           1768.05            463           6284
btp_subaccount_destination_generic.destination_6           1380.00            180           5255
btp_subaccount_destination_generic.destination_7           1799.30            212           6184
btp_subaccount_destination_generic.destination_8           1660.50            469           5927
btp_subaccount_destination_generic.destination_9           1960.60            308          11038
btp_subaccount_entitlement.entitlement_1                  14777.15          12258          21000
btp_subaccount_entitlement.entitlement_10                 15609.30          12313          22691
btp_subaccount_entitlement.entitlement_11                 15427.75          12610          24368
btp_subaccount_entitlement.entitlement_12                 15068.60          11607          21463
btp_subaccount_entitlement.entitlement_13                 14520.30          10777          19642
btp_subaccount_entitlement.entitlement_14                 14011.45          11356          22733
btp_subaccount_entitlement.entitlement_15                 15181.20          12047          22087
btp_subaccount_entitlement.entitlement_16                 14766.45          10736          21651
btp_subaccount_entitlement.entitlement_17                 14216.00          11196          19319
btp_subaccount_entitlement.entitlement_18                 14179.05          11462          19172
btp_subaccount_entitlement.entitlement_19                 15169.10          10648          28413
btp_subaccount_entitlement.entitlement_2                  15053.70          12078          23867
btp_subaccount_entitlement.entitlement_20                 15721.05          11950          24580
btp_subaccount_entitlement.entitlement_21                 14695.10          11264          21296
btp_subaccount_entitlement.entitlement_22                 14466.40          11983          17355
btp_subaccount_entitlement.entitlement_23                 14319.90          11517          22819
btp_subaccount_entitlement.entitlement_24                 15101.15          11403          21290
btp_subaccount_entitlement.entitlement_25                 14054.75          11416          19265
btp_subaccount_entitlement.entitlement_26                 14313.35          10537          24094
btp_subaccount_entitlement.entitlement_27                 13719.15          10854          18432
btp_subaccount_entitlement.entitlement_28                 14286.55          10964          20182
btp_subaccount_entitlement.entitlement_29                 14091.05          10826          20684
btp_subaccount_entitlement.entitlement_3                  14469.40          12142          21191
btp_subaccount_entitlement.entitlement_30                 14175.20          10517          22374
btp_subaccount_entitlement.entitlement_31                 14455.95          11016          23963
btp_subaccount_entitlement.entitlement_32                 14714.15          11224          24029
btp_subaccount_entitlement.entitlement_33                 14809.75          11083          24971
btp_subaccount_entitlement.entitlement_34                 14283.15          11501          23703
btp_subaccount_entitlement.entitlement_35                 14902.90          11158          21376
btp_subaccount_entitlement.entitlement_36                 14463.35          10921          23318
btp_subaccount_entitlement.entitlement_37                 14258.10          11822          18126
btp_subaccount_entitlement.entitlement_38                 14981.60          12150          20605
btp_subaccount_entitlement.entitlement_39                 16180.80          10686          24477
btp_subaccount_entitlement.entitlement_4                  14381.10          10675          22770
btp_subaccount_entitlement.entitlement_40                 15404.45          10710          22080
btp_subaccount_entitlement.entitlement_5                  14103.90          12100          17490
btp_subaccount_entitlement.entitlement_6                  14522.30          11473          19474
btp_subaccount_entitlement.entitlement_7                  15907.00          11929          24250
btp_subaccount_entitlement.entitlement_8                  14488.85          12065          18107
btp_subaccount_entitlement.entitlement_9                  15310.95          11011          21584
btp_subaccount_environment_instance.cloudfoundry_1         2195.15            338           7096
btp_subaccount_environment_instance.cloudfoundry_10        1690.15            365           6717
btp_subaccount_environment_instance.cloudfoundry_2         2418.65            364          11716
btp_subaccount_environment_instance.cloudfoundry_3         2212.65            340           7216
btp_subaccount_environment_instance.cloudfoundry_4         1745.35            325           6887
btp_subaccount_environment_instance.cloudfoundry_5         1889.45            309           5330
btp_subaccount_environment_instance.cloudfoundry_6         2517.75            474           9510
btp_subaccount_environment_instance.cloudfoundry_7         2426.70            336          12139
btp_subaccount_environment_instance.cloudfoundry_8         1326.70            389           2839
btp_subaccount_environment_instance.cloudfoundry_9         1522.10            582           2901
btp_subaccount_role.role_1                                 1341.60            269           3778
btp_subaccount_role.role_10                                1187.25            235           2214
btp_subaccount_role.role_11                                 997.05            190           2404
btp_subaccount_role.role_12                                1946.05            267          12419
btp_subaccount_role.role_13                                1224.85            150           2154
btp_subaccount_role.role_14                                1563.15            187           6097
btp_subaccount_role.role_15                                1368.80            199           7405
btp_subaccount_role.role_16                                1136.30            236           2398
btp_subaccount_role.role_17                                1087.15            206           1899
btp_subaccount_role.role_18                                1592.90            208           7468
btp_subaccount_role.role_19                                1450.45            159           2842
btp_subaccount_role.role_2                                 1842.30            202           6864
btp_subaccount_role.role_20                                2230.55            169          11948
btp_subaccount_role.role_3                                 1124.70            240           2280
btp_subaccount_role.role_4                                 1316.40            193           2077
btp_subaccount_role.role_5                                 1369.20            188           5196
btp_subaccount_role.role_6                                 1897.40            349          13406
btp_subaccount_role.role_7                                 1538.50            392           6663
btp_subaccount_role.role_8                                 1331.60            242           2553
btp_subaccount_role.role_9                                  973.50            167           2309
btp_subaccount_role_collection.collection_1                2170.90            213          11864
btp_subaccount_role_collection.collection_10               1185.90            321           2267
btp_subaccount_role_collection.collection_11               1222.45            226           5204
btp_subaccount_role_collection.collection_12               1461.75            211           6308
btp_subaccount_role_collection.collection_13               1273.80            207           2230
btp_subaccount_role_collection.collection_14               1164.15            169           6189
btp_subaccount_role_collection.collection_15               1068.55            190           2654
btp_subaccount_role_collection.collection_16               1252.35            207           5492
btp_subaccount_role_collection.collection_17               1253.80            154           2639
btp_subaccount_role_collection.collection_18               1427.15            181           5911
btp_subaccount_role_collection.collection_19               1289.80            172           3192
btp_subaccount_role_collection.collection_2                1575.90            168           6007
btp_subaccount_role_collection.collection_20               2366.60            135           9196
btp_subaccount_role_collection.collection_21               1236.55            195           2609
btp_subaccount_role_collection.collection_22               1771.35            153           7316
btp_subaccount_role_collection.collection_23               1251.40            192           2706
btp_subaccount_role_collection.collection_24               1414.85            309           7194
btp_subaccount_role_collection.collection_25               1179.20            179           2349
btp_subaccount_role_collection.collection_26               1175.20            304           2355
btp_subaccount_role_collection.collection_27               1047.85            207           2988
btp_subaccount_role_collection.collection_28               1152.25            187           2242
btp_subaccount_role_collection.collection_29               1227.95            217           3060
btp_subaccount_role_collection.collection_3                1077.60            185           1973
btp_subaccount_role_collection.collection_30               1459.80            437           7147
btp_subaccount_role_collection.collection_4                 870.70            230           1709
btp_subaccount_role_collection.collection_5                1249.85            153           2680
btp_subaccount_role_collection.collection_6                1225.05            184           4388
btp_subaccount_role_collection.collection_7                 960.30            153           1869
btp_subaccount_role_collection.collection_8                1139.30            203           2363
btp_subaccount_role_collection.collection_9                1520.55            188           3586
btp_subaccount_service_instance.instance_1                 4923.45            851          13989
btp_subaccount_service_instance.instance_10                3774.20            834          10865
btp_subaccount_service_instance.instance_11                5595.00           1043          20085
btp_subaccount_service_instance.instance_12                5924.60           1260          14402
btp_subaccount_service_instance.instance_13                5940.25           1510          13468
btp_subaccount_service_instance.instance_14                4714.25            849          11335
btp_subaccount_service_instance.instance_15                4562.75            745          13621
btp_subaccount_service_instance.instance_16                5255.40            879          18196
btp_subaccount_service_instance.instance_17                4537.00           1352           9034
btp_subaccount_service_instance.instance_18                6859.70            906          18862
btp_subaccount_service_instance.instance_19                5212.10            831          15986
btp_subaccount_service_instance.instance_2                 5163.10            835          16489
btp_subaccount_service_instance.instance_20                4174.70           1377           7762
btp_subaccount_service_instance.instance_3                 4183.60            843          11425
btp_subaccount_service_instance.instance_4                 4732.90            904           9769
btp_subaccount_service_instance.instance_5                 5222.85            847          13471
btp_subaccount_service_instance.instance_6                 4494.50            860           9744
btp_subaccount_service_instance.instance_7                 4737.15           1667          11855
btp_subaccount_service_instance.instance_8                 4669.15           1004          10405
btp_subaccount_service_instance.instance_9                 3468.65           1047           8604
btp_subaccount_subscription.subscription_1                 4320.75           1654          10743
btp_subaccount_subscription.subscription_10                2828.00            756           7072
btp_subaccount_subscription.subscription_11                3801.55           1137           9383
btp_subaccount_subscription.subscription_12                3178.25            669           9081
btp_subaccount_subscription.subscription_13                3037.40            646           8967
btp_subaccount_subscription.subscription_14                3712.80            587          12686
btp_subaccount_subscription.subscription_15                3442.95            624           6818
btp_subaccount_subscription.subscription_16                2712.70            651           8823
btp_subaccount_subscription.subscription_17                2968.00            675           5398
btp_subaccount_subscription.subscription_18                2362.45            673           9166
btp_subaccount_subscription.subscription_19                4135.20            636          14294
btp_subaccount_subscription.subscription_2                 2794.05            622           5892
btp_subaccount_subscription.subscription_20                3410.45            701          18680
btp_subaccount_subscription.subscription_21                2873.65            674           4709
btp_subaccount_subscription.subscription_22                2642.35           1265           4349
btp_subaccount_subscription.subscription_23                3333.95            757          11561
btp_subaccount_subscription.subscription_24                3401.35            721           8621
btp_subaccount_subscription.subscription_25                3757.50            837          13325
btp_subaccount_subscription.subscription_26                3217.65            716          14761
btp_subaccount_subscription.subscription_27                3045.60            642          13896
btp_subaccount_subscription.subscription_28                4040.70           1014          15740
btp_subaccount_subscription.subscription_29                3828.30            713          12392
btp_subaccount_subscription.subscription_3                 3396.35           1254           8606
btp_subaccount_subscription.subscription_30                3268.35            751           7757
btp_subaccount_subscription.subscription_4                 2689.60            689           6554
btp_subaccount_subscription.subscription_5                 2598.75            874           5212
btp_subaccount_subscription.subscription_6                 2972.85            778          10038
btp_subaccount_subscription.subscription_7                 3573.00            906           9087
btp_subaccount_subscription.subscription_8                 3019.90            686           8299
btp_subaccount_subscription.subscription_9                 3852.65           1284          13961
btp_subaccount_trust_configuration.trust_1                 1880.45            198          11680
btp_subaccount_trust_configuration.trust_10                1385.20            200           5071
btp_subaccount_trust_configuration.trust_2                 1273.90            519           1973
btp_subaccount_trust_configuration.trust_3                 1791.75            795           5950
btp_subaccount_trust_configuration.trust_4                 1595.75            231           7332
btp_subaccount_trust_configuration.trust_5                 1581.00            177           6544
btp_subaccount_trust_configuration.trust_6                 1430.85            367           2899
btp_subaccount_trust_configuration.trust_7                 1860.35            232           7381
btp_subaccount_trust_configuration.trust_8                 1689.60            177          11758
btp_subaccount_trust_configuration.trust_9                 1696.00            239           6528
cloudfoundry_service_instance.instance_1                     51.37             38             86
cloudfoundry_service_instance.instance_10                    49.89             37             72
cloudfoundry_service_instance.instance_11                    54.32             41            119
cloudfoundry_service_instance.instance_12                    47.11             36             78
cloudfoundry_service_instance.instance_13                    54.11             43            109
cloudfoundry_service_instance.instance_14                    47.63             38             61
cloudfoundry_service_instance.instance_15                    45.58             34             67
cloudfoundry_service_instance.instance_16                    53.42             40             83
cloudfoundry_service_instance.instance_17                    46.21             36             62
cloudfoundry_service_instance.instance_18                    48.21             37             66
cloudfoundry_service_instance.instance_19                    51.05             37            137
cloudfoundry_service_instance.instance_2                     50.95             36            123
cloudfoundry_service_instance.instance_20                    49.37             38             70
cloudfoundry_service_instance.instance_21                   218.53             35           3269
cloudfoundry_service_instance.instance_22                    49.58             32            104
cloudfoundry_service_instance.instance_23                    49.95             34             88
cloudfoundry_service_instance.instance_24                    55.84             34            130
cloudfoundry_service_instance.instance_25                    50.79             35             72
cloudfoundry_service_instance.instance_26                    50.84             38             77
cloudfoundry_service_instance.instance_27                    47.42             35             73
cloudfoundry_service_instance.instance_28                    49.00             37             73
cloudfoundry_service_instance.instance_29                    47.79             36             75
cloudfoundry_service_instance.instance_3                     48.79             36             75
cloudfoundry_service_instance.instance_30                    51.26             36            125
cloudfoundry_service_instance.instance_31                    46.26             36             68
cloudfoundry_service_instance.instance_32                    49.37             35             82
cloudfoundry_service_instance.instance_33                    46.79             35             61
cloudfoundry_service_instance.instance_34                    57.53             40            115
cloudfoundry_service_instance.instance_35                    49.16             37             75
cloudfoundry_service_instance.instance_36                    48.89             38             74
cloudfoundry_service_instance.instance_37                    48.26             36             87
cloudfoundry_service_instance.instance_38                    54.37             38            123
cloudfoundry_service_instance.instance_39                    51.53             38             79
cloudfoundry_service_instance.instance_4                     46.11             37             64
cloudfoundry_service_instance.instance_40                    47.05             35             81
cloudfoundry_service_instance.instance_5                     53.05             38            101
cloudfoundry_service_instance.instance_6                     51.00             39             69
cloudfoundry_service_instance.instance_7                     50.00             39             83
cloudfoundry_service_instance.instance_8                     52.42             36            112
cloudfoundry_service_instance.instance_9                     49.53             37             69
cloudfoundry_space.space_1                                  114.68             95            153
cloudfoundry_space.space_10                                 119.16             90            195
cloudfoundry_space.space_11                                 120.42             96            151
cloudfoundry_space.space_12                                 119.95             98            155
cloudfoundry_space.space_13                                 114.21             93            133
cloudfoundry_space.space_14                                 112.16             88            148
cloudfoundry_space.space_15                                 114.58             96            190
cloudfoundry_space.space_16                                 122.00             84            282
cloudfoundry_space.space_17                                 115.11             91            168
cloudfoundry_space.space_18                                 112.89             89            142
cloudfoundry_space.space_19                                 115.47             96            153
cloudfoundry_space.space_2                                  114.53             98            150
cloudfoundry_space.space_20                                 114.89             93            146
cloudfoundry_space.space_3                                  123.32             95            195
cloudfoundry_space.space_4                                  117.37             94            218
cloudfoundry_space.space_5                                  116.05             93            160
cloudfoundry_space.space_6                                  116.79             97            188
cloudfoundry_space.space_7                                  128.84             97            237
cloudfoundry_space.space_8                                  117.74             99            181
cloudfoundry_space.space_9                                  320.89             95           4005
scc_subaccount.subaccount_1                               13282.35            554          45495
scc_subaccount.subaccount_10                               8277.50            706          21874
scc_subaccount.subaccount_2                               10803.35            959          29604
scc_subaccount.subaccount_3                               11540.25            636          41167
scc_subaccount.subaccount_4                               11236.90           1398          28580
scc_subaccount.subaccount_5                                9330.85            920          34386
scc_subaccount.subaccount_6                               12350.10            633          43207
scc_subaccount.subaccount_7                               13198.10            948          40796
scc_subaccount.subaccount_8                               14522.65            534          45309
scc_subaccount.subaccount_9                               10673.40            524          34194
scc_system_mapping.system_1                                  60.75             52             79
scc_system_mapping.system_10                                 67.20             52            136
scc_system_mapping.system_11                                 70.05             54            145
scc_system_mapping.system_12                                142.15             56           1261
scc_system_mapping.system_13                                 79.65             54            194
scc_system_mapping.system_14                                 77.10             54            163
scc_system_mapping.system_15                                134.65             54           1206
scc_system_mapping.system_16                                 61.90             53             78
scc_system_mapping.system_17                                192.65             53           1256
scc_system_mapping.system_18                                 87.00             53            390
scc_system_mapping.system_19                                 64.60             53             92
scc_system_mapping.system_2                                  75.70             54            178
scc_system_mapping.system_20                                 73.50             54            150
scc_system_mapping.system_3                                  60.85             53             77
scc_system_mapping.system_4                                  77.70             54            177
scc_system_mapping.system_5                                 129.35             56           1120
scc_system_mapping.system_6                                  67.15             53            103
scc_system_mapping.system_7                                  71.90             53            160
scc_system_mapping.system_8                                 148.55             55           1159
scc_system_mapping.system_9                                 130.35             54           1173
scc_system_mapping_resource.resource_1                       68.20             52            156
scc_system_mapping_resource.resource_10                      70.00             53            150
scc_system_mapping_resource.resource_11                      76.45             53            199
scc_system_mapping_resource.resource_12                      67.75             52            138
scc_system_mapping_resource.resource_13                      76.10             53            159
scc_system_mapping_resource.resource_14                      62.80             52             93
scc_system_mapping_resource.resource_15                      83.35             52            203
scc_system_mapping_resource.resource_16                      65.30             53            122
scc_system_mapping_resource.resource_17                     132.65             51           1259
scc_system_mapping_resource.resource_18                      73.05             51            151
scc_system_mapping_resource.resource_19                     174.70             53           1195
scc_system_mapping_resource.resource_2                      130.00             51           1188
scc_system_mapping_resource.resource_20                      69.20             52            163
scc_system_mapping_resource.resource_21                      67.60             53            126
scc_system_mapping_resource.resource_22                      68.75             52            168
scc_system_mapping_resource.resource_23                     125.95             52           1193
scc_system_mapping_resource.resource_24                      77.50             54            173
scc_system_mapping_resource.resource_25                      63.20             50             97
scc_system_mapping_resource.resource_26                      61.35             50             99
scc_system_mapping_resource.resource_27                      77.55             53            187
scc_system_mapping_resource.resource_28                     103.50             53            649
scc_system_mapping_resource.resource_29                      74.40             52            144
scc_system_mapping_resource.resource_3                       71.60             53            159
scc_system_mapping_resource.resource_30                     176.45             54           1194
scc_system_mapping_resource.resource_31                      74.90             53            165
scc_system_mapping_resource.resource_32                      76.35             52            148
scc_system_mapping_resource.resource_33                      63.50             55             79
scc_system_mapping_resource.resource_34                     122.15             53            954
scc_system_mapping_resource.resource_35                      68.60             53            172
scc_system_mapping_resource.resource_36                      66.35             55            150
scc_system_mapping_resource.resource_37                     127.00             56           1208
scc_system_mapping_resource.resource_38                      67.90             53            131
scc_system_mapping_resource.resource_39                     122.80             55            923
scc_system_mapping_resource.resource_4                       65.05             54            122
scc_system_mapping_resource.resource_40                      64.15             52            144
scc_system_mapping_resource.resource_5                       64.15             53            150
scc_system_mapping_resource.resource_6                      194.65             54           1212
scc_system_mapping_resource.resource_7                       75.80             54            190
scc_system_mapping_resource.resource_8                       72.00             54            148
scc_system_mapping_resource.resource_9                       64.65             53            141
sci_application.app_1                                       138.35            117            258
sci_application.app_10                                      145.40            112            245
sci_application.app_11                                      135.40            115            165
sci_application.app_12                                      140.40            110            195
sci_application.app_13                                      134.75            114            228
sci_application.app_14                                      147.00            114            240
sci_application.app_15                                      146.40            118            217
sci_application.app_16                                      140.20            108            233
sci_application.app_17                                      135.25            115            185
sci_application.app_18                                      150.10            111            249
sci_application.app_19                                      131.20            109            158
sci_application.app_2                                       141.90            118            206
sci_application.app_20                                      143.20            117            322
sci_application.app_3                                       143.65            120            215
sci_application.app_4                                       138.20            124            216
sci_application.app_5                                       143.50            111            265
sci_application.app_6                                       142.35            117            185
sci_application.app_7                                       151.95            111            224
sci_application.app_8                                       135.80            112            181
sci_application.app_9                                       145.15            108            252
sci_group_base.group_1                                       99.25             89            107
sci_group_base.group_10                                     120.85             90            245
sci_group_base.group_11                                     107.20             85            162
sci_group_base.group_12                                     104.90             92            141
sci_group_base.group_13                                     105.20             85            174
sci_group_base.group_14                                     108.90             88            165
sci_group_base.group_15                                     125.15             89            298
sci_group_base.group_16                                     107.70             86            180
sci_group_base.group_17                                     114.50             82            234
sci_group_base.group_18                                     127.35             94            314
sci_group_base.group_19                                     104.80             87            150
sci_group_base.group_2                                      107.85             86            182
sci_group_base.group_20                                     111.30             86            179
sci_group_base.group_21                                     114.00             91            278
sci_group_base.group_22                                     109.75             89            185
sci_group_base.group_23                                     103.80             86            148
sci_group_base.group_24                                     115.90             94            262
sci_group_base.group_25                                     105.55             88            194
sci_group_base.group_26                                     108.20             90            211
sci_group_base.group_27                                     114.40             85            236
sci_group_base.group_28                                     102.30             89            170
sci_group_base.group_29                                     104.40             89            165
sci_group_base.group_3                                      110.40             91            181
sci_group_base.group_30                                     101.95             89            153
sci_group_base.group_4                                      106.55             93            138
sci_group_base.group_5                                      105.45             89            183
sci_group_base.group_6                                      101.70             87            138
sci_group_base.group_7                                      114.30             94            176
sci_group_base.group_8                                      112.20             90            185
sci_group_base.group_9                                      116.35             88            248
sci_user.user_1                                             102.60             85            181
sci_user.user_10                                            104.35             86            164
sci_user.user_11                                            111.25             82            189
sci_user.user_12                                            110.05             84            185
sci_user.user_13                                            109.15             85            238
sci_user.user_14                                             99.25             80            155
sci_user.user_15                                             98.20             89            117
sci_user.user_16                                            107.30             83            243
sci_user.user_17                                            130.55             79            299
sci_user.user_18                                            102.40             87            183
sci_user.user_19                                            113.65             82            240
sci_user.user_2                                             115.10             83            180
sci_user.user_20                                             99.05             88            127
sci_user.user_21                                             99.55             84            167
sci_user.user_22                                            100.95             85            160
sci_user.user_23                                             97.05             85            128
sci_user.user_24                                            101.45             85            241
sci_user.user_25                                            108.55             87            221
sci_user.user_26                                            101.70             84            173
sci_user.user_27                                            116.30             82            305
sci_user.user_28                                            101.75             87            161
sci_user.user_29                                            111.85             81            254
sci_user.user_3                                             114.35             82            201
sci_user.user_30                                            101.40             87            180
sci_user.user_31                                            111.20             86            194
sci_user.user_32                                            113.10             88            257
sci_user.user_33                                            101.80             83            152
sci_user.user_34                                            105.50             88            172
sci_user.user_35                                            108.10             85            216
sci_user.user_36                                            106.30             87            241
sci_user.user_37                                            111.75             83            200
sci_user.user_38                                            112.10             86            203
sci_user.user_39                                            114.70             87            205
sci_user.user_4                                             102.60             85            161
sci_user.user_40                                            120.05             84            238
sci_user.user_41                                            108.70             89            179
sci_user.user_42                                            109.65             83            168
sci_user.user_43                                            111.10             80            218
sci_user.user_44                                            120.35             82            322
sci_user.user_45                                            112.50             87            253
sci_user.user_46                                            112.50             82            259
sci_user.user_47                                            110.95             84            238
sci_user.user_48                                            106.05             79            207
sci_user.user_49                                            112.85             86            173
sci_user.user_5                                             103.40             87            163
sci_user.user_50                                            114.85             90            183
sci_user.user_6                                             100.25             90            120
sci_user.user_7                                             105.30             89            166
sci_user.user_8                                             109.30             90            249
sci_user.user_9                                             111.10             82            237

Grouped results:
-------                                 ------------    -----------    -----------
Element                                 Average (ms)   Minimum (ms)   Maximum (ms)
btp_directory.*                              2495.07            108          14857
btp_subaccount.*                             1389.54             48           6966
btp_subaccount_destination_generic.*         1519.78            158          13530
btp_subaccount_entitlement.*                14714.03          10517          28413
btp_subaccount_environment_instance.*        1994.46            309          12139
btp_subaccount_role.*                        1425.98            150          13406
btp_subaccount_role_collection.*             1322.43            135          11864
btp_subaccount_service_instance.*            4907.27            745          20085
btp_subaccount_subscription.*                3273.90            587          18680
btp_subaccount_trust_configuration.*         1618.48            177          11758
cloudfoundry_service_instance.*                54.26             32           3269
cloudfoundry_space.*                          127.55             84           4005
scc_subaccount.*                            11521.55            524          45495
scc_system_mapping.*                           93.64             52           1261
scc_system_mapping_resource.*                  87.69             50           1259
sci_application.*                             141.51            108            322
sci_group_base.*                              109.74             82            314
sci_user.*                                    108.28             79            322

Total wall-clock time: 2367.650549s
Average wall-clock time: 118.382527s
Minimum wall-clock time: 95.745702s
Maximum wall-clock time: 149.710584s
Total Ressources: 430
