Running terraform plan -refresh-only 20 time(s)

Run 1/20:
  Total run time: 87.660917s
  btp_directory.directory_1                                              6145ms
  btp_directory.directory_2                                              5218ms
  btp_directory.directory_3                                              3068ms
  btp_directory.directory_4                                              18161ms
  btp_directory.directory_5                                              13335ms
  btp_subaccount.subaccount_1                                            3564ms
  btp_subaccount.subaccount_2                                            5372ms
  btp_subaccount.subaccount_3                                            1051ms
  btp_subaccount.subaccount_4                                            2101ms
  btp_subaccount.subaccount_5                                            1370ms
  btp_subaccount_destination_generic.destination_1                       4446ms
  btp_subaccount_destination_generic.destination_10                      11793ms
  btp_subaccount_destination_generic.destination_2                       1619ms
  btp_subaccount_destination_generic.destination_3                       6177ms
  btp_subaccount_destination_generic.destination_4                       164ms
  btp_subaccount_destination_generic.destination_5                       1195ms
  btp_subaccount_destination_generic.destination_6                       1701ms
  btp_subaccount_destination_generic.destination_7                       2046ms
  btp_subaccount_destination_generic.destination_8                       5453ms
  btp_subaccount_destination_generic.destination_9                       4983ms
  btp_subaccount_entitlement.entitlement_1                               19432ms
  btp_subaccount_entitlement.entitlement_10                              17649ms
  btp_subaccount_entitlement.entitlement_11                              22523ms
  btp_subaccount_entitlement.entitlement_12                              22340ms
  btp_subaccount_entitlement.entitlement_13                              21078ms
  btp_subaccount_entitlement.entitlement_14                              18993ms
  btp_subaccount_entitlement.entitlement_15                              24772ms
  btp_subaccount_entitlement.entitlement_16                              18359ms
  btp_subaccount_entitlement.entitlement_17                              19077ms
  btp_subaccount_entitlement.entitlement_18                              14971ms
  btp_subaccount_entitlement.entitlement_19                              14565ms
  btp_subaccount_entitlement.entitlement_2                               14175ms
  btp_subaccount_entitlement.entitlement_20                              21747ms
  btp_subaccount_entitlement.entitlement_3                               17055ms
  btp_subaccount_entitlement.entitlement_4                               12462ms
  btp_subaccount_entitlement.entitlement_5                               21153ms
  btp_subaccount_entitlement.entitlement_6                               18670ms
  btp_subaccount_entitlement.entitlement_7                               18726ms
  btp_subaccount_entitlement.entitlement_8                               16090ms
  btp_subaccount_entitlement.entitlement_9                               24280ms
  btp_subaccount_environment_instance.cloudfoundry_1                     6336ms
  btp_subaccount_environment_instance.cloudfoundry_2                     1787ms
  btp_subaccount_environment_instance.cloudfoundry_3                     1659ms
  btp_subaccount_environment_instance.cloudfoundry_4                     5578ms
  btp_subaccount_environment_instance.cloudfoundry_5                     2020ms
  btp_subaccount_role.role_1                                             371ms
  btp_subaccount_role.role_10                                            893ms
  btp_subaccount_role.role_2                                             1425ms
  btp_subaccount_role.role_3                                             1693ms
  btp_subaccount_role.role_4                                             4339ms
  btp_subaccount_role.role_5                                             1816ms
  btp_subaccount_role.role_6                                             1000ms
  btp_subaccount_role.role_7                                             1022ms
  btp_subaccount_role.role_8                                             1382ms
  btp_subaccount_role.role_9                                             1002ms
  btp_subaccount_role_collection.collection_1                            1708ms
  btp_subaccount_role_collection.collection_10                           809ms
  btp_subaccount_role_collection.collection_11                           4853ms
  btp_subaccount_role_collection.collection_12                           6330ms
  btp_subaccount_role_collection.collection_13                           1018ms
  btp_subaccount_role_collection.collection_14                           6422ms
  btp_subaccount_role_collection.collection_15                           7378ms
  btp_subaccount_role_collection.collection_2                            1025ms
  btp_subaccount_role_collection.collection_3                            1733ms
  btp_subaccount_role_collection.collection_4                            2279ms
  btp_subaccount_role_collection.collection_5                            11423ms
  btp_subaccount_role_collection.collection_6                            4627ms
  btp_subaccount_role_collection.collection_7                            1417ms
  btp_subaccount_role_collection.collection_8                            1888ms
  btp_subaccount_role_collection.collection_9                            1059ms
  btp_subaccount_service_instance.instance_1                             4934ms
  btp_subaccount_service_instance.instance_10                            4825ms
  btp_subaccount_service_instance.instance_2                             8202ms
  btp_subaccount_service_instance.instance_3                             9863ms
  btp_subaccount_service_instance.instance_4                             3894ms
  btp_subaccount_service_instance.instance_5                             11297ms
  btp_subaccount_service_instance.instance_6                             3596ms
  btp_subaccount_service_instance.instance_7                             11439ms
  btp_subaccount_service_instance.instance_8                             19448ms
  btp_subaccount_service_instance.instance_9                             8826ms
  btp_subaccount_subscription.subscription_1                             3805ms
  btp_subaccount_subscription.subscription_10                            7060ms
  btp_subaccount_subscription.subscription_11                            3819ms
  btp_subaccount_subscription.subscription_12                            4185ms
  btp_subaccount_subscription.subscription_13                            4008ms
  btp_subaccount_subscription.subscription_14                            18171ms
  btp_subaccount_subscription.subscription_15                            7584ms
  btp_subaccount_subscription.subscription_2                             12921ms
  btp_subaccount_subscription.subscription_3                             6790ms
  btp_subaccount_subscription.subscription_4                             13245ms
  btp_subaccount_subscription.subscription_5                             7715ms
  btp_subaccount_subscription.subscription_6                             9691ms
  btp_subaccount_subscription.subscription_7                             9817ms
  btp_subaccount_subscription.subscription_8                             3561ms
  btp_subaccount_subscription.subscription_9                             9427ms
  btp_subaccount_trust_configuration.trust_1                             1004ms
  btp_subaccount_trust_configuration.trust_2                             5942ms
  btp_subaccount_trust_configuration.trust_3                             6284ms
  btp_subaccount_trust_configuration.trust_4                             1726ms
  btp_subaccount_trust_configuration.trust_5                             5378ms
  cloudfoundry_service_instance.instance_1                               41ms
  cloudfoundry_service_instance.instance_10                              54ms
  cloudfoundry_service_instance.instance_11                              39ms
  cloudfoundry_service_instance.instance_12                              271ms
  cloudfoundry_service_instance.instance_13                              78ms
  cloudfoundry_service_instance.instance_14                              63ms
  cloudfoundry_service_instance.instance_15                              47ms
  cloudfoundry_service_instance.instance_16                              195ms
  cloudfoundry_service_instance.instance_17                              65ms
  cloudfoundry_service_instance.instance_18                              44ms
  cloudfoundry_service_instance.instance_19                              46ms
  cloudfoundry_service_instance.instance_2                               48ms
  cloudfoundry_service_instance.instance_20                              45ms
  cloudfoundry_service_instance.instance_3                               41ms
  cloudfoundry_service_instance.instance_4                               251ms
  cloudfoundry_service_instance.instance_5                               38ms
  cloudfoundry_service_instance.instance_6                               70ms
  cloudfoundry_service_instance.instance_7                               40ms
  cloudfoundry_service_instance.instance_8                               66ms
  cloudfoundry_service_instance.instance_9                               47ms
  cloudfoundry_space.space_1                                             122ms
  cloudfoundry_space.space_10                                            227ms
  cloudfoundry_space.space_2                                             97ms
  cloudfoundry_space.space_3                                             338ms
  cloudfoundry_space.space_4                                             100ms
  cloudfoundry_space.space_5                                             160ms
  cloudfoundry_space.space_6                                             99ms
  cloudfoundry_space.space_7                                             162ms
  cloudfoundry_space.space_8                                             119ms
  cloudfoundry_space.space_9                                             170ms
  scc_subaccount.subaccount_1                                            5905ms
  scc_subaccount.subaccount_2                                            6104ms
  scc_subaccount.subaccount_3                                            5987ms
  scc_subaccount.subaccount_4                                            5683ms
  scc_subaccount.subaccount_5                                            6041ms
  scc_system_mapping.system_1                                            55ms
  scc_system_mapping.system_10                                           56ms
  scc_system_mapping.system_2                                            56ms
  scc_system_mapping.system_3                                            54ms
  scc_system_mapping.system_4                                            128ms
  scc_system_mapping.system_5                                            103ms
  scc_system_mapping.system_6                                            56ms
  scc_system_mapping.system_7                                            161ms
  scc_system_mapping.system_8                                            130ms
  scc_system_mapping.system_9                                            58ms
  scc_system_mapping_resource.resource_1                                 106ms
  scc_system_mapping_resource.resource_10                                57ms
  scc_system_mapping_resource.resource_11                                75ms
  scc_system_mapping_resource.resource_12                                55ms
  scc_system_mapping_resource.resource_13                                52ms
  scc_system_mapping_resource.resource_14                                93ms
  scc_system_mapping_resource.resource_15                                124ms
  scc_system_mapping_resource.resource_16                                55ms
  scc_system_mapping_resource.resource_17                                58ms
  scc_system_mapping_resource.resource_18                                54ms
  scc_system_mapping_resource.resource_19                                56ms
  scc_system_mapping_resource.resource_2                                 146ms
  scc_system_mapping_resource.resource_20                                326ms
  scc_system_mapping_resource.resource_3                                 57ms
  scc_system_mapping_resource.resource_4                                 108ms
  scc_system_mapping_resource.resource_5                                 54ms
  scc_system_mapping_resource.resource_6                                 54ms
  scc_system_mapping_resource.resource_7                                 56ms
  scc_system_mapping_resource.resource_8                                 73ms
  scc_system_mapping_resource.resource_9                                 122ms
  sci_application.app_1                                                  115ms
  sci_application.app_10                                                 131ms
  sci_application.app_2                                                  132ms
  sci_application.app_3                                                  196ms
  sci_application.app_4                                                  115ms
  sci_application.app_5                                                  220ms
  sci_application.app_6                                                  130ms
  sci_application.app_7                                                  132ms
  sci_application.app_8                                                  201ms
  sci_application.app_9                                                  118ms
  sci_group_base.group_1                                                 91ms
  sci_group_base.group_10                                                99ms
  sci_group_base.group_11                                                101ms
  sci_group_base.group_12                                                93ms
  sci_group_base.group_13                                                97ms
  sci_group_base.group_14                                                91ms
  sci_group_base.group_15                                                98ms
  sci_group_base.group_2                                                 95ms
  sci_group_base.group_3                                                 96ms
  sci_group_base.group_4                                                 206ms
  sci_group_base.group_5                                                 98ms
  sci_group_base.group_6                                                 94ms
  sci_group_base.group_7                                                 95ms
  sci_group_base.group_8                                                 99ms
  sci_group_base.group_9                                                 187ms
  sci_user.user_1                                                        86ms
  sci_user.user_10                                                       85ms
  sci_user.user_11                                                       83ms
  sci_user.user_12                                                       97ms
  sci_user.user_13                                                       94ms
  sci_user.user_14                                                       77ms
  sci_user.user_15                                                       100ms
  sci_user.user_16                                                       179ms
  sci_user.user_17                                                       87ms
  sci_user.user_18                                                       84ms
  sci_user.user_19                                                       96ms
  sci_user.user_2                                                        106ms
  sci_user.user_20                                                       83ms
  sci_user.user_21                                                       87ms
  sci_user.user_22                                                       90ms
  sci_user.user_23                                                       86ms
  sci_user.user_24                                                       96ms
  sci_user.user_25                                                       110ms
  sci_user.user_3                                                        88ms
  sci_user.user_4                                                        96ms
  sci_user.user_5                                                        86ms
  sci_user.user_6                                                        83ms
  sci_user.user_7                                                        93ms
  sci_user.user_8                                                        180ms
  sci_user.user_9                                                        85ms


Run 2/20:
  Total run time: 73.054680s
  btp_directory.directory_1                                              4336ms
  btp_directory.directory_2                                              9418ms
  btp_directory.directory_3                                              2830ms
  btp_directory.directory_4                                              1229ms
  btp_directory.directory_5                                              9256ms
  btp_subaccount.subaccount_1                                            1522ms
  btp_subaccount.subaccount_2                                            1701ms
  btp_subaccount.subaccount_3                                            1270ms
  btp_subaccount.subaccount_4                                            1641ms
  btp_subaccount.subaccount_5                                            1868ms
  btp_subaccount_destination_generic.destination_1                       849ms
  btp_subaccount_destination_generic.destination_10                      941ms
  btp_subaccount_destination_generic.destination_2                       1565ms
  btp_subaccount_destination_generic.destination_3                       5464ms
  btp_subaccount_destination_generic.destination_4                       1281ms
  btp_subaccount_destination_generic.destination_5                       664ms
  btp_subaccount_destination_generic.destination_6                       1216ms
  btp_subaccount_destination_generic.destination_7                       1126ms
  btp_subaccount_destination_generic.destination_8                       2411ms
  btp_subaccount_destination_generic.destination_9                       6488ms
  btp_subaccount_entitlement.entitlement_1                               24653ms
  btp_subaccount_entitlement.entitlement_10                              13761ms
  btp_subaccount_entitlement.entitlement_11                              15781ms
  btp_subaccount_entitlement.entitlement_12                              15674ms
  btp_subaccount_entitlement.entitlement_13                              25271ms
  btp_subaccount_entitlement.entitlement_14                              13438ms
  btp_subaccount_entitlement.entitlement_15                              14110ms
  btp_subaccount_entitlement.entitlement_16                              15590ms
  btp_subaccount_entitlement.entitlement_17                              14472ms
  btp_subaccount_entitlement.entitlement_18                              25193ms
  btp_subaccount_entitlement.entitlement_19                              24643ms
  btp_subaccount_entitlement.entitlement_2                               13735ms
  btp_subaccount_entitlement.entitlement_20                              16278ms
  btp_subaccount_entitlement.entitlement_3                               19473ms
  btp_subaccount_entitlement.entitlement_4                               20259ms
  btp_subaccount_entitlement.entitlement_5                               15701ms
  btp_subaccount_entitlement.entitlement_6                               14193ms
  btp_subaccount_entitlement.entitlement_7                               15720ms
  btp_subaccount_entitlement.entitlement_8                               14673ms
  btp_subaccount_entitlement.entitlement_9                               19543ms
  btp_subaccount_environment_instance.cloudfoundry_1                     3571ms
  btp_subaccount_environment_instance.cloudfoundry_2                     5619ms
  btp_subaccount_environment_instance.cloudfoundry_3                     2098ms
  btp_subaccount_environment_instance.cloudfoundry_4                     6731ms
  btp_subaccount_environment_instance.cloudfoundry_5                     2346ms
  btp_subaccount_role.role_1                                             1400ms
  btp_subaccount_role.role_10                                            1158ms
  btp_subaccount_role.role_2                                             2611ms
  btp_subaccount_role.role_3                                             3838ms
  btp_subaccount_role.role_4                                             1260ms
  btp_subaccount_role.role_5                                             4759ms
  btp_subaccount_role.role_6                                             1753ms
  btp_subaccount_role.role_7                                             1181ms
  btp_subaccount_role.role_8                                             2454ms
  btp_subaccount_role.role_9                                             1733ms
  btp_subaccount_role_collection.collection_1                            884ms
  btp_subaccount_role_collection.collection_10                           1376ms
  btp_subaccount_role_collection.collection_11                           5589ms
  btp_subaccount_role_collection.collection_12                           417ms
  btp_subaccount_role_collection.collection_13                           3781ms
  btp_subaccount_role_collection.collection_14                           1615ms
  btp_subaccount_role_collection.collection_15                           1894ms
  btp_subaccount_role_collection.collection_2                            1403ms
  btp_subaccount_role_collection.collection_3                            1539ms
  btp_subaccount_role_collection.collection_4                            1430ms
  btp_subaccount_role_collection.collection_5                            2019ms
  btp_subaccount_role_collection.collection_6                            595ms
  btp_subaccount_role_collection.collection_7                            1772ms
  btp_subaccount_role_collection.collection_8                            187ms
  btp_subaccount_role_collection.collection_9                            5052ms
  btp_subaccount_service_instance.instance_1                             4193ms
  btp_subaccount_service_instance.instance_10                            13666ms
  btp_subaccount_service_instance.instance_2                             8487ms
  btp_subaccount_service_instance.instance_3                             6924ms
  btp_subaccount_service_instance.instance_4                             4720ms
  btp_subaccount_service_instance.instance_5                             4474ms
  btp_subaccount_service_instance.instance_6                             12063ms
  btp_subaccount_service_instance.instance_7                             5175ms
  btp_subaccount_service_instance.instance_8                             3584ms
  btp_subaccount_service_instance.instance_9                             3614ms
  btp_subaccount_subscription.subscription_1                             9414ms
  btp_subaccount_subscription.subscription_10                            3445ms
  btp_subaccount_subscription.subscription_11                            2096ms
  btp_subaccount_subscription.subscription_12                            4645ms
  btp_subaccount_subscription.subscription_13                            6886ms
  btp_subaccount_subscription.subscription_14                            4575ms
  btp_subaccount_subscription.subscription_15                            3292ms
  btp_subaccount_subscription.subscription_2                             6267ms
  btp_subaccount_subscription.subscription_3                             7097ms
  btp_subaccount_subscription.subscription_4                             7162ms
  btp_subaccount_subscription.subscription_5                             2164ms
  btp_subaccount_subscription.subscription_6                             3461ms
  btp_subaccount_subscription.subscription_7                             3006ms
  btp_subaccount_subscription.subscription_8                             3701ms
  btp_subaccount_subscription.subscription_9                             7154ms
  btp_subaccount_trust_configuration.trust_1                             1686ms
  btp_subaccount_trust_configuration.trust_2                             5576ms
  btp_subaccount_trust_configuration.trust_3                             938ms
  btp_subaccount_trust_configuration.trust_4                             1011ms
  btp_subaccount_trust_configuration.trust_5                             892ms
  cloudfoundry_service_instance.instance_1                               55ms
  cloudfoundry_service_instance.instance_10                              41ms
  cloudfoundry_service_instance.instance_11                              42ms
  cloudfoundry_service_instance.instance_12                              187ms
  cloudfoundry_service_instance.instance_13                              60ms
  cloudfoundry_service_instance.instance_14                              39ms
  cloudfoundry_service_instance.instance_15                              247ms
  cloudfoundry_service_instance.instance_16                              47ms
  cloudfoundry_service_instance.instance_17                              42ms
  cloudfoundry_service_instance.instance_18                              38ms
  cloudfoundry_service_instance.instance_19                              43ms
  cloudfoundry_service_instance.instance_2                               229ms
  cloudfoundry_service_instance.instance_20                              42ms
  cloudfoundry_service_instance.instance_3                               52ms
  cloudfoundry_service_instance.instance_4                               41ms
  cloudfoundry_service_instance.instance_5                               64ms
  cloudfoundry_service_instance.instance_6                               66ms
  cloudfoundry_service_instance.instance_7                               64ms
  cloudfoundry_service_instance.instance_8                               37ms
  cloudfoundry_service_instance.instance_9                               46ms
  cloudfoundry_space.space_1                                             320ms
  cloudfoundry_space.space_10                                            354ms
  cloudfoundry_space.space_2                                             269ms
  cloudfoundry_space.space_3                                             113ms
  cloudfoundry_space.space_4                                             105ms
  cloudfoundry_space.space_5                                             169ms
  cloudfoundry_space.space_6                                             129ms
  cloudfoundry_space.space_7                                             116ms
  cloudfoundry_space.space_8                                             127ms
  cloudfoundry_space.space_9                                             280ms
  scc_subaccount.subaccount_1                                            1454ms
  scc_subaccount.subaccount_2                                            1401ms
  scc_subaccount.subaccount_3                                            1033ms
  scc_subaccount.subaccount_4                                            1830ms
  scc_subaccount.subaccount_5                                            645ms
  scc_system_mapping.system_1                                            67ms
  scc_system_mapping.system_10                                           272ms
  scc_system_mapping.system_2                                            61ms
  scc_system_mapping.system_3                                            202ms
  scc_system_mapping.system_4                                            58ms
  scc_system_mapping.system_5                                            139ms
  scc_system_mapping.system_6                                            63ms
  scc_system_mapping.system_7                                            61ms
  scc_system_mapping.system_8                                            53ms
  scc_system_mapping.system_9                                            182ms
  scc_system_mapping_resource.resource_1                                 184ms
  scc_system_mapping_resource.resource_10                                58ms
  scc_system_mapping_resource.resource_11                                62ms
  scc_system_mapping_resource.resource_12                                188ms
  scc_system_mapping_resource.resource_13                                56ms
  scc_system_mapping_resource.resource_14                                56ms
  scc_system_mapping_resource.resource_15                                129ms
  scc_system_mapping_resource.resource_16                                54ms
  scc_system_mapping_resource.resource_17                                66ms
  scc_system_mapping_resource.resource_18                                57ms
  scc_system_mapping_resource.resource_19                                76ms
  scc_system_mapping_resource.resource_2                                 64ms
  scc_system_mapping_resource.resource_20                                57ms
  scc_system_mapping_resource.resource_3                                 147ms
  scc_system_mapping_resource.resource_4                                 61ms
  scc_system_mapping_resource.resource_5                                 202ms
  scc_system_mapping_resource.resource_6                                 213ms
  scc_system_mapping_resource.resource_7                                 57ms
  scc_system_mapping_resource.resource_8                                 61ms
  scc_system_mapping_resource.resource_9                                 61ms
  sci_application.app_1                                                  150ms
  sci_application.app_10                                                 260ms
  sci_application.app_2                                                  120ms
  sci_application.app_3                                                  138ms
  sci_application.app_4                                                  210ms
  sci_application.app_5                                                  257ms
  sci_application.app_6                                                  151ms
  sci_application.app_7                                                  213ms
  sci_application.app_8                                                  101ms
  sci_application.app_9                                                  260ms
  sci_group_base.group_1                                                 124ms
  sci_group_base.group_10                                                111ms
  sci_group_base.group_11                                                87ms
  sci_group_base.group_12                                                97ms
  sci_group_base.group_13                                                183ms
  sci_group_base.group_14                                                96ms
  sci_group_base.group_15                                                112ms
  sci_group_base.group_2                                                 108ms
  sci_group_base.group_3                                                 144ms
  sci_group_base.group_4                                                 94ms
  sci_group_base.group_5                                                 92ms
  sci_group_base.group_6                                                 84ms
  sci_group_base.group_7                                                 85ms
  sci_group_base.group_8                                                 97ms
  sci_group_base.group_9                                                 255ms
  sci_user.user_1                                                        178ms
  sci_user.user_10                                                       99ms
  sci_user.user_11                                                       83ms
  sci_user.user_12                                                       97ms
  sci_user.user_13                                                       93ms
  sci_user.user_14                                                       252ms
  sci_user.user_15                                                       116ms
  sci_user.user_16                                                       109ms
  sci_user.user_17                                                       90ms
  sci_user.user_18                                                       83ms
  sci_user.user_19                                                       102ms
  sci_user.user_2                                                        99ms
  sci_user.user_20                                                       99ms
  sci_user.user_21                                                       88ms
  sci_user.user_22                                                       127ms
  sci_user.user_23                                                       152ms
  sci_user.user_24                                                       153ms
  sci_user.user_25                                                       150ms
  sci_user.user_3                                                        88ms
  sci_user.user_4                                                        133ms
  sci_user.user_5                                                        85ms
  sci_user.user_6                                                        92ms
  sci_user.user_7                                                        90ms
  sci_user.user_8                                                        254ms
  sci_user.user_9                                                        103ms


Run 3/20:
  Total run time: 67.130471s
  btp_directory.directory_1                                              1626ms
  btp_directory.directory_2                                              1251ms
  btp_directory.directory_3                                              2063ms
  btp_directory.directory_4                                              7622ms
  btp_directory.directory_5                                              2608ms
  btp_subaccount.subaccount_1                                            5341ms
  btp_subaccount.subaccount_2                                            6311ms
  btp_subaccount.subaccount_3                                            983ms
  btp_subaccount.subaccount_4                                            6894ms
  btp_subaccount.subaccount_5                                            1682ms
  btp_subaccount_destination_generic.destination_1                       1939ms
  btp_subaccount_destination_generic.destination_10                      1458ms
  btp_subaccount_destination_generic.destination_2                       1269ms
  btp_subaccount_destination_generic.destination_3                       1639ms
  btp_subaccount_destination_generic.destination_4                       747ms
  btp_subaccount_destination_generic.destination_5                       2826ms
  btp_subaccount_destination_generic.destination_6                       5411ms
  btp_subaccount_destination_generic.destination_7                       5298ms
  btp_subaccount_destination_generic.destination_8                       1452ms
  btp_subaccount_destination_generic.destination_9                       856ms
  btp_subaccount_entitlement.entitlement_1                               14079ms
  btp_subaccount_entitlement.entitlement_10                              13841ms
  btp_subaccount_entitlement.entitlement_11                              18301ms
  btp_subaccount_entitlement.entitlement_12                              15218ms
  btp_subaccount_entitlement.entitlement_13                              15325ms
  btp_subaccount_entitlement.entitlement_14                              19365ms
  btp_subaccount_entitlement.entitlement_15                              15927ms
  btp_subaccount_entitlement.entitlement_16                              14869ms
  btp_subaccount_entitlement.entitlement_17                              21257ms
  btp_subaccount_entitlement.entitlement_18                              23558ms
  btp_subaccount_entitlement.entitlement_19                              17729ms
  btp_subaccount_entitlement.entitlement_2                               15443ms
  btp_subaccount_entitlement.entitlement_20                              18892ms
  btp_subaccount_entitlement.entitlement_3                               14457ms
  btp_subaccount_entitlement.entitlement_4                               19294ms
  btp_subaccount_entitlement.entitlement_5                               13197ms
  btp_subaccount_entitlement.entitlement_6                               14258ms
  btp_subaccount_entitlement.entitlement_7                               13015ms
  btp_subaccount_entitlement.entitlement_8                               13196ms
  btp_subaccount_entitlement.entitlement_9                               18397ms
  btp_subaccount_environment_instance.cloudfoundry_1                     1909ms
  btp_subaccount_environment_instance.cloudfoundry_2                     5435ms
  btp_subaccount_environment_instance.cloudfoundry_3                     1283ms
  btp_subaccount_environment_instance.cloudfoundry_4                     6890ms
  btp_subaccount_environment_instance.cloudfoundry_5                     640ms
  btp_subaccount_role.role_1                                             1958ms
  btp_subaccount_role.role_10                                            1290ms
  btp_subaccount_role.role_2                                             876ms
  btp_subaccount_role.role_3                                             1272ms
  btp_subaccount_role.role_4                                             2097ms
  btp_subaccount_role.role_5                                             1320ms
  btp_subaccount_role.role_6                                             1029ms
  btp_subaccount_role.role_7                                             1556ms
  btp_subaccount_role.role_8                                             6797ms
  btp_subaccount_role.role_9                                             1065ms
  btp_subaccount_role_collection.collection_1                            1319ms
  btp_subaccount_role_collection.collection_10                           1630ms
  btp_subaccount_role_collection.collection_11                           857ms
  btp_subaccount_role_collection.collection_12                           580ms
  btp_subaccount_role_collection.collection_13                           812ms
  btp_subaccount_role_collection.collection_14                           1233ms
  btp_subaccount_role_collection.collection_15                           935ms
  btp_subaccount_role_collection.collection_2                            1153ms
  btp_subaccount_role_collection.collection_3                            640ms
  btp_subaccount_role_collection.collection_4                            764ms
  btp_subaccount_role_collection.collection_5                            2080ms
  btp_subaccount_role_collection.collection_6                            926ms
  btp_subaccount_role_collection.collection_7                            864ms
  btp_subaccount_role_collection.collection_8                            634ms
  btp_subaccount_role_collection.collection_9                            863ms
  btp_subaccount_service_instance.instance_1                             4391ms
  btp_subaccount_service_instance.instance_10                            4247ms
  btp_subaccount_service_instance.instance_2                             3801ms
  btp_subaccount_service_instance.instance_3                             5069ms
  btp_subaccount_service_instance.instance_4                             8862ms
  btp_subaccount_service_instance.instance_5                             9644ms
  btp_subaccount_service_instance.instance_6                             3389ms
  btp_subaccount_service_instance.instance_7                             9828ms
  btp_subaccount_service_instance.instance_8                             8391ms
  btp_subaccount_service_instance.instance_9                             2082ms
  btp_subaccount_subscription.subscription_1                             2306ms
  btp_subaccount_subscription.subscription_10                            3579ms
  btp_subaccount_subscription.subscription_11                            2045ms
  btp_subaccount_subscription.subscription_12                            3633ms
  btp_subaccount_subscription.subscription_13                            2473ms
  btp_subaccount_subscription.subscription_14                            2043ms
  btp_subaccount_subscription.subscription_15                            3829ms
  btp_subaccount_subscription.subscription_2                             7831ms
  btp_subaccount_subscription.subscription_3                             8380ms
  btp_subaccount_subscription.subscription_4                             2567ms
  btp_subaccount_subscription.subscription_5                             2529ms
  btp_subaccount_subscription.subscription_6                             2613ms
  btp_subaccount_subscription.subscription_7                             11527ms
  btp_subaccount_subscription.subscription_8                             6918ms
  btp_subaccount_subscription.subscription_9                             2327ms
  btp_subaccount_trust_configuration.trust_1                             814ms
  btp_subaccount_trust_configuration.trust_2                             1190ms
  btp_subaccount_trust_configuration.trust_3                             843ms
  btp_subaccount_trust_configuration.trust_4                             1242ms
  btp_subaccount_trust_configuration.trust_5                             1304ms
  cloudfoundry_service_instance.instance_1                               48ms
  cloudfoundry_service_instance.instance_10                              50ms
  cloudfoundry_service_instance.instance_11                              46ms
  cloudfoundry_service_instance.instance_12                              44ms
  cloudfoundry_service_instance.instance_13                              47ms
  cloudfoundry_service_instance.instance_14                              50ms
  cloudfoundry_service_instance.instance_15                              45ms
  cloudfoundry_service_instance.instance_16                              40ms
  cloudfoundry_service_instance.instance_17                              52ms
  cloudfoundry_service_instance.instance_18                              45ms
  cloudfoundry_service_instance.instance_19                              49ms
  cloudfoundry_service_instance.instance_2                               46ms
  cloudfoundry_service_instance.instance_20                              42ms
  cloudfoundry_service_instance.instance_3                               49ms
  cloudfoundry_service_instance.instance_4                               39ms
  cloudfoundry_service_instance.instance_5                               46ms
  cloudfoundry_service_instance.instance_6                               43ms
  cloudfoundry_service_instance.instance_7                               60ms
  cloudfoundry_service_instance.instance_8                               51ms
  cloudfoundry_service_instance.instance_9                               48ms
  cloudfoundry_space.space_1                                             84ms
  cloudfoundry_space.space_10                                            97ms
  cloudfoundry_space.space_2                                             100ms
  cloudfoundry_space.space_3                                             96ms
  cloudfoundry_space.space_4                                             90ms
  cloudfoundry_space.space_5                                             107ms
  cloudfoundry_space.space_6                                             85ms
  cloudfoundry_space.space_7                                             95ms
  cloudfoundry_space.space_8                                             122ms
  cloudfoundry_space.space_9                                             97ms
  scc_subaccount.subaccount_1                                            591ms
  scc_subaccount.subaccount_2                                            1264ms
  scc_subaccount.subaccount_3                                            998ms
  scc_subaccount.subaccount_4                                            1680ms
  scc_subaccount.subaccount_5                                            5104ms
  scc_system_mapping.system_1                                            55ms
  scc_system_mapping.system_10                                           56ms
  scc_system_mapping.system_2                                            56ms
  scc_system_mapping.system_3                                            54ms
  scc_system_mapping.system_4                                            137ms
  scc_system_mapping.system_5                                            54ms
  scc_system_mapping.system_6                                            55ms
  scc_system_mapping.system_7                                            57ms
  scc_system_mapping.system_8                                            56ms
  scc_system_mapping.system_9                                            70ms
  scc_system_mapping_resource.resource_1                                 54ms
  scc_system_mapping_resource.resource_10                                55ms
  scc_system_mapping_resource.resource_11                                55ms
  scc_system_mapping_resource.resource_12                                63ms
  scc_system_mapping_resource.resource_13                                63ms
  scc_system_mapping_resource.resource_14                                51ms
  scc_system_mapping_resource.resource_15                                53ms
  scc_system_mapping_resource.resource_16                                88ms
  scc_system_mapping_resource.resource_17                                127ms
  scc_system_mapping_resource.resource_18                                60ms
  scc_system_mapping_resource.resource_19                                73ms
  scc_system_mapping_resource.resource_2                                 53ms
  scc_system_mapping_resource.resource_20                                69ms
  scc_system_mapping_resource.resource_3                                 76ms
  scc_system_mapping_resource.resource_4                                 144ms
  scc_system_mapping_resource.resource_5                                 69ms
  scc_system_mapping_resource.resource_6                                 134ms
  scc_system_mapping_resource.resource_7                                 53ms
  scc_system_mapping_resource.resource_8                                 146ms
  scc_system_mapping_resource.resource_9                                 56ms
  sci_application.app_1                                                  141ms
  sci_application.app_10                                                 139ms
  sci_application.app_2                                                  117ms
  sci_application.app_3                                                  161ms
  sci_application.app_4                                                  341ms
  sci_application.app_5                                                  129ms
  sci_application.app_6                                                  133ms
  sci_application.app_7                                                  198ms
  sci_application.app_8                                                  143ms
  sci_application.app_9                                                  126ms
  sci_group_base.group_1                                                 91ms
  sci_group_base.group_10                                                96ms
  sci_group_base.group_11                                                82ms
  sci_group_base.group_12                                                87ms
  sci_group_base.group_13                                                93ms
  sci_group_base.group_14                                                94ms
  sci_group_base.group_15                                                158ms
  sci_group_base.group_2                                                 94ms
  sci_group_base.group_3                                                 89ms
  sci_group_base.group_4                                                 91ms
  sci_group_base.group_5                                                 208ms
  sci_group_base.group_6                                                 91ms
  sci_group_base.group_7                                                 89ms
  sci_group_base.group_8                                                 92ms
  sci_group_base.group_9                                                 89ms
  sci_user.user_1                                                        84ms
  sci_user.user_10                                                       129ms
  sci_user.user_11                                                       86ms
  sci_user.user_12                                                       91ms
  sci_user.user_13                                                       169ms
  sci_user.user_14                                                       95ms
  sci_user.user_15                                                       93ms
  sci_user.user_16                                                       97ms
  sci_user.user_17                                                       156ms
  sci_user.user_18                                                       97ms
  sci_user.user_19                                                       159ms
  sci_user.user_2                                                        95ms
  sci_user.user_20                                                       92ms
  sci_user.user_21                                                       92ms
  sci_user.user_22                                                       89ms
  sci_user.user_23                                                       90ms
  sci_user.user_24                                                       98ms
  sci_user.user_25                                                       117ms
  sci_user.user_3                                                        89ms
  sci_user.user_4                                                        88ms
  sci_user.user_5                                                        94ms
  sci_user.user_6                                                        109ms
  sci_user.user_7                                                        100ms
  sci_user.user_8                                                        88ms
  sci_user.user_9                                                        169ms


Run 4/20:
  Total run time: 81.645994s
  btp_directory.directory_1                                              644ms
  btp_directory.directory_2                                              2749ms
  btp_directory.directory_3                                              4443ms
  btp_directory.directory_4                                              1419ms
  btp_directory.directory_5                                              1554ms
  btp_subaccount.subaccount_1                                            170ms
  btp_subaccount.subaccount_2                                            2135ms
  btp_subaccount.subaccount_3                                            1634ms
  btp_subaccount.subaccount_4                                            2063ms
  btp_subaccount.subaccount_5                                            934ms
  btp_subaccount_destination_generic.destination_1                       2423ms
  btp_subaccount_destination_generic.destination_10                      2257ms
  btp_subaccount_destination_generic.destination_2                       251ms
  btp_subaccount_destination_generic.destination_3                       10647ms
  btp_subaccount_destination_generic.destination_4                       690ms
  btp_subaccount_destination_generic.destination_5                       1901ms
  btp_subaccount_destination_generic.destination_6                       2494ms
  btp_subaccount_destination_generic.destination_7                       1860ms
  btp_subaccount_destination_generic.destination_8                       630ms
  btp_subaccount_destination_generic.destination_9                       861ms
  btp_subaccount_entitlement.entitlement_1                               15717ms
  btp_subaccount_entitlement.entitlement_10                              26195ms
  btp_subaccount_entitlement.entitlement_11                              13334ms
  btp_subaccount_entitlement.entitlement_12                              13582ms
  btp_subaccount_entitlement.entitlement_13                              15570ms
  btp_subaccount_entitlement.entitlement_14                              25282ms
  btp_subaccount_entitlement.entitlement_15                              19768ms
  btp_subaccount_entitlement.entitlement_16                              26328ms
  btp_subaccount_entitlement.entitlement_17                              16569ms
  btp_subaccount_entitlement.entitlement_18                              22481ms
  btp_subaccount_entitlement.entitlement_19                              19137ms
  btp_subaccount_entitlement.entitlement_2                               24162ms
  btp_subaccount_entitlement.entitlement_20                              16843ms
  btp_subaccount_entitlement.entitlement_3                               26110ms
  btp_subaccount_entitlement.entitlement_4                               14227ms
  btp_subaccount_entitlement.entitlement_5                               12470ms
  btp_subaccount_entitlement.entitlement_6                               12887ms
  btp_subaccount_entitlement.entitlement_7                               24597ms
  btp_subaccount_entitlement.entitlement_8                               13529ms
  btp_subaccount_entitlement.entitlement_9                               17592ms
  btp_subaccount_environment_instance.cloudfoundry_1                     1380ms
  btp_subaccount_environment_instance.cloudfoundry_2                     1075ms
  btp_subaccount_environment_instance.cloudfoundry_3                     1633ms
  btp_subaccount_environment_instance.cloudfoundry_4                     2479ms
  btp_subaccount_environment_instance.cloudfoundry_5                     1540ms
  btp_subaccount_role.role_1                                             733ms
  btp_subaccount_role.role_10                                            298ms
  btp_subaccount_role.role_2                                             2020ms
  btp_subaccount_role.role_3                                             1096ms
  btp_subaccount_role.role_4                                             6739ms
  btp_subaccount_role.role_5                                             5421ms
  btp_subaccount_role.role_6                                             1070ms
  btp_subaccount_role.role_7                                             1144ms
  btp_subaccount_role.role_8                                             820ms
  btp_subaccount_role.role_9                                             6123ms
  btp_subaccount_role_collection.collection_1                            703ms
  btp_subaccount_role_collection.collection_10                           985ms
  btp_subaccount_role_collection.collection_11                           5504ms
  btp_subaccount_role_collection.collection_12                           2336ms
  btp_subaccount_role_collection.collection_13                           5717ms
  btp_subaccount_role_collection.collection_14                           1033ms
  btp_subaccount_role_collection.collection_15                           379ms
  btp_subaccount_role_collection.collection_2                            1840ms
  btp_subaccount_role_collection.collection_3                            728ms
  btp_subaccount_role_collection.collection_4                            1022ms
  btp_subaccount_role_collection.collection_5                            1264ms
  btp_subaccount_role_collection.collection_6                            1335ms
  btp_subaccount_role_collection.collection_7                            276ms
  btp_subaccount_role_collection.collection_8                            628ms
  btp_subaccount_role_collection.collection_9                            1248ms
  btp_subaccount_service_instance.instance_1                             10337ms
  btp_subaccount_service_instance.instance_10                            3458ms
  btp_subaccount_service_instance.instance_2                             1328ms
  btp_subaccount_service_instance.instance_3                             2459ms
  btp_subaccount_service_instance.instance_4                             2418ms
  btp_subaccount_service_instance.instance_5                             14157ms
  btp_subaccount_service_instance.instance_6                             3508ms
  btp_subaccount_service_instance.instance_7                             8438ms
  btp_subaccount_service_instance.instance_8                             2375ms
  btp_subaccount_service_instance.instance_9                             2151ms
  btp_subaccount_subscription.subscription_1                             9223ms
  btp_subaccount_subscription.subscription_10                            8678ms
  btp_subaccount_subscription.subscription_11                            12599ms
  btp_subaccount_subscription.subscription_12                            16495ms
  btp_subaccount_subscription.subscription_13                            7376ms
  btp_subaccount_subscription.subscription_14                            8971ms
  btp_subaccount_subscription.subscription_15                            4130ms
  btp_subaccount_subscription.subscription_2                             9141ms
  btp_subaccount_subscription.subscription_3                             4219ms
  btp_subaccount_subscription.subscription_4                             12204ms
  btp_subaccount_subscription.subscription_5                             13230ms
  btp_subaccount_subscription.subscription_6                             13357ms
  btp_subaccount_subscription.subscription_7                             7591ms
  btp_subaccount_subscription.subscription_8                             9274ms
  btp_subaccount_subscription.subscription_9                             13660ms
  btp_subaccount_trust_configuration.trust_1                             6016ms
  btp_subaccount_trust_configuration.trust_2                             485ms
  btp_subaccount_trust_configuration.trust_3                             2147ms
  btp_subaccount_trust_configuration.trust_4                             2678ms
  btp_subaccount_trust_configuration.trust_5                             6913ms
  cloudfoundry_service_instance.instance_1                               39ms
  cloudfoundry_service_instance.instance_10                              42ms
  cloudfoundry_service_instance.instance_11                              48ms
  cloudfoundry_service_instance.instance_12                              37ms
  cloudfoundry_service_instance.instance_13                              52ms
  cloudfoundry_service_instance.instance_14                              56ms
  cloudfoundry_service_instance.instance_15                              40ms
  cloudfoundry_service_instance.instance_16                              36ms
  cloudfoundry_service_instance.instance_17                              48ms
  cloudfoundry_service_instance.instance_18                              40ms
  cloudfoundry_service_instance.instance_19                              49ms
  cloudfoundry_service_instance.instance_2                               50ms
  cloudfoundry_service_instance.instance_20                              35ms
  cloudfoundry_service_instance.instance_3                               34ms
  cloudfoundry_service_instance.instance_4                               70ms
  cloudfoundry_service_instance.instance_5                               49ms
  cloudfoundry_service_instance.instance_6                               34ms
  cloudfoundry_service_instance.instance_7                               35ms
  cloudfoundry_service_instance.instance_8                               39ms
  cloudfoundry_service_instance.instance_9                               49ms
  cloudfoundry_space.space_1                                             101ms
  cloudfoundry_space.space_10                                            97ms
  cloudfoundry_space.space_2                                             107ms
  cloudfoundry_space.space_3                                             111ms
  cloudfoundry_space.space_4                                             97ms
  cloudfoundry_space.space_5                                             103ms
  cloudfoundry_space.space_6                                             110ms
  cloudfoundry_space.space_7                                             107ms
  cloudfoundry_space.space_8                                             126ms
  cloudfoundry_space.space_9                                             96ms
  scc_subaccount.subaccount_1                                            1318ms
  scc_subaccount.subaccount_2                                            988ms
  scc_subaccount.subaccount_3                                            6863ms
  scc_subaccount.subaccount_4                                            1532ms
  scc_subaccount.subaccount_5                                            626ms
  scc_system_mapping.system_1                                            56ms
  scc_system_mapping.system_10                                           135ms
  scc_system_mapping.system_2                                            52ms
  scc_system_mapping.system_3                                            84ms
  scc_system_mapping.system_4                                            127ms
  scc_system_mapping.system_5                                            58ms
  scc_system_mapping.system_6                                            69ms
  scc_system_mapping.system_7                                            135ms
  scc_system_mapping.system_8                                            59ms
  scc_system_mapping.system_9                                            59ms
  scc_system_mapping_resource.resource_1                                 122ms
  scc_system_mapping_resource.resource_10                                75ms
  scc_system_mapping_resource.resource_11                                61ms
  scc_system_mapping_resource.resource_12                                138ms
  scc_system_mapping_resource.resource_13                                55ms
  scc_system_mapping_resource.resource_14                                71ms
  scc_system_mapping_resource.resource_15                                58ms
  scc_system_mapping_resource.resource_16                                69ms
  scc_system_mapping_resource.resource_17                                56ms
  scc_system_mapping_resource.resource_18                                59ms
  scc_system_mapping_resource.resource_19                                147ms
  scc_system_mapping_resource.resource_2                                 57ms
  scc_system_mapping_resource.resource_20                                59ms
  scc_system_mapping_resource.resource_3                                 138ms
  scc_system_mapping_resource.resource_4                                 59ms
  scc_system_mapping_resource.resource_5                                 58ms
  scc_system_mapping_resource.resource_6                                 59ms
  scc_system_mapping_resource.resource_7                                 60ms
  scc_system_mapping_resource.resource_8                                 59ms
  scc_system_mapping_resource.resource_9                                 61ms
  sci_application.app_1                                                  113ms
  sci_application.app_10                                                 152ms
  sci_application.app_2                                                  134ms
  sci_application.app_3                                                  189ms
  sci_application.app_4                                                  189ms
  sci_application.app_5                                                  124ms
  sci_application.app_6                                                  132ms
  sci_application.app_7                                                  121ms
  sci_application.app_8                                                  120ms
  sci_application.app_9                                                  116ms
  sci_group_base.group_1                                                 90ms
  sci_group_base.group_10                                                88ms
  sci_group_base.group_11                                                93ms
  sci_group_base.group_12                                                85ms
  sci_group_base.group_13                                                312ms
  sci_group_base.group_14                                                85ms
  sci_group_base.group_15                                                89ms
  sci_group_base.group_2                                                 102ms
  sci_group_base.group_3                                                 207ms
  sci_group_base.group_4                                                 340ms
  sci_group_base.group_5                                                 101ms
  sci_group_base.group_6                                                 94ms
  sci_group_base.group_7                                                 105ms
  sci_group_base.group_8                                                 161ms
  sci_group_base.group_9                                                 96ms
  sci_user.user_1                                                        145ms
  sci_user.user_10                                                       89ms
  sci_user.user_11                                                       89ms
  sci_user.user_12                                                       92ms
  sci_user.user_13                                                       89ms
  sci_user.user_14                                                       91ms
  sci_user.user_15                                                       93ms
  sci_user.user_16                                                       100ms
  sci_user.user_17                                                       95ms
  sci_user.user_18                                                       92ms
  sci_user.user_19                                                       86ms
  sci_user.user_2                                                        99ms
  sci_user.user_20                                                       154ms
  sci_user.user_21                                                       88ms
  sci_user.user_22                                                       103ms
  sci_user.user_23                                                       90ms
  sci_user.user_24                                                       100ms
  sci_user.user_25                                                       87ms
  sci_user.user_3                                                        87ms
  sci_user.user_4                                                        93ms
  sci_user.user_5                                                        92ms
  sci_user.user_6                                                        150ms
  sci_user.user_7                                                        90ms
  sci_user.user_8                                                        95ms
  sci_user.user_9                                                        86ms


Run 5/20:
  Total run time: 63.439819s
  btp_directory.directory_1                                              1573ms
  btp_directory.directory_2                                              1899ms
  btp_directory.directory_3                                              2107ms
  btp_directory.directory_4                                              2521ms
  btp_directory.directory_5                                              1076ms
  btp_subaccount.subaccount_1                                            1078ms
  btp_subaccount.subaccount_2                                            363ms
  btp_subaccount.subaccount_3                                            899ms
  btp_subaccount.subaccount_4                                            840ms
  btp_subaccount.subaccount_5                                            1418ms
  btp_subaccount_destination_generic.destination_1                       1034ms
  btp_subaccount_destination_generic.destination_10                      163ms
  btp_subaccount_destination_generic.destination_2                       1970ms
  btp_subaccount_destination_generic.destination_3                       1819ms
  btp_subaccount_destination_generic.destination_4                       1036ms
  btp_subaccount_destination_generic.destination_5                       3948ms
  btp_subaccount_destination_generic.destination_6                       1460ms
  btp_subaccount_destination_generic.destination_7                       1483ms
  btp_subaccount_destination_generic.destination_8                       6581ms
  btp_subaccount_destination_generic.destination_9                       477ms
  btp_subaccount_entitlement.entitlement_1                               19376ms
  btp_subaccount_entitlement.entitlement_10                              18965ms
  btp_subaccount_entitlement.entitlement_11                              18810ms
  btp_subaccount_entitlement.entitlement_12                              13866ms
  btp_subaccount_entitlement.entitlement_13                              13774ms
  btp_subaccount_entitlement.entitlement_14                              18167ms
  btp_subaccount_entitlement.entitlement_15                              14877ms
  btp_subaccount_entitlement.entitlement_16                              12094ms
  btp_subaccount_entitlement.entitlement_17                              17616ms
  btp_subaccount_entitlement.entitlement_18                              15507ms
  btp_subaccount_entitlement.entitlement_19                              23800ms
  btp_subaccount_entitlement.entitlement_2                               12997ms
  btp_subaccount_entitlement.entitlement_20                              11542ms
  btp_subaccount_entitlement.entitlement_3                               12157ms
  btp_subaccount_entitlement.entitlement_4                               17028ms
  btp_subaccount_entitlement.entitlement_5                               23093ms
  btp_subaccount_entitlement.entitlement_6                               15304ms
  btp_subaccount_entitlement.entitlement_7                               15592ms
  btp_subaccount_entitlement.entitlement_8                               13815ms
  btp_subaccount_entitlement.entitlement_9                               16101ms
  btp_subaccount_environment_instance.cloudfoundry_1                     1825ms
  btp_subaccount_environment_instance.cloudfoundry_2                     2168ms
  btp_subaccount_environment_instance.cloudfoundry_3                     1269ms
  btp_subaccount_environment_instance.cloudfoundry_4                     1635ms
  btp_subaccount_environment_instance.cloudfoundry_5                     1535ms
  btp_subaccount_role.role_1                                             335ms
  btp_subaccount_role.role_10                                            4047ms
  btp_subaccount_role.role_2                                             532ms
  btp_subaccount_role.role_3                                             969ms
  btp_subaccount_role.role_4                                             1344ms
  btp_subaccount_role.role_5                                             1083ms
  btp_subaccount_role.role_6                                             1383ms
  btp_subaccount_role.role_7                                             1053ms
  btp_subaccount_role.role_8                                             1345ms
  btp_subaccount_role.role_9                                             2006ms
  btp_subaccount_role_collection.collection_1                            1562ms
  btp_subaccount_role_collection.collection_10                           803ms
  btp_subaccount_role_collection.collection_11                           564ms
  btp_subaccount_role_collection.collection_12                           694ms
  btp_subaccount_role_collection.collection_13                           418ms
  btp_subaccount_role_collection.collection_14                           1367ms
  btp_subaccount_role_collection.collection_15                           1516ms
  btp_subaccount_role_collection.collection_2                            1487ms
  btp_subaccount_role_collection.collection_3                            418ms
  btp_subaccount_role_collection.collection_4                            833ms
  btp_subaccount_role_collection.collection_5                            923ms
  btp_subaccount_role_collection.collection_6                            450ms
  btp_subaccount_role_collection.collection_7                            1457ms
  btp_subaccount_role_collection.collection_8                            999ms
  btp_subaccount_role_collection.collection_9                            1024ms
  btp_subaccount_service_instance.instance_1                             8772ms
  btp_subaccount_service_instance.instance_10                            8737ms
  btp_subaccount_service_instance.instance_2                             3743ms
  btp_subaccount_service_instance.instance_3                             7228ms
  btp_subaccount_service_instance.instance_4                             3226ms
  btp_subaccount_service_instance.instance_5                             6960ms
  btp_subaccount_service_instance.instance_6                             14439ms
  btp_subaccount_service_instance.instance_7                             14393ms
  btp_subaccount_service_instance.instance_8                             3601ms
  btp_subaccount_service_instance.instance_9                             3857ms
  btp_subaccount_subscription.subscription_1                             2032ms
  btp_subaccount_subscription.subscription_10                            2348ms
  btp_subaccount_subscription.subscription_11                            1677ms
  btp_subaccount_subscription.subscription_12                            2302ms
  btp_subaccount_subscription.subscription_13                            4909ms
  btp_subaccount_subscription.subscription_14                            3419ms
  btp_subaccount_subscription.subscription_15                            3450ms
  btp_subaccount_subscription.subscription_2                             1956ms
  btp_subaccount_subscription.subscription_3                             963ms
  btp_subaccount_subscription.subscription_4                             1789ms
  btp_subaccount_subscription.subscription_5                             8128ms
  btp_subaccount_subscription.subscription_6                             5295ms
  btp_subaccount_subscription.subscription_7                             5386ms
  btp_subaccount_subscription.subscription_8                             863ms
  btp_subaccount_subscription.subscription_9                             2467ms
  btp_subaccount_trust_configuration.trust_1                             1560ms
  btp_subaccount_trust_configuration.trust_2                             6612ms
  btp_subaccount_trust_configuration.trust_3                             1341ms
  btp_subaccount_trust_configuration.trust_4                             492ms
  btp_subaccount_trust_configuration.trust_5                             1629ms
  cloudfoundry_service_instance.instance_1                               63ms
  cloudfoundry_service_instance.instance_10                              54ms
  cloudfoundry_service_instance.instance_11                              36ms
  cloudfoundry_service_instance.instance_12                              48ms
  cloudfoundry_service_instance.instance_13                              38ms
  cloudfoundry_service_instance.instance_14                              39ms
  cloudfoundry_service_instance.instance_15                              37ms
  cloudfoundry_service_instance.instance_16                              47ms
  cloudfoundry_service_instance.instance_17                              38ms
  cloudfoundry_service_instance.instance_18                              50ms
  cloudfoundry_service_instance.instance_19                              39ms
  cloudfoundry_service_instance.instance_2                               48ms
  cloudfoundry_service_instance.instance_20                              43ms
  cloudfoundry_service_instance.instance_3                               41ms
  cloudfoundry_service_instance.instance_4                               44ms
  cloudfoundry_service_instance.instance_5                               38ms
  cloudfoundry_service_instance.instance_6                               43ms
  cloudfoundry_service_instance.instance_7                               52ms
  cloudfoundry_service_instance.instance_8                               37ms
  cloudfoundry_service_instance.instance_9                               54ms
  cloudfoundry_space.space_1                                             88ms
  cloudfoundry_space.space_10                                            97ms
  cloudfoundry_space.space_2                                             121ms
  cloudfoundry_space.space_3                                             108ms
  cloudfoundry_space.space_4                                             96ms
  cloudfoundry_space.space_5                                             90ms
  cloudfoundry_space.space_6                                             97ms
  cloudfoundry_space.space_7                                             111ms
  cloudfoundry_space.space_8                                             128ms
  cloudfoundry_space.space_9                                             116ms
  scc_subaccount.subaccount_1                                            8347ms
  scc_subaccount.subaccount_2                                            8041ms
  scc_subaccount.subaccount_3                                            564ms
  scc_subaccount.subaccount_4                                            2738ms
  scc_subaccount.subaccount_5                                            8702ms
  scc_system_mapping.system_1                                            136ms
  scc_system_mapping.system_10                                           50ms
  scc_system_mapping.system_2                                            52ms
  scc_system_mapping.system_3                                            140ms
  scc_system_mapping.system_4                                            53ms
  scc_system_mapping.system_5                                            55ms
  scc_system_mapping.system_6                                            74ms
  scc_system_mapping.system_7                                            52ms
  scc_system_mapping.system_8                                            56ms
  scc_system_mapping.system_9                                            63ms
  scc_system_mapping_resource.resource_1                                 131ms
  scc_system_mapping_resource.resource_10                                57ms
  scc_system_mapping_resource.resource_11                                52ms
  scc_system_mapping_resource.resource_12                                51ms
  scc_system_mapping_resource.resource_13                                142ms
  scc_system_mapping_resource.resource_14                                116ms
  scc_system_mapping_resource.resource_15                                55ms
  scc_system_mapping_resource.resource_16                                54ms
  scc_system_mapping_resource.resource_17                                77ms
  scc_system_mapping_resource.resource_18                                150ms
  scc_system_mapping_resource.resource_19                                142ms
  scc_system_mapping_resource.resource_2                                 56ms
  scc_system_mapping_resource.resource_20                                56ms
  scc_system_mapping_resource.resource_3                                 120ms
  scc_system_mapping_resource.resource_4                                 58ms
  scc_system_mapping_resource.resource_5                                 51ms
  scc_system_mapping_resource.resource_6                                 50ms
  scc_system_mapping_resource.resource_7                                 66ms
  scc_system_mapping_resource.resource_8                                 52ms
  scc_system_mapping_resource.resource_9                                 51ms
  sci_application.app_1                                                  103ms
  sci_application.app_10                                                 112ms
  sci_application.app_2                                                  122ms
  sci_application.app_3                                                  126ms
  sci_application.app_4                                                  140ms
  sci_application.app_5                                                  116ms
  sci_application.app_6                                                  116ms
  sci_application.app_7                                                  115ms
  sci_application.app_8                                                  126ms
  sci_application.app_9                                                  114ms
  sci_group_base.group_1                                                 103ms
  sci_group_base.group_10                                                98ms
  sci_group_base.group_11                                                90ms
  sci_group_base.group_12                                                81ms
  sci_group_base.group_13                                                84ms
  sci_group_base.group_14                                                143ms
  sci_group_base.group_15                                                142ms
  sci_group_base.group_2                                                 92ms
  sci_group_base.group_3                                                 126ms
  sci_group_base.group_4                                                 90ms
  sci_group_base.group_5                                                 89ms
  sci_group_base.group_6                                                 152ms
  sci_group_base.group_7                                                 89ms
  sci_group_base.group_8                                                 91ms
  sci_group_base.group_9                                                 95ms
  sci_user.user_1                                                        85ms
  sci_user.user_10                                                       126ms
  sci_user.user_11                                                       92ms
  sci_user.user_12                                                       84ms
  sci_user.user_13                                                       89ms
  sci_user.user_14                                                       88ms
  sci_user.user_15                                                       80ms
  sci_user.user_16                                                       93ms
  sci_user.user_17                                                       90ms
  sci_user.user_18                                                       83ms
  sci_user.user_19                                                       138ms
  sci_user.user_2                                                        78ms
  sci_user.user_20                                                       102ms
  sci_user.user_21                                                       83ms
  sci_user.user_22                                                       148ms
  sci_user.user_23                                                       83ms
  sci_user.user_24                                                       85ms
  sci_user.user_25                                                       77ms
  sci_user.user_3                                                        90ms
  sci_user.user_4                                                        84ms
  sci_user.user_5                                                        85ms
  sci_user.user_6                                                        140ms
  sci_user.user_7                                                        140ms
  sci_user.user_8                                                        102ms
  sci_user.user_9                                                        82ms


Run 6/20:
  Total run time: 74.041466s
  btp_directory.directory_1                                              3165ms
  btp_directory.directory_2                                              6846ms
  btp_directory.directory_3                                              6699ms
  btp_directory.directory_4                                              2725ms
  btp_directory.directory_5                                              4812ms
  btp_subaccount.subaccount_1                                            1562ms
  btp_subaccount.subaccount_2                                            1183ms
  btp_subaccount.subaccount_3                                            1260ms
  btp_subaccount.subaccount_4                                            1775ms
  btp_subaccount.subaccount_5                                            1131ms
  btp_subaccount_destination_generic.destination_1                       1015ms
  btp_subaccount_destination_generic.destination_10                      1959ms
  btp_subaccount_destination_generic.destination_2                       1483ms
  btp_subaccount_destination_generic.destination_3                       770ms
  btp_subaccount_destination_generic.destination_4                       1429ms
  btp_subaccount_destination_generic.destination_5                       1399ms
  btp_subaccount_destination_generic.destination_6                       4564ms
  btp_subaccount_destination_generic.destination_7                       767ms
  btp_subaccount_destination_generic.destination_8                       1379ms
  btp_subaccount_destination_generic.destination_9                       1243ms
  btp_subaccount_entitlement.entitlement_1                               13430ms
  btp_subaccount_entitlement.entitlement_10                              11853ms
  btp_subaccount_entitlement.entitlement_11                              14251ms
  btp_subaccount_entitlement.entitlement_12                              12368ms
  btp_subaccount_entitlement.entitlement_13                              14448ms
  btp_subaccount_entitlement.entitlement_14                              11209ms
  btp_subaccount_entitlement.entitlement_15                              18241ms
  btp_subaccount_entitlement.entitlement_16                              13683ms
  btp_subaccount_entitlement.entitlement_17                              12143ms
  btp_subaccount_entitlement.entitlement_18                              13513ms
  btp_subaccount_entitlement.entitlement_19                              18582ms
  btp_subaccount_entitlement.entitlement_2                               14568ms
  btp_subaccount_entitlement.entitlement_20                              13964ms
  btp_subaccount_entitlement.entitlement_3                               12666ms
  btp_subaccount_entitlement.entitlement_4                               12928ms
  btp_subaccount_entitlement.entitlement_5                               11985ms
  btp_subaccount_entitlement.entitlement_6                               11169ms
  btp_subaccount_entitlement.entitlement_7                               14157ms
  btp_subaccount_entitlement.entitlement_8                               16489ms
  btp_subaccount_entitlement.entitlement_9                               13621ms
  btp_subaccount_environment_instance.cloudfoundry_1                     914ms
  btp_subaccount_environment_instance.cloudfoundry_2                     1484ms
  btp_subaccount_environment_instance.cloudfoundry_3                     1863ms
  btp_subaccount_environment_instance.cloudfoundry_4                     3151ms
  btp_subaccount_environment_instance.cloudfoundry_5                     401ms
  btp_subaccount_role.role_1                                             1449ms
  btp_subaccount_role.role_10                                            1509ms
  btp_subaccount_role.role_2                                             4583ms
  btp_subaccount_role.role_3                                             1342ms
  btp_subaccount_role.role_4                                             1520ms
  btp_subaccount_role.role_5                                             1420ms
  btp_subaccount_role.role_6                                             1254ms
  btp_subaccount_role.role_7                                             890ms
  btp_subaccount_role.role_8                                             911ms
  btp_subaccount_role.role_9                                             5071ms
  btp_subaccount_role_collection.collection_1                            3577ms
  btp_subaccount_role_collection.collection_10                           973ms
  btp_subaccount_role_collection.collection_11                           612ms
  btp_subaccount_role_collection.collection_12                           1055ms
  btp_subaccount_role_collection.collection_13                           1660ms
  btp_subaccount_role_collection.collection_14                           1287ms
  btp_subaccount_role_collection.collection_15                           147ms
  btp_subaccount_role_collection.collection_2                            1333ms
  btp_subaccount_role_collection.collection_3                            1331ms
  btp_subaccount_role_collection.collection_4                            1761ms
  btp_subaccount_role_collection.collection_5                            1323ms
  btp_subaccount_role_collection.collection_6                            1039ms
  btp_subaccount_role_collection.collection_7                            734ms
  btp_subaccount_role_collection.collection_8                            555ms
  btp_subaccount_role_collection.collection_9                            1805ms
  btp_subaccount_service_instance.instance_1                             2633ms
  btp_subaccount_service_instance.instance_10                            4576ms
  btp_subaccount_service_instance.instance_2                             7561ms
  btp_subaccount_service_instance.instance_3                             7760ms
  btp_subaccount_service_instance.instance_4                             7289ms
  btp_subaccount_service_instance.instance_5                             2623ms
  btp_subaccount_service_instance.instance_6                             4330ms
  btp_subaccount_service_instance.instance_7                             4519ms
  btp_subaccount_service_instance.instance_8                             8024ms
  btp_subaccount_service_instance.instance_9                             4407ms
  btp_subaccount_subscription.subscription_1                             10150ms
  btp_subaccount_subscription.subscription_10                            2170ms
  btp_subaccount_subscription.subscription_11                            5310ms
  btp_subaccount_subscription.subscription_12                            6521ms
  btp_subaccount_subscription.subscription_13                            10224ms
  btp_subaccount_subscription.subscription_14                            6823ms
  btp_subaccount_subscription.subscription_15                            3089ms
  btp_subaccount_subscription.subscription_2                             4670ms
  btp_subaccount_subscription.subscription_3                             5692ms
  btp_subaccount_subscription.subscription_4                             6838ms
  btp_subaccount_subscription.subscription_5                             6084ms
  btp_subaccount_subscription.subscription_6                             3290ms
  btp_subaccount_subscription.subscription_7                             3114ms
  btp_subaccount_subscription.subscription_8                             3245ms
  btp_subaccount_subscription.subscription_9                             1418ms
  btp_subaccount_trust_configuration.trust_1                             1413ms
  btp_subaccount_trust_configuration.trust_2                             2977ms
  btp_subaccount_trust_configuration.trust_3                             959ms
  btp_subaccount_trust_configuration.trust_4                             1635ms
  btp_subaccount_trust_configuration.trust_5                             1102ms
  cloudfoundry_service_instance.instance_1                               40ms
  cloudfoundry_service_instance.instance_10                              43ms
  cloudfoundry_service_instance.instance_11                              52ms
  cloudfoundry_service_instance.instance_12                              42ms
  cloudfoundry_service_instance.instance_13                              50ms
  cloudfoundry_service_instance.instance_14                              38ms
  cloudfoundry_service_instance.instance_15                              44ms
  cloudfoundry_service_instance.instance_16                              54ms
  cloudfoundry_service_instance.instance_17                              75ms
  cloudfoundry_service_instance.instance_18                              40ms
  cloudfoundry_service_instance.instance_19                              36ms
  cloudfoundry_service_instance.instance_2                               39ms
  cloudfoundry_service_instance.instance_20                              85ms
  cloudfoundry_service_instance.instance_3                               62ms
  cloudfoundry_service_instance.instance_4                               49ms
  cloudfoundry_service_instance.instance_5                               41ms
  cloudfoundry_service_instance.instance_6                               52ms
  cloudfoundry_service_instance.instance_7                               43ms
  cloudfoundry_service_instance.instance_8                               63ms
  cloudfoundry_service_instance.instance_9                               36ms
  cloudfoundry_space.space_1                                             102ms
  cloudfoundry_space.space_10                                            111ms
  cloudfoundry_space.space_2                                             103ms
  cloudfoundry_space.space_3                                             101ms
  cloudfoundry_space.space_4                                             96ms
  cloudfoundry_space.space_5                                             105ms
  cloudfoundry_space.space_6                                             98ms
  cloudfoundry_space.space_7                                             95ms
  cloudfoundry_space.space_8                                             113ms
  cloudfoundry_space.space_9                                             89ms
  scc_subaccount.subaccount_1                                            30394ms
  scc_subaccount.subaccount_2                                            29621ms
  scc_subaccount.subaccount_3                                            30805ms
  scc_subaccount.subaccount_4                                            29278ms
  scc_subaccount.subaccount_5                                            30437ms
  scc_system_mapping.system_1                                            139ms
  scc_system_mapping.system_10                                           59ms
  scc_system_mapping.system_2                                            62ms
  scc_system_mapping.system_3                                            59ms
  scc_system_mapping.system_4                                            55ms
  scc_system_mapping.system_5                                            138ms
  scc_system_mapping.system_6                                            54ms
  scc_system_mapping.system_7                                            62ms
  scc_system_mapping.system_8                                            55ms
  scc_system_mapping.system_9                                            55ms
  scc_system_mapping_resource.resource_1                                 57ms
  scc_system_mapping_resource.resource_10                                134ms
  scc_system_mapping_resource.resource_11                                53ms
  scc_system_mapping_resource.resource_12                                68ms
  scc_system_mapping_resource.resource_13                                59ms
  scc_system_mapping_resource.resource_14                                52ms
  scc_system_mapping_resource.resource_15                                138ms
  scc_system_mapping_resource.resource_16                                54ms
  scc_system_mapping_resource.resource_17                                135ms
  scc_system_mapping_resource.resource_18                                53ms
  scc_system_mapping_resource.resource_19                                63ms
  scc_system_mapping_resource.resource_2                                 55ms
  scc_system_mapping_resource.resource_20                                136ms
  scc_system_mapping_resource.resource_3                                 53ms
  scc_system_mapping_resource.resource_4                                 55ms
  scc_system_mapping_resource.resource_5                                 113ms
  scc_system_mapping_resource.resource_6                                 53ms
  scc_system_mapping_resource.resource_7                                 58ms
  scc_system_mapping_resource.resource_8                                 72ms
  scc_system_mapping_resource.resource_9                                 127ms
  sci_application.app_1                                                  126ms
  sci_application.app_10                                                 130ms
  sci_application.app_2                                                  121ms
  sci_application.app_3                                                  125ms
  sci_application.app_4                                                  188ms
  sci_application.app_5                                                  122ms
  sci_application.app_6                                                  181ms
  sci_application.app_7                                                  119ms
  sci_application.app_8                                                  250ms
  sci_application.app_9                                                  132ms
  sci_group_base.group_1                                                 90ms
  sci_group_base.group_10                                                96ms
  sci_group_base.group_11                                                154ms
  sci_group_base.group_12                                                108ms
  sci_group_base.group_13                                                274ms
  sci_group_base.group_14                                                83ms
  sci_group_base.group_15                                                83ms
  sci_group_base.group_2                                                 90ms
  sci_group_base.group_3                                                 89ms
  sci_group_base.group_4                                                 90ms
  sci_group_base.group_5                                                 194ms
  sci_group_base.group_6                                                 224ms
  sci_group_base.group_7                                                 97ms
  sci_group_base.group_8                                                 95ms
  sci_group_base.group_9                                                 148ms
  sci_user.user_1                                                        87ms
  sci_user.user_10                                                       88ms
  sci_user.user_11                                                       94ms
  sci_user.user_12                                                       92ms
  sci_user.user_13                                                       235ms
  sci_user.user_14                                                       192ms
  sci_user.user_15                                                       158ms
  sci_user.user_16                                                       86ms
  sci_user.user_17                                                       92ms
  sci_user.user_18                                                       80ms
  sci_user.user_19                                                       186ms
  sci_user.user_2                                                        86ms
  sci_user.user_20                                                       86ms
  sci_user.user_21                                                       85ms
  sci_user.user_22                                                       88ms
  sci_user.user_23                                                       195ms
  sci_user.user_24                                                       89ms
  sci_user.user_25                                                       104ms
  sci_user.user_3                                                        198ms
  sci_user.user_4                                                        85ms
  sci_user.user_5                                                        96ms
  sci_user.user_6                                                        98ms
  sci_user.user_7                                                        148ms
  sci_user.user_8                                                        209ms
  sci_user.user_9                                                        103ms


Run 7/20:
  Total run time: 74.598231s
  btp_directory.directory_1                                              2467ms
  btp_directory.directory_2                                              10496ms
  btp_directory.directory_3                                              2658ms
  btp_directory.directory_4                                              133ms
  btp_directory.directory_5                                              4853ms
  btp_subaccount.subaccount_1                                            363ms
  btp_subaccount.subaccount_2                                            217ms
  btp_subaccount.subaccount_3                                            1470ms
  btp_subaccount.subaccount_4                                            732ms
  btp_subaccount.subaccount_5                                            860ms
  btp_subaccount_destination_generic.destination_1                       871ms
  btp_subaccount_destination_generic.destination_10                      1328ms
  btp_subaccount_destination_generic.destination_2                       157ms
  btp_subaccount_destination_generic.destination_3                       5979ms
  btp_subaccount_destination_generic.destination_4                       178ms
  btp_subaccount_destination_generic.destination_5                       1868ms
  btp_subaccount_destination_generic.destination_6                       1936ms
  btp_subaccount_destination_generic.destination_7                       746ms
  btp_subaccount_destination_generic.destination_8                       712ms
  btp_subaccount_destination_generic.destination_9                       545ms
  btp_subaccount_entitlement.entitlement_1                               13282ms
  btp_subaccount_entitlement.entitlement_10                              16493ms
  btp_subaccount_entitlement.entitlement_11                              13582ms
  btp_subaccount_entitlement.entitlement_12                              12227ms
  btp_subaccount_entitlement.entitlement_13                              12070ms
  btp_subaccount_entitlement.entitlement_14                              20334ms
  btp_subaccount_entitlement.entitlement_15                              17845ms
  btp_subaccount_entitlement.entitlement_16                              15114ms
  btp_subaccount_entitlement.entitlement_17                              12990ms
  btp_subaccount_entitlement.entitlement_18                              14847ms
  btp_subaccount_entitlement.entitlement_19                              11570ms
  btp_subaccount_entitlement.entitlement_2                               11974ms
  btp_subaccount_entitlement.entitlement_20                              12470ms
  btp_subaccount_entitlement.entitlement_3                               13277ms
  btp_subaccount_entitlement.entitlement_4                               13312ms
  btp_subaccount_entitlement.entitlement_5                               21220ms
  btp_subaccount_entitlement.entitlement_6                               11747ms
  btp_subaccount_entitlement.entitlement_7                               12705ms
  btp_subaccount_entitlement.entitlement_8                               16178ms
  btp_subaccount_entitlement.entitlement_9                               13318ms
  btp_subaccount_environment_instance.cloudfoundry_1                     2274ms
  btp_subaccount_environment_instance.cloudfoundry_2                     6030ms
  btp_subaccount_environment_instance.cloudfoundry_3                     1198ms
  btp_subaccount_environment_instance.cloudfoundry_4                     1388ms
  btp_subaccount_environment_instance.cloudfoundry_5                     1745ms
  btp_subaccount_role.role_1                                             691ms
  btp_subaccount_role.role_10                                            1217ms
  btp_subaccount_role.role_2                                             215ms
  btp_subaccount_role.role_3                                             4260ms
  btp_subaccount_role.role_4                                             2295ms
  btp_subaccount_role.role_5                                             1475ms
  btp_subaccount_role.role_6                                             955ms
  btp_subaccount_role.role_7                                             905ms
  btp_subaccount_role.role_8                                             1085ms
  btp_subaccount_role.role_9                                             370ms
  btp_subaccount_role_collection.collection_1                            158ms
  btp_subaccount_role_collection.collection_10                           1308ms
  btp_subaccount_role_collection.collection_11                           1188ms
  btp_subaccount_role_collection.collection_12                           1946ms
  btp_subaccount_role_collection.collection_13                           1052ms
  btp_subaccount_role_collection.collection_14                           811ms
  btp_subaccount_role_collection.collection_15                           368ms
  btp_subaccount_role_collection.collection_2                            489ms
  btp_subaccount_role_collection.collection_3                            210ms
  btp_subaccount_role_collection.collection_4                            1153ms
  btp_subaccount_role_collection.collection_5                            652ms
  btp_subaccount_role_collection.collection_6                            211ms
  btp_subaccount_role_collection.collection_7                            691ms
  btp_subaccount_role_collection.collection_8                            1437ms
  btp_subaccount_role_collection.collection_9                            872ms
  btp_subaccount_service_instance.instance_1                             8201ms
  btp_subaccount_service_instance.instance_10                            8242ms
  btp_subaccount_service_instance.instance_2                             3763ms
  btp_subaccount_service_instance.instance_3                             2626ms
  btp_subaccount_service_instance.instance_4                             3887ms
  btp_subaccount_service_instance.instance_5                             977ms
  btp_subaccount_service_instance.instance_6                             4554ms
  btp_subaccount_service_instance.instance_7                             8540ms
  btp_subaccount_service_instance.instance_8                             8445ms
  btp_subaccount_service_instance.instance_9                             791ms
  btp_subaccount_subscription.subscription_1                             2038ms
  btp_subaccount_subscription.subscription_10                            1791ms
  btp_subaccount_subscription.subscription_11                            2768ms
  btp_subaccount_subscription.subscription_12                            3801ms
  btp_subaccount_subscription.subscription_13                            6864ms
  btp_subaccount_subscription.subscription_14                            6253ms
  btp_subaccount_subscription.subscription_15                            1981ms
  btp_subaccount_subscription.subscription_2                             3413ms
  btp_subaccount_subscription.subscription_3                             5663ms
  btp_subaccount_subscription.subscription_4                             3841ms
  btp_subaccount_subscription.subscription_5                             7354ms
  btp_subaccount_subscription.subscription_6                             11573ms
  btp_subaccount_subscription.subscription_7                             6451ms
  btp_subaccount_subscription.subscription_8                             3392ms
  btp_subaccount_subscription.subscription_9                             3297ms
  btp_subaccount_trust_configuration.trust_1                             218ms
  btp_subaccount_trust_configuration.trust_2                             1363ms
  btp_subaccount_trust_configuration.trust_3                             184ms
  btp_subaccount_trust_configuration.trust_4                             1667ms
  btp_subaccount_trust_configuration.trust_5                             174ms
  cloudfoundry_service_instance.instance_1                               39ms
  cloudfoundry_service_instance.instance_10                              85ms
  cloudfoundry_service_instance.instance_11                              41ms
  cloudfoundry_service_instance.instance_12                              52ms
  cloudfoundry_service_instance.instance_13                              34ms
  cloudfoundry_service_instance.instance_14                              39ms
  cloudfoundry_service_instance.instance_15                              83ms
  cloudfoundry_service_instance.instance_16                              41ms
  cloudfoundry_service_instance.instance_17                              65ms
  cloudfoundry_service_instance.instance_18                              41ms
  cloudfoundry_service_instance.instance_19                              138ms
  cloudfoundry_service_instance.instance_2                               48ms
  cloudfoundry_service_instance.instance_20                              37ms
  cloudfoundry_service_instance.instance_3                               43ms
  cloudfoundry_service_instance.instance_4                               57ms
  cloudfoundry_service_instance.instance_5                               49ms
  cloudfoundry_service_instance.instance_6                               38ms
  cloudfoundry_service_instance.instance_7                               43ms
  cloudfoundry_service_instance.instance_8                               40ms
  cloudfoundry_service_instance.instance_9                               59ms
  cloudfoundry_space.space_1                                             91ms
  cloudfoundry_space.space_10                                            99ms
  cloudfoundry_space.space_2                                             99ms
  cloudfoundry_space.space_3                                             95ms
  cloudfoundry_space.space_4                                             135ms
  cloudfoundry_space.space_5                                             118ms
  cloudfoundry_space.space_6                                             107ms
  cloudfoundry_space.space_7                                             113ms
  cloudfoundry_space.space_8                                             107ms
  cloudfoundry_space.space_9                                             107ms
  scc_subaccount.subaccount_1                                            31261ms
  scc_subaccount.subaccount_2                                            31142ms
  scc_subaccount.subaccount_3                                            37345ms
  scc_subaccount.subaccount_4                                            36696ms
  scc_subaccount.subaccount_5                                            37053ms
  scc_system_mapping.system_1                                            56ms
  scc_system_mapping.system_10                                           59ms
  scc_system_mapping.system_2                                            54ms
  scc_system_mapping.system_3                                            137ms
  scc_system_mapping.system_4                                            69ms
  scc_system_mapping.system_5                                            66ms
  scc_system_mapping.system_6                                            56ms
  scc_system_mapping.system_7                                            141ms
  scc_system_mapping.system_8                                            52ms
  scc_system_mapping.system_9                                            64ms
  scc_system_mapping_resource.resource_1                                 144ms
  scc_system_mapping_resource.resource_10                                53ms
  scc_system_mapping_resource.resource_11                                53ms
  scc_system_mapping_resource.resource_12                                118ms
  scc_system_mapping_resource.resource_13                                56ms
  scc_system_mapping_resource.resource_14                                138ms
  scc_system_mapping_resource.resource_15                                52ms
  scc_system_mapping_resource.resource_16                                132ms
  scc_system_mapping_resource.resource_17                                135ms
  scc_system_mapping_resource.resource_18                                60ms
  scc_system_mapping_resource.resource_19                                53ms
  scc_system_mapping_resource.resource_2                                 65ms
  scc_system_mapping_resource.resource_20                                55ms
  scc_system_mapping_resource.resource_3                                 119ms
  scc_system_mapping_resource.resource_4                                 67ms
  scc_system_mapping_resource.resource_5                                 71ms
  scc_system_mapping_resource.resource_6                                 66ms
  scc_system_mapping_resource.resource_7                                 52ms
  scc_system_mapping_resource.resource_8                                 133ms
  scc_system_mapping_resource.resource_9                                 57ms
  sci_application.app_1                                                  129ms
  sci_application.app_10                                                 130ms
  sci_application.app_2                                                  106ms
  sci_application.app_3                                                  121ms
  sci_application.app_4                                                  138ms
  sci_application.app_5                                                  135ms
  sci_application.app_6                                                  142ms
  sci_application.app_7                                                  117ms
  sci_application.app_8                                                  123ms
  sci_application.app_9                                                  127ms
  sci_group_base.group_1                                                 96ms
  sci_group_base.group_10                                                101ms
  sci_group_base.group_11                                                96ms
  sci_group_base.group_12                                                91ms
  sci_group_base.group_13                                                149ms
  sci_group_base.group_14                                                84ms
  sci_group_base.group_15                                                93ms
  sci_group_base.group_2                                                 158ms
  sci_group_base.group_3                                                 166ms
  sci_group_base.group_4                                                 97ms
  sci_group_base.group_5                                                 99ms
  sci_group_base.group_6                                                 89ms
  sci_group_base.group_7                                                 162ms
  sci_group_base.group_8                                                 90ms
  sci_group_base.group_9                                                 90ms
  sci_user.user_1                                                        84ms
  sci_user.user_10                                                       95ms
  sci_user.user_11                                                       96ms
  sci_user.user_12                                                       78ms
  sci_user.user_13                                                       87ms
  sci_user.user_14                                                       88ms
  sci_user.user_15                                                       86ms
  sci_user.user_16                                                       146ms
  sci_user.user_17                                                       88ms
  sci_user.user_18                                                       94ms
  sci_user.user_19                                                       85ms
  sci_user.user_2                                                        93ms
  sci_user.user_20                                                       135ms
  sci_user.user_21                                                       150ms
  sci_user.user_22                                                       84ms
  sci_user.user_23                                                       86ms
  sci_user.user_24                                                       144ms
  sci_user.user_25                                                       97ms
  sci_user.user_3                                                        76ms
  sci_user.user_4                                                        81ms
  sci_user.user_5                                                        81ms
  sci_user.user_6                                                        86ms
  sci_user.user_7                                                        83ms
  sci_user.user_8                                                        91ms
  sci_user.user_9                                                        86ms


Run 8/20:
  Total run time: 85.219409s
  btp_directory.directory_1                                              5095ms
  btp_directory.directory_2                                              2088ms
  btp_directory.directory_3                                              5365ms
  btp_directory.directory_4                                              7136ms
  btp_directory.directory_5                                              1472ms
  btp_subaccount.subaccount_1                                            1326ms
  btp_subaccount.subaccount_2                                            1244ms
  btp_subaccount.subaccount_3                                            5813ms
  btp_subaccount.subaccount_4                                            4935ms
  btp_subaccount.subaccount_5                                            1826ms
  btp_subaccount_destination_generic.destination_1                       1016ms
  btp_subaccount_destination_generic.destination_10                      1161ms
  btp_subaccount_destination_generic.destination_2                       5047ms
  btp_subaccount_destination_generic.destination_3                       890ms
  btp_subaccount_destination_generic.destination_4                       1762ms
  btp_subaccount_destination_generic.destination_5                       1628ms
  btp_subaccount_destination_generic.destination_6                       6313ms
  btp_subaccount_destination_generic.destination_7                       1651ms
  btp_subaccount_destination_generic.destination_8                       4549ms
  btp_subaccount_destination_generic.destination_9                       798ms
  btp_subaccount_entitlement.entitlement_1                               13406ms
  btp_subaccount_entitlement.entitlement_10                              25440ms
  btp_subaccount_entitlement.entitlement_11                              29279ms
  btp_subaccount_entitlement.entitlement_12                              16979ms
  btp_subaccount_entitlement.entitlement_13                              29240ms
  btp_subaccount_entitlement.entitlement_14                              31152ms
  btp_subaccount_entitlement.entitlement_15                              20739ms
  btp_subaccount_entitlement.entitlement_16                              12723ms
  btp_subaccount_entitlement.entitlement_17                              19714ms
  btp_subaccount_entitlement.entitlement_18                              20082ms
  btp_subaccount_entitlement.entitlement_19                              13614ms
  btp_subaccount_entitlement.entitlement_2                               16304ms
  btp_subaccount_entitlement.entitlement_20                              15598ms
  btp_subaccount_entitlement.entitlement_3                               12794ms
  btp_subaccount_entitlement.entitlement_4                               26545ms
  btp_subaccount_entitlement.entitlement_5                               14660ms
  btp_subaccount_entitlement.entitlement_6                               22371ms
  btp_subaccount_entitlement.entitlement_7                               22682ms
  btp_subaccount_entitlement.entitlement_8                               15150ms
  btp_subaccount_entitlement.entitlement_9                               16274ms
  btp_subaccount_environment_instance.cloudfoundry_1                     4326ms
  btp_subaccount_environment_instance.cloudfoundry_2                     1733ms
  btp_subaccount_environment_instance.cloudfoundry_3                     787ms
  btp_subaccount_environment_instance.cloudfoundry_4                     4594ms
  btp_subaccount_environment_instance.cloudfoundry_5                     418ms
  btp_subaccount_role.role_1                                             1205ms
  btp_subaccount_role.role_10                                            2910ms
  btp_subaccount_role.role_2                                             4946ms
  btp_subaccount_role.role_3                                             2013ms
  btp_subaccount_role.role_4                                             2700ms
  btp_subaccount_role.role_5                                             1234ms
  btp_subaccount_role.role_6                                             1847ms
  btp_subaccount_role.role_7                                             1331ms
  btp_subaccount_role.role_8                                             4653ms
  btp_subaccount_role.role_9                                             3960ms
  btp_subaccount_role_collection.collection_1                            6167ms
  btp_subaccount_role_collection.collection_10                           5102ms
  btp_subaccount_role_collection.collection_11                           1699ms
  btp_subaccount_role_collection.collection_12                           756ms
  btp_subaccount_role_collection.collection_13                           4849ms
  btp_subaccount_role_collection.collection_14                           885ms
  btp_subaccount_role_collection.collection_15                           2196ms
  btp_subaccount_role_collection.collection_2                            7672ms
  btp_subaccount_role_collection.collection_3                            700ms
  btp_subaccount_role_collection.collection_4                            1529ms
  btp_subaccount_role_collection.collection_5                            1394ms
  btp_subaccount_role_collection.collection_6                            2663ms
  btp_subaccount_role_collection.collection_7                            4903ms
  btp_subaccount_role_collection.collection_8                            6222ms
  btp_subaccount_role_collection.collection_9                            1177ms
  btp_subaccount_service_instance.instance_1                             17761ms
  btp_subaccount_service_instance.instance_10                            11168ms
  btp_subaccount_service_instance.instance_2                             3536ms
  btp_subaccount_service_instance.instance_3                             20593ms
  btp_subaccount_service_instance.instance_4                             5758ms
  btp_subaccount_service_instance.instance_5                             7487ms
  btp_subaccount_service_instance.instance_6                             7174ms
  btp_subaccount_service_instance.instance_7                             11188ms
  btp_subaccount_service_instance.instance_8                             5947ms
  btp_subaccount_service_instance.instance_9                             13742ms
  btp_subaccount_subscription.subscription_1                             13757ms
  btp_subaccount_subscription.subscription_10                            9915ms
  btp_subaccount_subscription.subscription_11                            6148ms
  btp_subaccount_subscription.subscription_12                            12241ms
  btp_subaccount_subscription.subscription_13                            4171ms
  btp_subaccount_subscription.subscription_14                            9871ms
  btp_subaccount_subscription.subscription_15                            1838ms
  btp_subaccount_subscription.subscription_2                             6962ms
  btp_subaccount_subscription.subscription_3                             5187ms
  btp_subaccount_subscription.subscription_4                             5157ms
  btp_subaccount_subscription.subscription_5                             9775ms
  btp_subaccount_subscription.subscription_6                             2310ms
  btp_subaccount_subscription.subscription_7                             4425ms
  btp_subaccount_subscription.subscription_8                             7004ms
  btp_subaccount_subscription.subscription_9                             9164ms
  btp_subaccount_trust_configuration.trust_1                             6080ms
  btp_subaccount_trust_configuration.trust_2                             2984ms
  btp_subaccount_trust_configuration.trust_3                             4777ms
  btp_subaccount_trust_configuration.trust_4                             4919ms
  btp_subaccount_trust_configuration.trust_5                             1024ms
  cloudfoundry_service_instance.instance_1                               39ms
  cloudfoundry_service_instance.instance_10                              70ms
  cloudfoundry_service_instance.instance_11                              40ms
  cloudfoundry_service_instance.instance_12                              46ms
  cloudfoundry_service_instance.instance_13                              40ms
  cloudfoundry_service_instance.instance_14                              41ms
  cloudfoundry_service_instance.instance_15                              47ms
  cloudfoundry_service_instance.instance_16                              37ms
  cloudfoundry_service_instance.instance_17                              39ms
  cloudfoundry_service_instance.instance_18                              39ms
  cloudfoundry_service_instance.instance_19                              41ms
  cloudfoundry_service_instance.instance_2                               43ms
  cloudfoundry_service_instance.instance_20                              41ms
  cloudfoundry_service_instance.instance_3                               40ms
  cloudfoundry_service_instance.instance_4                               67ms
  cloudfoundry_service_instance.instance_5                               77ms
  cloudfoundry_service_instance.instance_6                               40ms
  cloudfoundry_service_instance.instance_7                               39ms
  cloudfoundry_service_instance.instance_8                               38ms
  cloudfoundry_service_instance.instance_9                               46ms
  cloudfoundry_space.space_1                                             102ms
  cloudfoundry_space.space_10                                            102ms
  cloudfoundry_space.space_2                                             111ms
  cloudfoundry_space.space_3                                             121ms
  cloudfoundry_space.space_4                                             124ms
  cloudfoundry_space.space_5                                             119ms
  cloudfoundry_space.space_6                                             123ms
  cloudfoundry_space.space_7                                             95ms
  cloudfoundry_space.space_8                                             126ms
  cloudfoundry_space.space_9                                             103ms
  scc_subaccount.subaccount_1                                            1249ms
  scc_subaccount.subaccount_2                                            921ms
  scc_subaccount.subaccount_3                                            1265ms
  scc_subaccount.subaccount_4                                            6698ms
  scc_subaccount.subaccount_5                                            635ms
  scc_system_mapping.system_1                                            89ms
  scc_system_mapping.system_10                                           55ms
  scc_system_mapping.system_2                                            55ms
  scc_system_mapping.system_3                                            54ms
  scc_system_mapping.system_4                                            55ms
  scc_system_mapping.system_5                                            57ms
  scc_system_mapping.system_6                                            54ms
  scc_system_mapping.system_7                                            54ms
  scc_system_mapping.system_8                                            70ms
  scc_system_mapping.system_9                                            76ms
  scc_system_mapping_resource.resource_1                                 57ms
  scc_system_mapping_resource.resource_10                                1270ms
  scc_system_mapping_resource.resource_11                                58ms
  scc_system_mapping_resource.resource_12                                53ms
  scc_system_mapping_resource.resource_13                                51ms
  scc_system_mapping_resource.resource_14                                54ms
  scc_system_mapping_resource.resource_15                                77ms
  scc_system_mapping_resource.resource_16                                51ms
  scc_system_mapping_resource.resource_17                                54ms
  scc_system_mapping_resource.resource_18                                55ms
  scc_system_mapping_resource.resource_19                                55ms
  scc_system_mapping_resource.resource_2                                 55ms
  scc_system_mapping_resource.resource_20                                53ms
  scc_system_mapping_resource.resource_3                                 54ms
  scc_system_mapping_resource.resource_4                                 55ms
  scc_system_mapping_resource.resource_5                                 52ms
  scc_system_mapping_resource.resource_6                                 55ms
  scc_system_mapping_resource.resource_7                                 55ms
  scc_system_mapping_resource.resource_8                                 139ms
  scc_system_mapping_resource.resource_9                                 54ms
  sci_application.app_1                                                  120ms
  sci_application.app_10                                                 130ms
  sci_application.app_2                                                  145ms
  sci_application.app_3                                                  122ms
  sci_application.app_4                                                  141ms
  sci_application.app_5                                                  144ms
  sci_application.app_6                                                  118ms
  sci_application.app_7                                                  127ms
  sci_application.app_8                                                  125ms
  sci_application.app_9                                                  143ms
  sci_group_base.group_1                                                 86ms
  sci_group_base.group_10                                                83ms
  sci_group_base.group_11                                                139ms
  sci_group_base.group_12                                                94ms
  sci_group_base.group_13                                                103ms
  sci_group_base.group_14                                                95ms
  sci_group_base.group_15                                                96ms
  sci_group_base.group_2                                                 83ms
  sci_group_base.group_3                                                 89ms
  sci_group_base.group_4                                                 130ms
  sci_group_base.group_5                                                 174ms
  sci_group_base.group_6                                                 171ms
  sci_group_base.group_7                                                 94ms
  sci_group_base.group_8                                                 95ms
  sci_group_base.group_9                                                 98ms
  sci_user.user_1                                                        85ms
  sci_user.user_10                                                       86ms
  sci_user.user_11                                                       85ms
  sci_user.user_12                                                       81ms
  sci_user.user_13                                                       128ms
  sci_user.user_14                                                       91ms
  sci_user.user_15                                                       176ms
  sci_user.user_16                                                       98ms
  sci_user.user_17                                                       168ms
  sci_user.user_18                                                       78ms
  sci_user.user_19                                                       90ms
  sci_user.user_2                                                        84ms
  sci_user.user_20                                                       87ms
  sci_user.user_21                                                       164ms
  sci_user.user_22                                                       96ms
  sci_user.user_23                                                       124ms
  sci_user.user_24                                                       87ms
  sci_user.user_25                                                       95ms
  sci_user.user_3                                                        163ms
  sci_user.user_4                                                        89ms
  sci_user.user_5                                                        188ms
  sci_user.user_6                                                        103ms
  sci_user.user_7                                                        97ms
  sci_user.user_8                                                        88ms
  sci_user.user_9                                                        89ms


Run 9/20:
  Total run time: 87.821086s
  btp_directory.directory_1                                              3363ms
  btp_directory.directory_2                                              11691ms
  btp_directory.directory_3                                              10720ms
  btp_directory.directory_4                                              11626ms
  btp_directory.directory_5                                              7514ms
  btp_subaccount.subaccount_1                                            1329ms
  btp_subaccount.subaccount_2                                            1097ms
  btp_subaccount.subaccount_3                                            5960ms
  btp_subaccount.subaccount_4                                            3715ms
  btp_subaccount.subaccount_5                                            1853ms
  btp_subaccount_destination_generic.destination_1                       6383ms
  btp_subaccount_destination_generic.destination_10                      1701ms
  btp_subaccount_destination_generic.destination_2                       1516ms
  btp_subaccount_destination_generic.destination_3                       2208ms
  btp_subaccount_destination_generic.destination_4                       1948ms
  btp_subaccount_destination_generic.destination_5                       6437ms
  btp_subaccount_destination_generic.destination_6                       1829ms
  btp_subaccount_destination_generic.destination_7                       1797ms
  btp_subaccount_destination_generic.destination_8                       2010ms
  btp_subaccount_destination_generic.destination_9                       341ms
  btp_subaccount_entitlement.entitlement_1                               19718ms
  btp_subaccount_entitlement.entitlement_10                              24643ms
  btp_subaccount_entitlement.entitlement_11                              11929ms
  btp_subaccount_entitlement.entitlement_12                              16597ms
  btp_subaccount_entitlement.entitlement_13                              15566ms
  btp_subaccount_entitlement.entitlement_14                              16681ms
  btp_subaccount_entitlement.entitlement_15                              21553ms
  btp_subaccount_entitlement.entitlement_16                              23523ms
  btp_subaccount_entitlement.entitlement_17                              23858ms
  btp_subaccount_entitlement.entitlement_18                              16570ms
  btp_subaccount_entitlement.entitlement_19                              25823ms
  btp_subaccount_entitlement.entitlement_2                               18441ms
  btp_subaccount_entitlement.entitlement_20                              24173ms
  btp_subaccount_entitlement.entitlement_3                               14097ms
  btp_subaccount_entitlement.entitlement_4                               24631ms
  btp_subaccount_entitlement.entitlement_5                               16366ms
  btp_subaccount_entitlement.entitlement_6                               16999ms
  btp_subaccount_entitlement.entitlement_7                               15699ms
  btp_subaccount_entitlement.entitlement_8                               23856ms
  btp_subaccount_entitlement.entitlement_9                               15662ms
  btp_subaccount_environment_instance.cloudfoundry_1                     899ms
  btp_subaccount_environment_instance.cloudfoundry_2                     5550ms
  btp_subaccount_environment_instance.cloudfoundry_3                     741ms
  btp_subaccount_environment_instance.cloudfoundry_4                     1660ms
  btp_subaccount_environment_instance.cloudfoundry_5                     10232ms
  btp_subaccount_role.role_1                                             6047ms
  btp_subaccount_role.role_10                                            547ms
  btp_subaccount_role.role_2                                             4027ms
  btp_subaccount_role.role_3                                             170ms
  btp_subaccount_role.role_4                                             6164ms
  btp_subaccount_role.role_5                                             6106ms
  btp_subaccount_role.role_6                                             1087ms
  btp_subaccount_role.role_7                                             1325ms
  btp_subaccount_role.role_8                                             5485ms
  btp_subaccount_role.role_9                                             1825ms
  btp_subaccount_role_collection.collection_1                            1962ms
  btp_subaccount_role_collection.collection_10                           3453ms
  btp_subaccount_role_collection.collection_11                           5042ms
  btp_subaccount_role_collection.collection_12                           1298ms
  btp_subaccount_role_collection.collection_13                           1426ms
  btp_subaccount_role_collection.collection_14                           1840ms
  btp_subaccount_role_collection.collection_15                           6275ms
  btp_subaccount_role_collection.collection_2                            1187ms
  btp_subaccount_role_collection.collection_3                            6372ms
  btp_subaccount_role_collection.collection_4                            815ms
  btp_subaccount_role_collection.collection_5                            3964ms
  btp_subaccount_role_collection.collection_6                            9810ms
  btp_subaccount_role_collection.collection_7                            1891ms
  btp_subaccount_role_collection.collection_8                            2075ms
  btp_subaccount_role_collection.collection_9                            1641ms
  btp_subaccount_service_instance.instance_1                             2258ms
  btp_subaccount_service_instance.instance_10                            16330ms
  btp_subaccount_service_instance.instance_2                             21595ms
  btp_subaccount_service_instance.instance_3                             11903ms
  btp_subaccount_service_instance.instance_4                             4978ms
  btp_subaccount_service_instance.instance_5                             6713ms
  btp_subaccount_service_instance.instance_6                             9326ms
  btp_subaccount_service_instance.instance_7                             11664ms
  btp_subaccount_service_instance.instance_8                             13846ms
  btp_subaccount_service_instance.instance_9                             5002ms
  btp_subaccount_subscription.subscription_1                             5287ms
  btp_subaccount_subscription.subscription_10                            7345ms
  btp_subaccount_subscription.subscription_11                            5357ms
  btp_subaccount_subscription.subscription_12                            3115ms
  btp_subaccount_subscription.subscription_13                            5656ms
  btp_subaccount_subscription.subscription_14                            12034ms
  btp_subaccount_subscription.subscription_15                            3647ms
  btp_subaccount_subscription.subscription_2                             3885ms
  btp_subaccount_subscription.subscription_3                             3235ms
  btp_subaccount_subscription.subscription_4                             7103ms
  btp_subaccount_subscription.subscription_5                             4617ms
  btp_subaccount_subscription.subscription_6                             7797ms
  btp_subaccount_subscription.subscription_7                             16323ms
  btp_subaccount_subscription.subscription_8                             3829ms
  btp_subaccount_subscription.subscription_9                             5222ms
  btp_subaccount_trust_configuration.trust_1                             2002ms
  btp_subaccount_trust_configuration.trust_2                             1533ms
  btp_subaccount_trust_configuration.trust_3                             1378ms
  btp_subaccount_trust_configuration.trust_4                             1367ms
  btp_subaccount_trust_configuration.trust_5                             6213ms
  cloudfoundry_service_instance.instance_1                               75ms
  cloudfoundry_service_instance.instance_10                              37ms
  cloudfoundry_service_instance.instance_11                              40ms
  cloudfoundry_service_instance.instance_12                              50ms
  cloudfoundry_service_instance.instance_13                              41ms
  cloudfoundry_service_instance.instance_14                              49ms
  cloudfoundry_service_instance.instance_15                              70ms
  cloudfoundry_service_instance.instance_16                              55ms
  cloudfoundry_service_instance.instance_17                              40ms
  cloudfoundry_service_instance.instance_18                              45ms
  cloudfoundry_service_instance.instance_19                              40ms
  cloudfoundry_service_instance.instance_2                               57ms
  cloudfoundry_service_instance.instance_20                              59ms
  cloudfoundry_service_instance.instance_3                               46ms
  cloudfoundry_service_instance.instance_4                               54ms
  cloudfoundry_service_instance.instance_5                               67ms
  cloudfoundry_service_instance.instance_6                               50ms
  cloudfoundry_service_instance.instance_7                               58ms
  cloudfoundry_service_instance.instance_8                               78ms
  cloudfoundry_service_instance.instance_9                               58ms
  cloudfoundry_space.space_1                                             135ms
  cloudfoundry_space.space_10                                            100ms
  cloudfoundry_space.space_2                                             94ms
  cloudfoundry_space.space_3                                             97ms
  cloudfoundry_space.space_4                                             95ms
  cloudfoundry_space.space_5                                             119ms
  cloudfoundry_space.space_6                                             110ms
  cloudfoundry_space.space_7                                             99ms
  cloudfoundry_space.space_8                                             97ms
  cloudfoundry_space.space_9                                             115ms
  scc_subaccount.subaccount_1                                            607ms
  scc_subaccount.subaccount_2                                            1090ms
  scc_subaccount.subaccount_3                                            923ms
  scc_subaccount.subaccount_4                                            1466ms
  scc_subaccount.subaccount_5                                            1411ms
  scc_system_mapping.system_1                                            55ms
  scc_system_mapping.system_10                                           57ms
  scc_system_mapping.system_2                                            54ms
  scc_system_mapping.system_3                                            55ms
  scc_system_mapping.system_4                                            55ms
  scc_system_mapping.system_5                                            51ms
  scc_system_mapping.system_6                                            55ms
  scc_system_mapping.system_7                                            55ms
  scc_system_mapping.system_8                                            63ms
  scc_system_mapping.system_9                                            56ms
  scc_system_mapping_resource.resource_1                                 54ms
  scc_system_mapping_resource.resource_10                                78ms
  scc_system_mapping_resource.resource_11                                54ms
  scc_system_mapping_resource.resource_12                                105ms
  scc_system_mapping_resource.resource_13                                59ms
  scc_system_mapping_resource.resource_14                                56ms
  scc_system_mapping_resource.resource_15                                53ms
  scc_system_mapping_resource.resource_16                                54ms
  scc_system_mapping_resource.resource_17                                60ms
  scc_system_mapping_resource.resource_18                                144ms
  scc_system_mapping_resource.resource_19                                116ms
  scc_system_mapping_resource.resource_2                                 142ms
  scc_system_mapping_resource.resource_20                                51ms
  scc_system_mapping_resource.resource_3                                 58ms
  scc_system_mapping_resource.resource_4                                 58ms
  scc_system_mapping_resource.resource_5                                 64ms
  scc_system_mapping_resource.resource_6                                 56ms
  scc_system_mapping_resource.resource_7                                 55ms
  scc_system_mapping_resource.resource_8                                 139ms
  scc_system_mapping_resource.resource_9                                 55ms
  sci_application.app_1                                                  121ms
  sci_application.app_10                                                 110ms
  sci_application.app_2                                                  126ms
  sci_application.app_3                                                  126ms
  sci_application.app_4                                                  129ms
  sci_application.app_5                                                  137ms
  sci_application.app_6                                                  122ms
  sci_application.app_7                                                  145ms
  sci_application.app_8                                                  200ms
  sci_application.app_9                                                  131ms
  sci_group_base.group_1                                                 98ms
  sci_group_base.group_10                                                102ms
  sci_group_base.group_11                                                103ms
  sci_group_base.group_12                                                159ms
  sci_group_base.group_13                                                167ms
  sci_group_base.group_14                                                97ms
  sci_group_base.group_15                                                93ms
  sci_group_base.group_2                                                 129ms
  sci_group_base.group_3                                                 97ms
  sci_group_base.group_4                                                 92ms
  sci_group_base.group_5                                                 93ms
  sci_group_base.group_6                                                 89ms
  sci_group_base.group_7                                                 89ms
  sci_group_base.group_8                                                 85ms
  sci_group_base.group_9                                                 96ms
  sci_user.user_1                                                        104ms
  sci_user.user_10                                                       158ms
  sci_user.user_11                                                       90ms
  sci_user.user_12                                                       85ms
  sci_user.user_13                                                       88ms
  sci_user.user_14                                                       92ms
  sci_user.user_15                                                       91ms
  sci_user.user_16                                                       84ms
  sci_user.user_17                                                       85ms
  sci_user.user_18                                                       90ms
  sci_user.user_19                                                       94ms
  sci_user.user_2                                                        82ms
  sci_user.user_20                                                       87ms
  sci_user.user_21                                                       96ms
  sci_user.user_22                                                       88ms
  sci_user.user_23                                                       88ms
  sci_user.user_24                                                       83ms
  sci_user.user_25                                                       83ms
  sci_user.user_3                                                        91ms
  sci_user.user_4                                                        93ms
  sci_user.user_5                                                        161ms
  sci_user.user_6                                                        90ms
  sci_user.user_7                                                        80ms
  sci_user.user_8                                                        155ms
  sci_user.user_9                                                        153ms


Run 10/20:
  Total run time: 71.230909s
  btp_directory.directory_1                                              6164ms
  btp_directory.directory_2                                              7708ms
  btp_directory.directory_3                                              2551ms
  btp_directory.directory_4                                              7486ms
  btp_directory.directory_5                                              3839ms
  btp_subaccount.subaccount_1                                            784ms
  btp_subaccount.subaccount_2                                            896ms
  btp_subaccount.subaccount_3                                            1335ms
  btp_subaccount.subaccount_4                                            6000ms
  btp_subaccount.subaccount_5                                            425ms
  btp_subaccount_destination_generic.destination_1                       6105ms
  btp_subaccount_destination_generic.destination_10                      1630ms
  btp_subaccount_destination_generic.destination_2                       518ms
  btp_subaccount_destination_generic.destination_3                       4587ms
  btp_subaccount_destination_generic.destination_4                       1020ms
  btp_subaccount_destination_generic.destination_5                       5325ms
  btp_subaccount_destination_generic.destination_6                       572ms
  btp_subaccount_destination_generic.destination_7                       1810ms
  btp_subaccount_destination_generic.destination_8                       582ms
  btp_subaccount_destination_generic.destination_9                       1214ms
  btp_subaccount_entitlement.entitlement_1                               18193ms
  btp_subaccount_entitlement.entitlement_10                              17685ms
  btp_subaccount_entitlement.entitlement_11                              27953ms
  btp_subaccount_entitlement.entitlement_12                              27682ms
  btp_subaccount_entitlement.entitlement_13                              12537ms
  btp_subaccount_entitlement.entitlement_14                              12322ms
  btp_subaccount_entitlement.entitlement_15                              21816ms
  btp_subaccount_entitlement.entitlement_16                              10747ms
  btp_subaccount_entitlement.entitlement_17                              19773ms
  btp_subaccount_entitlement.entitlement_18                              11848ms
  btp_subaccount_entitlement.entitlement_19                              20599ms
  btp_subaccount_entitlement.entitlement_2                               27623ms
  btp_subaccount_entitlement.entitlement_20                              11863ms
  btp_subaccount_entitlement.entitlement_3                               17024ms
  btp_subaccount_entitlement.entitlement_4                               24095ms
  btp_subaccount_entitlement.entitlement_5                               11739ms
  btp_subaccount_entitlement.entitlement_6                               17741ms
  btp_subaccount_entitlement.entitlement_7                               18029ms
  btp_subaccount_entitlement.entitlement_8                               17229ms
  btp_subaccount_entitlement.entitlement_9                               14596ms
  btp_subaccount_environment_instance.cloudfoundry_1                     7410ms
  btp_subaccount_environment_instance.cloudfoundry_2                     6133ms
  btp_subaccount_environment_instance.cloudfoundry_3                     1924ms
  btp_subaccount_environment_instance.cloudfoundry_4                     1291ms
  btp_subaccount_environment_instance.cloudfoundry_5                     1427ms
  btp_subaccount_role.role_1                                             1624ms
  btp_subaccount_role.role_10                                            1514ms
  btp_subaccount_role.role_2                                             1763ms
  btp_subaccount_role.role_3                                             2052ms
  btp_subaccount_role.role_4                                             6460ms
  btp_subaccount_role.role_5                                             454ms
  btp_subaccount_role.role_6                                             1717ms
  btp_subaccount_role.role_7                                             2690ms
  btp_subaccount_role.role_8                                             1066ms
  btp_subaccount_role.role_9                                             1062ms
  btp_subaccount_role_collection.collection_1                            6297ms
  btp_subaccount_role_collection.collection_10                           1243ms
  btp_subaccount_role_collection.collection_11                           1709ms
  btp_subaccount_role_collection.collection_12                           1321ms
  btp_subaccount_role_collection.collection_13                           440ms
  btp_subaccount_role_collection.collection_14                           934ms
  btp_subaccount_role_collection.collection_15                           1117ms
  btp_subaccount_role_collection.collection_2                            1837ms
  btp_subaccount_role_collection.collection_3                            293ms
  btp_subaccount_role_collection.collection_4                            160ms
  btp_subaccount_role_collection.collection_5                            222ms
  btp_subaccount_role_collection.collection_6                            1881ms
  btp_subaccount_role_collection.collection_7                            1266ms
  btp_subaccount_role_collection.collection_8                            1197ms
  btp_subaccount_role_collection.collection_9                            905ms
  btp_subaccount_service_instance.instance_1                             8300ms
  btp_subaccount_service_instance.instance_10                            12671ms
  btp_subaccount_service_instance.instance_2                             10167ms
  btp_subaccount_service_instance.instance_3                             13824ms
  btp_subaccount_service_instance.instance_4                             7599ms
  btp_subaccount_service_instance.instance_5                             15307ms
  btp_subaccount_service_instance.instance_6                             7965ms
  btp_subaccount_service_instance.instance_7                             4034ms
  btp_subaccount_service_instance.instance_8                             9033ms
  btp_subaccount_service_instance.instance_9                             4083ms
  btp_subaccount_subscription.subscription_1                             2686ms
  btp_subaccount_subscription.subscription_10                            1305ms
  btp_subaccount_subscription.subscription_11                            2703ms
  btp_subaccount_subscription.subscription_12                            1467ms
  btp_subaccount_subscription.subscription_13                            6835ms
  btp_subaccount_subscription.subscription_14                            7492ms
  btp_subaccount_subscription.subscription_15                            3736ms
  btp_subaccount_subscription.subscription_2                             7151ms
  btp_subaccount_subscription.subscription_3                             8425ms
  btp_subaccount_subscription.subscription_4                             11283ms
  btp_subaccount_subscription.subscription_5                             6459ms
  btp_subaccount_subscription.subscription_6                             3384ms
  btp_subaccount_subscription.subscription_7                             9511ms
  btp_subaccount_subscription.subscription_8                             1056ms
  btp_subaccount_subscription.subscription_9                             3277ms
  btp_subaccount_trust_configuration.trust_1                             1124ms
  btp_subaccount_trust_configuration.trust_2                             1017ms
  btp_subaccount_trust_configuration.trust_3                             1336ms
  btp_subaccount_trust_configuration.trust_4                             1041ms
  btp_subaccount_trust_configuration.trust_5                             1217ms
  cloudfoundry_service_instance.instance_1                               45ms
  cloudfoundry_service_instance.instance_10                              49ms
  cloudfoundry_service_instance.instance_11                              76ms
  cloudfoundry_service_instance.instance_12                              77ms
  cloudfoundry_service_instance.instance_13                              43ms
  cloudfoundry_service_instance.instance_14                              42ms
  cloudfoundry_service_instance.instance_15                              46ms
  cloudfoundry_service_instance.instance_16                              41ms
  cloudfoundry_service_instance.instance_17                              38ms
  cloudfoundry_service_instance.instance_18                              44ms
  cloudfoundry_service_instance.instance_19                              55ms
  cloudfoundry_service_instance.instance_2                               48ms
  cloudfoundry_service_instance.instance_20                              89ms
  cloudfoundry_service_instance.instance_3                               46ms
  cloudfoundry_service_instance.instance_4                               54ms
  cloudfoundry_service_instance.instance_5                               52ms
  cloudfoundry_service_instance.instance_6                               62ms
  cloudfoundry_service_instance.instance_7                               74ms
  cloudfoundry_service_instance.instance_8                               41ms
  cloudfoundry_service_instance.instance_9                               40ms
  cloudfoundry_space.space_1                                             162ms
  cloudfoundry_space.space_10                                            135ms
  cloudfoundry_space.space_2                                             192ms
  cloudfoundry_space.space_3                                             177ms
  cloudfoundry_space.space_4                                             110ms
  cloudfoundry_space.space_5                                             122ms
  cloudfoundry_space.space_6                                             141ms
  cloudfoundry_space.space_7                                             129ms
  cloudfoundry_space.space_8                                             123ms
  cloudfoundry_space.space_9                                             98ms
  scc_subaccount.subaccount_1                                            776ms
  scc_subaccount.subaccount_2                                            652ms
  scc_subaccount.subaccount_3                                            5633ms
  scc_subaccount.subaccount_4                                            544ms
  scc_subaccount.subaccount_5                                            5878ms
  scc_system_mapping.system_1                                            54ms
  scc_system_mapping.system_10                                           58ms
  scc_system_mapping.system_2                                            60ms
  scc_system_mapping.system_3                                            58ms
  scc_system_mapping.system_4                                            60ms
  scc_system_mapping.system_5                                            62ms
  scc_system_mapping.system_6                                            60ms
  scc_system_mapping.system_7                                            59ms
  scc_system_mapping.system_8                                            56ms
  scc_system_mapping.system_9                                            59ms
  scc_system_mapping_resource.resource_1                                 56ms
  scc_system_mapping_resource.resource_10                                58ms
  scc_system_mapping_resource.resource_11                                57ms
  scc_system_mapping_resource.resource_12                                115ms
  scc_system_mapping_resource.resource_13                                58ms
  scc_system_mapping_resource.resource_14                                53ms
  scc_system_mapping_resource.resource_15                                67ms
  scc_system_mapping_resource.resource_16                                83ms
  scc_system_mapping_resource.resource_17                                58ms
  scc_system_mapping_resource.resource_18                                164ms
  scc_system_mapping_resource.resource_19                                56ms
  scc_system_mapping_resource.resource_2                                 142ms
  scc_system_mapping_resource.resource_20                                55ms
  scc_system_mapping_resource.resource_3                                 55ms
  scc_system_mapping_resource.resource_4                                 54ms
  scc_system_mapping_resource.resource_5                                 60ms
  scc_system_mapping_resource.resource_6                                 55ms
  scc_system_mapping_resource.resource_7                                 53ms
  scc_system_mapping_resource.resource_8                                 56ms
  scc_system_mapping_resource.resource_9                                 55ms
  sci_application.app_1                                                  218ms
  sci_application.app_10                                                 134ms
  sci_application.app_2                                                  134ms
  sci_application.app_3                                                  154ms
  sci_application.app_4                                                  134ms
  sci_application.app_5                                                  219ms
  sci_application.app_6                                                  141ms
  sci_application.app_7                                                  127ms
  sci_application.app_8                                                  137ms
  sci_application.app_9                                                  165ms
  sci_group_base.group_1                                                 85ms
  sci_group_base.group_10                                                92ms
  sci_group_base.group_11                                                107ms
  sci_group_base.group_12                                                106ms
  sci_group_base.group_13                                                112ms
  sci_group_base.group_14                                                93ms
  sci_group_base.group_15                                                87ms
  sci_group_base.group_2                                                 90ms
  sci_group_base.group_3                                                 92ms
  sci_group_base.group_4                                                 99ms
  sci_group_base.group_5                                                 92ms
  sci_group_base.group_6                                                 87ms
  sci_group_base.group_7                                                 106ms
  sci_group_base.group_8                                                 113ms
  sci_group_base.group_9                                                 105ms
  sci_user.user_1                                                        83ms
  sci_user.user_10                                                       92ms
  sci_user.user_11                                                       88ms
  sci_user.user_12                                                       196ms
  sci_user.user_13                                                       207ms
  sci_user.user_14                                                       89ms
  sci_user.user_15                                                       307ms
  sci_user.user_16                                                       101ms
  sci_user.user_17                                                       93ms
  sci_user.user_18                                                       92ms
  sci_user.user_19                                                       113ms
  sci_user.user_2                                                        103ms
  sci_user.user_20                                                       92ms
  sci_user.user_21                                                       101ms
  sci_user.user_22                                                       85ms
  sci_user.user_23                                                       216ms
  sci_user.user_24                                                       146ms
  sci_user.user_25                                                       114ms
  sci_user.user_3                                                        94ms
  sci_user.user_4                                                        106ms
  sci_user.user_5                                                        81ms
  sci_user.user_6                                                        234ms
  sci_user.user_7                                                        94ms
  sci_user.user_8                                                        116ms
  sci_user.user_9                                                        213ms


Run 11/20:
  Total run time: 76.616381s
  btp_directory.directory_1                                              4430ms
  btp_directory.directory_2                                              3184ms
  btp_directory.directory_3                                              2082ms
  btp_directory.directory_4                                              7276ms
  btp_directory.directory_5                                              6789ms
  btp_subaccount.subaccount_1                                            1660ms
  btp_subaccount.subaccount_2                                            1004ms
  btp_subaccount.subaccount_3                                            1632ms
  btp_subaccount.subaccount_4                                            1173ms
  btp_subaccount.subaccount_5                                            7121ms
  btp_subaccount_destination_generic.destination_1                       7537ms
  btp_subaccount_destination_generic.destination_10                      196ms
  btp_subaccount_destination_generic.destination_2                       2246ms
  btp_subaccount_destination_generic.destination_3                       740ms
  btp_subaccount_destination_generic.destination_4                       1880ms
  btp_subaccount_destination_generic.destination_5                       7829ms
  btp_subaccount_destination_generic.destination_6                       1647ms
  btp_subaccount_destination_generic.destination_7                       444ms
  btp_subaccount_destination_generic.destination_8                       1877ms
  btp_subaccount_destination_generic.destination_9                       831ms
  btp_subaccount_entitlement.entitlement_1                               17806ms
  btp_subaccount_entitlement.entitlement_10                              18810ms
  btp_subaccount_entitlement.entitlement_11                              13556ms
  btp_subaccount_entitlement.entitlement_12                              16422ms
  btp_subaccount_entitlement.entitlement_13                              13763ms
  btp_subaccount_entitlement.entitlement_14                              19714ms
  btp_subaccount_entitlement.entitlement_15                              12559ms
  btp_subaccount_entitlement.entitlement_16                              12786ms
  btp_subaccount_entitlement.entitlement_17                              13529ms
  btp_subaccount_entitlement.entitlement_18                              16702ms
  btp_subaccount_entitlement.entitlement_19                              13902ms
  btp_subaccount_entitlement.entitlement_2                               24555ms
  btp_subaccount_entitlement.entitlement_20                              13533ms
  btp_subaccount_entitlement.entitlement_3                               19770ms
  btp_subaccount_entitlement.entitlement_4                               23853ms
  btp_subaccount_entitlement.entitlement_5                               11700ms
  btp_subaccount_entitlement.entitlement_6                               11968ms
  btp_subaccount_entitlement.entitlement_7                               18433ms
  btp_subaccount_entitlement.entitlement_8                               13609ms
  btp_subaccount_entitlement.entitlement_9                               19525ms
  btp_subaccount_environment_instance.cloudfoundry_1                     6100ms
  btp_subaccount_environment_instance.cloudfoundry_2                     2282ms
  btp_subaccount_environment_instance.cloudfoundry_3                     869ms
  btp_subaccount_environment_instance.cloudfoundry_4                     1276ms
  btp_subaccount_environment_instance.cloudfoundry_5                     6328ms
  btp_subaccount_role.role_1                                             494ms
  btp_subaccount_role.role_10                                            1917ms
  btp_subaccount_role.role_2                                             860ms
  btp_subaccount_role.role_3                                             1628ms
  btp_subaccount_role.role_4                                             1638ms
  btp_subaccount_role.role_5                                             991ms
  btp_subaccount_role.role_6                                             1034ms
  btp_subaccount_role.role_7                                             149ms
  btp_subaccount_role.role_8                                             7763ms
  btp_subaccount_role.role_9                                             1059ms
  btp_subaccount_role_collection.collection_1                            1991ms
  btp_subaccount_role_collection.collection_10                           1002ms
  btp_subaccount_role_collection.collection_11                           7703ms
  btp_subaccount_role_collection.collection_12                           1228ms
  btp_subaccount_role_collection.collection_13                           1584ms
  btp_subaccount_role_collection.collection_14                           188ms
  btp_subaccount_role_collection.collection_15                           1008ms
  btp_subaccount_role_collection.collection_2                            863ms
  btp_subaccount_role_collection.collection_3                            686ms
  btp_subaccount_role_collection.collection_4                            843ms
  btp_subaccount_role_collection.collection_5                            1877ms
  btp_subaccount_role_collection.collection_6                            2309ms
  btp_subaccount_role_collection.collection_7                            1630ms
  btp_subaccount_role_collection.collection_8                            1603ms
  btp_subaccount_role_collection.collection_9                            7667ms
  btp_subaccount_service_instance.instance_1                             12514ms
  btp_subaccount_service_instance.instance_10                            10539ms
  btp_subaccount_service_instance.instance_2                             14453ms
  btp_subaccount_service_instance.instance_3                             12022ms
  btp_subaccount_service_instance.instance_4                             5513ms
  btp_subaccount_service_instance.instance_5                             17543ms
  btp_subaccount_service_instance.instance_6                             17771ms
  btp_subaccount_service_instance.instance_7                             4298ms
  btp_subaccount_service_instance.instance_8                             15310ms
  btp_subaccount_service_instance.instance_9                             1742ms
  btp_subaccount_subscription.subscription_1                             9897ms
  btp_subaccount_subscription.subscription_10                            1991ms
  btp_subaccount_subscription.subscription_11                            7938ms
  btp_subaccount_subscription.subscription_12                            9939ms
  btp_subaccount_subscription.subscription_13                            10358ms
  btp_subaccount_subscription.subscription_14                            1684ms
  btp_subaccount_subscription.subscription_15                            2277ms
  btp_subaccount_subscription.subscription_2                             4062ms
  btp_subaccount_subscription.subscription_3                             1406ms
  btp_subaccount_subscription.subscription_4                             2955ms
  btp_subaccount_subscription.subscription_5                             15658ms
  btp_subaccount_subscription.subscription_6                             1210ms
  btp_subaccount_subscription.subscription_7                             4205ms
  btp_subaccount_subscription.subscription_8                             3763ms
  btp_subaccount_subscription.subscription_9                             7989ms
  btp_subaccount_trust_configuration.trust_1                             1285ms
  btp_subaccount_trust_configuration.trust_2                             7513ms
  btp_subaccount_trust_configuration.trust_3                             1523ms
  btp_subaccount_trust_configuration.trust_4                             1687ms
  btp_subaccount_trust_configuration.trust_5                             213ms
  cloudfoundry_service_instance.instance_1                               37ms
  cloudfoundry_service_instance.instance_10                              46ms
  cloudfoundry_service_instance.instance_11                              51ms
  cloudfoundry_service_instance.instance_12                              34ms
  cloudfoundry_service_instance.instance_13                              44ms
  cloudfoundry_service_instance.instance_14                              48ms
  cloudfoundry_service_instance.instance_15                              38ms
  cloudfoundry_service_instance.instance_16                              33ms
  cloudfoundry_service_instance.instance_17                              46ms
  cloudfoundry_service_instance.instance_18                              41ms
  cloudfoundry_service_instance.instance_19                              61ms
  cloudfoundry_service_instance.instance_2                               70ms
  cloudfoundry_service_instance.instance_20                              63ms
  cloudfoundry_service_instance.instance_3                               36ms
  cloudfoundry_service_instance.instance_4                               46ms
  cloudfoundry_service_instance.instance_5                               39ms
  cloudfoundry_service_instance.instance_6                               46ms
  cloudfoundry_service_instance.instance_7                               39ms
  cloudfoundry_service_instance.instance_8                               43ms
  cloudfoundry_service_instance.instance_9                               39ms
  cloudfoundry_space.space_1                                             105ms
  cloudfoundry_space.space_10                                            108ms
  cloudfoundry_space.space_2                                             93ms
  cloudfoundry_space.space_3                                             91ms
  cloudfoundry_space.space_4                                             93ms
  cloudfoundry_space.space_5                                             103ms
  cloudfoundry_space.space_6                                             91ms
  cloudfoundry_space.space_7                                             89ms
  cloudfoundry_space.space_8                                             105ms
  cloudfoundry_space.space_9                                             91ms
  scc_subaccount.subaccount_1                                            1133ms
  scc_subaccount.subaccount_2                                            978ms
  scc_subaccount.subaccount_3                                            1471ms
  scc_subaccount.subaccount_4                                            590ms
  scc_subaccount.subaccount_5                                            1895ms
  scc_system_mapping.system_1                                            94ms
  scc_system_mapping.system_10                                           60ms
  scc_system_mapping.system_2                                            62ms
  scc_system_mapping.system_3                                            61ms
  scc_system_mapping.system_4                                            60ms
  scc_system_mapping.system_5                                            59ms
  scc_system_mapping.system_6                                            55ms
  scc_system_mapping.system_7                                            54ms
  scc_system_mapping.system_8                                            62ms
  scc_system_mapping.system_9                                            127ms
  scc_system_mapping_resource.resource_1                                 54ms
  scc_system_mapping_resource.resource_10                                137ms
  scc_system_mapping_resource.resource_11                                55ms
  scc_system_mapping_resource.resource_12                                59ms
  scc_system_mapping_resource.resource_13                                135ms
  scc_system_mapping_resource.resource_14                                116ms
  scc_system_mapping_resource.resource_15                                56ms
  scc_system_mapping_resource.resource_16                                63ms
  scc_system_mapping_resource.resource_17                                59ms
  scc_system_mapping_resource.resource_18                                55ms
  scc_system_mapping_resource.resource_19                                129ms
  scc_system_mapping_resource.resource_2                                 56ms
  scc_system_mapping_resource.resource_20                                126ms
  scc_system_mapping_resource.resource_3                                 138ms
  scc_system_mapping_resource.resource_4                                 56ms
  scc_system_mapping_resource.resource_5                                 57ms
  scc_system_mapping_resource.resource_6                                 59ms
  scc_system_mapping_resource.resource_7                                 56ms
  scc_system_mapping_resource.resource_8                                 56ms
  scc_system_mapping_resource.resource_9                                 136ms
  sci_application.app_1                                                  128ms
  sci_application.app_10                                                 120ms
  sci_application.app_2                                                  124ms
  sci_application.app_3                                                  122ms
  sci_application.app_4                                                  140ms
  sci_application.app_5                                                  120ms
  sci_application.app_6                                                  115ms
  sci_application.app_7                                                  163ms
  sci_application.app_8                                                  145ms
  sci_application.app_9                                                  117ms
  sci_group_base.group_1                                                 99ms
  sci_group_base.group_10                                                104ms
  sci_group_base.group_11                                                94ms
  sci_group_base.group_12                                                89ms
  sci_group_base.group_13                                                100ms
  sci_group_base.group_14                                                95ms
  sci_group_base.group_15                                                90ms
  sci_group_base.group_2                                                 89ms
  sci_group_base.group_3                                                 100ms
  sci_group_base.group_4                                                 86ms
  sci_group_base.group_5                                                 101ms
  sci_group_base.group_6                                                 86ms
  sci_group_base.group_7                                                 98ms
  sci_group_base.group_8                                                 87ms
  sci_group_base.group_9                                                 96ms
  sci_user.user_1                                                        93ms
  sci_user.user_10                                                       84ms
  sci_user.user_11                                                       89ms
  sci_user.user_12                                                       140ms
  sci_user.user_13                                                       98ms
  sci_user.user_14                                                       89ms
  sci_user.user_15                                                       86ms
  sci_user.user_16                                                       92ms
  sci_user.user_17                                                       148ms
  sci_user.user_18                                                       91ms
  sci_user.user_19                                                       158ms
  sci_user.user_2                                                        146ms
  sci_user.user_20                                                       100ms
  sci_user.user_21                                                       100ms
  sci_user.user_22                                                       142ms
  sci_user.user_23                                                       83ms
  sci_user.user_24                                                       97ms
  sci_user.user_25                                                       102ms
  sci_user.user_3                                                        88ms
  sci_user.user_4                                                        145ms
  sci_user.user_5                                                        93ms
  sci_user.user_6                                                        77ms
  sci_user.user_7                                                        107ms
  sci_user.user_8                                                        89ms
  sci_user.user_9                                                        95ms


Run 12/20:
  Total run time: 76.287416s
  btp_directory.directory_1                                              7975ms
  btp_directory.directory_2                                              2850ms
  btp_directory.directory_3                                              2502ms
  btp_directory.directory_4                                              2669ms
  btp_directory.directory_5                                              2402ms
  btp_subaccount.subaccount_1                                            1090ms
  btp_subaccount.subaccount_2                                            1336ms
  btp_subaccount.subaccount_3                                            1298ms
  btp_subaccount.subaccount_4                                            1297ms
  btp_subaccount.subaccount_5                                            1453ms
  btp_subaccount_destination_generic.destination_1                       1035ms
  btp_subaccount_destination_generic.destination_10                      1978ms
  btp_subaccount_destination_generic.destination_2                       2021ms
  btp_subaccount_destination_generic.destination_3                       1877ms
  btp_subaccount_destination_generic.destination_4                       1323ms
  btp_subaccount_destination_generic.destination_5                       1334ms
  btp_subaccount_destination_generic.destination_6                       6139ms
  btp_subaccount_destination_generic.destination_7                       776ms
  btp_subaccount_destination_generic.destination_8                       1412ms
  btp_subaccount_destination_generic.destination_9                       880ms
  btp_subaccount_entitlement.entitlement_1                               14390ms
  btp_subaccount_entitlement.entitlement_10                              17564ms
  btp_subaccount_entitlement.entitlement_11                              20362ms
  btp_subaccount_entitlement.entitlement_12                              23632ms
  btp_subaccount_entitlement.entitlement_13                              23508ms
  btp_subaccount_entitlement.entitlement_14                              18128ms
  btp_subaccount_entitlement.entitlement_15                              23602ms
  btp_subaccount_entitlement.entitlement_16                              19705ms
  btp_subaccount_entitlement.entitlement_17                              20543ms
  btp_subaccount_entitlement.entitlement_18                              13064ms
  btp_subaccount_entitlement.entitlement_19                              22889ms
  btp_subaccount_entitlement.entitlement_2                               22747ms
  btp_subaccount_entitlement.entitlement_20                              17457ms
  btp_subaccount_entitlement.entitlement_3                               15860ms
  btp_subaccount_entitlement.entitlement_4                               18141ms
  btp_subaccount_entitlement.entitlement_5                               23982ms
  btp_subaccount_entitlement.entitlement_6                               18270ms
  btp_subaccount_entitlement.entitlement_7                               15759ms
  btp_subaccount_entitlement.entitlement_8                               19165ms
  btp_subaccount_entitlement.entitlement_9                               17879ms
  btp_subaccount_environment_instance.cloudfoundry_1                     11250ms
  btp_subaccount_environment_instance.cloudfoundry_2                     1560ms
  btp_subaccount_environment_instance.cloudfoundry_3                     1505ms
  btp_subaccount_environment_instance.cloudfoundry_4                     950ms
  btp_subaccount_environment_instance.cloudfoundry_5                     1864ms
  btp_subaccount_role.role_1                                             1357ms
  btp_subaccount_role.role_10                                            6397ms
  btp_subaccount_role.role_2                                             1130ms
  btp_subaccount_role.role_3                                             6546ms
  btp_subaccount_role.role_4                                             1281ms
  btp_subaccount_role.role_5                                             1027ms
  btp_subaccount_role.role_6                                             383ms
  btp_subaccount_role.role_7                                             1127ms
  btp_subaccount_role.role_8                                             6418ms
  btp_subaccount_role.role_9                                             1761ms
  btp_subaccount_role_collection.collection_1                            6105ms
  btp_subaccount_role_collection.collection_10                           1549ms
  btp_subaccount_role_collection.collection_11                           1841ms
  btp_subaccount_role_collection.collection_12                           1034ms
  btp_subaccount_role_collection.collection_13                           520ms
  btp_subaccount_role_collection.collection_14                           1612ms
  btp_subaccount_role_collection.collection_15                           1493ms
  btp_subaccount_role_collection.collection_2                            751ms
  btp_subaccount_role_collection.collection_3                            1440ms
  btp_subaccount_role_collection.collection_4                            1049ms
  btp_subaccount_role_collection.collection_5                            1977ms
  btp_subaccount_role_collection.collection_6                            759ms
  btp_subaccount_role_collection.collection_7                            1640ms
  btp_subaccount_role_collection.collection_8                            1931ms
  btp_subaccount_role_collection.collection_9                            1159ms
  btp_subaccount_service_instance.instance_1                             10342ms
  btp_subaccount_service_instance.instance_10                            4019ms
  btp_subaccount_service_instance.instance_2                             9374ms
  btp_subaccount_service_instance.instance_3                             7563ms
  btp_subaccount_service_instance.instance_4                             7768ms
  btp_subaccount_service_instance.instance_5                             14930ms
  btp_subaccount_service_instance.instance_6                             3211ms
  btp_subaccount_service_instance.instance_7                             4450ms
  btp_subaccount_service_instance.instance_8                             4311ms
  btp_subaccount_service_instance.instance_9                             4636ms
  btp_subaccount_subscription.subscription_1                             8432ms
  btp_subaccount_subscription.subscription_10                            2870ms
  btp_subaccount_subscription.subscription_11                            7119ms
  btp_subaccount_subscription.subscription_12                            3726ms
  btp_subaccount_subscription.subscription_13                            2866ms
  btp_subaccount_subscription.subscription_14                            8889ms
  btp_subaccount_subscription.subscription_15                            3319ms
  btp_subaccount_subscription.subscription_2                             8658ms
  btp_subaccount_subscription.subscription_3                             6985ms
  btp_subaccount_subscription.subscription_4                             8405ms
  btp_subaccount_subscription.subscription_5                             3271ms
  btp_subaccount_subscription.subscription_6                             2821ms
  btp_subaccount_subscription.subscription_7                             2805ms
  btp_subaccount_subscription.subscription_8                             3328ms
  btp_subaccount_subscription.subscription_9                             2736ms
  btp_subaccount_trust_configuration.trust_1                             1295ms
  btp_subaccount_trust_configuration.trust_2                             6597ms
  btp_subaccount_trust_configuration.trust_3                             1454ms
  btp_subaccount_trust_configuration.trust_4                             1712ms
  btp_subaccount_trust_configuration.trust_5                             751ms
  cloudfoundry_service_instance.instance_1                               49ms
  cloudfoundry_service_instance.instance_10                              43ms
  cloudfoundry_service_instance.instance_11                              49ms
  cloudfoundry_service_instance.instance_12                              69ms
  cloudfoundry_service_instance.instance_13                              50ms
  cloudfoundry_service_instance.instance_14                              36ms
  cloudfoundry_service_instance.instance_15                              37ms
  cloudfoundry_service_instance.instance_16                              57ms
  cloudfoundry_service_instance.instance_17                              38ms
  cloudfoundry_service_instance.instance_18                              48ms
  cloudfoundry_service_instance.instance_19                              37ms
  cloudfoundry_service_instance.instance_2                               42ms
  cloudfoundry_service_instance.instance_20                              67ms
  cloudfoundry_service_instance.instance_3                               38ms
  cloudfoundry_service_instance.instance_4                               37ms
  cloudfoundry_service_instance.instance_5                               43ms
  cloudfoundry_service_instance.instance_6                               34ms
  cloudfoundry_service_instance.instance_7                               38ms
  cloudfoundry_service_instance.instance_8                               39ms
  cloudfoundry_service_instance.instance_9                               43ms
  cloudfoundry_space.space_1                                             89ms
  cloudfoundry_space.space_10                                            128ms
  cloudfoundry_space.space_2                                             98ms
  cloudfoundry_space.space_3                                             107ms
  cloudfoundry_space.space_4                                             104ms
  cloudfoundry_space.space_5                                             106ms
  cloudfoundry_space.space_6                                             93ms
  cloudfoundry_space.space_7                                             99ms
  cloudfoundry_space.space_8                                             109ms
  cloudfoundry_space.space_9                                             147ms
  scc_subaccount.subaccount_1                                            943ms
  scc_subaccount.subaccount_2                                            709ms
  scc_subaccount.subaccount_3                                            632ms
  scc_subaccount.subaccount_4                                            533ms
  scc_subaccount.subaccount_5                                            537ms
  scc_system_mapping.system_1                                            52ms
  scc_system_mapping.system_10                                           146ms
  scc_system_mapping.system_2                                            57ms
  scc_system_mapping.system_3                                            54ms
  scc_system_mapping.system_4                                            54ms
  scc_system_mapping.system_5                                            54ms
  scc_system_mapping.system_6                                            56ms
  scc_system_mapping.system_7                                            53ms
  scc_system_mapping.system_8                                            54ms
  scc_system_mapping.system_9                                            53ms
  scc_system_mapping_resource.resource_1                                 54ms
  scc_system_mapping_resource.resource_10                                54ms
  scc_system_mapping_resource.resource_11                                53ms
  scc_system_mapping_resource.resource_12                                54ms
  scc_system_mapping_resource.resource_13                                55ms
  scc_system_mapping_resource.resource_14                                53ms
  scc_system_mapping_resource.resource_15                                131ms
  scc_system_mapping_resource.resource_16                                52ms
  scc_system_mapping_resource.resource_17                                52ms
  scc_system_mapping_resource.resource_18                                55ms
  scc_system_mapping_resource.resource_19                                53ms
  scc_system_mapping_resource.resource_2                                 55ms
  scc_system_mapping_resource.resource_20                                53ms
  scc_system_mapping_resource.resource_3                                 55ms
  scc_system_mapping_resource.resource_4                                 55ms
  scc_system_mapping_resource.resource_5                                 53ms
  scc_system_mapping_resource.resource_6                                 52ms
  scc_system_mapping_resource.resource_7                                 50ms
  scc_system_mapping_resource.resource_8                                 54ms
  scc_system_mapping_resource.resource_9                                 52ms
  sci_application.app_1                                                  202ms
  sci_application.app_10                                                 109ms
  sci_application.app_2                                                  189ms
  sci_application.app_3                                                  129ms
  sci_application.app_4                                                  123ms
  sci_application.app_5                                                  130ms
  sci_application.app_6                                                  120ms
  sci_application.app_7                                                  140ms
  sci_application.app_8                                                  110ms
  sci_application.app_9                                                  120ms
  sci_group_base.group_1                                                 84ms
  sci_group_base.group_10                                                99ms
  sci_group_base.group_11                                                172ms
  sci_group_base.group_12                                                91ms
  sci_group_base.group_13                                                193ms
  sci_group_base.group_14                                                172ms
  sci_group_base.group_15                                                98ms
  sci_group_base.group_2                                                 95ms
  sci_group_base.group_3                                                 85ms
  sci_group_base.group_4                                                 97ms
  sci_group_base.group_5                                                 83ms
  sci_group_base.group_6                                                 89ms
  sci_group_base.group_7                                                 88ms
  sci_group_base.group_8                                                 85ms
  sci_group_base.group_9                                                 99ms
  sci_user.user_1                                                        89ms
  sci_user.user_10                                                       90ms
  sci_user.user_11                                                       307ms
  sci_user.user_12                                                       90ms
  sci_user.user_13                                                       80ms
  sci_user.user_14                                                       88ms
  sci_user.user_15                                                       115ms
  sci_user.user_16                                                       101ms
  sci_user.user_17                                                       84ms
  sci_user.user_18                                                       93ms
  sci_user.user_19                                                       86ms
  sci_user.user_2                                                        83ms
  sci_user.user_20                                                       79ms
  sci_user.user_21                                                       86ms
  sci_user.user_22                                                       396ms
  sci_user.user_23                                                       81ms
  sci_user.user_24                                                       111ms
  sci_user.user_25                                                       97ms
  sci_user.user_3                                                        85ms
  sci_user.user_4                                                        113ms
  sci_user.user_5                                                        172ms
  sci_user.user_6                                                        88ms
  sci_user.user_7                                                        84ms
  sci_user.user_8                                                        94ms
  sci_user.user_9                                                        105ms


Run 13/20:
  Total run time: 57.753739s
  btp_directory.directory_1                                              332ms
  btp_directory.directory_2                                              2155ms
  btp_directory.directory_3                                              2866ms
  btp_directory.directory_4                                              3350ms
  btp_directory.directory_5                                              930ms
  btp_subaccount.subaccount_1                                            1728ms
  btp_subaccount.subaccount_2                                            1228ms
  btp_subaccount.subaccount_3                                            851ms
  btp_subaccount.subaccount_4                                            698ms
  btp_subaccount.subaccount_5                                            1890ms
  btp_subaccount_destination_generic.destination_1                       827ms
  btp_subaccount_destination_generic.destination_10                      1010ms
  btp_subaccount_destination_generic.destination_2                       1960ms
  btp_subaccount_destination_generic.destination_3                       1320ms
  btp_subaccount_destination_generic.destination_4                       840ms
  btp_subaccount_destination_generic.destination_5                       765ms
  btp_subaccount_destination_generic.destination_6                       1804ms
  btp_subaccount_destination_generic.destination_7                       386ms
  btp_subaccount_destination_generic.destination_8                       427ms
  btp_subaccount_destination_generic.destination_9                       1256ms
  btp_subaccount_entitlement.entitlement_1                               13418ms
  btp_subaccount_entitlement.entitlement_10                              14348ms
  btp_subaccount_entitlement.entitlement_11                              18593ms
  btp_subaccount_entitlement.entitlement_12                              13736ms
  btp_subaccount_entitlement.entitlement_13                              17212ms
  btp_subaccount_entitlement.entitlement_14                              18105ms
  btp_subaccount_entitlement.entitlement_15                              14420ms
  btp_subaccount_entitlement.entitlement_16                              14145ms
  btp_subaccount_entitlement.entitlement_17                              17890ms
  btp_subaccount_entitlement.entitlement_18                              14292ms
  btp_subaccount_entitlement.entitlement_19                              14360ms
  btp_subaccount_entitlement.entitlement_2                               17189ms
  btp_subaccount_entitlement.entitlement_20                              17924ms
  btp_subaccount_entitlement.entitlement_3                               13852ms
  btp_subaccount_entitlement.entitlement_4                               13526ms
  btp_subaccount_entitlement.entitlement_5                               19293ms
  btp_subaccount_entitlement.entitlement_6                               13492ms
  btp_subaccount_entitlement.entitlement_7                               15632ms
  btp_subaccount_entitlement.entitlement_8                               13794ms
  btp_subaccount_entitlement.entitlement_9                               12371ms
  btp_subaccount_environment_instance.cloudfoundry_1                     954ms
  btp_subaccount_environment_instance.cloudfoundry_2                     535ms
  btp_subaccount_environment_instance.cloudfoundry_3                     1451ms
  btp_subaccount_environment_instance.cloudfoundry_4                     1392ms
  btp_subaccount_environment_instance.cloudfoundry_5                     1570ms
  btp_subaccount_role.role_1                                             1620ms
  btp_subaccount_role.role_10                                            5649ms
  btp_subaccount_role.role_2                                             1897ms
  btp_subaccount_role.role_3                                             1299ms
  btp_subaccount_role.role_4                                             608ms
  btp_subaccount_role.role_5                                             1159ms
  btp_subaccount_role.role_6                                             1250ms
  btp_subaccount_role.role_7                                             533ms
  btp_subaccount_role.role_8                                             387ms
  btp_subaccount_role.role_9                                             1750ms
  btp_subaccount_role_collection.collection_1                            1755ms
  btp_subaccount_role_collection.collection_10                           804ms
  btp_subaccount_role_collection.collection_11                           375ms
  btp_subaccount_role_collection.collection_12                           1328ms
  btp_subaccount_role_collection.collection_13                           1563ms
  btp_subaccount_role_collection.collection_14                           637ms
  btp_subaccount_role_collection.collection_15                           6388ms
  btp_subaccount_role_collection.collection_2                            1144ms
  btp_subaccount_role_collection.collection_3                            491ms
  btp_subaccount_role_collection.collection_4                            147ms
  btp_subaccount_role_collection.collection_5                            2263ms
  btp_subaccount_role_collection.collection_6                            722ms
  btp_subaccount_role_collection.collection_7                            1854ms
  btp_subaccount_role_collection.collection_8                            2361ms
  btp_subaccount_role_collection.collection_9                            684ms
  btp_subaccount_service_instance.instance_1                             5010ms
  btp_subaccount_service_instance.instance_10                            4565ms
  btp_subaccount_service_instance.instance_2                             4840ms
  btp_subaccount_service_instance.instance_3                             5116ms
  btp_subaccount_service_instance.instance_4                             4500ms
  btp_subaccount_service_instance.instance_5                             799ms
  btp_subaccount_service_instance.instance_6                             2649ms
  btp_subaccount_service_instance.instance_7                             3151ms
  btp_subaccount_service_instance.instance_8                             5360ms
  btp_subaccount_service_instance.instance_9                             3664ms
  btp_subaccount_subscription.subscription_1                             1884ms
  btp_subaccount_subscription.subscription_10                            3741ms
  btp_subaccount_subscription.subscription_11                            2772ms
  btp_subaccount_subscription.subscription_12                            3010ms
  btp_subaccount_subscription.subscription_13                            5970ms
  btp_subaccount_subscription.subscription_14                            1673ms
  btp_subaccount_subscription.subscription_15                            1854ms
  btp_subaccount_subscription.subscription_2                             3785ms
  btp_subaccount_subscription.subscription_3                             3029ms
  btp_subaccount_subscription.subscription_4                             8732ms
  btp_subaccount_subscription.subscription_5                             1755ms
  btp_subaccount_subscription.subscription_6                             3165ms
  btp_subaccount_subscription.subscription_7                             1981ms
  btp_subaccount_subscription.subscription_8                             1899ms
  btp_subaccount_subscription.subscription_9                             732ms
  btp_subaccount_trust_configuration.trust_1                             194ms
  btp_subaccount_trust_configuration.trust_2                             690ms
  btp_subaccount_trust_configuration.trust_3                             1520ms
  btp_subaccount_trust_configuration.trust_4                             714ms
  btp_subaccount_trust_configuration.trust_5                             1949ms
  cloudfoundry_service_instance.instance_1                               46ms
  cloudfoundry_service_instance.instance_10                              40ms
  cloudfoundry_service_instance.instance_11                              45ms
  cloudfoundry_service_instance.instance_12                              46ms
  cloudfoundry_service_instance.instance_13                              53ms
  cloudfoundry_service_instance.instance_14                              36ms
  cloudfoundry_service_instance.instance_15                              40ms
  cloudfoundry_service_instance.instance_16                              49ms
  cloudfoundry_service_instance.instance_17                              45ms
  cloudfoundry_service_instance.instance_18                              43ms
  cloudfoundry_service_instance.instance_19                              42ms
  cloudfoundry_service_instance.instance_2                               44ms
  cloudfoundry_service_instance.instance_20                              47ms
  cloudfoundry_service_instance.instance_3                               36ms
  cloudfoundry_service_instance.instance_4                               46ms
  cloudfoundry_service_instance.instance_5                               36ms
  cloudfoundry_service_instance.instance_6                               36ms
  cloudfoundry_service_instance.instance_7                               37ms
  cloudfoundry_service_instance.instance_8                               45ms
  cloudfoundry_service_instance.instance_9                               40ms
  cloudfoundry_space.space_1                                             86ms
  cloudfoundry_space.space_10                                            96ms
  cloudfoundry_space.space_2                                             94ms
  cloudfoundry_space.space_3                                             91ms
  cloudfoundry_space.space_4                                             90ms
  cloudfoundry_space.space_5                                             91ms
  cloudfoundry_space.space_6                                             87ms
  cloudfoundry_space.space_7                                             93ms
  cloudfoundry_space.space_8                                             110ms
  cloudfoundry_space.space_9                                             94ms
  scc_subaccount.subaccount_1                                            632ms
  scc_subaccount.subaccount_2                                            2892ms
  scc_subaccount.subaccount_3                                            790ms
  scc_subaccount.subaccount_4                                            2515ms
  scc_subaccount.subaccount_5                                            2137ms
  scc_system_mapping.system_1                                            70ms
  scc_system_mapping.system_10                                           101ms
  scc_system_mapping.system_2                                            61ms
  scc_system_mapping.system_3                                            53ms
  scc_system_mapping.system_4                                            54ms
  scc_system_mapping.system_5                                            61ms
  scc_system_mapping.system_6                                            132ms
  scc_system_mapping.system_7                                            89ms
  scc_system_mapping.system_8                                            67ms
  scc_system_mapping.system_9                                            130ms
  scc_system_mapping_resource.resource_1                                 55ms
  scc_system_mapping_resource.resource_10                                60ms
  scc_system_mapping_resource.resource_11                                134ms
  scc_system_mapping_resource.resource_12                                75ms
  scc_system_mapping_resource.resource_13                                56ms
  scc_system_mapping_resource.resource_14                                139ms
  scc_system_mapping_resource.resource_15                                57ms
  scc_system_mapping_resource.resource_16                                90ms
  scc_system_mapping_resource.resource_17                                75ms
  scc_system_mapping_resource.resource_18                                145ms
  scc_system_mapping_resource.resource_19                                81ms
  scc_system_mapping_resource.resource_2                                 141ms
  scc_system_mapping_resource.resource_20                                58ms
  scc_system_mapping_resource.resource_3                                 52ms
  scc_system_mapping_resource.resource_4                                 55ms
  scc_system_mapping_resource.resource_5                                 82ms
  scc_system_mapping_resource.resource_6                                 57ms
  scc_system_mapping_resource.resource_7                                 85ms
  scc_system_mapping_resource.resource_8                                 54ms
  scc_system_mapping_resource.resource_9                                 119ms
  sci_application.app_1                                                  133ms
  sci_application.app_10                                                 202ms
  sci_application.app_2                                                  128ms
  sci_application.app_3                                                  113ms
  sci_application.app_4                                                  160ms
  sci_application.app_5                                                  182ms
  sci_application.app_6                                                  115ms
  sci_application.app_7                                                  128ms
  sci_application.app_8                                                  140ms
  sci_application.app_9                                                  122ms
  sci_group_base.group_1                                                 89ms
  sci_group_base.group_10                                                90ms
  sci_group_base.group_11                                                85ms
  sci_group_base.group_12                                                90ms
  sci_group_base.group_13                                                87ms
  sci_group_base.group_14                                                106ms
  sci_group_base.group_15                                                95ms
  sci_group_base.group_2                                                 100ms
  sci_group_base.group_3                                                 96ms
  sci_group_base.group_4                                                 101ms
  sci_group_base.group_5                                                 99ms
  sci_group_base.group_6                                                 92ms
  sci_group_base.group_7                                                 88ms
  sci_group_base.group_8                                                 97ms
  sci_group_base.group_9                                                 83ms
  sci_user.user_1                                                        86ms
  sci_user.user_10                                                       166ms
  sci_user.user_11                                                       100ms
  sci_user.user_12                                                       92ms
  sci_user.user_13                                                       85ms
  sci_user.user_14                                                       86ms
  sci_user.user_15                                                       93ms
  sci_user.user_16                                                       92ms
  sci_user.user_17                                                       89ms
  sci_user.user_18                                                       95ms
  sci_user.user_19                                                       89ms
  sci_user.user_2                                                        161ms
  sci_user.user_20                                                       105ms
  sci_user.user_21                                                       90ms
  sci_user.user_22                                                       93ms
  sci_user.user_23                                                       95ms
  sci_user.user_24                                                       161ms
  sci_user.user_25                                                       163ms
  sci_user.user_3                                                        95ms
  sci_user.user_4                                                        83ms
  sci_user.user_5                                                        88ms
  sci_user.user_6                                                        164ms
  sci_user.user_7                                                        98ms
  sci_user.user_8                                                        96ms
  sci_user.user_9                                                        90ms


Run 14/20:
  Total run time: 98.926719s
  btp_directory.directory_1                                              8251ms
  btp_directory.directory_2                                              17660ms
  btp_directory.directory_3                                              16980ms
  btp_directory.directory_4                                              2171ms
  btp_directory.directory_5                                              1926ms
  btp_subaccount.subaccount_1                                            888ms
  btp_subaccount.subaccount_2                                            981ms
  btp_subaccount.subaccount_3                                            5329ms
  btp_subaccount.subaccount_4                                            1274ms
  btp_subaccount.subaccount_5                                            863ms
  btp_subaccount_destination_generic.destination_1                       10457ms
  btp_subaccount_destination_generic.destination_10                      1064ms
  btp_subaccount_destination_generic.destination_2                       1643ms
  btp_subaccount_destination_generic.destination_3                       1758ms
  btp_subaccount_destination_generic.destination_4                       6136ms
  btp_subaccount_destination_generic.destination_5                       5225ms
  btp_subaccount_destination_generic.destination_6                       1631ms
  btp_subaccount_destination_generic.destination_7                       3498ms
  btp_subaccount_destination_generic.destination_8                       5736ms
  btp_subaccount_destination_generic.destination_9                       1021ms
  btp_subaccount_entitlement.entitlement_1                               23197ms
  btp_subaccount_entitlement.entitlement_10                              21524ms
  btp_subaccount_entitlement.entitlement_11                              32655ms
  btp_subaccount_entitlement.entitlement_12                              22057ms
  btp_subaccount_entitlement.entitlement_13                              18357ms
  btp_subaccount_entitlement.entitlement_14                              29541ms
  btp_subaccount_entitlement.entitlement_15                              17957ms
  btp_subaccount_entitlement.entitlement_16                              19642ms
  btp_subaccount_entitlement.entitlement_17                              26091ms
  btp_subaccount_entitlement.entitlement_18                              18107ms
  btp_subaccount_entitlement.entitlement_19                              21086ms
  btp_subaccount_entitlement.entitlement_2                               13853ms
  btp_subaccount_entitlement.entitlement_20                              26114ms
  btp_subaccount_entitlement.entitlement_3                               26559ms
  btp_subaccount_entitlement.entitlement_4                               14232ms
  btp_subaccount_entitlement.entitlement_5                               17951ms
  btp_subaccount_entitlement.entitlement_6                               18394ms
  btp_subaccount_entitlement.entitlement_7                               17958ms
  btp_subaccount_entitlement.entitlement_8                               24580ms
  btp_subaccount_entitlement.entitlement_9                               16177ms
  btp_subaccount_environment_instance.cloudfoundry_1                     952ms
  btp_subaccount_environment_instance.cloudfoundry_2                     6803ms
  btp_subaccount_environment_instance.cloudfoundry_3                     1602ms
  btp_subaccount_environment_instance.cloudfoundry_4                     1681ms
  btp_subaccount_environment_instance.cloudfoundry_5                     10854ms
  btp_subaccount_role.role_1                                             6579ms
  btp_subaccount_role.role_10                                            3502ms
  btp_subaccount_role.role_2                                             1776ms
  btp_subaccount_role.role_3                                             692ms
  btp_subaccount_role.role_4                                             720ms
  btp_subaccount_role.role_5                                             3246ms
  btp_subaccount_role.role_6                                             1366ms
  btp_subaccount_role.role_7                                             1466ms
  btp_subaccount_role.role_8                                             3290ms
  btp_subaccount_role.role_9                                             5329ms
  btp_subaccount_role_collection.collection_1                            1755ms
  btp_subaccount_role_collection.collection_10                           3632ms
  btp_subaccount_role_collection.collection_11                           6667ms
  btp_subaccount_role_collection.collection_12                           1123ms
  btp_subaccount_role_collection.collection_13                           1305ms
  btp_subaccount_role_collection.collection_14                           1686ms
  btp_subaccount_role_collection.collection_15                           201ms
  btp_subaccount_role_collection.collection_2                            1199ms
  btp_subaccount_role_collection.collection_3                            1762ms
  btp_subaccount_role_collection.collection_4                            774ms
  btp_subaccount_role_collection.collection_5                            2078ms
  btp_subaccount_role_collection.collection_6                            6769ms
  btp_subaccount_role_collection.collection_7                            5638ms
  btp_subaccount_role_collection.collection_8                            359ms
  btp_subaccount_role_collection.collection_9                            1507ms
  btp_subaccount_service_instance.instance_1                             27632ms
  btp_subaccount_service_instance.instance_10                            6385ms
  btp_subaccount_service_instance.instance_2                             19958ms
  btp_subaccount_service_instance.instance_3                             6578ms
  btp_subaccount_service_instance.instance_4                             15685ms
  btp_subaccount_service_instance.instance_5                             5116ms
  btp_subaccount_service_instance.instance_6                             14729ms
  btp_subaccount_service_instance.instance_7                             6538ms
  btp_subaccount_service_instance.instance_8                             6598ms
  btp_subaccount_service_instance.instance_9                             7907ms
  btp_subaccount_subscription.subscription_1                             13228ms
  btp_subaccount_subscription.subscription_10                            13778ms
  btp_subaccount_subscription.subscription_11                            4357ms
  btp_subaccount_subscription.subscription_12                            12062ms
  btp_subaccount_subscription.subscription_13                            2631ms
  btp_subaccount_subscription.subscription_14                            3129ms
  btp_subaccount_subscription.subscription_15                            11453ms
  btp_subaccount_subscription.subscription_2                             8802ms
  btp_subaccount_subscription.subscription_3                             4786ms
  btp_subaccount_subscription.subscription_4                             5222ms
  btp_subaccount_subscription.subscription_5                             5906ms
  btp_subaccount_subscription.subscription_6                             16021ms
  btp_subaccount_subscription.subscription_7                             3869ms
  btp_subaccount_subscription.subscription_8                             11148ms
  btp_subaccount_subscription.subscription_9                             11070ms
  btp_subaccount_trust_configuration.trust_1                             11750ms
  btp_subaccount_trust_configuration.trust_2                             1159ms
  btp_subaccount_trust_configuration.trust_3                             1467ms
  btp_subaccount_trust_configuration.trust_4                             6843ms
  btp_subaccount_trust_configuration.trust_5                             11804ms
  cloudfoundry_service_instance.instance_1                               36ms
  cloudfoundry_service_instance.instance_10                              50ms
  cloudfoundry_service_instance.instance_11                              48ms
  cloudfoundry_service_instance.instance_12                              37ms
  cloudfoundry_service_instance.instance_13                              36ms
  cloudfoundry_service_instance.instance_14                              39ms
  cloudfoundry_service_instance.instance_15                              38ms
  cloudfoundry_service_instance.instance_16                              35ms
  cloudfoundry_service_instance.instance_17                              38ms
  cloudfoundry_service_instance.instance_18                              35ms
  cloudfoundry_service_instance.instance_19                              40ms
  cloudfoundry_service_instance.instance_2                               49ms
  cloudfoundry_service_instance.instance_20                              38ms
  cloudfoundry_service_instance.instance_3                               47ms
  cloudfoundry_service_instance.instance_4                               48ms
  cloudfoundry_service_instance.instance_5                               42ms
  cloudfoundry_service_instance.instance_6                               40ms
  cloudfoundry_service_instance.instance_7                               34ms
  cloudfoundry_service_instance.instance_8                               36ms
  cloudfoundry_service_instance.instance_9                               48ms
  cloudfoundry_space.space_1                                             96ms
  cloudfoundry_space.space_10                                            95ms
  cloudfoundry_space.space_2                                             103ms
  cloudfoundry_space.space_3                                             99ms
  cloudfoundry_space.space_4                                             132ms
  cloudfoundry_space.space_5                                             116ms
  cloudfoundry_space.space_6                                             107ms
  cloudfoundry_space.space_7                                             128ms
  cloudfoundry_space.space_8                                             106ms
  cloudfoundry_space.space_9                                             112ms
  scc_subaccount.subaccount_1                                            2108ms
  scc_subaccount.subaccount_2                                            787ms
  scc_subaccount.subaccount_3                                            1422ms
  scc_subaccount.subaccount_4                                            1116ms
  scc_subaccount.subaccount_5                                            1791ms
  scc_system_mapping.system_1                                            54ms
  scc_system_mapping.system_10                                           115ms
  scc_system_mapping.system_2                                            56ms
  scc_system_mapping.system_3                                            52ms
  scc_system_mapping.system_4                                            55ms
  scc_system_mapping.system_5                                            56ms
  scc_system_mapping.system_6                                            56ms
  scc_system_mapping.system_7                                            55ms
  scc_system_mapping.system_8                                            132ms
  scc_system_mapping.system_9                                            123ms
  scc_system_mapping_resource.resource_1                                 135ms
  scc_system_mapping_resource.resource_10                                50ms
  scc_system_mapping_resource.resource_11                                50ms
  scc_system_mapping_resource.resource_12                                52ms
  scc_system_mapping_resource.resource_13                                137ms
  scc_system_mapping_resource.resource_14                                59ms
  scc_system_mapping_resource.resource_15                                83ms
  scc_system_mapping_resource.resource_16                                59ms
  scc_system_mapping_resource.resource_17                                55ms
  scc_system_mapping_resource.resource_18                                58ms
  scc_system_mapping_resource.resource_19                                118ms
  scc_system_mapping_resource.resource_2                                 56ms
  scc_system_mapping_resource.resource_20                                55ms
  scc_system_mapping_resource.resource_3                                 54ms
  scc_system_mapping_resource.resource_4                                 137ms
  scc_system_mapping_resource.resource_5                                 130ms
  scc_system_mapping_resource.resource_6                                 57ms
  scc_system_mapping_resource.resource_7                                 134ms
  scc_system_mapping_resource.resource_8                                 54ms
  scc_system_mapping_resource.resource_9                                 56ms
  sci_application.app_1                                                  118ms
  sci_application.app_10                                                 123ms
  sci_application.app_2                                                  125ms
  sci_application.app_3                                                  131ms
  sci_application.app_4                                                  136ms
  sci_application.app_5                                                  201ms
  sci_application.app_6                                                  122ms
  sci_application.app_7                                                  165ms
  sci_application.app_8                                                  192ms
  sci_application.app_9                                                  126ms
  sci_group_base.group_1                                                 88ms
  sci_group_base.group_10                                                116ms
  sci_group_base.group_11                                                104ms
  sci_group_base.group_12                                                84ms
  sci_group_base.group_13                                                106ms
  sci_group_base.group_14                                                85ms
  sci_group_base.group_15                                                96ms
  sci_group_base.group_2                                                 91ms
  sci_group_base.group_3                                                 90ms
  sci_group_base.group_4                                                 96ms
  sci_group_base.group_5                                                 86ms
  sci_group_base.group_6                                                 86ms
  sci_group_base.group_7                                                 93ms
  sci_group_base.group_8                                                 91ms
  sci_group_base.group_9                                                 97ms
  sci_user.user_1                                                        95ms
  sci_user.user_10                                                       91ms
  sci_user.user_11                                                       100ms
  sci_user.user_12                                                       98ms
  sci_user.user_13                                                       160ms
  sci_user.user_14                                                       103ms
  sci_user.user_15                                                       104ms
  sci_user.user_16                                                       105ms
  sci_user.user_17                                                       183ms
  sci_user.user_18                                                       193ms
  sci_user.user_19                                                       81ms
  sci_user.user_2                                                        81ms
  sci_user.user_20                                                       83ms
  sci_user.user_21                                                       97ms
  sci_user.user_22                                                       193ms
  sci_user.user_23                                                       89ms
  sci_user.user_24                                                       96ms
  sci_user.user_25                                                       91ms
  sci_user.user_3                                                        85ms
  sci_user.user_4                                                        91ms
  sci_user.user_5                                                        94ms
  sci_user.user_6                                                        90ms
  sci_user.user_7                                                        84ms
  sci_user.user_8                                                        89ms
  sci_user.user_9                                                        179ms


Run 15/20:
  Total run time: 66.645815s
  btp_directory.directory_1                                              12688ms
  btp_directory.directory_2                                              3573ms
  btp_directory.directory_3                                              797ms
  btp_directory.directory_4                                              3070ms
  btp_directory.directory_5                                              3421ms
  btp_subaccount.subaccount_1                                            6604ms
  btp_subaccount.subaccount_2                                            1402ms
  btp_subaccount.subaccount_3                                            6338ms
  btp_subaccount.subaccount_4                                            147ms
  btp_subaccount.subaccount_5                                            1207ms
  btp_subaccount_destination_generic.destination_1                       1506ms
  btp_subaccount_destination_generic.destination_10                      1308ms
  btp_subaccount_destination_generic.destination_2                       418ms
  btp_subaccount_destination_generic.destination_3                       1326ms
  btp_subaccount_destination_generic.destination_4                       4964ms
  btp_subaccount_destination_generic.destination_5                       261ms
  btp_subaccount_destination_generic.destination_6                       704ms
  btp_subaccount_destination_generic.destination_7                       733ms
  btp_subaccount_destination_generic.destination_8                       1251ms
  btp_subaccount_destination_generic.destination_9                       1559ms
  btp_subaccount_entitlement.entitlement_1                               13664ms
  btp_subaccount_entitlement.entitlement_10                              16289ms
  btp_subaccount_entitlement.entitlement_11                              26885ms
  btp_subaccount_entitlement.entitlement_12                              18921ms
  btp_subaccount_entitlement.entitlement_13                              15504ms
  btp_subaccount_entitlement.entitlement_14                              17564ms
  btp_subaccount_entitlement.entitlement_15                              13794ms
  btp_subaccount_entitlement.entitlement_16                              13564ms
  btp_subaccount_entitlement.entitlement_17                              13921ms
  btp_subaccount_entitlement.entitlement_18                              14486ms
  btp_subaccount_entitlement.entitlement_19                              17794ms
  btp_subaccount_entitlement.entitlement_2                               14083ms
  btp_subaccount_entitlement.entitlement_20                              17829ms
  btp_subaccount_entitlement.entitlement_3                               14934ms
  btp_subaccount_entitlement.entitlement_4                               13671ms
  btp_subaccount_entitlement.entitlement_5                               12697ms
  btp_subaccount_entitlement.entitlement_6                               14134ms
  btp_subaccount_entitlement.entitlement_7                               16285ms
  btp_subaccount_entitlement.entitlement_8                               18986ms
  btp_subaccount_entitlement.entitlement_9                               26878ms
  btp_subaccount_environment_instance.cloudfoundry_1                     1885ms
  btp_subaccount_environment_instance.cloudfoundry_2                     349ms
  btp_subaccount_environment_instance.cloudfoundry_3                     1971ms
  btp_subaccount_environment_instance.cloudfoundry_4                     1508ms
  btp_subaccount_environment_instance.cloudfoundry_5                     1826ms
  btp_subaccount_role.role_1                                             1964ms
  btp_subaccount_role.role_10                                            1883ms
  btp_subaccount_role.role_2                                             1674ms
  btp_subaccount_role.role_3                                             1274ms
  btp_subaccount_role.role_4                                             1446ms
  btp_subaccount_role.role_5                                             696ms
  btp_subaccount_role.role_6                                             1269ms
  btp_subaccount_role.role_7                                             164ms
  btp_subaccount_role.role_8                                             214ms
  btp_subaccount_role.role_9                                             1550ms
  btp_subaccount_role_collection.collection_1                            1881ms
  btp_subaccount_role_collection.collection_10                           1283ms
  btp_subaccount_role_collection.collection_11                           1658ms
  btp_subaccount_role_collection.collection_12                           1280ms
  btp_subaccount_role_collection.collection_13                           488ms
  btp_subaccount_role_collection.collection_14                           1391ms
  btp_subaccount_role_collection.collection_15                           1187ms
  btp_subaccount_role_collection.collection_2                            2130ms
  btp_subaccount_role_collection.collection_3                            1673ms
  btp_subaccount_role_collection.collection_4                            1207ms
  btp_subaccount_role_collection.collection_5                            1846ms
  btp_subaccount_role_collection.collection_6                            721ms
  btp_subaccount_role_collection.collection_7                            1098ms
  btp_subaccount_role_collection.collection_8                            1042ms
  btp_subaccount_role_collection.collection_9                            1390ms
  btp_subaccount_service_instance.instance_1                             4607ms
  btp_subaccount_service_instance.instance_10                            13719ms
  btp_subaccount_service_instance.instance_2                             5182ms
  btp_subaccount_service_instance.instance_3                             4847ms
  btp_subaccount_service_instance.instance_4                             2435ms
  btp_subaccount_service_instance.instance_5                             8900ms
  btp_subaccount_service_instance.instance_6                             2065ms
  btp_subaccount_service_instance.instance_7                             1318ms
  btp_subaccount_service_instance.instance_8                             4387ms
  btp_subaccount_service_instance.instance_9                             14880ms
  btp_subaccount_subscription.subscription_1                             2286ms
  btp_subaccount_subscription.subscription_10                            2531ms
  btp_subaccount_subscription.subscription_11                            2287ms
  btp_subaccount_subscription.subscription_12                            2190ms
  btp_subaccount_subscription.subscription_13                            4047ms
  btp_subaccount_subscription.subscription_14                            10086ms
  btp_subaccount_subscription.subscription_15                            2742ms
  btp_subaccount_subscription.subscription_2                             13663ms
  btp_subaccount_subscription.subscription_3                             2624ms
  btp_subaccount_subscription.subscription_4                             3614ms
  btp_subaccount_subscription.subscription_5                             1484ms
  btp_subaccount_subscription.subscription_6                             3762ms
  btp_subaccount_subscription.subscription_7                             3520ms
  btp_subaccount_subscription.subscription_8                             2507ms
  btp_subaccount_subscription.subscription_9                             3310ms
  btp_subaccount_trust_configuration.trust_1                             1250ms
  btp_subaccount_trust_configuration.trust_2                             1648ms
  btp_subaccount_trust_configuration.trust_3                             1978ms
  btp_subaccount_trust_configuration.trust_4                             1261ms
  btp_subaccount_trust_configuration.trust_5                             688ms
  cloudfoundry_service_instance.instance_1                               35ms
  cloudfoundry_service_instance.instance_10                              34ms
  cloudfoundry_service_instance.instance_11                              48ms
  cloudfoundry_service_instance.instance_12                              53ms
  cloudfoundry_service_instance.instance_13                              35ms
  cloudfoundry_service_instance.instance_14                              34ms
  cloudfoundry_service_instance.instance_15                              49ms
  cloudfoundry_service_instance.instance_16                              49ms
  cloudfoundry_service_instance.instance_17                              35ms
  cloudfoundry_service_instance.instance_18                              41ms
  cloudfoundry_service_instance.instance_19                              47ms
  cloudfoundry_service_instance.instance_2                               37ms
  cloudfoundry_service_instance.instance_20                              34ms
  cloudfoundry_service_instance.instance_3                               45ms
  cloudfoundry_service_instance.instance_4                               47ms
  cloudfoundry_service_instance.instance_5                               50ms
  cloudfoundry_service_instance.instance_6                               39ms
  cloudfoundry_service_instance.instance_7                               37ms
  cloudfoundry_service_instance.instance_8                               52ms
  cloudfoundry_service_instance.instance_9                               36ms
  cloudfoundry_space.space_1                                             98ms
  cloudfoundry_space.space_10                                            93ms
  cloudfoundry_space.space_2                                             137ms
  cloudfoundry_space.space_3                                             96ms
  cloudfoundry_space.space_4                                             100ms
  cloudfoundry_space.space_5                                             90ms
  cloudfoundry_space.space_6                                             128ms
  cloudfoundry_space.space_7                                             98ms
  cloudfoundry_space.space_8                                             110ms
  cloudfoundry_space.space_9                                             98ms
  scc_subaccount.subaccount_1                                            1294ms
  scc_subaccount.subaccount_2                                            6942ms
  scc_subaccount.subaccount_3                                            979ms
  scc_subaccount.subaccount_4                                            6586ms
  scc_subaccount.subaccount_5                                            674ms
  scc_system_mapping.system_1                                            53ms
  scc_system_mapping.system_10                                           53ms
  scc_system_mapping.system_2                                            131ms
  scc_system_mapping.system_3                                            111ms
  scc_system_mapping.system_4                                            113ms
  scc_system_mapping.system_5                                            53ms
  scc_system_mapping.system_6                                            56ms
  scc_system_mapping.system_7                                            58ms
  scc_system_mapping.system_8                                            57ms
  scc_system_mapping.system_9                                            54ms
  scc_system_mapping_resource.resource_1                                 52ms
  scc_system_mapping_resource.resource_10                                87ms
  scc_system_mapping_resource.resource_11                                54ms
  scc_system_mapping_resource.resource_12                                59ms
  scc_system_mapping_resource.resource_13                                113ms
  scc_system_mapping_resource.resource_14                                56ms
  scc_system_mapping_resource.resource_15                                61ms
  scc_system_mapping_resource.resource_16                                55ms
  scc_system_mapping_resource.resource_17                                54ms
  scc_system_mapping_resource.resource_18                                53ms
  scc_system_mapping_resource.resource_19                                141ms
  scc_system_mapping_resource.resource_2                                 53ms
  scc_system_mapping_resource.resource_20                                52ms
  scc_system_mapping_resource.resource_3                                 97ms
  scc_system_mapping_resource.resource_4                                 58ms
  scc_system_mapping_resource.resource_5                                 53ms
  scc_system_mapping_resource.resource_6                                 53ms
  scc_system_mapping_resource.resource_7                                 53ms
  scc_system_mapping_resource.resource_8                                 53ms
  scc_system_mapping_resource.resource_9                                 138ms
  sci_application.app_1                                                  148ms
  sci_application.app_10                                                 117ms
  sci_application.app_2                                                  130ms
  sci_application.app_3                                                  135ms
  sci_application.app_4                                                  116ms
  sci_application.app_5                                                  194ms
  sci_application.app_6                                                  134ms
  sci_application.app_7                                                  123ms
  sci_application.app_8                                                  135ms
  sci_application.app_9                                                  131ms
  sci_group_base.group_1                                                 97ms
  sci_group_base.group_10                                                106ms
  sci_group_base.group_11                                                89ms
  sci_group_base.group_12                                                167ms
  sci_group_base.group_13                                                96ms
  sci_group_base.group_14                                                92ms
  sci_group_base.group_15                                                87ms
  sci_group_base.group_2                                                 94ms
  sci_group_base.group_3                                                 109ms
  sci_group_base.group_4                                                 88ms
  sci_group_base.group_5                                                 87ms
  sci_group_base.group_6                                                 108ms
  sci_group_base.group_7                                                 96ms
  sci_group_base.group_8                                                 96ms
  sci_group_base.group_9                                                 124ms
  sci_user.user_1                                                        161ms
  sci_user.user_10                                                       89ms
  sci_user.user_11                                                       172ms
  sci_user.user_12                                                       81ms
  sci_user.user_13                                                       91ms
  sci_user.user_14                                                       90ms
  sci_user.user_15                                                       96ms
  sci_user.user_16                                                       81ms
  sci_user.user_17                                                       93ms
  sci_user.user_18                                                       82ms
  sci_user.user_19                                                       88ms
  sci_user.user_2                                                        167ms
  sci_user.user_20                                                       88ms
  sci_user.user_21                                                       92ms
  sci_user.user_22                                                       105ms
  sci_user.user_23                                                       84ms
  sci_user.user_24                                                       174ms
  sci_user.user_25                                                       88ms
  sci_user.user_3                                                        165ms
  sci_user.user_4                                                        88ms
  sci_user.user_5                                                        95ms
  sci_user.user_6                                                        94ms
  sci_user.user_7                                                        89ms
  sci_user.user_8                                                        135ms
  sci_user.user_9                                                        88ms


Run 16/20:
  Total run time: 65.099967s
  btp_directory.directory_1                                              2480ms
  btp_directory.directory_2                                              2359ms
  btp_directory.directory_3                                              2805ms
  btp_directory.directory_4                                              2366ms
  btp_directory.directory_5                                              2947ms
  btp_subaccount.subaccount_1                                            47ms
  btp_subaccount.subaccount_2                                            1335ms
  btp_subaccount.subaccount_3                                            1054ms
  btp_subaccount.subaccount_4                                            1977ms
  btp_subaccount.subaccount_5                                            968ms
  btp_subaccount_destination_generic.destination_1                       6038ms
  btp_subaccount_destination_generic.destination_10                      1885ms
  btp_subaccount_destination_generic.destination_2                       469ms
  btp_subaccount_destination_generic.destination_3                       1258ms
  btp_subaccount_destination_generic.destination_4                       323ms
  btp_subaccount_destination_generic.destination_5                       6559ms
  btp_subaccount_destination_generic.destination_6                       5838ms
  btp_subaccount_destination_generic.destination_7                       1087ms
  btp_subaccount_destination_generic.destination_8                       219ms
  btp_subaccount_destination_generic.destination_9                       443ms
  btp_subaccount_entitlement.entitlement_1                               15897ms
  btp_subaccount_entitlement.entitlement_10                              15066ms
  btp_subaccount_entitlement.entitlement_11                              13259ms
  btp_subaccount_entitlement.entitlement_12                              15014ms
  btp_subaccount_entitlement.entitlement_13                              14319ms
  btp_subaccount_entitlement.entitlement_14                              12224ms
  btp_subaccount_entitlement.entitlement_15                              15304ms
  btp_subaccount_entitlement.entitlement_16                              16886ms
  btp_subaccount_entitlement.entitlement_17                              11447ms
  btp_subaccount_entitlement.entitlement_18                              13523ms
  btp_subaccount_entitlement.entitlement_19                              14250ms
  btp_subaccount_entitlement.entitlement_2                               17802ms
  btp_subaccount_entitlement.entitlement_20                              12753ms
  btp_subaccount_entitlement.entitlement_3                               12699ms
  btp_subaccount_entitlement.entitlement_4                               16876ms
  btp_subaccount_entitlement.entitlement_5                               15560ms
  btp_subaccount_entitlement.entitlement_6                               14405ms
  btp_subaccount_entitlement.entitlement_7                               17435ms
  btp_subaccount_entitlement.entitlement_8                               17981ms
  btp_subaccount_entitlement.entitlement_9                               14556ms
  btp_subaccount_environment_instance.cloudfoundry_1                     1295ms
  btp_subaccount_environment_instance.cloudfoundry_2                     1458ms
  btp_subaccount_environment_instance.cloudfoundry_3                     2059ms
  btp_subaccount_environment_instance.cloudfoundry_4                     4736ms
  btp_subaccount_environment_instance.cloudfoundry_5                     1596ms
  btp_subaccount_role.role_1                                             188ms
  btp_subaccount_role.role_10                                            1335ms
  btp_subaccount_role.role_2                                             1509ms
  btp_subaccount_role.role_3                                             1540ms
  btp_subaccount_role.role_4                                             121ms
  btp_subaccount_role.role_5                                             592ms
  btp_subaccount_role.role_6                                             1881ms
  btp_subaccount_role.role_7                                             6584ms
  btp_subaccount_role.role_8                                             432ms
  btp_subaccount_role.role_9                                             1310ms
  btp_subaccount_role_collection.collection_1                            1393ms
  btp_subaccount_role_collection.collection_10                           324ms
  btp_subaccount_role_collection.collection_11                           1837ms
  btp_subaccount_role_collection.collection_12                           1863ms
  btp_subaccount_role_collection.collection_13                           1701ms
  btp_subaccount_role_collection.collection_14                           1277ms
  btp_subaccount_role_collection.collection_15                           330ms
  btp_subaccount_role_collection.collection_2                            1281ms
  btp_subaccount_role_collection.collection_3                            1182ms
  btp_subaccount_role_collection.collection_4                            4816ms
  btp_subaccount_role_collection.collection_5                            1143ms
  btp_subaccount_role_collection.collection_6                            1062ms
  btp_subaccount_role_collection.collection_7                            481ms
  btp_subaccount_role_collection.collection_8                            2053ms
  btp_subaccount_role_collection.collection_9                            1170ms
  btp_subaccount_service_instance.instance_1                             1915ms
  btp_subaccount_service_instance.instance_10                            867ms
  btp_subaccount_service_instance.instance_2                             8638ms
  btp_subaccount_service_instance.instance_3                             5735ms
  btp_subaccount_service_instance.instance_4                             4364ms
  btp_subaccount_service_instance.instance_5                             4430ms
  btp_subaccount_service_instance.instance_6                             1329ms
  btp_subaccount_service_instance.instance_7                             5611ms
  btp_subaccount_service_instance.instance_8                             4823ms
  btp_subaccount_service_instance.instance_9                             7811ms
  btp_subaccount_subscription.subscription_1                             4015ms
  btp_subaccount_subscription.subscription_10                            2815ms
  btp_subaccount_subscription.subscription_11                            1299ms
  btp_subaccount_subscription.subscription_12                            2662ms
  btp_subaccount_subscription.subscription_13                            5677ms
  btp_subaccount_subscription.subscription_14                            5716ms
  btp_subaccount_subscription.subscription_15                            2942ms
  btp_subaccount_subscription.subscription_2                             10771ms
  btp_subaccount_subscription.subscription_3                             2666ms
  btp_subaccount_subscription.subscription_4                             8054ms
  btp_subaccount_subscription.subscription_5                             7899ms
  btp_subaccount_subscription.subscription_6                             11114ms
  btp_subaccount_subscription.subscription_7                             3186ms
  btp_subaccount_subscription.subscription_8                             7780ms
  btp_subaccount_subscription.subscription_9                             3895ms
  btp_subaccount_trust_configuration.trust_1                             1279ms
  btp_subaccount_trust_configuration.trust_2                             1313ms
  btp_subaccount_trust_configuration.trust_3                             175ms
  btp_subaccount_trust_configuration.trust_4                             554ms
  btp_subaccount_trust_configuration.trust_5                             2030ms
  cloudfoundry_service_instance.instance_1                               38ms
  cloudfoundry_service_instance.instance_10                              36ms
  cloudfoundry_service_instance.instance_11                              38ms
  cloudfoundry_service_instance.instance_12                              38ms
  cloudfoundry_service_instance.instance_13                              62ms
  cloudfoundry_service_instance.instance_14                              66ms
  cloudfoundry_service_instance.instance_15                              51ms
  cloudfoundry_service_instance.instance_16                              61ms
  cloudfoundry_service_instance.instance_17                              51ms
  cloudfoundry_service_instance.instance_18                              47ms
  cloudfoundry_service_instance.instance_19                              63ms
  cloudfoundry_service_instance.instance_2                               36ms
  cloudfoundry_service_instance.instance_20                              48ms
  cloudfoundry_service_instance.instance_3                               70ms
  cloudfoundry_service_instance.instance_4                               48ms
  cloudfoundry_service_instance.instance_5                               61ms
  cloudfoundry_service_instance.instance_6                               70ms
  cloudfoundry_service_instance.instance_7                               48ms
  cloudfoundry_service_instance.instance_8                               65ms
  cloudfoundry_service_instance.instance_9                               71ms
  cloudfoundry_space.space_1                                             105ms
  cloudfoundry_space.space_10                                            132ms
  cloudfoundry_space.space_2                                             128ms
  cloudfoundry_space.space_3                                             94ms
  cloudfoundry_space.space_4                                             90ms
  cloudfoundry_space.space_5                                             127ms
  cloudfoundry_space.space_6                                             120ms
  cloudfoundry_space.space_7                                             94ms
  cloudfoundry_space.space_8                                             143ms
  cloudfoundry_space.space_9                                             108ms
  scc_subaccount.subaccount_1                                            6036ms
  scc_subaccount.subaccount_2                                            5729ms
  scc_subaccount.subaccount_3                                            12010ms
  scc_subaccount.subaccount_4                                            625ms
  scc_subaccount.subaccount_5                                            6382ms
  scc_system_mapping.system_1                                            55ms
  scc_system_mapping.system_10                                           73ms
  scc_system_mapping.system_2                                            63ms
  scc_system_mapping.system_3                                            58ms
  scc_system_mapping.system_4                                            52ms
  scc_system_mapping.system_5                                            58ms
  scc_system_mapping.system_6                                            136ms
  scc_system_mapping.system_7                                            54ms
  scc_system_mapping.system_8                                            131ms
  scc_system_mapping.system_9                                            93ms
  scc_system_mapping_resource.resource_1                                 148ms
  scc_system_mapping_resource.resource_10                                119ms
  scc_system_mapping_resource.resource_11                                59ms
  scc_system_mapping_resource.resource_12                                60ms
  scc_system_mapping_resource.resource_13                                57ms
  scc_system_mapping_resource.resource_14                                139ms
  scc_system_mapping_resource.resource_15                                56ms
  scc_system_mapping_resource.resource_16                                58ms
  scc_system_mapping_resource.resource_17                                55ms
  scc_system_mapping_resource.resource_18                                57ms
  scc_system_mapping_resource.resource_19                                77ms
  scc_system_mapping_resource.resource_2                                 54ms
  scc_system_mapping_resource.resource_20                                57ms
  scc_system_mapping_resource.resource_3                                 50ms
  scc_system_mapping_resource.resource_4                                 119ms
  scc_system_mapping_resource.resource_5                                 52ms
  scc_system_mapping_resource.resource_6                                 55ms
  scc_system_mapping_resource.resource_7                                 62ms
  scc_system_mapping_resource.resource_8                                 129ms
  scc_system_mapping_resource.resource_9                                 134ms
  sci_application.app_1                                                  124ms
  sci_application.app_10                                                 120ms
  sci_application.app_2                                                  178ms
  sci_application.app_3                                                  116ms
  sci_application.app_4                                                  117ms
  sci_application.app_5                                                  117ms
  sci_application.app_6                                                  114ms
  sci_application.app_7                                                  116ms
  sci_application.app_8                                                  160ms
  sci_application.app_9                                                  123ms
  sci_group_base.group_1                                                 100ms
  sci_group_base.group_10                                                158ms
  sci_group_base.group_11                                                87ms
  sci_group_base.group_12                                                90ms
  sci_group_base.group_13                                                89ms
  sci_group_base.group_14                                                94ms
  sci_group_base.group_15                                                93ms
  sci_group_base.group_2                                                 85ms
  sci_group_base.group_3                                                 86ms
  sci_group_base.group_4                                                 94ms
  sci_group_base.group_5                                                 94ms
  sci_group_base.group_6                                                 90ms
  sci_group_base.group_7                                                 93ms
  sci_group_base.group_8                                                 98ms
  sci_group_base.group_9                                                 93ms
  sci_user.user_1                                                        87ms
  sci_user.user_10                                                       90ms
  sci_user.user_11                                                       86ms
  sci_user.user_12                                                       84ms
  sci_user.user_13                                                       85ms
  sci_user.user_14                                                       91ms
  sci_user.user_15                                                       87ms
  sci_user.user_16                                                       97ms
  sci_user.user_17                                                       95ms
  sci_user.user_18                                                       171ms
  sci_user.user_19                                                       105ms
  sci_user.user_2                                                        160ms
  sci_user.user_20                                                       149ms
  sci_user.user_21                                                       83ms
  sci_user.user_22                                                       166ms
  sci_user.user_23                                                       91ms
  sci_user.user_24                                                       102ms
  sci_user.user_25                                                       91ms
  sci_user.user_3                                                        82ms
  sci_user.user_4                                                        96ms
  sci_user.user_5                                                        90ms
  sci_user.user_6                                                        85ms
  sci_user.user_7                                                        80ms
  sci_user.user_8                                                        90ms
  sci_user.user_9                                                        98ms


Run 17/20:
  Total run time: 59.462202s
  btp_directory.directory_1                                              1254ms
  btp_directory.directory_2                                              13998ms
  btp_directory.directory_3                                              273ms
  btp_directory.directory_4                                              3474ms
  btp_directory.directory_5                                              274ms
  btp_subaccount.subaccount_1                                            320ms
  btp_subaccount.subaccount_2                                            480ms
  btp_subaccount.subaccount_3                                            1247ms
  btp_subaccount.subaccount_4                                            813ms
  btp_subaccount.subaccount_5                                            313ms
  btp_subaccount_destination_generic.destination_1                       1547ms
  btp_subaccount_destination_generic.destination_10                      317ms
  btp_subaccount_destination_generic.destination_2                       1901ms
  btp_subaccount_destination_generic.destination_3                       924ms
  btp_subaccount_destination_generic.destination_4                       846ms
  btp_subaccount_destination_generic.destination_5                       418ms
  btp_subaccount_destination_generic.destination_6                       1325ms
  btp_subaccount_destination_generic.destination_7                       683ms
  btp_subaccount_destination_generic.destination_8                       914ms
  btp_subaccount_destination_generic.destination_9                       1701ms
  btp_subaccount_entitlement.entitlement_1                               24083ms
  btp_subaccount_entitlement.entitlement_10                              11598ms
  btp_subaccount_entitlement.entitlement_11                              24193ms
  btp_subaccount_entitlement.entitlement_12                              13041ms
  btp_subaccount_entitlement.entitlement_13                              12454ms
  btp_subaccount_entitlement.entitlement_14                              11568ms
  btp_subaccount_entitlement.entitlement_15                              23833ms
  btp_subaccount_entitlement.entitlement_16                              11561ms
  btp_subaccount_entitlement.entitlement_17                              11379ms
  btp_subaccount_entitlement.entitlement_18                              11688ms
  btp_subaccount_entitlement.entitlement_19                              10517ms
  btp_subaccount_entitlement.entitlement_2                               10734ms
  btp_subaccount_entitlement.entitlement_20                              12209ms
  btp_subaccount_entitlement.entitlement_3                               12340ms
  btp_subaccount_entitlement.entitlement_4                               10911ms
  btp_subaccount_entitlement.entitlement_5                               19090ms
  btp_subaccount_entitlement.entitlement_6                               14099ms
  btp_subaccount_entitlement.entitlement_7                               11783ms
  btp_subaccount_entitlement.entitlement_8                               11686ms
  btp_subaccount_entitlement.entitlement_9                               12588ms
  btp_subaccount_environment_instance.cloudfoundry_1                     812ms
  btp_subaccount_environment_instance.cloudfoundry_2                     583ms
  btp_subaccount_environment_instance.cloudfoundry_3                     1343ms
  btp_subaccount_environment_instance.cloudfoundry_4                     1836ms
  btp_subaccount_environment_instance.cloudfoundry_5                     630ms
  btp_subaccount_role.role_1                                             304ms
  btp_subaccount_role.role_10                                            6953ms
  btp_subaccount_role.role_2                                             1792ms
  btp_subaccount_role.role_3                                             800ms
  btp_subaccount_role.role_4                                             1547ms
  btp_subaccount_role.role_5                                             910ms
  btp_subaccount_role.role_6                                             842ms
  btp_subaccount_role.role_7                                             216ms
  btp_subaccount_role.role_8                                             1055ms
  btp_subaccount_role.role_9                                             12210ms
  btp_subaccount_role_collection.collection_1                            1115ms
  btp_subaccount_role_collection.collection_10                           1573ms
  btp_subaccount_role_collection.collection_11                           6984ms
  btp_subaccount_role_collection.collection_12                           5036ms
  btp_subaccount_role_collection.collection_13                           6958ms
  btp_subaccount_role_collection.collection_14                           357ms
  btp_subaccount_role_collection.collection_15                           599ms
  btp_subaccount_role_collection.collection_2                            1149ms
  btp_subaccount_role_collection.collection_3                            1466ms
  btp_subaccount_role_collection.collection_4                            1157ms
  btp_subaccount_role_collection.collection_5                            532ms
  btp_subaccount_role_collection.collection_6                            1766ms
  btp_subaccount_role_collection.collection_7                            490ms
  btp_subaccount_role_collection.collection_8                            1365ms
  btp_subaccount_role_collection.collection_9                            1313ms
  btp_subaccount_service_instance.instance_1                             6972ms
  btp_subaccount_service_instance.instance_10                            1811ms
  btp_subaccount_service_instance.instance_2                             8662ms
  btp_subaccount_service_instance.instance_3                             5130ms
  btp_subaccount_service_instance.instance_4                             3479ms
  btp_subaccount_service_instance.instance_5                             4541ms
  btp_subaccount_service_instance.instance_6                             10321ms
  btp_subaccount_service_instance.instance_7                             1055ms
  btp_subaccount_service_instance.instance_8                             4935ms
  btp_subaccount_service_instance.instance_9                             1098ms
  btp_subaccount_subscription.subscription_1                             8669ms
  btp_subaccount_subscription.subscription_10                            1154ms
  btp_subaccount_subscription.subscription_11                            3208ms
  btp_subaccount_subscription.subscription_12                            3071ms
  btp_subaccount_subscription.subscription_13                            13515ms
  btp_subaccount_subscription.subscription_14                            615ms
  btp_subaccount_subscription.subscription_15                            1531ms
  btp_subaccount_subscription.subscription_2                             2943ms
  btp_subaccount_subscription.subscription_3                             2650ms
  btp_subaccount_subscription.subscription_4                             2089ms
  btp_subaccount_subscription.subscription_5                             13751ms
  btp_subaccount_subscription.subscription_6                             2973ms
  btp_subaccount_subscription.subscription_7                             3628ms
  btp_subaccount_subscription.subscription_8                             1604ms
  btp_subaccount_subscription.subscription_9                             5915ms
  btp_subaccount_trust_configuration.trust_1                             5336ms
  btp_subaccount_trust_configuration.trust_2                             618ms
  btp_subaccount_trust_configuration.trust_3                             1886ms
  btp_subaccount_trust_configuration.trust_4                             1499ms
  btp_subaccount_trust_configuration.trust_5                             475ms
  cloudfoundry_service_instance.instance_1                               38ms
  cloudfoundry_service_instance.instance_10                              85ms
  cloudfoundry_service_instance.instance_11                              56ms
  cloudfoundry_service_instance.instance_12                              71ms
  cloudfoundry_service_instance.instance_13                              51ms
  cloudfoundry_service_instance.instance_14                              51ms
  cloudfoundry_service_instance.instance_15                              56ms
  cloudfoundry_service_instance.instance_16                              42ms
  cloudfoundry_service_instance.instance_17                              38ms
  cloudfoundry_service_instance.instance_18                              41ms
  cloudfoundry_service_instance.instance_19                              42ms
  cloudfoundry_service_instance.instance_2                               52ms
  cloudfoundry_service_instance.instance_20                              40ms
  cloudfoundry_service_instance.instance_3                               40ms
  cloudfoundry_service_instance.instance_4                               74ms
  cloudfoundry_service_instance.instance_5                               54ms
  cloudfoundry_service_instance.instance_6                               41ms
  cloudfoundry_service_instance.instance_7                               41ms
  cloudfoundry_service_instance.instance_8                               50ms
  cloudfoundry_service_instance.instance_9                               54ms
  cloudfoundry_space.space_1                                             98ms
  cloudfoundry_space.space_10                                            113ms
  cloudfoundry_space.space_2                                             96ms
  cloudfoundry_space.space_3                                             90ms
  cloudfoundry_space.space_4                                             94ms
  cloudfoundry_space.space_5                                             94ms
  cloudfoundry_space.space_6                                             133ms
  cloudfoundry_space.space_7                                             93ms
  cloudfoundry_space.space_8                                             131ms
  cloudfoundry_space.space_9                                             161ms
  scc_subaccount.subaccount_1                                            6631ms
  scc_subaccount.subaccount_2                                            1300ms
  scc_subaccount.subaccount_3                                            752ms
  scc_subaccount.subaccount_4                                            939ms
  scc_subaccount.subaccount_5                                            12011ms
  scc_system_mapping.system_1                                            52ms
  scc_system_mapping.system_10                                           54ms
  scc_system_mapping.system_2                                            73ms
  scc_system_mapping.system_3                                            144ms
  scc_system_mapping.system_4                                            160ms
  scc_system_mapping.system_5                                            54ms
  scc_system_mapping.system_6                                            66ms
  scc_system_mapping.system_7                                            58ms
  scc_system_mapping.system_8                                            161ms
  scc_system_mapping.system_9                                            63ms
  scc_system_mapping_resource.resource_1                                 162ms
  scc_system_mapping_resource.resource_10                                56ms
  scc_system_mapping_resource.resource_11                                57ms
  scc_system_mapping_resource.resource_12                                132ms
  scc_system_mapping_resource.resource_13                                81ms
  scc_system_mapping_resource.resource_14                                64ms
  scc_system_mapping_resource.resource_15                                64ms
  scc_system_mapping_resource.resource_16                                56ms
  scc_system_mapping_resource.resource_17                                89ms
  scc_system_mapping_resource.resource_18                                53ms
  scc_system_mapping_resource.resource_19                                57ms
  scc_system_mapping_resource.resource_2                                 58ms
  scc_system_mapping_resource.resource_20                                61ms
  scc_system_mapping_resource.resource_3                                 141ms
  scc_system_mapping_resource.resource_4                                 65ms
  scc_system_mapping_resource.resource_5                                 140ms
  scc_system_mapping_resource.resource_6                                 58ms
  scc_system_mapping_resource.resource_7                                 55ms
  scc_system_mapping_resource.resource_8                                 53ms
  scc_system_mapping_resource.resource_9                                 56ms
  sci_application.app_1                                                  130ms
  sci_application.app_10                                                 118ms
  sci_application.app_2                                                  121ms
  sci_application.app_3                                                  187ms
  sci_application.app_4                                                  336ms
  sci_application.app_5                                                  130ms
  sci_application.app_6                                                  128ms
  sci_application.app_7                                                  134ms
  sci_application.app_8                                                  185ms
  sci_application.app_9                                                  122ms
  sci_group_base.group_1                                                 162ms
  sci_group_base.group_10                                                86ms
  sci_group_base.group_11                                                94ms
  sci_group_base.group_12                                                161ms
  sci_group_base.group_13                                                93ms
  sci_group_base.group_14                                                163ms
  sci_group_base.group_15                                                91ms
  sci_group_base.group_2                                                 91ms
  sci_group_base.group_3                                                 98ms
  sci_group_base.group_4                                                 92ms
  sci_group_base.group_5                                                 95ms
  sci_group_base.group_6                                                 86ms
  sci_group_base.group_7                                                 92ms
  sci_group_base.group_8                                                 88ms
  sci_group_base.group_9                                                 89ms
  sci_user.user_1                                                        90ms
  sci_user.user_10                                                       84ms
  sci_user.user_11                                                       164ms
  sci_user.user_12                                                       89ms
  sci_user.user_13                                                       102ms
  sci_user.user_14                                                       92ms
  sci_user.user_15                                                       87ms
  sci_user.user_16                                                       94ms
  sci_user.user_17                                                       93ms
  sci_user.user_18                                                       102ms
  sci_user.user_19                                                       87ms
  sci_user.user_2                                                        162ms
  sci_user.user_20                                                       296ms
  sci_user.user_21                                                       86ms
  sci_user.user_22                                                       91ms
  sci_user.user_23                                                       89ms
  sci_user.user_24                                                       89ms
  sci_user.user_25                                                       84ms
  sci_user.user_3                                                        92ms
  sci_user.user_4                                                        91ms
  sci_user.user_5                                                        85ms
  sci_user.user_6                                                        101ms
  sci_user.user_7                                                        94ms
  sci_user.user_8                                                        86ms
  sci_user.user_9                                                        102ms


Run 18/20:
  Total run time: 53.731885s
  btp_directory.directory_1                                              8421ms
  btp_directory.directory_2                                              604ms
  btp_directory.directory_3                                              2241ms
  btp_directory.directory_4                                              939ms
  btp_directory.directory_5                                              2817ms
  btp_subaccount.subaccount_1                                            468ms
  btp_subaccount.subaccount_2                                            1211ms
  btp_subaccount.subaccount_3                                            1251ms
  btp_subaccount.subaccount_4                                            1149ms
  btp_subaccount.subaccount_5                                            1455ms
  btp_subaccount_destination_generic.destination_1                       493ms
  btp_subaccount_destination_generic.destination_10                      500ms
  btp_subaccount_destination_generic.destination_2                       1489ms
  btp_subaccount_destination_generic.destination_3                       475ms
  btp_subaccount_destination_generic.destination_4                       827ms
  btp_subaccount_destination_generic.destination_5                       1274ms
  btp_subaccount_destination_generic.destination_6                       382ms
  btp_subaccount_destination_generic.destination_7                       1624ms
  btp_subaccount_destination_generic.destination_8                       414ms
  btp_subaccount_destination_generic.destination_9                       1035ms
  btp_subaccount_entitlement.entitlement_1                               17691ms
  btp_subaccount_entitlement.entitlement_10                              14655ms
  btp_subaccount_entitlement.entitlement_11                              14539ms
  btp_subaccount_entitlement.entitlement_12                              12268ms
  btp_subaccount_entitlement.entitlement_13                              13471ms
  btp_subaccount_entitlement.entitlement_14                              11730ms
  btp_subaccount_entitlement.entitlement_15                              13560ms
  btp_subaccount_entitlement.entitlement_16                              12487ms
  btp_subaccount_entitlement.entitlement_17                              12510ms
  btp_subaccount_entitlement.entitlement_18                              18680ms
  btp_subaccount_entitlement.entitlement_19                              17356ms
  btp_subaccount_entitlement.entitlement_2                               13128ms
  btp_subaccount_entitlement.entitlement_20                              12933ms
  btp_subaccount_entitlement.entitlement_3                               15049ms
  btp_subaccount_entitlement.entitlement_4                               14684ms
  btp_subaccount_entitlement.entitlement_5                               14591ms
  btp_subaccount_entitlement.entitlement_6                               12096ms
  btp_subaccount_entitlement.entitlement_7                               13020ms
  btp_subaccount_entitlement.entitlement_8                               12451ms
  btp_subaccount_entitlement.entitlement_9                               11933ms
  btp_subaccount_environment_instance.cloudfoundry_1                     1304ms
  btp_subaccount_environment_instance.cloudfoundry_2                     1455ms
  btp_subaccount_environment_instance.cloudfoundry_3                     875ms
  btp_subaccount_environment_instance.cloudfoundry_4                     675ms
  btp_subaccount_environment_instance.cloudfoundry_5                     1337ms
  btp_subaccount_role.role_1                                             1182ms
  btp_subaccount_role.role_10                                            436ms
  btp_subaccount_role.role_2                                             1374ms
  btp_subaccount_role.role_3                                             1197ms
  btp_subaccount_role.role_4                                             1041ms
  btp_subaccount_role.role_5                                             1379ms
  btp_subaccount_role.role_6                                             172ms
  btp_subaccount_role.role_7                                             675ms
  btp_subaccount_role.role_8                                             1890ms
  btp_subaccount_role.role_9                                             1685ms
  btp_subaccount_role_collection.collection_1                            977ms
  btp_subaccount_role_collection.collection_10                           589ms
  btp_subaccount_role_collection.collection_11                           287ms
  btp_subaccount_role_collection.collection_12                           1089ms
  btp_subaccount_role_collection.collection_13                           443ms
  btp_subaccount_role_collection.collection_14                           268ms
  btp_subaccount_role_collection.collection_15                           485ms
  btp_subaccount_role_collection.collection_2                            472ms
  btp_subaccount_role_collection.collection_3                            419ms
  btp_subaccount_role_collection.collection_4                            318ms
  btp_subaccount_role_collection.collection_5                            1196ms
  btp_subaccount_role_collection.collection_6                            334ms
  btp_subaccount_role_collection.collection_7                            578ms
  btp_subaccount_role_collection.collection_8                            755ms
  btp_subaccount_role_collection.collection_9                            341ms
  btp_subaccount_service_instance.instance_1                             1713ms
  btp_subaccount_service_instance.instance_10                            1435ms
  btp_subaccount_service_instance.instance_2                             3938ms
  btp_subaccount_service_instance.instance_3                             2930ms
  btp_subaccount_service_instance.instance_4                             875ms
  btp_subaccount_service_instance.instance_5                             7815ms
  btp_subaccount_service_instance.instance_6                             10172ms
  btp_subaccount_service_instance.instance_7                             4210ms
  btp_subaccount_service_instance.instance_8                             3833ms
  btp_subaccount_service_instance.instance_9                             1499ms
  btp_subaccount_subscription.subscription_1                             8494ms
  btp_subaccount_subscription.subscription_10                            2581ms
  btp_subaccount_subscription.subscription_11                            2318ms
  btp_subaccount_subscription.subscription_12                            8732ms
  btp_subaccount_subscription.subscription_13                            3158ms
  btp_subaccount_subscription.subscription_14                            2175ms
  btp_subaccount_subscription.subscription_15                            1235ms
  btp_subaccount_subscription.subscription_2                             2230ms
  btp_subaccount_subscription.subscription_3                             2107ms
  btp_subaccount_subscription.subscription_4                             892ms
  btp_subaccount_subscription.subscription_5                             2951ms
  btp_subaccount_subscription.subscription_6                             8506ms
  btp_subaccount_subscription.subscription_7                             938ms
  btp_subaccount_subscription.subscription_8                             6895ms
  btp_subaccount_subscription.subscription_9                             8526ms
  btp_subaccount_trust_configuration.trust_1                             1172ms
  btp_subaccount_trust_configuration.trust_2                             495ms
  btp_subaccount_trust_configuration.trust_3                             1315ms
  btp_subaccount_trust_configuration.trust_4                             619ms
  btp_subaccount_trust_configuration.trust_5                             6730ms
  cloudfoundry_service_instance.instance_1                               54ms
  cloudfoundry_service_instance.instance_10                              60ms
  cloudfoundry_service_instance.instance_11                              64ms
  cloudfoundry_service_instance.instance_12                              38ms
  cloudfoundry_service_instance.instance_13                              43ms
  cloudfoundry_service_instance.instance_14                              78ms
  cloudfoundry_service_instance.instance_15                              40ms
  cloudfoundry_service_instance.instance_16                              53ms
  cloudfoundry_service_instance.instance_17                              50ms
  cloudfoundry_service_instance.instance_18                              50ms
  cloudfoundry_service_instance.instance_19                              49ms
  cloudfoundry_service_instance.instance_2                               43ms
  cloudfoundry_service_instance.instance_20                              63ms
  cloudfoundry_service_instance.instance_3                               79ms
  cloudfoundry_service_instance.instance_4                               50ms
  cloudfoundry_service_instance.instance_5                               38ms
  cloudfoundry_service_instance.instance_6                               41ms
  cloudfoundry_service_instance.instance_7                               46ms
  cloudfoundry_service_instance.instance_8                               66ms
  cloudfoundry_service_instance.instance_9                               50ms
  cloudfoundry_space.space_1                                             95ms
  cloudfoundry_space.space_10                                            147ms
  cloudfoundry_space.space_2                                             109ms
  cloudfoundry_space.space_3                                             106ms
  cloudfoundry_space.space_4                                             124ms
  cloudfoundry_space.space_5                                             105ms
  cloudfoundry_space.space_6                                             95ms
  cloudfoundry_space.space_7                                             104ms
  cloudfoundry_space.space_8                                             112ms
  cloudfoundry_space.space_9                                             123ms
  scc_subaccount.subaccount_1                                            915ms
  scc_subaccount.subaccount_2                                            513ms
  scc_subaccount.subaccount_3                                            1659ms
  scc_subaccount.subaccount_4                                            1309ms
  scc_subaccount.subaccount_5                                            2031ms
  scc_system_mapping.system_1                                            55ms
  scc_system_mapping.system_10                                           136ms
  scc_system_mapping.system_2                                            145ms
  scc_system_mapping.system_3                                            62ms
  scc_system_mapping.system_4                                            53ms
  scc_system_mapping.system_5                                            54ms
  scc_system_mapping.system_6                                            61ms
  scc_system_mapping.system_7                                            72ms
  scc_system_mapping.system_8                                            62ms
  scc_system_mapping.system_9                                            64ms
  scc_system_mapping_resource.resource_1                                 51ms
  scc_system_mapping_resource.resource_10                                64ms
  scc_system_mapping_resource.resource_11                                58ms
  scc_system_mapping_resource.resource_12                                142ms
  scc_system_mapping_resource.resource_13                                61ms
  scc_system_mapping_resource.resource_14                                52ms
  scc_system_mapping_resource.resource_15                                139ms
  scc_system_mapping_resource.resource_16                                70ms
  scc_system_mapping_resource.resource_17                                60ms
  scc_system_mapping_resource.resource_18                                59ms
  scc_system_mapping_resource.resource_19                                138ms
  scc_system_mapping_resource.resource_2                                 135ms
  scc_system_mapping_resource.resource_20                                143ms
  scc_system_mapping_resource.resource_3                                 150ms
  scc_system_mapping_resource.resource_4                                 53ms
  scc_system_mapping_resource.resource_5                                 57ms
  scc_system_mapping_resource.resource_6                                 52ms
  scc_system_mapping_resource.resource_7                                 146ms
  scc_system_mapping_resource.resource_8                                 55ms
  scc_system_mapping_resource.resource_9                                 142ms
  sci_application.app_1                                                  173ms
  sci_application.app_10                                                 115ms
  sci_application.app_2                                                  126ms
  sci_application.app_3                                                  131ms
  sci_application.app_4                                                  136ms
  sci_application.app_5                                                  124ms
  sci_application.app_6                                                  113ms
  sci_application.app_7                                                  171ms
  sci_application.app_8                                                  127ms
  sci_application.app_9                                                  140ms
  sci_group_base.group_1                                                 165ms
  sci_group_base.group_10                                                87ms
  sci_group_base.group_11                                                92ms
  sci_group_base.group_12                                                89ms
  sci_group_base.group_13                                                89ms
  sci_group_base.group_14                                                161ms
  sci_group_base.group_15                                                97ms
  sci_group_base.group_2                                                 88ms
  sci_group_base.group_3                                                 96ms
  sci_group_base.group_4                                                 89ms
  sci_group_base.group_5                                                 99ms
  sci_group_base.group_6                                                 80ms
  sci_group_base.group_7                                                 94ms
  sci_group_base.group_8                                                 97ms
  sci_group_base.group_9                                                 104ms
  sci_user.user_1                                                        89ms
  sci_user.user_10                                                       77ms
  sci_user.user_11                                                       166ms
  sci_user.user_12                                                       88ms
  sci_user.user_13                                                       81ms
  sci_user.user_14                                                       82ms
  sci_user.user_15                                                       86ms
  sci_user.user_16                                                       89ms
  sci_user.user_17                                                       156ms
  sci_user.user_18                                                       90ms
  sci_user.user_19                                                       82ms
  sci_user.user_2                                                        88ms
  sci_user.user_20                                                       94ms
  sci_user.user_21                                                       88ms
  sci_user.user_22                                                       80ms
  sci_user.user_23                                                       93ms
  sci_user.user_24                                                       96ms
  sci_user.user_25                                                       102ms
  sci_user.user_3                                                        79ms
  sci_user.user_4                                                        86ms
  sci_user.user_5                                                        93ms
  sci_user.user_6                                                        99ms
  sci_user.user_7                                                        79ms
  sci_user.user_8                                                        89ms
  sci_user.user_9                                                        162ms


Run 19/20:
  Total run time: 77.555473s
  btp_directory.directory_1                                              7372ms
  btp_directory.directory_2                                              3918ms
  btp_directory.directory_3                                              2862ms
  btp_directory.directory_4                                              7460ms
  btp_directory.directory_5                                              4145ms
  btp_subaccount.subaccount_1                                            429ms
  btp_subaccount.subaccount_2                                            1618ms
  btp_subaccount.subaccount_3                                            2050ms
  btp_subaccount.subaccount_4                                            1096ms
  btp_subaccount.subaccount_5                                            1348ms
  btp_subaccount_destination_generic.destination_1                       1328ms
  btp_subaccount_destination_generic.destination_10                      1763ms
  btp_subaccount_destination_generic.destination_2                       1919ms
  btp_subaccount_destination_generic.destination_3                       2012ms
  btp_subaccount_destination_generic.destination_4                       6236ms
  btp_subaccount_destination_generic.destination_5                       1371ms
  btp_subaccount_destination_generic.destination_6                       1225ms
  btp_subaccount_destination_generic.destination_7                       1715ms
  btp_subaccount_destination_generic.destination_8                       6179ms
  btp_subaccount_destination_generic.destination_9                       1661ms
  btp_subaccount_entitlement.entitlement_1                               12829ms
  btp_subaccount_entitlement.entitlement_10                              14786ms
  btp_subaccount_entitlement.entitlement_11                              13014ms
  btp_subaccount_entitlement.entitlement_12                              15343ms
  btp_subaccount_entitlement.entitlement_13                              13851ms
  btp_subaccount_entitlement.entitlement_14                              14110ms
  btp_subaccount_entitlement.entitlement_15                              13571ms
  btp_subaccount_entitlement.entitlement_16                              14767ms
  btp_subaccount_entitlement.entitlement_17                              13215ms
  btp_subaccount_entitlement.entitlement_18                              23027ms
  btp_subaccount_entitlement.entitlement_19                              17210ms
  btp_subaccount_entitlement.entitlement_2                               23488ms
  btp_subaccount_entitlement.entitlement_20                              23279ms
  btp_subaccount_entitlement.entitlement_3                               14541ms
  btp_subaccount_entitlement.entitlement_4                               18342ms
  btp_subaccount_entitlement.entitlement_5                               17941ms
  btp_subaccount_entitlement.entitlement_6                               15002ms
  btp_subaccount_entitlement.entitlement_7                               12877ms
  btp_subaccount_entitlement.entitlement_8                               13319ms
  btp_subaccount_entitlement.entitlement_9                               23154ms
  btp_subaccount_environment_instance.cloudfoundry_1                     2088ms
  btp_subaccount_environment_instance.cloudfoundry_2                     2086ms
  btp_subaccount_environment_instance.cloudfoundry_3                     4033ms
  btp_subaccount_environment_instance.cloudfoundry_4                     6199ms
  btp_subaccount_environment_instance.cloudfoundry_5                     1315ms
  btp_subaccount_role.role_1                                             2167ms
  btp_subaccount_role.role_10                                            5868ms
  btp_subaccount_role.role_2                                             3924ms
  btp_subaccount_role.role_3                                             1826ms
  btp_subaccount_role.role_4                                             6253ms
  btp_subaccount_role.role_5                                             1337ms
  btp_subaccount_role.role_6                                             1807ms
  btp_subaccount_role.role_7                                             5565ms
  btp_subaccount_role.role_8                                             1507ms
  btp_subaccount_role.role_9                                             2000ms
  btp_subaccount_role_collection.collection_1                            1136ms
  btp_subaccount_role_collection.collection_10                           1307ms
  btp_subaccount_role_collection.collection_11                           943ms
  btp_subaccount_role_collection.collection_12                           336ms
  btp_subaccount_role_collection.collection_13                           6295ms
  btp_subaccount_role_collection.collection_14                           1354ms
  btp_subaccount_role_collection.collection_15                           3913ms
  btp_subaccount_role_collection.collection_2                            523ms
  btp_subaccount_role_collection.collection_3                            809ms
  btp_subaccount_role_collection.collection_4                            1419ms
  btp_subaccount_role_collection.collection_5                            978ms
  btp_subaccount_role_collection.collection_6                            1518ms
  btp_subaccount_role_collection.collection_7                            968ms
  btp_subaccount_role_collection.collection_8                            600ms
  btp_subaccount_role_collection.collection_9                            1185ms
  btp_subaccount_service_instance.instance_1                             4130ms
  btp_subaccount_service_instance.instance_10                            11036ms
  btp_subaccount_service_instance.instance_2                             9902ms
  btp_subaccount_service_instance.instance_3                             2649ms
  btp_subaccount_service_instance.instance_4                             9903ms
  btp_subaccount_service_instance.instance_5                             4659ms
  btp_subaccount_service_instance.instance_6                             9074ms
  btp_subaccount_service_instance.instance_7                             11125ms
  btp_subaccount_service_instance.instance_8                             7854ms
  btp_subaccount_service_instance.instance_9                             9989ms
  btp_subaccount_subscription.subscription_1                             2890ms
  btp_subaccount_subscription.subscription_10                            7736ms
  btp_subaccount_subscription.subscription_11                            5617ms
  btp_subaccount_subscription.subscription_12                            7813ms
  btp_subaccount_subscription.subscription_13                            7764ms
  btp_subaccount_subscription.subscription_14                            8506ms
  btp_subaccount_subscription.subscription_15                            11934ms
  btp_subaccount_subscription.subscription_2                             2546ms
  btp_subaccount_subscription.subscription_3                             4050ms
  btp_subaccount_subscription.subscription_4                             3128ms
  btp_subaccount_subscription.subscription_5                             3391ms
  btp_subaccount_subscription.subscription_6                             8211ms
  btp_subaccount_subscription.subscription_7                             5546ms
  btp_subaccount_subscription.subscription_8                             3083ms
  btp_subaccount_subscription.subscription_9                             7815ms
  btp_subaccount_trust_configuration.trust_1                             1311ms
  btp_subaccount_trust_configuration.trust_2                             2188ms
  btp_subaccount_trust_configuration.trust_3                             2051ms
  btp_subaccount_trust_configuration.trust_4                             1594ms
  btp_subaccount_trust_configuration.trust_5                             1160ms
  cloudfoundry_service_instance.instance_1                               46ms
  cloudfoundry_service_instance.instance_10                              38ms
  cloudfoundry_service_instance.instance_11                              44ms
  cloudfoundry_service_instance.instance_12                              43ms
  cloudfoundry_service_instance.instance_13                              42ms
  cloudfoundry_service_instance.instance_14                              41ms
  cloudfoundry_service_instance.instance_15                              46ms
  cloudfoundry_service_instance.instance_16                              43ms
  cloudfoundry_service_instance.instance_17                              51ms
  cloudfoundry_service_instance.instance_18                              62ms
  cloudfoundry_service_instance.instance_19                              39ms
  cloudfoundry_service_instance.instance_2                               37ms
  cloudfoundry_service_instance.instance_20                              44ms
  cloudfoundry_service_instance.instance_3                               37ms
  cloudfoundry_service_instance.instance_4                               47ms
  cloudfoundry_service_instance.instance_5                               37ms
  cloudfoundry_service_instance.instance_6                               59ms
  cloudfoundry_service_instance.instance_7                               40ms
  cloudfoundry_service_instance.instance_8                               37ms
  cloudfoundry_service_instance.instance_9                               43ms
  cloudfoundry_space.space_1                                             90ms
  cloudfoundry_space.space_10                                            120ms
  cloudfoundry_space.space_2                                             105ms
  cloudfoundry_space.space_3                                             95ms
  cloudfoundry_space.space_4                                             96ms
  cloudfoundry_space.space_5                                             128ms
  cloudfoundry_space.space_6                                             93ms
  cloudfoundry_space.space_7                                             96ms
  cloudfoundry_space.space_8                                             106ms
  cloudfoundry_space.space_9                                             119ms
  scc_subaccount.subaccount_1                                            5832ms
  scc_subaccount.subaccount_2                                            10857ms
  scc_subaccount.subaccount_3                                            11722ms
  scc_subaccount.subaccount_4                                            539ms
  scc_subaccount.subaccount_5                                            7225ms
  scc_system_mapping.system_1                                            56ms
  scc_system_mapping.system_10                                           54ms
  scc_system_mapping.system_2                                            54ms
  scc_system_mapping.system_3                                            59ms
  scc_system_mapping.system_4                                            54ms
  scc_system_mapping.system_5                                            54ms
  scc_system_mapping.system_6                                            59ms
  scc_system_mapping.system_7                                            54ms
  scc_system_mapping.system_8                                            59ms
  scc_system_mapping.system_9                                            54ms
  scc_system_mapping_resource.resource_1                                 53ms
  scc_system_mapping_resource.resource_10                                54ms
  scc_system_mapping_resource.resource_11                                59ms
  scc_system_mapping_resource.resource_12                                133ms
  scc_system_mapping_resource.resource_13                                53ms
  scc_system_mapping_resource.resource_14                                54ms
  scc_system_mapping_resource.resource_15                                58ms
  scc_system_mapping_resource.resource_16                                54ms
  scc_system_mapping_resource.resource_17                                55ms
  scc_system_mapping_resource.resource_18                                53ms
  scc_system_mapping_resource.resource_19                                54ms
  scc_system_mapping_resource.resource_2                                 142ms
  scc_system_mapping_resource.resource_20                                53ms
  scc_system_mapping_resource.resource_3                                 141ms
  scc_system_mapping_resource.resource_4                                 57ms
  scc_system_mapping_resource.resource_5                                 55ms
  scc_system_mapping_resource.resource_6                                 53ms
  scc_system_mapping_resource.resource_7                                 60ms
  scc_system_mapping_resource.resource_8                                 53ms
  scc_system_mapping_resource.resource_9                                 155ms
  sci_application.app_1                                                  117ms
  sci_application.app_10                                                 112ms
  sci_application.app_2                                                  121ms
  sci_application.app_3                                                  114ms
  sci_application.app_4                                                  116ms
  sci_application.app_5                                                  170ms
  sci_application.app_6                                                  116ms
  sci_application.app_7                                                  112ms
  sci_application.app_8                                                  120ms
  sci_application.app_9                                                  119ms
  sci_group_base.group_1                                                 93ms
  sci_group_base.group_10                                                89ms
  sci_group_base.group_11                                                97ms
  sci_group_base.group_12                                                97ms
  sci_group_base.group_13                                                85ms
  sci_group_base.group_14                                                93ms
  sci_group_base.group_15                                                97ms
  sci_group_base.group_2                                                 89ms
  sci_group_base.group_3                                                 89ms
  sci_group_base.group_4                                                 102ms
  sci_group_base.group_5                                                 96ms
  sci_group_base.group_6                                                 89ms
  sci_group_base.group_7                                                 148ms
  sci_group_base.group_8                                                 106ms
  sci_group_base.group_9                                                 153ms
  sci_user.user_1                                                        88ms
  sci_user.user_10                                                       96ms
  sci_user.user_11                                                       150ms
  sci_user.user_12                                                       91ms
  sci_user.user_13                                                       92ms
  sci_user.user_14                                                       87ms
  sci_user.user_15                                                       146ms
  sci_user.user_16                                                       90ms
  sci_user.user_17                                                       88ms
  sci_user.user_18                                                       91ms
  sci_user.user_19                                                       92ms
  sci_user.user_2                                                        89ms
  sci_user.user_20                                                       91ms
  sci_user.user_21                                                       92ms
  sci_user.user_22                                                       90ms
  sci_user.user_23                                                       146ms
  sci_user.user_24                                                       98ms
  sci_user.user_25                                                       79ms
  sci_user.user_3                                                        93ms
  sci_user.user_4                                                        100ms
  sci_user.user_5                                                        85ms
  sci_user.user_6                                                        97ms
  sci_user.user_7                                                        141ms
  sci_user.user_8                                                        93ms
  sci_user.user_9                                                        98ms


Run 20/20:
  Total run time: 86.275631s
  btp_directory.directory_1                                              920ms
  btp_directory.directory_2                                              11387ms
  btp_directory.directory_3                                              1224ms
  btp_directory.directory_4                                              7414ms
  btp_directory.directory_5                                              2788ms
  btp_subaccount.subaccount_1                                            876ms
  btp_subaccount.subaccount_2                                            963ms
  btp_subaccount.subaccount_3                                            6374ms
  btp_subaccount.subaccount_4                                            447ms
  btp_subaccount.subaccount_5                                            659ms
  btp_subaccount_destination_generic.destination_1                       8052ms
  btp_subaccount_destination_generic.destination_10                      916ms
  btp_subaccount_destination_generic.destination_2                       1743ms
  btp_subaccount_destination_generic.destination_3                       1689ms
  btp_subaccount_destination_generic.destination_4                       6075ms
  btp_subaccount_destination_generic.destination_5                       897ms
  btp_subaccount_destination_generic.destination_6                       12728ms
  btp_subaccount_destination_generic.destination_7                       6088ms
  btp_subaccount_destination_generic.destination_8                       1655ms
  btp_subaccount_destination_generic.destination_9                       959ms
  btp_subaccount_entitlement.entitlement_1                               16908ms
  btp_subaccount_entitlement.entitlement_10                              12980ms
  btp_subaccount_entitlement.entitlement_11                              18403ms
  btp_subaccount_entitlement.entitlement_12                              27035ms
  btp_subaccount_entitlement.entitlement_13                              22122ms
  btp_subaccount_entitlement.entitlement_14                              24136ms
  btp_subaccount_entitlement.entitlement_15                              18416ms
  btp_subaccount_entitlement.entitlement_16                              20656ms
  btp_subaccount_entitlement.entitlement_17                              13821ms
  btp_subaccount_entitlement.entitlement_18                              25156ms
  btp_subaccount_entitlement.entitlement_19                              13401ms
  btp_subaccount_entitlement.entitlement_2                               23664ms
  btp_subaccount_entitlement.entitlement_20                              13312ms
  btp_subaccount_entitlement.entitlement_3                               23320ms
  btp_subaccount_entitlement.entitlement_4                               28690ms
  btp_subaccount_entitlement.entitlement_5                               29796ms
  btp_subaccount_entitlement.entitlement_6                               28127ms
  btp_subaccount_entitlement.entitlement_7                               20483ms
  btp_subaccount_entitlement.entitlement_8                               18480ms
  btp_subaccount_entitlement.entitlement_9                               19259ms
  btp_subaccount_environment_instance.cloudfoundry_1                     7917ms
  btp_subaccount_environment_instance.cloudfoundry_2                     11994ms
  btp_subaccount_environment_instance.cloudfoundry_3                     1053ms
  btp_subaccount_environment_instance.cloudfoundry_4                     706ms
  btp_subaccount_environment_instance.cloudfoundry_5                     6537ms
  btp_subaccount_role.role_1                                             6064ms
  btp_subaccount_role.role_10                                            1563ms
  btp_subaccount_role.role_2                                             368ms
  btp_subaccount_role.role_3                                             1819ms
  btp_subaccount_role.role_4                                             5988ms
  btp_subaccount_role.role_5                                             527ms
  btp_subaccount_role.role_6                                             1180ms
  btp_subaccount_role.role_7                                             1500ms
  btp_subaccount_role.role_8                                             5746ms
  btp_subaccount_role.role_9                                             1412ms
  btp_subaccount_role_collection.collection_1                            6143ms
  btp_subaccount_role_collection.collection_10                           1386ms
  btp_subaccount_role_collection.collection_11                           6225ms
  btp_subaccount_role_collection.collection_12                           1185ms
  btp_subaccount_role_collection.collection_13                           2231ms
  btp_subaccount_role_collection.collection_14                           1245ms
  btp_subaccount_role_collection.collection_15                           2892ms
  btp_subaccount_role_collection.collection_2                            599ms
  btp_subaccount_role_collection.collection_3                            862ms
  btp_subaccount_role_collection.collection_4                            860ms
  btp_subaccount_role_collection.collection_5                            1765ms
  btp_subaccount_role_collection.collection_6                            5914ms
  btp_subaccount_role_collection.collection_7                            247ms
  btp_subaccount_role_collection.collection_8                            872ms
  btp_subaccount_role_collection.collection_9                            6904ms
  btp_subaccount_service_instance.instance_1                             15026ms
  btp_subaccount_service_instance.instance_10                            16056ms
  btp_subaccount_service_instance.instance_2                             2069ms
  btp_subaccount_service_instance.instance_3                             3723ms
  btp_subaccount_service_instance.instance_4                             10837ms
  btp_subaccount_service_instance.instance_5                             7213ms
  btp_subaccount_service_instance.instance_6                             14514ms
  btp_subaccount_service_instance.instance_7                             2478ms
  btp_subaccount_service_instance.instance_8                             21375ms
  btp_subaccount_service_instance.instance_9                             8845ms
  btp_subaccount_subscription.subscription_1                             7637ms
  btp_subaccount_subscription.subscription_10                            7340ms
  btp_subaccount_subscription.subscription_11                            2946ms
  btp_subaccount_subscription.subscription_12                            13028ms
  btp_subaccount_subscription.subscription_13                            13384ms
  btp_subaccount_subscription.subscription_14                            2768ms
  btp_subaccount_subscription.subscription_15                            7776ms
  btp_subaccount_subscription.subscription_2                             1807ms
  btp_subaccount_subscription.subscription_3                             7956ms
  btp_subaccount_subscription.subscription_4                             2656ms
  btp_subaccount_subscription.subscription_5                             9322ms
  btp_subaccount_subscription.subscription_6                             7765ms
  btp_subaccount_subscription.subscription_7                             807ms
  btp_subaccount_subscription.subscription_8                             14458ms
  btp_subaccount_subscription.subscription_9                             3313ms
  btp_subaccount_trust_configuration.trust_1                             1017ms
  btp_subaccount_trust_configuration.trust_2                             5971ms
  btp_subaccount_trust_configuration.trust_3                             6024ms
  btp_subaccount_trust_configuration.trust_4                             1784ms
  btp_subaccount_trust_configuration.trust_5                             6033ms
  cloudfoundry_service_instance.instance_1                               57ms
  cloudfoundry_service_instance.instance_10                              56ms
  cloudfoundry_service_instance.instance_11                              43ms
  cloudfoundry_service_instance.instance_12                              43ms
  cloudfoundry_service_instance.instance_13                              58ms
  cloudfoundry_service_instance.instance_14                              36ms
  cloudfoundry_service_instance.instance_15                              38ms
  cloudfoundry_service_instance.instance_16                              35ms
  cloudfoundry_service_instance.instance_17                              35ms
  cloudfoundry_service_instance.instance_18                              48ms
  cloudfoundry_service_instance.instance_19                              38ms
  cloudfoundry_service_instance.instance_2                               89ms
  cloudfoundry_service_instance.instance_20                              35ms
  cloudfoundry_service_instance.instance_3                               39ms
  cloudfoundry_service_instance.instance_4                               35ms
  cloudfoundry_service_instance.instance_5                               41ms
  cloudfoundry_service_instance.instance_6                               51ms
  cloudfoundry_service_instance.instance_7                               33ms
  cloudfoundry_service_instance.instance_8                               48ms
  cloudfoundry_service_instance.instance_9                               41ms
  cloudfoundry_space.space_1                                             88ms
  cloudfoundry_space.space_10                                            92ms
  cloudfoundry_space.space_2                                             153ms
  cloudfoundry_space.space_3                                             118ms
  cloudfoundry_space.space_4                                             92ms
  cloudfoundry_space.space_5                                             114ms
  cloudfoundry_space.space_6                                             119ms
  cloudfoundry_space.space_7                                             120ms
  cloudfoundry_space.space_8                                             114ms
  cloudfoundry_space.space_9                                             98ms
  scc_subaccount.subaccount_1                                            1084ms
  scc_subaccount.subaccount_2                                            939ms
  scc_subaccount.subaccount_3                                            1465ms
  scc_subaccount.subaccount_4                                            1813ms
  scc_subaccount.subaccount_5                                            1278ms
  scc_system_mapping.system_1                                            53ms
  scc_system_mapping.system_10                                           539ms
  scc_system_mapping.system_2                                            52ms
  scc_system_mapping.system_3                                            53ms
  scc_system_mapping.system_4                                            65ms
  scc_system_mapping.system_5                                            532ms
  scc_system_mapping.system_6                                            53ms
  scc_system_mapping.system_7                                            53ms
  scc_system_mapping.system_8                                            530ms
  scc_system_mapping.system_9                                            54ms
  scc_system_mapping_resource.resource_1                                 480ms
  scc_system_mapping_resource.resource_10                                58ms
  scc_system_mapping_resource.resource_11                                53ms
  scc_system_mapping_resource.resource_12                                54ms
  scc_system_mapping_resource.resource_13                                529ms
  scc_system_mapping_resource.resource_14                                56ms
  scc_system_mapping_resource.resource_15                                563ms
  scc_system_mapping_resource.resource_16                                60ms
  scc_system_mapping_resource.resource_17                                51ms
  scc_system_mapping_resource.resource_18                                57ms
  scc_system_mapping_resource.resource_19                                491ms
  scc_system_mapping_resource.resource_2                                 53ms
  scc_system_mapping_resource.resource_20                                56ms
  scc_system_mapping_resource.resource_3                                 59ms
  scc_system_mapping_resource.resource_4                                 53ms
  scc_system_mapping_resource.resource_5                                 52ms
  scc_system_mapping_resource.resource_6                                 55ms
  scc_system_mapping_resource.resource_7                                 53ms
  scc_system_mapping_resource.resource_8                                 54ms
  scc_system_mapping_resource.resource_9                                 502ms
  sci_application.app_1                                                  196ms
  sci_application.app_10                                                 127ms
  sci_application.app_2                                                  131ms
  sci_application.app_3                                                  133ms
  sci_application.app_4                                                  125ms
  sci_application.app_5                                                  129ms
  sci_application.app_6                                                  120ms
  sci_application.app_7                                                  107ms
  sci_application.app_8                                                  136ms
  sci_application.app_9                                                  128ms
  sci_group_base.group_1                                                 117ms
  sci_group_base.group_10                                                172ms
  sci_group_base.group_11                                                90ms
  sci_group_base.group_12                                                100ms
  sci_group_base.group_13                                                104ms
  sci_group_base.group_14                                                92ms
  sci_group_base.group_15                                                99ms
  sci_group_base.group_2                                                 81ms
  sci_group_base.group_3                                                 93ms
  sci_group_base.group_4                                                 176ms
  sci_group_base.group_5                                                 174ms
  sci_group_base.group_6                                                 94ms
  sci_group_base.group_7                                                 176ms
  sci_group_base.group_8                                                 89ms
  sci_group_base.group_9                                                 108ms
  sci_user.user_1                                                        85ms
  sci_user.user_10                                                       97ms
  sci_user.user_11                                                       108ms
  sci_user.user_12                                                       84ms
  sci_user.user_13                                                       176ms
  sci_user.user_14                                                       103ms
  sci_user.user_15                                                       85ms
  sci_user.user_16                                                       88ms
  sci_user.user_17                                                       88ms
  sci_user.user_18                                                       164ms
  sci_user.user_19                                                       99ms
  sci_user.user_2                                                        94ms
  sci_user.user_20                                                       76ms
  sci_user.user_21                                                       95ms
  sci_user.user_22                                                       93ms
  sci_user.user_23                                                       91ms
  sci_user.user_24                                                       101ms
  sci_user.user_25                                                       100ms
  sci_user.user_3                                                        100ms
  sci_user.user_4                                                        94ms
  sci_user.user_5                                                        92ms
  sci_user.user_6                                                        97ms
  sci_user.user_7                                                        100ms
  sci_user.user_8                                                        92ms
  sci_user.user_9                                                        87ms


Final results:
-------                                              ------------    -----------    -----------
Element                                              Average (ms)   Minimum (ms)   Maximum (ms)
btp_directory.directory_1                                 4435.05            332          12688
btp_directory.directory_2                                 6052.60            604          17660
btp_directory.directory_3                                 3856.80            273          16980
btp_directory.directory_4                                 5012.35            133          18161
btp_directory.directory_5                                 3937.90            274          13335
btp_subaccount.subaccount_1                               1557.45             47           6604
btp_subaccount.subaccount_2                               1603.85            217           6311
btp_subaccount.subaccount_3                               2454.95            851           6374
btp_subaccount.subaccount_4                               2038.35            147           6894
btp_subaccount.subaccount_5                               1532.20            313           7121
btp_subaccount_destination_generic.destination_1          3245.05            493          10457
btp_subaccount_destination_generic.destination_10         1766.40            163          11793
btp_subaccount_destination_generic.destination_2          1560.20            157           5047
btp_subaccount_destination_generic.destination_3          2677.95            475          10647
btp_subaccount_destination_generic.destination_4          1985.25            164           6236
btp_subaccount_destination_generic.destination_5          2656.20            261           7829
btp_subaccount_destination_generic.destination_6          3045.95            382          12728
btp_subaccount_destination_generic.destination_7          1780.90            386           6088
btp_subaccount_destination_generic.destination_8          2292.15            219           6581
btp_subaccount_destination_generic.destination_9          1457.60            341           6488
btp_subaccount_entitlement.entitlement_1                 17058.45          12829          24653
btp_subaccount_entitlement.entitlement_10                17207.25          11598          26195
btp_subaccount_entitlement.entitlement_11                19060.10          11929          32655
btp_subaccount_entitlement.entitlement_12                17200.10          12227          27682
btp_subaccount_entitlement.entitlement_13                16972.00          12070          29240
btp_subaccount_entitlement.entitlement_14                18188.15          11209          31152
btp_subaccount_entitlement.entitlement_15                17833.20          12559          24772
btp_subaccount_entitlement.entitlement_16                15961.45          10747          26328
btp_subaccount_entitlement.entitlement_17                16590.75          11379          26091
btp_subaccount_entitlement.entitlement_18                17364.75          11688          25193
btp_subaccount_entitlement.entitlement_19                17641.35          10517          25823
btp_subaccount_entitlement.entitlement_2                 17533.25          10734          27623
btp_subaccount_entitlement.entitlement_20                16535.65          11542          26114
btp_subaccount_entitlement.entitlement_3                 16401.70          12157          26559
btp_subaccount_entitlement.entitlement_4                 17885.35          10911          28690
btp_subaccount_entitlement.entitlement_5                 17209.25          11700          29796
btp_subaccount_entitlement.entitlement_6                 15766.30          11169          28127
btp_subaccount_entitlement.entitlement_7                 16529.35          11783          24597
btp_subaccount_entitlement.entitlement_8                 16212.80          11686          24580
btp_subaccount_entitlement.entitlement_9                 17185.20          11933          26878
btp_subaccount_environment_instance.cloudfoundry_1        3270.05            812          11250
btp_subaccount_environment_instance.cloudfoundry_2        3305.95            349          11994
btp_subaccount_environment_instance.cloudfoundry_3        1560.80            741           4033
btp_subaccount_environment_instance.cloudfoundry_4        2817.80            675           6890
btp_subaccount_environment_instance.cloudfoundry_5        2808.05            401          10854
btp_subaccount_role.role_1                                1886.60            188           6579
btp_subaccount_role.role_10                               2544.30            298           6953
btp_subaccount_role.role_2                                1965.10            215           4946
btp_subaccount_role.role_3                                1866.30            170           6546
btp_subaccount_role.role_4                                2778.05            121           6739
btp_subaccount_role.role_5                                1847.60            454           6106
btp_subaccount_role.role_6                                1213.95            172           1881
btp_subaccount_role.role_7                                1553.80            149           6584
btp_subaccount_role.role_8                                2735.00            214           7763
btp_subaccount_role.role_9                                2714.15            370          12210
btp_subaccount_role_collection.collection_1               2429.40            158           6297
btp_subaccount_role_collection.collection_10              1556.55            324           5102
btp_subaccount_role_collection.collection_11              3106.85            287           7703
btp_subaccount_role_collection.collection_12              1611.75            336           6330
btp_subaccount_role_collection.collection_13              2213.05            418           6958
btp_subaccount_role_collection.collection_14              1372.10            188           6422
btp_subaccount_role_collection.collection_15              2035.05            147           7378
btp_subaccount_role_collection.collection_2               1476.85            472           7672
btp_subaccount_role_collection.collection_3               1237.70            210           6372
btp_subaccount_role_collection.collection_4               1216.80            147           4816
btp_subaccount_role_collection.collection_5               2045.95            222          11423
btp_subaccount_role_collection.collection_6               2270.55            211           9810
btp_subaccount_role_collection.collection_7               1494.75            247           5638
btp_subaccount_role_collection.collection_8               1438.15            187           6222
btp_subaccount_role_collection.collection_9               1948.30            341           7667
btp_subaccount_service_instance.instance_1                8082.05           1713          27632
btp_subaccount_service_instance.instance_10               7917.60            867          16330
btp_subaccount_service_instance.instance_2                7959.95           1328          21595
btp_subaccount_service_instance.instance_3                7227.10           2459          20593
btp_subaccount_service_instance.instance_4                5899.50            875          15685
btp_subaccount_service_instance.instance_5                7779.25            799          17543
btp_subaccount_service_instance.instance_6                7808.95           1329          17771
btp_subaccount_service_instance.instance_7                6672.60           1055          14393
btp_subaccount_service_instance.instance_8                8074.00           2375          21375
btp_subaccount_service_instance.instance_9                5531.30            791          14880
btp_subaccount_subscription.subscription_1                6406.50           1884          13757
btp_subaccount_subscription.subscription_10               4708.65           1154          13778
btp_subaccount_subscription.subscription_11               4219.15           1299          12599
btp_subaccount_subscription.subscription_12               6231.90           1467          16495
btp_subaccount_subscription.subscription_13               6438.60           2473          13515
btp_subaccount_subscription.subscription_14               6244.65            615          18171
btp_subaccount_subscription.subscription_15               4181.95           1235          11934
btp_subaccount_subscription.subscription_2                6173.20           1807          13663
btp_subaccount_subscription.subscription_3                4695.50            963           8425
btp_subaccount_subscription.subscription_4                5846.80            892          13245
btp_subaccount_subscription.subscription_5                6672.15           1484          15658
btp_subaccount_subscription.subscription_6                6415.95           1210          16021
btp_subaccount_subscription.subscription_7                5381.80            807          16323
btp_subaccount_subscription.subscription_8                4965.40            863          14458
btp_subaccount_subscription.subscription_9                5635.70            732          13660
btp_subaccount_trust_configuration.trust_1                2390.30            194          11750
btp_subaccount_trust_configuration.trust_2                2893.55            485           7513
btp_subaccount_trust_configuration.trust_3                1979.00            175           6284
btp_subaccount_trust_configuration.trust_4                1802.25            492           6843
btp_subaccount_trust_configuration.trust_5                2883.95            174          11804
cloudfoundry_service_instance.instance_1                    46.00             35             75
cloudfoundry_service_instance.instance_10                   50.65             34             85
cloudfoundry_service_instance.instance_11                   47.30             36             76
cloudfoundry_service_instance.instance_12                   66.30             34            271
cloudfoundry_service_instance.instance_13                   47.85             34             78
cloudfoundry_service_instance.instance_14                   46.05             34             78
cloudfoundry_service_instance.instance_15                   56.95             37            247
cloudfoundry_service_instance.instance_16                   52.50             33            195
cloudfoundry_service_instance.instance_17                   46.45             35             75
cloudfoundry_service_instance.instance_18                   44.10             35             62
cloudfoundry_service_instance.instance_19                   49.70             36            138
cloudfoundry_service_instance.instance_2                    57.75             36            229
cloudfoundry_service_instance.instance_20                   49.85             34             89
cloudfoundry_service_instance.instance_3                    46.05             34             79
cloudfoundry_service_instance.instance_4                    60.20             35            251
cloudfoundry_service_instance.instance_5                    48.10             36             77
cloudfoundry_service_instance.instance_6                    47.75             34             70
cloudfoundry_service_instance.instance_7                    45.05             33             74
cloudfoundry_service_instance.instance_8                    48.55             36             78
cloudfoundry_service_instance.instance_9                    47.40             36             71
cloudfoundry_space.space_1                                 112.85             84            320
cloudfoundry_space.space_10                                127.15             92            354
cloudfoundry_space.space_2                                 120.45             93            269
cloudfoundry_space.space_3                                 117.20             90            338
cloudfoundry_space.space_4                                 103.15             90            135
cloudfoundry_space.space_5                                 114.30             90            169
cloudfoundry_space.space_6                                 108.25             85            141
cloudfoundry_space.space_7                                 106.80             89            162
cloudfoundry_space.space_8                                 116.70             97            143
cloudfoundry_space.space_9                                 121.10             89            280
scc_subaccount.subaccount_1                               5425.50            591          31261
scc_subaccount.subaccount_2                               5643.50            513          31142
scc_subaccount.subaccount_3                               6215.90            564          37345
scc_subaccount.subaccount_4                               5235.50            533          36696
scc_subaccount.subaccount_5                               6624.65            537          37053
scc_system_mapping.system_1                                 67.80             52            139
scc_system_mapping.system_10                               109.40             50            539
scc_system_mapping.system_2                                 65.80             52            145
scc_system_mapping.system_3                                 80.20             52            202
scc_system_mapping.system_4                                 75.85             52            160
scc_system_mapping.system_5                                 90.90             51            532
scc_system_mapping.system_6                                 66.30             53            136
scc_system_mapping.system_7                                 71.85             52            161
scc_system_mapping.system_8                                 98.25             52            530
scc_system_mapping.system_9                                 77.85             53            182
scc_system_mapping_resource.resource_1                     110.45             51            480
scc_system_mapping_resource.resource_10                    131.70             50           1270
scc_system_mapping_resource.resource_11                     60.60             50            134
scc_system_mapping_resource.resource_12                     88.70             51            188
scc_system_mapping_resource.resource_13                     96.40             51            529
scc_system_mapping_resource.resource_14                     76.40             51            139
scc_system_mapping_resource.resource_15                    103.70             52            563
scc_system_mapping_resource.resource_16                     65.55             51            132
scc_system_mapping_resource.resource_17                     71.55             51            135
scc_system_mapping_resource.resource_18                     75.05             53            164
scc_system_mapping_resource.resource_19                    108.80             53            491
scc_system_mapping_resource.resource_2                      81.90             53            146
scc_system_mapping_resource.resource_20                     81.55             51            326
scc_system_mapping_resource.resource_3                      90.70             50            150
scc_system_mapping_resource.resource_4                      71.35             53            144
scc_system_mapping_resource.resource_5                      76.25             51            202
scc_system_mapping_resource.resource_6                      67.30             50            213
scc_system_mapping_resource.resource_7                      65.95             50            146
scc_system_mapping_resource.resource_8                      77.25             52            146
scc_system_mapping_resource.resource_9                     109.45             51            502
sci_application.app_1                                      140.25            103            218
sci_application.app_10                                     134.55            109            260
sci_application.app_2                                      131.50            106            189
sci_application.app_3                                      138.45            113            196
sci_application.app_4                                      161.50            115            341
sci_application.app_5                                      155.00            116            257
sci_application.app_6                                      128.15            113            181
sci_application.app_7                                      138.65            107            213
sci_application.app_8                                      148.80            101            250
sci_application.app_9                                      134.00            114            260
sci_group_base.group_1                                     102.40             84            165
sci_group_base.group_10                                    103.65             83            172
sci_group_base.group_11                                    102.80             82            172
sci_group_base.group_12                                    102.95             81            167
sci_group_base.group_13                                    130.80             84            312
sci_group_base.group_14                                    105.70             83            172
sci_group_base.group_15                                     99.70             83            158
sci_group_base.group_2                                      97.20             81            158
sci_group_base.group_3                                     106.85             85            207
sci_group_base.group_4                                     117.50             86            340
sci_group_base.group_5                                     112.70             83            208
sci_group_base.group_6                                     103.75             80            224
sci_group_base.group_7                                     103.85             85            176
sci_group_base.group_8                                      97.60             85            161
sci_group_base.group_9                                     115.25             83            255
sci_user.user_1                                             99.20             83            178
sci_user.user_10                                           100.55             77            166
sci_user.user_11                                           116.40             83            307
sci_user.user_12                                            96.50             78            196
sci_user.user_13                                           116.45             80            235
sci_user.user_14                                           103.30             77            252
sci_user.user_15                                           114.25             80            307
sci_user.user_16                                           101.10             81            179
sci_user.user_17                                           108.05             84            183
sci_user.user_18                                           102.25             78            193
sci_user.user_19                                           105.80             81            186
sci_user.user_2                                            107.80             78            167
sci_user.user_20                                           108.90             76            296
sci_user.user_21                                            97.15             83            164
sci_user.user_22                                           122.35             80            396
sci_user.user_23                                           107.60             81            216
sci_user.user_24                                           110.30             83            174
sci_user.user_25                                           101.55             77            163
sci_user.user_3                                            101.40             76            198
sci_user.user_4                                             96.75             81            145
sci_user.user_5                                            101.80             81            188
sci_user.user_6                                            108.85             77            234
sci_user.user_7                                             98.55             79            148
sci_user.user_8                                            116.55             86            254
sci_user.user_9                                            113.65             82            213

Grouped results:
-------                                 ------------    -----------    -----------
Element                                 Average (ms)   Minimum (ms)   Maximum (ms)
btp_directory.*                              4658.94            133          18161
btp_subaccount.*                             1837.36             47           7121
btp_subaccount_destination_generic.*         2246.76            157          12728
btp_subaccount_entitlement.*                17116.82          10517          32655
btp_subaccount_environment_instance.*        2752.53            349          11994
btp_subaccount_role.*                        2110.49            121          12210
btp_subaccount_role_collection.*             1830.25            147          11423
btp_subaccount_service_instance.*            7295.23            791          27632
btp_subaccount_subscription.*                5614.53            615          18171
btp_subaccount_trust_configuration.*         2389.81            174          11804
cloudfoundry_service_instance.*                50.23             33            271
cloudfoundry_space.*                          114.80             84            354
scc_subaccount.*                             5829.01            513          37345
scc_system_mapping.*                           80.42             50            539
scc_system_mapping_resource.*                  85.53             50           1270
sci_application.*                             141.09            101            341
sci_group_base.*                              106.85             80            340
sci_user.*                                    106.28             76            396

Total wall-clock time: 1484.198210s
Average wall-clock time: 74.209911s
Minimum wall-clock time: 53.731885s
Maximum wall-clock time: 98.926719s
Total Ressources: 215
