Running terraform plan -refresh-only 100 time(s)

Run 1/100:
  Total run time: 16.432485s
  btp_directory.directory                                                3246ms
  btp_subaccount.subaccount                                              1878ms
  btp_subaccount_destination_generic.destination                         1525ms
  btp_subaccount_entitlement.entitlement                                 14964ms
  btp_subaccount_environment_instance.cloudfoundry                       2800ms
  btp_subaccount_role.role                                               673ms
  btp_subaccount_role_collection.collection                              905ms
  btp_subaccount_subscription.subscription                               3996ms
  btp_subaccount_trust_configuration.trust                               360ms
  cloudfoundry_service_instance.instance                                 51ms
  cloudfoundry_space.space                                               144ms
  scc_subaccount.subaccount                                              5852ms
  scc_system_mapping.system                                              224ms
  scc_system_mapping_resource.resource                                   221ms
  sci_application.app                                                    369ms
  sci_group_base.group                                                   402ms
  sci_user.user                                                          370ms


Run 2/100:
  Total run time: 13.691389s
  btp_directory.directory                                                2714ms
  btp_subaccount_destination_generic.destination                         1087ms
  btp_subaccount_environment_instance.cloudfoundry                       1957ms
  btp_subaccount_role.role                                               505ms
  btp_subaccount_role_collection.collection                              862ms
  btp_subaccount_service_instance.instance                               3412ms
  btp_subaccount_subscription.subscription                               3140ms
  cloudfoundry_service_instance.instance                                 80ms
  cloudfoundry_space.space                                               157ms
  scc_subaccount.subaccount                                              763ms
  scc_system_mapping.system                                              194ms
  scc_system_mapping_resource.resource                                   204ms
  sci_application.app                                                    242ms
  sci_group_base.group                                                   233ms
  sci_user.user                                                          247ms


Run 3/100:
  Total run time: 13.742317s
  btp_directory.directory                                                2603ms
  btp_subaccount.subaccount                                              2043ms
  btp_subaccount_destination_generic.destination                         1419ms
  btp_subaccount_entitlement.entitlement                                 12675ms
  btp_subaccount_environment_instance.cloudfoundry                       713ms
  btp_subaccount_role.role                                               1191ms
  btp_subaccount_role_collection.collection                              973ms
  btp_subaccount_service_instance.instance                               7982ms
  btp_subaccount_subscription.subscription                               3001ms
  btp_subaccount_trust_configuration.trust                               1947ms
  cloudfoundry_service_instance.instance                                 64ms
  cloudfoundry_space.space                                               161ms
  scc_subaccount.subaccount                                              3287ms
  scc_system_mapping.system                                              183ms
  scc_system_mapping_resource.resource                                   139ms
  sci_application.app                                                    288ms
  sci_group_base.group                                                   271ms
  sci_user.user                                                          243ms


Run 4/100:
  Total run time: 14.046105s
  btp_directory.directory                                                2926ms
  btp_subaccount.subaccount                                              877ms
  btp_subaccount_destination_generic.destination                         211ms
  btp_subaccount_entitlement.entitlement                                 12961ms
  btp_subaccount_environment_instance.cloudfoundry                       640ms
  btp_subaccount_role.role                                               1985ms
  btp_subaccount_role_collection.collection                              1934ms
  btp_subaccount_service_instance.instance                               3711ms
  btp_subaccount_subscription.subscription                               2802ms
  btp_subaccount_trust_configuration.trust                               1170ms
  cloudfoundry_service_instance.instance                                 70ms
  cloudfoundry_space.space                                               192ms
  scc_system_mapping.system                                              194ms
  scc_system_mapping_resource.resource                                   219ms
  sci_application.app                                                    241ms
  sci_group_base.group                                                   217ms
  sci_user.user                                                          201ms


Run 5/100:
  Total run time: 16.550215s
  btp_directory.directory                                                2993ms
  btp_subaccount.subaccount                                              3191ms
  btp_subaccount_entitlement.entitlement                                 15354ms
  btp_subaccount_environment_instance.cloudfoundry                       2765ms
  btp_subaccount_role.role                                               4420ms
  btp_subaccount_role_collection.collection                              3535ms
  btp_subaccount_service_instance.instance                               6199ms
  btp_subaccount_subscription.subscription                               5244ms
  btp_subaccount_trust_configuration.trust                               2987ms
  cloudfoundry_service_instance.instance                                 56ms
  cloudfoundry_space.space                                               143ms
  scc_subaccount.subaccount                                              4208ms
  scc_system_mapping.system                                              188ms
  scc_system_mapping_resource.resource                                   191ms
  sci_application.app                                                    240ms
  sci_group_base.group                                                   248ms
  sci_user.user                                                          229ms


Run 6/100:
  Total run time: 15.042821s
  btp_directory.directory                                                3425ms
  btp_subaccount.subaccount                                              2380ms
  btp_subaccount_destination_generic.destination                         2187ms
  btp_subaccount_entitlement.entitlement                                 13870ms
  btp_subaccount_role.role                                               2084ms
  btp_subaccount_role_collection.collection                              1798ms
  btp_subaccount_service_instance.instance                               3817ms
  btp_subaccount_subscription.subscription                               3270ms
  btp_subaccount_trust_configuration.trust                               910ms
  cloudfoundry_service_instance.instance                                 76ms
  cloudfoundry_space.space                                               132ms
  scc_subaccount.subaccount                                              732ms
  scc_system_mapping.system                                              190ms
  scc_system_mapping_resource.resource                                   182ms
  sci_application.app                                                    262ms
  sci_group_base.group                                                   245ms
  sci_user.user                                                          244ms


Run 7/100:
  Total run time: 14.998658s
  btp_directory.directory                                                2890ms
  btp_subaccount.subaccount                                              1535ms
  btp_subaccount_destination_generic.destination                         514ms
  btp_subaccount_entitlement.entitlement                                 13908ms
  btp_subaccount_environment_instance.cloudfoundry                       1170ms
  btp_subaccount_role.role                                               2153ms
  btp_subaccount_role_collection.collection                              261ms
  btp_subaccount_service_instance.instance                               3824ms
  btp_subaccount_subscription.subscription                               3250ms
  btp_subaccount_trust_configuration.trust                               1732ms
  cloudfoundry_service_instance.instance                                 69ms
  cloudfoundry_space.space                                               147ms
  scc_subaccount.subaccount                                              701ms
  scc_system_mapping.system                                              196ms
  scc_system_mapping_resource.resource                                   205ms
  sci_application.app                                                    310ms
  sci_group_base.group                                                   311ms
  sci_user.user                                                          311ms


Run 8/100:
  Total run time: 18.172611s
  btp_directory.directory                                                5528ms
  btp_subaccount.subaccount                                              4756ms
  btp_subaccount_destination_generic.destination                         5193ms
  btp_subaccount_entitlement.entitlement                                 17064ms
  btp_subaccount_environment_instance.cloudfoundry                       4696ms
  btp_subaccount_role.role                                               4960ms
  btp_subaccount_role_collection.collection                              5207ms
  btp_subaccount_subscription.subscription                               6093ms
  btp_subaccount_trust_configuration.trust                               968ms
  cloudfoundry_service_instance.instance                                 64ms
  cloudfoundry_space.space                                               198ms
  scc_subaccount.subaccount                                              708ms
  scc_system_mapping.system                                              192ms
  scc_system_mapping_resource.resource                                   188ms
  sci_application.app                                                    257ms
  sci_group_base.group                                                   253ms
  sci_user.user                                                          247ms


Run 9/100:
  Total run time: 15.209883s
  btp_directory.directory                                                3002ms
  btp_subaccount.subaccount                                              2165ms
  btp_subaccount_destination_generic.destination                         2101ms
  btp_subaccount_entitlement.entitlement                                 13650ms
  btp_subaccount_environment_instance.cloudfoundry                       1546ms
  btp_subaccount_role.role                                               896ms
  btp_subaccount_role_collection.collection                              274ms
  btp_subaccount_service_instance.instance                               3855ms
  btp_subaccount_subscription.subscription                               3411ms
  btp_subaccount_trust_configuration.trust                               2185ms
  cloudfoundry_service_instance.instance                                 78ms
  cloudfoundry_space.space                                               201ms
  scc_subaccount.subaccount                                              750ms
  scc_system_mapping.system                                              218ms
  scc_system_mapping_resource.resource                                   224ms
  sci_application.app                                                    311ms
  sci_group_base.group                                                   268ms
  sci_user.user                                                          252ms


Run 10/100:
  Total run time: 14.714416s
  btp_directory.directory                                                1756ms
  btp_subaccount.subaccount                                              511ms
  btp_subaccount_destination_generic.destination                         1860ms
  btp_subaccount_entitlement.entitlement                                 13631ms
  btp_subaccount_environment_instance.cloudfoundry                       1845ms
  btp_subaccount_role.role                                               449ms
  btp_subaccount_role_collection.collection                              723ms
  btp_subaccount_service_instance.instance                               3460ms
  btp_subaccount_subscription.subscription                               3000ms
  btp_subaccount_trust_configuration.trust                               1610ms
  cloudfoundry_service_instance.instance                                 57ms
  cloudfoundry_space.space                                               151ms
  scc_subaccount.subaccount                                              799ms
  scc_system_mapping.system                                              181ms
  scc_system_mapping_resource.resource                                   184ms
  sci_application.app                                                    274ms
  sci_group_base.group                                                   202ms
  sci_user.user                                                          223ms


Run 11/100:
  Total run time: 13.797481s
  btp_directory.directory                                                2217ms
  btp_subaccount.subaccount                                              1530ms
  btp_subaccount_destination_generic.destination                         1738ms
  btp_subaccount_entitlement.entitlement                                 12827ms
  btp_subaccount_environment_instance.cloudfoundry                       408ms
  btp_subaccount_role.role                                               850ms
  btp_subaccount_role_collection.collection                              615ms
  btp_subaccount_service_instance.instance                               3340ms
  btp_subaccount_subscription.subscription                               2637ms
  btp_subaccount_trust_configuration.trust                               1721ms
  cloudfoundry_service_instance.instance                                 56ms
  cloudfoundry_space.space                                               143ms
  scc_subaccount.subaccount                                              5719ms
  scc_system_mapping.system                                              189ms
  scc_system_mapping_resource.resource                                   199ms
  sci_application.app                                                    244ms
  sci_group_base.group                                                   213ms
  sci_user.user                                                          211ms


Run 12/100:
  Total run time: 13.604030s
  btp_directory.directory                                                2014ms
  btp_subaccount.subaccount                                              1816ms
  btp_subaccount_destination_generic.destination                         1359ms
  btp_subaccount_environment_instance.cloudfoundry                       908ms
  btp_subaccount_role.role                                               2237ms
  btp_subaccount_role_collection.collection                              1880ms
  btp_subaccount_service_instance.instance                               3569ms
  btp_subaccount_subscription.subscription                               3203ms
  btp_subaccount_trust_configuration.trust                               1167ms
  cloudfoundry_service_instance.instance                                 84ms
  cloudfoundry_space.space                                               155ms
  scc_subaccount.subaccount                                              719ms
  scc_system_mapping_resource.resource                                   181ms
  sci_application.app                                                    225ms
  sci_group_base.group                                                   215ms
  sci_user.user                                                          202ms


Run 13/100:
  Total run time: 15.014400s
  btp_directory.directory                                                3245ms
  btp_subaccount.subaccount                                              1301ms
  btp_subaccount_destination_generic.destination                         653ms
  btp_subaccount_entitlement.entitlement                                 13875ms
  btp_subaccount_role.role                                               225ms
  btp_subaccount_role_collection.collection                              1840ms
  btp_subaccount_service_instance.instance                               3648ms
  btp_subaccount_trust_configuration.trust                               1895ms
  cloudfoundry_service_instance.instance                                 77ms
  cloudfoundry_space.space                                               152ms
  scc_subaccount.subaccount                                              756ms
  scc_system_mapping.system                                              223ms
  scc_system_mapping_resource.resource                                   213ms
  sci_application.app                                                    255ms
  sci_group_base.group                                                   222ms
  sci_user.user                                                          227ms


Run 14/100:
  Total run time: 14.169018s
  btp_directory.directory                                                2180ms
  btp_subaccount.subaccount                                              1772ms
  btp_subaccount_destination_generic.destination                         192ms
  btp_subaccount_entitlement.entitlement                                 13120ms
  btp_subaccount_environment_instance.cloudfoundry                       1584ms
  btp_subaccount_role.role                                               1800ms
  btp_subaccount_role_collection.collection                              1212ms
  btp_subaccount_service_instance.instance                               3156ms
  btp_subaccount_subscription.subscription                               2510ms
  btp_subaccount_trust_configuration.trust                               604ms
  cloudfoundry_service_instance.instance                                 88ms
  cloudfoundry_space.space                                               156ms
  scc_subaccount.subaccount                                              830ms
  scc_system_mapping.system                                              204ms
  scc_system_mapping_resource.resource                                   267ms
  sci_application.app                                                    272ms
  sci_group_base.group                                                   246ms
  sci_user.user                                                          216ms


Run 15/100:
  Total run time: 14.197008s
  btp_subaccount.subaccount                                              1322ms
  btp_subaccount_destination_generic.destination                         847ms
  btp_subaccount_environment_instance.cloudfoundry                       1757ms
  btp_subaccount_role.role                                               1997ms
  btp_subaccount_role_collection.collection                              1058ms
  btp_subaccount_service_instance.instance                               3209ms
  btp_subaccount_subscription.subscription                               3180ms
  btp_subaccount_trust_configuration.trust                               1249ms
  cloudfoundry_service_instance.instance                                 70ms
  cloudfoundry_space.space                                               171ms
  scc_subaccount.subaccount                                              683ms
  scc_system_mapping.system                                              199ms
  scc_system_mapping_resource.resource                                   192ms
  sci_group_base.group                                                   241ms
  sci_user.user                                                          247ms


Run 16/100:
  Total run time: 14.181177s
  btp_directory.directory                                                3210ms
  btp_subaccount.subaccount                                              2279ms
  btp_subaccount_destination_generic.destination                         2174ms
  btp_subaccount_environment_instance.cloudfoundry                       1719ms
  btp_subaccount_role_collection.collection                              725ms
  btp_subaccount_service_instance.instance                               3792ms
  btp_subaccount_subscription.subscription                               2973ms
  btp_subaccount_trust_configuration.trust                               222ms
  cloudfoundry_service_instance.instance                                 68ms
  cloudfoundry_space.space                                               139ms
  scc_subaccount.subaccount                                              699ms
  scc_system_mapping_resource.resource                                   179ms
  sci_application.app                                                    244ms
  sci_group_base.group                                                   224ms
  sci_user.user                                                          228ms


Run 17/100:
  Total run time: 14.108248s
  btp_directory.directory                                                2588ms
  btp_subaccount.subaccount                                              1286ms
  btp_subaccount_destination_generic.destination                         927ms
  btp_subaccount_environment_instance.cloudfoundry                       1945ms
  btp_subaccount_role.role                                               181ms
  btp_subaccount_role_collection.collection                              1565ms
  btp_subaccount_service_instance.instance                               3358ms
  btp_subaccount_subscription.subscription                               2075ms
  btp_subaccount_trust_configuration.trust                               731ms
  cloudfoundry_service_instance.instance                                 69ms
  cloudfoundry_space.space                                               154ms
  scc_subaccount.subaccount                                              702ms
  scc_system_mapping.system                                              194ms
  scc_system_mapping_resource.resource                                   195ms
  sci_application.app                                                    255ms
  sci_group_base.group                                                   252ms
  sci_user.user                                                          239ms


Run 18/100:
  Total run time: 14.103229s
  btp_directory.directory                                                2359ms
  btp_subaccount.subaccount                                              1194ms
  btp_subaccount_destination_generic.destination                         408ms
  btp_subaccount_entitlement.entitlement                                 12988ms
  btp_subaccount_environment_instance.cloudfoundry                       2081ms
  btp_subaccount_role.role                                               661ms
  btp_subaccount_role_collection.collection                              206ms
  btp_subaccount_service_instance.instance                               3406ms
  btp_subaccount_subscription.subscription                               2874ms
  cloudfoundry_service_instance.instance                                 67ms
  cloudfoundry_space.space                                               147ms
  scc_subaccount.subaccount                                              731ms
  scc_system_mapping_resource.resource                                   198ms
  sci_application.app                                                    251ms
  sci_group_base.group                                                   236ms
  sci_user.user                                                          236ms


Run 19/100:
  Total run time: 13.323142s
  btp_directory.directory                                                2174ms
  btp_subaccount.subaccount                                              335ms
  btp_subaccount_destination_generic.destination                         979ms
  btp_subaccount_entitlement.entitlement                                 12180ms
  btp_subaccount_environment_instance.cloudfoundry                       1836ms
  btp_subaccount_role.role                                               1422ms
  btp_subaccount_role_collection.collection                              2060ms
  btp_subaccount_service_instance.instance                               3454ms
  btp_subaccount_subscription.subscription                               2764ms
  btp_subaccount_trust_configuration.trust                               1218ms
  cloudfoundry_service_instance.instance                                 57ms
  cloudfoundry_space.space                                               151ms
  scc_subaccount.subaccount                                              753ms
  scc_system_mapping.system                                              66ms
  scc_system_mapping_resource.resource                                   180ms
  sci_application.app                                                    240ms
  sci_group_base.group                                                   253ms
  sci_user.user                                                          229ms


Run 20/100:
  Total run time: 14.147317s
  btp_directory.directory                                                2997ms
  btp_subaccount.subaccount                                              482ms
  btp_subaccount_destination_generic.destination                         2161ms
  btp_subaccount_entitlement.entitlement                                 13041ms
  btp_subaccount_role.role                                               899ms
  btp_subaccount_role_collection.collection                              202ms
  btp_subaccount_service_instance.instance                               3478ms
  btp_subaccount_subscription.subscription                               2929ms
  btp_subaccount_trust_configuration.trust                               702ms
  cloudfoundry_service_instance.instance                                 68ms
  cloudfoundry_space.space                                               157ms
  scc_subaccount.subaccount                                              1912ms
  scc_system_mapping.system                                              211ms
  scc_system_mapping_resource.resource                                   211ms
  sci_application.app                                                    244ms
  sci_group_base.group                                                   232ms
  sci_user.user                                                          231ms


Run 21/100:
  Total run time: 14.041164s
  btp_directory.directory                                                2551ms
  btp_subaccount.subaccount                                              1446ms
  btp_subaccount_destination_generic.destination                         253ms
  btp_subaccount_entitlement.entitlement                                 13015ms
  btp_subaccount_environment_instance.cloudfoundry                       1730ms
  btp_subaccount_role.role                                               645ms
  btp_subaccount_role_collection.collection                              447ms
  btp_subaccount_service_instance.instance                               3109ms
  btp_subaccount_trust_configuration.trust                               1197ms
  cloudfoundry_service_instance.instance                                 54ms
  cloudfoundry_space.space                                               184ms
  scc_subaccount.subaccount                                              705ms
  scc_system_mapping.system                                              239ms
  scc_system_mapping_resource.resource                                   185ms
  sci_application.app                                                    237ms
  sci_group_base.group                                                   215ms
  sci_user.user                                                          214ms


Run 22/100:
  Total run time: 14.805648s
  btp_directory.directory                                                2868ms
  btp_subaccount.subaccount                                              945ms
  btp_subaccount_entitlement.entitlement                                 13470ms
  btp_subaccount_environment_instance.cloudfoundry                       1560ms
  btp_subaccount_role.role                                               693ms
  btp_subaccount_role_collection.collection                              268ms
  btp_subaccount_service_instance.instance                               8561ms
  btp_subaccount_subscription.subscription                               3057ms
  btp_subaccount_trust_configuration.trust                               474ms
  cloudfoundry_service_instance.instance                                 57ms
  cloudfoundry_space.space                                               143ms
  scc_subaccount.subaccount                                              3335ms
  scc_system_mapping_resource.resource                                   195ms
  sci_application.app                                                    253ms
  sci_group_base.group                                                   264ms
  sci_user.user                                                          222ms


Run 23/100:
  Total run time: 14.734240s
  btp_directory.directory                                                2380ms
  btp_subaccount.subaccount                                              374ms
  btp_subaccount_destination_generic.destination                         569ms
  btp_subaccount_entitlement.entitlement                                 13326ms
  btp_subaccount_environment_instance.cloudfoundry                       1881ms
  btp_subaccount_role.role                                               1026ms
  btp_subaccount_service_instance.instance                               3571ms
  btp_subaccount_subscription.subscription                               2752ms
  cloudfoundry_service_instance.instance                                 73ms
  cloudfoundry_space.space                                               179ms
  scc_subaccount.subaccount                                              716ms
  scc_system_mapping.system                                              189ms
  scc_system_mapping_resource.resource                                   181ms
  sci_application.app                                                    245ms
  sci_group_base.group                                                   227ms
  sci_user.user                                                          217ms


Run 24/100:
  Total run time: 19.296415s
  btp_directory.directory                                                3211ms
  btp_subaccount.subaccount                                              2497ms
  btp_subaccount_destination_generic.destination                         253ms
  btp_subaccount_entitlement.entitlement                                 17985ms
  btp_subaccount_role.role                                               1797ms
  btp_subaccount_role_collection.collection                              2029ms
  btp_subaccount_service_instance.instance                               3822ms
  btp_subaccount_subscription.subscription                               3316ms
  cloudfoundry_service_instance.instance                                 62ms
  cloudfoundry_space.space                                               129ms
  scc_subaccount.subaccount                                              3095ms
  scc_system_mapping.system                                              199ms
  scc_system_mapping_resource.resource                                   208ms
  sci_application.app                                                    276ms
  sci_group_base.group                                                   239ms
  sci_user.user                                                          239ms


Run 25/100:
  Total run time: 14.435623s
  btp_directory.directory                                                2325ms
  btp_subaccount.subaccount                                              1014ms
  btp_subaccount_destination_generic.destination                         1821ms
  btp_subaccount_entitlement.entitlement                                 13297ms
  btp_subaccount_environment_instance.cloudfoundry                       1843ms
  btp_subaccount_role_collection.collection                              534ms
  btp_subaccount_service_instance.instance                               3208ms
  btp_subaccount_subscription.subscription                               2754ms
  btp_subaccount_trust_configuration.trust                               294ms
  cloudfoundry_service_instance.instance                                 79ms
  cloudfoundry_space.space                                               166ms
  scc_subaccount.subaccount                                              773ms
  scc_system_mapping.system                                              195ms
  scc_system_mapping_resource.resource                                   201ms
  sci_application.app                                                    286ms
  sci_group_base.group                                                   276ms
  sci_user.user                                                          271ms


Run 26/100:
  Total run time: 14.950608s
  btp_directory.directory                                                2891ms
  btp_subaccount.subaccount                                              1199ms
  btp_subaccount_destination_generic.destination                         684ms
  btp_subaccount_entitlement.entitlement                                 13638ms
  btp_subaccount_role.role                                               439ms
  btp_subaccount_role_collection.collection                              2122ms
  btp_subaccount_service_instance.instance                               3786ms
  btp_subaccount_subscription.subscription                               3371ms
  btp_subaccount_trust_configuration.trust                               271ms
  cloudfoundry_service_instance.instance                                 57ms
  cloudfoundry_space.space                                               156ms
  scc_subaccount.subaccount                                              5738ms
  scc_system_mapping.system                                              195ms
  scc_system_mapping_resource.resource                                   196ms
  sci_application.app                                                    236ms
  sci_group_base.group                                                   206ms
  sci_user.user                                                          206ms


Run 27/100:
  Total run time: 13.950080s
  btp_directory.directory                                                2896ms
  btp_subaccount.subaccount                                              578ms
  btp_subaccount_destination_generic.destination                         176ms
  btp_subaccount_entitlement.entitlement                                 12922ms
  btp_subaccount_role.role                                               1684ms
  btp_subaccount_role_collection.collection                              346ms
  btp_subaccount_service_instance.instance                               3646ms
  btp_subaccount_subscription.subscription                               2999ms
  btp_subaccount_trust_configuration.trust                               826ms
  cloudfoundry_service_instance.instance                                 74ms
  cloudfoundry_space.space                                               174ms
  scc_subaccount.subaccount                                              716ms
  scc_system_mapping.system                                              202ms
  scc_system_mapping_resource.resource                                   207ms
  sci_application.app                                                    276ms
  sci_group_base.group                                                   204ms
  sci_user.user                                                          255ms


Run 28/100:
  Total run time: 14.979094s
  btp_directory.directory                                                2421ms
  btp_subaccount.subaccount                                              727ms
  btp_subaccount_destination_generic.destination                         1155ms
  btp_subaccount_entitlement.entitlement                                 13624ms
  btp_subaccount_environment_instance.cloudfoundry                       1557ms
  btp_subaccount_role_collection.collection                              2235ms
  btp_subaccount_service_instance.instance                               3740ms
  btp_subaccount_subscription.subscription                               3291ms
  btp_subaccount_trust_configuration.trust                               2249ms
  cloudfoundry_service_instance.instance                                 61ms
  cloudfoundry_space.space                                               184ms
  scc_subaccount.subaccount                                              5773ms
  scc_system_mapping.system                                              195ms
  scc_system_mapping_resource.resource                                   193ms
  sci_application.app                                                    269ms
  sci_user.user                                                          210ms


Run 29/100:
  Total run time: 14.448564s
  btp_directory.directory                                                2333ms
  btp_subaccount.subaccount                                              1343ms
  btp_subaccount_destination_generic.destination                         212ms
  btp_subaccount_entitlement.entitlement                                 13100ms
  btp_subaccount_environment_instance.cloudfoundry                       1772ms
  btp_subaccount_role_collection.collection                              1060ms
  btp_subaccount_service_instance.instance                               3422ms
  btp_subaccount_subscription.subscription                               2775ms
  btp_subaccount_trust_configuration.trust                               648ms
  cloudfoundry_service_instance.instance                                 73ms
  cloudfoundry_space.space                                               177ms
  scc_subaccount.subaccount                                              1925ms
  scc_system_mapping.system                                              183ms
  scc_system_mapping_resource.resource                                   189ms
  sci_application.app                                                    292ms
  sci_group_base.group                                                   252ms
  sci_user.user                                                          242ms


Run 30/100:
  Total run time: 13.793389s
  btp_subaccount.subaccount                                              846ms
  btp_subaccount_entitlement.entitlement                                 12682ms
  btp_subaccount_environment_instance.cloudfoundry                       1864ms
  btp_subaccount_role.role                                               1103ms
  btp_subaccount_role_collection.collection                              1357ms
  btp_subaccount_service_instance.instance                               3068ms
  btp_subaccount_subscription.subscription                               2819ms
  btp_subaccount_trust_configuration.trust                               458ms
  cloudfoundry_service_instance.instance                                 52ms
  cloudfoundry_space.space                                               169ms
  scc_subaccount.subaccount                                              732ms
  scc_system_mapping.system                                              200ms
  scc_system_mapping_resource.resource                                   189ms
  sci_application.app                                                    221ms
  sci_group_base.group                                                   196ms
  sci_user.user                                                          199ms


Run 31/100:
  Total run time: 14.681397s
  btp_directory.directory                                                3052ms
  btp_subaccount.subaccount                                              1930ms
  btp_subaccount_destination_generic.destination                         647ms
  btp_subaccount_entitlement.entitlement                                 13341ms
  btp_subaccount_environment_instance.cloudfoundry                       1381ms
  btp_subaccount_role.role                                               215ms
  btp_subaccount_role_collection.collection                              1970ms
  btp_subaccount_service_instance.instance                               3493ms
  btp_subaccount_subscription.subscription                               2606ms
  btp_subaccount_trust_configuration.trust                               450ms
  cloudfoundry_service_instance.instance                                 93ms
  cloudfoundry_space.space                                               162ms
  scc_subaccount.subaccount                                              727ms
  scc_system_mapping.system                                              197ms
  scc_system_mapping_resource.resource                                   200ms
  sci_application.app                                                    245ms
  sci_group_base.group                                                   217ms
  sci_user.user                                                          244ms


Run 32/100:
  Total run time: 13.324379s
  btp_directory.directory                                                2308ms
  btp_subaccount.subaccount                                              833ms
  btp_subaccount_destination_generic.destination                         1287ms
  btp_subaccount_entitlement.entitlement                                 12250ms
  btp_subaccount_environment_instance.cloudfoundry                       779ms
  btp_subaccount_role.role                                               1810ms
  btp_subaccount_role_collection.collection                              420ms
  btp_subaccount_service_instance.instance                               3157ms
  btp_subaccount_subscription.subscription                               2755ms
  cloudfoundry_service_instance.instance                                 80ms
  cloudfoundry_space.space                                               162ms
  scc_subaccount.subaccount                                              745ms
  scc_system_mapping.system                                              199ms
  scc_system_mapping_resource.resource                                   188ms
  sci_application.app                                                    224ms
  sci_group_base.group                                                   186ms
  sci_user.user                                                          182ms


Run 33/100:
  Total run time: 13.807021s
  btp_directory.directory                                                2775ms
  btp_subaccount.subaccount                                              1561ms
  btp_subaccount_entitlement.entitlement                                 12794ms
  btp_subaccount_environment_instance.cloudfoundry                       1805ms
  btp_subaccount_role.role                                               898ms
  btp_subaccount_service_instance.instance                               3278ms
  btp_subaccount_subscription.subscription                               2225ms
  btp_subaccount_trust_configuration.trust                               1269ms
  cloudfoundry_service_instance.instance                                 73ms
  cloudfoundry_space.space                                               173ms
  scc_subaccount.subaccount                                              796ms
  scc_system_mapping.system                                              157ms
  scc_system_mapping_resource.resource                                   158ms
  sci_application.app                                                    221ms
  sci_group_base.group                                                   217ms
  sci_user.user                                                          195ms


Run 34/100:
  Total run time: 13.500815s
  btp_directory.directory                                                2991ms
  btp_subaccount.subaccount                                              1680ms
  btp_subaccount_destination_generic.destination                         1829ms
  btp_subaccount_entitlement.entitlement                                 12472ms
  btp_subaccount_role.role                                               1841ms
  btp_subaccount_role_collection.collection                              1233ms
  btp_subaccount_service_instance.instance                               3355ms
  btp_subaccount_subscription.subscription                               2933ms
  cloudfoundry_service_instance.instance                                 71ms
  cloudfoundry_space.space                                               172ms
  scc_subaccount.subaccount                                              727ms
  scc_system_mapping.system                                              181ms
  scc_system_mapping_resource.resource                                   212ms
  sci_application.app                                                    224ms
  sci_group_base.group                                                   210ms
  sci_user.user                                                          204ms


Run 35/100:
  Total run time: 13.327360s
  btp_directory.directory                                                2231ms
  btp_subaccount.subaccount                                              1781ms
  btp_subaccount_destination_generic.destination                         1543ms
  btp_subaccount_entitlement.entitlement                                 12342ms
  btp_subaccount_environment_instance.cloudfoundry                       1895ms
  btp_subaccount_role_collection.collection                              1707ms
  btp_subaccount_service_instance.instance                               3286ms
  btp_subaccount_subscription.subscription                               2590ms
  cloudfoundry_service_instance.instance                                 59ms
  cloudfoundry_space.space                                               189ms
  scc_subaccount.subaccount                                              701ms
  scc_system_mapping.system                                              192ms
  scc_system_mapping_resource.resource                                   195ms
  sci_application.app                                                    262ms
  sci_group_base.group                                                   232ms
  sci_user.user                                                          231ms


Run 36/100:
  Total run time: 13.373652s
  btp_directory.directory                                                2420ms
  btp_subaccount.subaccount                                              1219ms
  btp_subaccount_destination_generic.destination                         1826ms
  btp_subaccount_environment_instance.cloudfoundry                       1577ms
  btp_subaccount_role.role                                               1875ms
  btp_subaccount_role_collection.collection                              482ms
  btp_subaccount_service_instance.instance                               3444ms
  btp_subaccount_subscription.subscription                               2729ms
  btp_subaccount_trust_configuration.trust                               1770ms
  cloudfoundry_service_instance.instance                                 71ms
  cloudfoundry_space.space                                               183ms
  scc_subaccount.subaccount                                              731ms
  scc_system_mapping.system                                              196ms
  scc_system_mapping_resource.resource                                   218ms
  sci_application.app                                                    251ms
  sci_group_base.group                                                   265ms
  sci_user.user                                                          229ms


Run 37/100:
  Total run time: 14.316767s
  btp_directory.directory                                                2433ms
  btp_subaccount.subaccount                                              908ms
  btp_subaccount_destination_generic.destination                         1971ms
  btp_subaccount_environment_instance.cloudfoundry                       1789ms
  btp_subaccount_role_collection.collection                              641ms
  btp_subaccount_service_instance.instance                               3433ms
  btp_subaccount_subscription.subscription                               2580ms
  btp_subaccount_trust_configuration.trust                               1965ms
  cloudfoundry_service_instance.instance                                 120ms
  cloudfoundry_space.space                                               209ms
  scc_subaccount.subaccount                                              627ms
  scc_system_mapping.system                                              193ms
  scc_system_mapping_resource.resource                                   187ms
  sci_application.app                                                    276ms
  sci_group_base.group                                                   274ms
  sci_user.user                                                          275ms


Run 38/100:
  Total run time: 13.990248s
  btp_directory.directory                                                2237ms
  btp_subaccount.subaccount                                              953ms
  btp_subaccount_destination_generic.destination                         1732ms
  btp_subaccount_entitlement.entitlement                                 12826ms
  btp_subaccount_environment_instance.cloudfoundry                       1755ms
  btp_subaccount_role.role                                               227ms
  btp_subaccount_role_collection.collection                              894ms
  btp_subaccount_service_instance.instance                               3104ms
  btp_subaccount_subscription.subscription                               2614ms
  cloudfoundry_service_instance.instance                                 68ms
  cloudfoundry_space.space                                               154ms
  scc_subaccount.subaccount                                              935ms
  scc_system_mapping.system                                              191ms
  scc_system_mapping_resource.resource                                   194ms
  sci_application.app                                                    248ms
  sci_group_base.group                                                   224ms
  sci_user.user                                                          223ms


Run 39/100:
  Total run time: 14.318911s
  btp_directory.directory                                                2921ms
  btp_subaccount.subaccount                                              977ms
  btp_subaccount_destination_generic.destination                         752ms
  btp_subaccount_entitlement.entitlement                                 13281ms
  btp_subaccount_environment_instance.cloudfoundry                       2038ms
  btp_subaccount_role.role                                               274ms
  btp_subaccount_role_collection.collection                              1348ms
  btp_subaccount_service_instance.instance                               3716ms
  btp_subaccount_subscription.subscription                               3332ms
  btp_subaccount_trust_configuration.trust                               1643ms
  cloudfoundry_service_instance.instance                                 71ms
  cloudfoundry_space.space                                               201ms
  scc_subaccount.subaccount                                              725ms
  scc_system_mapping.system                                              220ms
  scc_system_mapping_resource.resource                                   214ms
  sci_application.app                                                    262ms
  sci_group_base.group                                                   225ms
  sci_user.user                                                          225ms


Run 40/100:
  Total run time: 14.508165s
  btp_directory.directory                                                2979ms
  btp_subaccount.subaccount                                              1698ms
  btp_subaccount_destination_generic.destination                         1803ms
  btp_subaccount_entitlement.entitlement                                 13415ms
  btp_subaccount_environment_instance.cloudfoundry                       1131ms
  btp_subaccount_role.role                                               189ms
  btp_subaccount_role_collection.collection                              396ms
  btp_subaccount_service_instance.instance                               3353ms
  btp_subaccount_subscription.subscription                               2478ms
  btp_subaccount_trust_configuration.trust                               1497ms
  cloudfoundry_service_instance.instance                                 57ms
  cloudfoundry_space.space                                               157ms
  scc_subaccount.subaccount                                              3472ms
  scc_system_mapping.system                                              222ms
  scc_system_mapping_resource.resource                                   192ms
  sci_application.app                                                    245ms
  sci_group_base.group                                                   219ms
  sci_user.user                                                          230ms


Run 41/100:
  Total run time: 14.644299s
  btp_directory.directory                                                3042ms
  btp_subaccount.subaccount                                              908ms
  btp_subaccount_destination_generic.destination                         1419ms
  btp_subaccount_entitlement.entitlement                                 13420ms
  btp_subaccount_environment_instance.cloudfoundry                       1853ms
  btp_subaccount_role.role                                               225ms
  btp_subaccount_role_collection.collection                              1969ms
  btp_subaccount_service_instance.instance                               3517ms
  btp_subaccount_subscription.subscription                               3011ms
  btp_subaccount_trust_configuration.trust                               683ms
  cloudfoundry_service_instance.instance                                 62ms
  cloudfoundry_space.space                                               171ms
  scc_subaccount.subaccount                                              765ms
  scc_system_mapping_resource.resource                                   229ms
  sci_application.app                                                    253ms
  sci_group_base.group                                                   227ms
  sci_user.user                                                          214ms


Run 42/100:
  Total run time: 13.442179s
  btp_directory.directory                                                2964ms
  btp_subaccount.subaccount                                              440ms
  btp_subaccount_entitlement.entitlement                                 12428ms
  btp_subaccount_environment_instance.cloudfoundry                       2054ms
  btp_subaccount_role_collection.collection                              930ms
  btp_subaccount_service_instance.instance                               3686ms
  btp_subaccount_subscription.subscription                               2879ms
  btp_subaccount_trust_configuration.trust                               383ms
  cloudfoundry_service_instance.instance                                 64ms
  cloudfoundry_space.space                                               163ms
  scc_subaccount.subaccount                                              722ms
  scc_system_mapping.system                                              179ms
  scc_system_mapping_resource.resource                                   176ms
  sci_application.app                                                    215ms
  sci_group_base.group                                                   189ms
  sci_user.user                                                          219ms


Run 43/100:
  Total run time: 14.182385s
  btp_directory.directory                                                2800ms
  btp_subaccount.subaccount                                              1226ms
  btp_subaccount_destination_generic.destination                         265ms
  btp_subaccount_entitlement.entitlement                                 13167ms
  btp_subaccount_role_collection.collection                              2048ms
  btp_subaccount_service_instance.instance                               3560ms
  btp_subaccount_subscription.subscription                               2911ms
  btp_subaccount_trust_configuration.trust                               1701ms
  cloudfoundry_service_instance.instance                                 104ms
  cloudfoundry_space.space                                               167ms
  scc_subaccount.subaccount                                              835ms
  scc_system_mapping.system                                              224ms
  scc_system_mapping_resource.resource                                   113ms
  sci_application.app                                                    238ms
  sci_group_base.group                                                   209ms
  sci_user.user                                                          221ms


Run 44/100:
  Total run time: 14.105060s
  btp_directory.directory                                                2582ms
  btp_subaccount.subaccount                                              395ms
  btp_subaccount_destination_generic.destination                         908ms
  btp_subaccount_environment_instance.cloudfoundry                       2039ms
  btp_subaccount_role.role                                               1315ms
  btp_subaccount_role_collection.collection                              1143ms
  btp_subaccount_service_instance.instance                               2996ms
  btp_subaccount_subscription.subscription                               2944ms
  btp_subaccount_trust_configuration.trust                               666ms
  cloudfoundry_service_instance.instance                                 65ms
  cloudfoundry_space.space                                               159ms
  scc_subaccount.subaccount                                              751ms
  scc_system_mapping.system                                              230ms
  scc_system_mapping_resource.resource                                   206ms
  sci_application.app                                                    264ms
  sci_group_base.group                                                   229ms
  sci_user.user                                                          244ms


Run 45/100:
  Total run time: 14.100127s
  btp_directory.directory                                                2715ms
  btp_subaccount.subaccount                                              721ms
  btp_subaccount_destination_generic.destination                         1579ms
  btp_subaccount_entitlement.entitlement                                 13093ms
  btp_subaccount_environment_instance.cloudfoundry                       1760ms
  btp_subaccount_role.role                                               1836ms
  btp_subaccount_role_collection.collection                              197ms
  btp_subaccount_service_instance.instance                               3470ms
  btp_subaccount_subscription.subscription                               2560ms
  btp_subaccount_trust_configuration.trust                               437ms
  cloudfoundry_service_instance.instance                                 105ms
  cloudfoundry_space.space                                               190ms
  scc_subaccount.subaccount                                              5881ms
  scc_system_mapping.system                                              241ms
  sci_application.app                                                    237ms
  sci_group_base.group                                                   221ms
  sci_user.user                                                          223ms


Run 46/100:
  Total run time: 13.610017s
  btp_subaccount.subaccount                                              1919ms
  btp_subaccount_destination_generic.destination                         461ms
  btp_subaccount_entitlement.entitlement                                 12573ms
  btp_subaccount_environment_instance.cloudfoundry                       1492ms
  btp_subaccount_role.role                                               1922ms
  btp_subaccount_role_collection.collection                              1894ms
  btp_subaccount_service_instance.instance                               3536ms
  btp_subaccount_subscription.subscription                               3164ms
  btp_subaccount_trust_configuration.trust                               1698ms
  cloudfoundry_service_instance.instance                                 76ms
  cloudfoundry_space.space                                               150ms
  scc_subaccount.subaccount                                              694ms
  scc_system_mapping.system                                              194ms
  scc_system_mapping_resource.resource                                   214ms
  sci_application.app                                                    241ms
  sci_group_base.group                                                   217ms
  sci_user.user                                                          216ms


Run 47/100:
  Total run time: 13.930055s
  btp_directory.directory                                                2399ms
  btp_subaccount.subaccount                                              1049ms
  btp_subaccount_destination_generic.destination                         185ms
  btp_subaccount_entitlement.entitlement                                 12966ms
  btp_subaccount_environment_instance.cloudfoundry                       1410ms
  btp_subaccount_role.role                                               969ms
  btp_subaccount_role_collection.collection                              1696ms
  btp_subaccount_service_instance.instance                               3490ms
  btp_subaccount_subscription.subscription                               2802ms
  btp_subaccount_trust_configuration.trust                               435ms
  cloudfoundry_service_instance.instance                                 57ms
  cloudfoundry_space.space                                               168ms
  scc_subaccount.subaccount                                              791ms
  scc_system_mapping.system                                              242ms
  scc_system_mapping_resource.resource                                   241ms
  sci_application.app                                                    241ms
  sci_group_base.group                                                   212ms
  sci_user.user                                                          206ms


Run 48/100:
  Total run time: 14.294378s
  btp_directory.directory                                                2362ms
  btp_subaccount_destination_generic.destination                         760ms
  btp_subaccount_entitlement.entitlement                                 13300ms
  btp_subaccount_environment_instance.cloudfoundry                       1183ms
  btp_subaccount_role.role                                               1962ms
  btp_subaccount_role_collection.collection                              223ms
  btp_subaccount_service_instance.instance                               3578ms
  btp_subaccount_subscription.subscription                               2800ms
  btp_subaccount_trust_configuration.trust                               1821ms
  cloudfoundry_service_instance.instance                                 64ms
  cloudfoundry_space.space                                               162ms
  scc_subaccount.subaccount                                              760ms
  scc_system_mapping.system                                              195ms
  scc_system_mapping_resource.resource                                   192ms
  sci_application.app                                                    243ms
  sci_group_base.group                                                   246ms
  sci_user.user                                                          227ms


Run 49/100:
  Total run time: 13.816492s
  btp_directory.directory                                                7781ms
  btp_subaccount.subaccount                                              1727ms
  btp_subaccount_destination_generic.destination                         653ms
  btp_subaccount_entitlement.entitlement                                 12817ms
  btp_subaccount_environment_instance.cloudfoundry                       1978ms
  btp_subaccount_role.role                                               195ms
  btp_subaccount_service_instance.instance                               8629ms
  btp_subaccount_subscription.subscription                               8222ms
  cloudfoundry_service_instance.instance                                 58ms
  cloudfoundry_space.space                                               156ms
  scc_subaccount.subaccount                                              759ms
  scc_system_mapping_resource.resource                                   194ms
  sci_application.app                                                    242ms
  sci_group_base.group                                                   275ms
  sci_user.user                                                          222ms


Run 50/100:
  Total run time: 18.895111s
  btp_directory.directory                                                6852ms
  btp_subaccount.subaccount                                              905ms
  btp_subaccount_destination_generic.destination                         6549ms
  btp_subaccount_environment_instance.cloudfoundry                       6304ms
  btp_subaccount_role.role                                               6809ms
  btp_subaccount_role_collection.collection                              400ms
  btp_subaccount_service_instance.instance                               13114ms
  btp_subaccount_subscription.subscription                               7833ms
  btp_subaccount_trust_configuration.trust                               6783ms
  cloudfoundry_service_instance.instance                                 56ms
  cloudfoundry_space.space                                               154ms
  scc_system_mapping.system                                              192ms
  scc_system_mapping_resource.resource                                   179ms
  sci_application.app                                                    229ms
  sci_group_base.group                                                   215ms
  sci_user.user                                                          215ms


Run 51/100:
  Total run time: 14.209461s
  btp_subaccount.subaccount                                              1743ms
  btp_subaccount_entitlement.entitlement                                 13105ms
  btp_subaccount_environment_instance.cloudfoundry                       899ms
  btp_subaccount_role.role                                               2064ms
  btp_subaccount_role_collection.collection                              1360ms
  btp_subaccount_service_instance.instance                               3733ms
  btp_subaccount_subscription.subscription                               3211ms
  btp_subaccount_trust_configuration.trust                               1125ms
  cloudfoundry_service_instance.instance                                 62ms
  cloudfoundry_space.space                                               188ms
  scc_subaccount.subaccount                                              7302ms
  scc_system_mapping.system                                              124ms
  scc_system_mapping_resource.resource                                   189ms
  sci_application.app                                                    259ms
  sci_group_base.group                                                   234ms
  sci_user.user                                                          257ms


Run 52/100:
  Total run time: 14.011423s
  btp_subaccount.subaccount                                              1435ms
  btp_subaccount_destination_generic.destination                         245ms
  btp_subaccount_entitlement.entitlement                                 12879ms
  btp_subaccount_environment_instance.cloudfoundry                       949ms
  btp_subaccount_role.role                                               1610ms
  btp_subaccount_role_collection.collection                              1801ms
  btp_subaccount_service_instance.instance                               8436ms
  btp_subaccount_subscription.subscription                               2781ms
  btp_subaccount_trust_configuration.trust                               1968ms
  cloudfoundry_service_instance.instance                                 92ms
  cloudfoundry_space.space                                               182ms
  scc_subaccount.subaccount                                              762ms
  scc_system_mapping.system                                              182ms
  scc_system_mapping_resource.resource                                   227ms
  sci_application.app                                                    400ms
  sci_group_base.group                                                   357ms
  sci_user.user                                                          679ms


Run 53/100:
  Total run time: 18.264609s
  btp_directory.directory                                                6633ms
  btp_subaccount.subaccount                                              6311ms
  btp_subaccount_destination_generic.destination                         564ms
  btp_subaccount_entitlement.entitlement                                 17184ms
  btp_subaccount_environment_instance.cloudfoundry                       6314ms
  btp_subaccount_role.role                                               1577ms
  btp_subaccount_role_collection.collection                              255ms
  btp_subaccount_subscription.subscription                               7481ms
  cloudfoundry_service_instance.instance                                 61ms
  cloudfoundry_space.space                                               182ms
  scc_subaccount.subaccount                                              778ms
  scc_system_mapping.system                                              223ms
  scc_system_mapping_resource.resource                                   224ms
  sci_application.app                                                    269ms
  sci_group_base.group                                                   246ms
  sci_user.user                                                          243ms


Run 54/100:
  Total run time: 16.212508s
  btp_directory.directory                                                2381ms
  btp_subaccount.subaccount                                              1756ms
  btp_subaccount_destination_generic.destination                         447ms
  btp_subaccount_entitlement.entitlement                                 15181ms
  btp_subaccount_environment_instance.cloudfoundry                       1901ms
  btp_subaccount_role_collection.collection                              1232ms
  btp_subaccount_service_instance.instance                               3645ms
  btp_subaccount_subscription.subscription                               3277ms
  btp_subaccount_trust_configuration.trust                               988ms
  cloudfoundry_service_instance.instance                                 57ms
  cloudfoundry_space.space                                               166ms
  scc_subaccount.subaccount                                              5700ms
  scc_system_mapping.system                                              191ms
  scc_system_mapping_resource.resource                                   191ms
  sci_application.app                                                    220ms
  sci_group_base.group                                                   193ms
  sci_user.user                                                          192ms


Run 55/100:
  Total run time: 13.482774s
  btp_directory.directory                                                3076ms
  btp_subaccount.subaccount                                              1439ms
  btp_subaccount_entitlement.entitlement                                 12510ms
  btp_subaccount_environment_instance.cloudfoundry                       1804ms
  btp_subaccount_role.role                                               1815ms
  btp_subaccount_role_collection.collection                              2048ms
  btp_subaccount_service_instance.instance                               3421ms
  btp_subaccount_subscription.subscription                               3053ms
  btp_subaccount_trust_configuration.trust                               1349ms
  cloudfoundry_service_instance.instance                                 56ms
  cloudfoundry_space.space                                               168ms
  scc_subaccount.subaccount                                              782ms
  scc_system_mapping.system                                              224ms
  scc_system_mapping_resource.resource                                   208ms
  sci_application.app                                                    244ms
  sci_group_base.group                                                   260ms
  sci_user.user                                                          238ms


Run 56/100:
  Total run time: 14.890310s
  btp_directory.directory                                                2815ms
  btp_subaccount.subaccount                                              1865ms
  btp_subaccount_destination_generic.destination                         221ms
  btp_subaccount_entitlement.entitlement                                 13398ms
  btp_subaccount_environment_instance.cloudfoundry                       1811ms
  btp_subaccount_role.role                                               420ms
  btp_subaccount_role_collection.collection                              2063ms
  btp_subaccount_service_instance.instance                               3584ms
  btp_subaccount_subscription.subscription                               2729ms
  btp_subaccount_trust_configuration.trust                               1278ms
  cloudfoundry_service_instance.instance                                 60ms
  cloudfoundry_space.space                                               171ms
  scc_subaccount.subaccount                                              2021ms
  scc_system_mapping.system                                              207ms
  sci_application.app                                                    286ms
  sci_group_base.group                                                   283ms
  sci_user.user                                                          281ms


Run 57/100:
  Total run time: 15.918335s
  btp_directory.directory                                                4852ms
  btp_subaccount.subaccount                                              1697ms
  btp_subaccount_destination_generic.destination                         3194ms
  btp_subaccount_entitlement.entitlement                                 14897ms
  btp_subaccount_environment_instance.cloudfoundry                       624ms
  btp_subaccount_role.role                                               1624ms
  btp_subaccount_role_collection.collection                              3107ms
  btp_subaccount_service_instance.instance                               5108ms
  btp_subaccount_subscription.subscription                               4772ms
  btp_subaccount_trust_configuration.trust                               2670ms
  cloudfoundry_service_instance.instance                                 71ms
  cloudfoundry_space.space                                               574ms
  scc_subaccount.subaccount                                              1548ms
  scc_system_mapping.system                                              559ms
  scc_system_mapping_resource.resource                                   986ms
  sci_application.app                                                    296ms
  sci_group_base.group                                                   230ms
  sci_user.user                                                          230ms


Run 58/100:
  Total run time: 15.457466s
  btp_subaccount.subaccount                                              1970ms
  btp_subaccount_destination_generic.destination                         2135ms
  btp_subaccount_entitlement.entitlement                                 14186ms
  btp_subaccount_environment_instance.cloudfoundry                       647ms
  btp_subaccount_role.role                                               273ms
  btp_subaccount_role_collection.collection                              1850ms
  btp_subaccount_service_instance.instance                               4007ms
  btp_subaccount_subscription.subscription                               2945ms
  btp_subaccount_trust_configuration.trust                               2048ms
  cloudfoundry_service_instance.instance                                 74ms
  cloudfoundry_space.space                                               171ms
  scc_subaccount.subaccount                                              861ms
  scc_system_mapping.system                                              326ms
  sci_application.app                                                    433ms
  sci_group_base.group                                                   429ms
  sci_user.user                                                          431ms


Run 59/100:
  Total run time: 14.016491s
  btp_subaccount.subaccount                                              694ms
  btp_subaccount_destination_generic.destination                         2168ms
  btp_subaccount_entitlement.entitlement                                 12920ms
  btp_subaccount_environment_instance.cloudfoundry                       1146ms
  btp_subaccount_role_collection.collection                              1785ms
  btp_subaccount_service_instance.instance                               3862ms
  btp_subaccount_subscription.subscription                               3244ms
  btp_subaccount_trust_configuration.trust                               2096ms
  cloudfoundry_service_instance.instance                                 123ms
  cloudfoundry_space.space                                               265ms
  scc_subaccount.subaccount                                              802ms
  scc_system_mapping_resource.resource                                   239ms
  sci_application.app                                                    301ms
  sci_group_base.group                                                   269ms
  sci_user.user                                                          276ms


Run 60/100:
  Total run time: 15.660920s
  btp_directory.directory                                                2324ms
  btp_subaccount.subaccount                                              387ms
  btp_subaccount_destination_generic.destination                         594ms
  btp_subaccount_entitlement.entitlement                                 14139ms
  btp_subaccount_role.role                                               2271ms
  btp_subaccount_service_instance.instance                               3989ms
  btp_subaccount_subscription.subscription                               3461ms
  btp_subaccount_trust_configuration.trust                               1364ms
  cloudfoundry_service_instance.instance                                 133ms
  cloudfoundry_space.space                                               194ms
  scc_subaccount.subaccount                                              792ms
  scc_system_mapping_resource.resource                                   251ms
  sci_application.app                                                    295ms
  sci_group_base.group                                                   281ms
  sci_user.user                                                          271ms


Run 61/100:
  Total run time: 16.219269s
  btp_directory.directory                                                2882ms
  btp_subaccount.subaccount                                              1359ms
  btp_subaccount_destination_generic.destination                         1536ms
  btp_subaccount_entitlement.entitlement                                 14505ms
  btp_subaccount_environment_instance.cloudfoundry                       1058ms
  btp_subaccount_role.role                                               2562ms
  btp_subaccount_role_collection.collection                              1281ms
  btp_subaccount_service_instance.instance                               4381ms
  btp_subaccount_subscription.subscription                               3784ms
  btp_subaccount_trust_configuration.trust                               710ms
  cloudfoundry_service_instance.instance                                 76ms
  cloudfoundry_space.space                                               246ms
  scc_subaccount.subaccount                                              754ms
  scc_system_mapping.system                                              248ms
  scc_system_mapping_resource.resource                                   238ms
  sci_application.app                                                    324ms
  sci_group_base.group                                                   301ms
  sci_user.user                                                          308ms


Run 62/100:
  Total run time: 14.198859s
  btp_subaccount.subaccount                                              2136ms
  btp_subaccount_entitlement.entitlement                                 13167ms
  btp_subaccount_environment_instance.cloudfoundry                       1915ms
  btp_subaccount_role.role                                               2108ms
  btp_subaccount_role_collection.collection                              1508ms
  btp_subaccount_service_instance.instance                               3400ms
  btp_subaccount_subscription.subscription                               2834ms
  btp_subaccount_trust_configuration.trust                               1248ms
  cloudfoundry_service_instance.instance                                 56ms
  cloudfoundry_space.space                                               166ms
  scc_subaccount.subaccount                                              922ms
  scc_system_mapping.system                                              210ms
  scc_system_mapping_resource.resource                                   228ms
  sci_application.app                                                    305ms
  sci_group_base.group                                                   264ms
  sci_user.user                                                          265ms


Run 63/100:
  Total run time: 14.888348s
  btp_directory.directory                                                3446ms
  btp_subaccount.subaccount                                              2148ms
  btp_subaccount_destination_generic.destination                         326ms
  btp_subaccount_entitlement.entitlement                                 13893ms
  btp_subaccount_environment_instance.cloudfoundry                       1889ms
  btp_subaccount_role.role                                               2171ms
  btp_subaccount_role_collection.collection                              529ms
  btp_subaccount_service_instance.instance                               3867ms
  btp_subaccount_subscription.subscription                               3252ms
  btp_subaccount_trust_configuration.trust                               2140ms
  cloudfoundry_service_instance.instance                                 91ms
  cloudfoundry_space.space                                               175ms
  scc_subaccount.subaccount                                              676ms
  scc_system_mapping.system                                              212ms
  scc_system_mapping_resource.resource                                   209ms
  sci_application.app                                                    262ms
  sci_group_base.group                                                   256ms
  sci_user.user                                                          258ms


Run 64/100:
  Total run time: 13.783423s
  btp_directory.directory                                                2545ms
  btp_subaccount.subaccount                                              2008ms
  btp_subaccount_destination_generic.destination                         702ms
  btp_subaccount_entitlement.entitlement                                 12770ms
  btp_subaccount_environment_instance.cloudfoundry                       1655ms
  btp_subaccount_role_collection.collection                              1988ms
  btp_subaccount_service_instance.instance                               3731ms
  btp_subaccount_subscription.subscription                               2982ms
  btp_subaccount_trust_configuration.trust                               479ms
  cloudfoundry_service_instance.instance                                 73ms
  cloudfoundry_space.space                                               161ms
  scc_subaccount.subaccount                                              751ms
  scc_system_mapping_resource.resource                                   202ms
  sci_application.app                                                    237ms
  sci_group_base.group                                                   204ms
  sci_user.user                                                          214ms


Run 65/100:
  Total run time: 13.742675s
  btp_directory.directory                                                3026ms
  btp_subaccount.subaccount                                              2008ms
  btp_subaccount_destination_generic.destination                         936ms
  btp_subaccount_entitlement.entitlement                                 12664ms
  btp_subaccount_environment_instance.cloudfoundry                       1952ms
  btp_subaccount_role.role                                               626ms
  btp_subaccount_role_collection.collection                              2102ms
  btp_subaccount_service_instance.instance                               3471ms
  btp_subaccount_subscription.subscription                               3122ms
  btp_subaccount_trust_configuration.trust                               1229ms
  cloudfoundry_service_instance.instance                                 117ms
  cloudfoundry_space.space                                               170ms
  scc_subaccount.subaccount                                              735ms
  scc_system_mapping.system                                              206ms
  scc_system_mapping_resource.resource                                   208ms
  sci_application.app                                                    259ms
  sci_group_base.group                                                   231ms
  sci_user.user                                                          231ms


Run 66/100:
  Total run time: 14.377634s
  btp_subaccount.subaccount                                              1548ms
  btp_subaccount_destination_generic.destination                         1478ms
  btp_subaccount_entitlement.entitlement                                 13139ms
  btp_subaccount_environment_instance.cloudfoundry                       1293ms
  btp_subaccount_role.role                                               917ms
  btp_subaccount_role_collection.collection                              454ms
  btp_subaccount_service_instance.instance                               3449ms
  btp_subaccount_subscription.subscription                               2838ms
  btp_subaccount_trust_configuration.trust                               231ms
  cloudfoundry_service_instance.instance                                 75ms
  cloudfoundry_space.space                                               170ms
  scc_subaccount.subaccount                                              739ms
  scc_system_mapping_resource.resource                                   207ms
  sci_application.app                                                    279ms
  sci_group_base.group                                                   199ms
  sci_user.user                                                          195ms


Run 67/100:
  Total run time: 14.686249s
  btp_directory.directory                                                3040ms
  btp_subaccount.subaccount                                              1778ms
  btp_subaccount_destination_generic.destination                         238ms
  btp_subaccount_entitlement.entitlement                                 13624ms
  btp_subaccount_role.role                                               1928ms
  btp_subaccount_role_collection.collection                              1757ms
  btp_subaccount_service_instance.instance                               3554ms
  btp_subaccount_subscription.subscription                               2958ms
  btp_subaccount_trust_configuration.trust                               652ms
  cloudfoundry_service_instance.instance                                 64ms
  cloudfoundry_space.space                                               153ms
  scc_subaccount.subaccount                                              4318ms
  scc_system_mapping_resource.resource                                   184ms
  sci_application.app                                                    217ms
  sci_group_base.group                                                   196ms
  sci_user.user                                                          184ms


Run 68/100:
  Total run time: 14.665775s
  btp_directory.directory                                                2599ms
  btp_subaccount.subaccount                                              1067ms
  btp_subaccount_destination_generic.destination                         2178ms
  btp_subaccount_entitlement.entitlement                                 13604ms
  btp_subaccount_role.role                                               269ms
  btp_subaccount_role_collection.collection                              1743ms
  btp_subaccount_service_instance.instance                               3853ms
  btp_subaccount_subscription.subscription                               3053ms
  btp_subaccount_trust_configuration.trust                               2015ms
  cloudfoundry_service_instance.instance                                 61ms
  cloudfoundry_space.space                                               171ms
  scc_subaccount.subaccount                                              679ms
  scc_system_mapping.system                                              207ms
  scc_system_mapping_resource.resource                                   208ms
  sci_application.app                                                    260ms
  sci_group_base.group                                                   233ms
  sci_user.user                                                          220ms


Run 69/100:
  Total run time: 13.830102s
  btp_directory.directory                                                3349ms
  btp_subaccount.subaccount                                              2055ms
  btp_subaccount_destination_generic.destination                         2187ms
  btp_subaccount_entitlement.entitlement                                 12786ms
  btp_subaccount_environment_instance.cloudfoundry                       888ms
  btp_subaccount_role.role                                               1063ms
  btp_subaccount_role_collection.collection                              1279ms
  btp_subaccount_service_instance.instance                               3698ms
  btp_subaccount_subscription.subscription                               3245ms
  btp_subaccount_trust_configuration.trust                               2007ms
  cloudfoundry_service_instance.instance                                 56ms
  cloudfoundry_space.space                                               148ms
  scc_subaccount.subaccount                                              956ms
  scc_system_mapping.system                                              67ms
  scc_system_mapping_resource.resource                                   173ms
  sci_application.app                                                    272ms
  sci_group_base.group                                                   207ms
  sci_user.user                                                          204ms


Run 70/100:
  Total run time: 14.583672s
  btp_directory.directory                                                8409ms
  btp_subaccount.subaccount                                              899ms
  btp_subaccount_destination_generic.destination                         2186ms
  btp_subaccount_entitlement.entitlement                                 13486ms
  btp_subaccount_environment_instance.cloudfoundry                       673ms
  btp_subaccount_role.role                                               2018ms
  btp_subaccount_role_collection.collection                              241ms
  btp_subaccount_service_instance.instance                               8780ms
  btp_subaccount_subscription.subscription                               2820ms
  cloudfoundry_service_instance.instance                                 62ms
  cloudfoundry_space.space                                               209ms
  scc_subaccount.subaccount                                              766ms
  scc_system_mapping.system                                              173ms
  scc_system_mapping_resource.resource                                   207ms
  sci_application.app                                                    300ms
  sci_group_base.group                                                   279ms
  sci_user.user                                                          267ms


Run 71/100:
  Total run time: 13.764632s
  btp_directory.directory                                                2801ms
  btp_subaccount.subaccount                                              1368ms
  btp_subaccount_destination_generic.destination                         681ms
  btp_subaccount_entitlement.entitlement                                 12728ms
  btp_subaccount_role.role                                               2071ms
  btp_subaccount_service_instance.instance                               3583ms
  btp_subaccount_subscription.subscription                               3170ms
  btp_subaccount_trust_configuration.trust                               2061ms
  cloudfoundry_service_instance.instance                                 68ms
  cloudfoundry_space.space                                               140ms
  scc_subaccount.subaccount                                              688ms
  scc_system_mapping.system                                              224ms
  scc_system_mapping_resource.resource                                   177ms
  sci_application.app                                                    287ms
  sci_group_base.group                                                   258ms
  sci_user.user                                                          226ms


Run 72/100:
  Total run time: 14.730046s
  btp_directory.directory                                                2663ms
  btp_subaccount.subaccount                                              2065ms
  btp_subaccount_destination_generic.destination                         1112ms
  btp_subaccount_entitlement.entitlement                                 13640ms
  btp_subaccount_environment_instance.cloudfoundry                       835ms
  btp_subaccount_role.role                                               258ms
  btp_subaccount_role_collection.collection                              2082ms
  btp_subaccount_service_instance.instance                               3629ms
  btp_subaccount_trust_configuration.trust                               1972ms
  cloudfoundry_service_instance.instance                                 70ms
  cloudfoundry_space.space                                               148ms
  scc_subaccount.subaccount                                              719ms
  scc_system_mapping.system                                              209ms
  scc_system_mapping_resource.resource                                   210ms
  sci_application.app                                                    294ms
  sci_group_base.group                                                   263ms
  sci_user.user                                                          252ms


Run 73/100:
  Total run time: 16.035936s
  btp_directory.directory                                                5379ms
  btp_subaccount_destination_generic.destination                         197ms
  btp_subaccount_entitlement.entitlement                                 15038ms
  btp_subaccount_environment_instance.cloudfoundry                       2728ms
  btp_subaccount_role.role                                               4109ms
  btp_subaccount_role_collection.collection                              3921ms
  btp_subaccount_service_instance.instance                               5792ms
  btp_subaccount_subscription.subscription                               5348ms
  btp_subaccount_trust_configuration.trust                               898ms
  cloudfoundry_service_instance.instance                                 69ms
  cloudfoundry_space.space                                               158ms
  scc_subaccount.subaccount                                              775ms
  scc_system_mapping_resource.resource                                   246ms
  sci_application.app                                                    293ms
  sci_group_base.group                                                   286ms
  sci_user.user                                                          278ms


Run 74/100:
  Total run time: 13.803603s
  btp_directory.directory                                                3074ms
  btp_subaccount.subaccount                                              1292ms
  btp_subaccount_destination_generic.destination                         1884ms
  btp_subaccount_entitlement.entitlement                                 12801ms
  btp_subaccount_environment_instance.cloudfoundry                       1000ms
  btp_subaccount_role.role                                               1868ms
  btp_subaccount_subscription.subscription                               3240ms
  btp_subaccount_trust_configuration.trust                               2071ms
  cloudfoundry_service_instance.instance                                 81ms
  cloudfoundry_space.space                                               174ms
  scc_subaccount.subaccount                                              5739ms
  scc_system_mapping.system                                              217ms
  sci_application.app                                                    290ms
  sci_group_base.group                                                   248ms
  sci_user.user                                                          263ms


Run 75/100:
  Total run time: 14.181720s
  btp_directory.directory                                                2649ms
  btp_subaccount.subaccount                                              918ms
  btp_subaccount_destination_generic.destination                         1301ms
  btp_subaccount_entitlement.entitlement                                 13180ms
  btp_subaccount_environment_instance.cloudfoundry                       1817ms
  btp_subaccount_role.role                                               279ms
  btp_subaccount_service_instance.instance                               8456ms
  btp_subaccount_subscription.subscription                               3026ms
  btp_subaccount_trust_configuration.trust                               513ms
  cloudfoundry_service_instance.instance                                 105ms
  cloudfoundry_space.space                                               176ms
  scc_subaccount.subaccount                                              745ms
  scc_system_mapping.system                                              220ms
  scc_system_mapping_resource.resource                                   200ms
  sci_application.app                                                    269ms
  sci_group_base.group                                                   243ms
  sci_user.user                                                          237ms


Run 76/100:
  Total run time: 13.339647s
  btp_directory.directory                                                2476ms
  btp_subaccount.subaccount                                              1183ms
  btp_subaccount_destination_generic.destination                         1748ms
  btp_subaccount_entitlement.entitlement                                 12363ms
  btp_subaccount_role.role                                               713ms
  btp_subaccount_role_collection.collection                              1354ms
  btp_subaccount_service_instance.instance                               3188ms
  btp_subaccount_subscription.subscription                               2281ms
  btp_subaccount_trust_configuration.trust                               1553ms
  cloudfoundry_service_instance.instance                                 68ms
  cloudfoundry_space.space                                               251ms
  scc_subaccount.subaccount                                              3390ms
  scc_system_mapping.system                                              195ms
  scc_system_mapping_resource.resource                                   187ms
  sci_application.app                                                    297ms
  sci_group_base.group                                                   255ms
  sci_user.user                                                          435ms


Run 77/100:
  Total run time: 14.119840s
  btp_directory.directory                                                2041ms
  btp_subaccount.subaccount                                              1136ms
  btp_subaccount_destination_generic.destination                         1079ms
  btp_subaccount_entitlement.entitlement                                 12746ms
  btp_subaccount_environment_instance.cloudfoundry                       865ms
  btp_subaccount_role.role                                               540ms
  btp_subaccount_role_collection.collection                              1835ms
  btp_subaccount_service_instance.instance                               2932ms
  btp_subaccount_trust_configuration.trust                               1643ms
  cloudfoundry_service_instance.instance                                 51ms
  cloudfoundry_space.space                                               122ms
  scc_subaccount.subaccount                                              5121ms
  scc_system_mapping.system                                              262ms
  scc_system_mapping_resource.resource                                   237ms
  sci_application.app                                                    244ms
  sci_group_base.group                                                   221ms
  sci_user.user                                                          201ms


Run 78/100:
  Total run time: 13.668672s
  btp_directory.directory                                                2759ms
  btp_subaccount.subaccount                                              1858ms
  btp_subaccount_destination_generic.destination                         1985ms
  btp_subaccount_entitlement.entitlement                                 12705ms
  btp_subaccount_environment_instance.cloudfoundry                       778ms
  btp_subaccount_role_collection.collection                              384ms
  btp_subaccount_service_instance.instance                               3417ms
  btp_subaccount_subscription.subscription                               2609ms
  btp_subaccount_trust_configuration.trust                               225ms
  cloudfoundry_service_instance.instance                                 65ms
  cloudfoundry_space.space                                               181ms
  scc_subaccount.subaccount                                              758ms
  scc_system_mapping.system                                              196ms
  scc_system_mapping_resource.resource                                   178ms
  sci_application.app                                                    306ms
  sci_group_base.group                                                   288ms
  sci_user.user                                                          308ms


Run 79/100:
  Total run time: 13.727127s
  btp_directory.directory                                                2141ms
  btp_subaccount.subaccount                                              1829ms
  btp_subaccount_destination_generic.destination                         1747ms
  btp_subaccount_entitlement.entitlement                                 12663ms
  btp_subaccount_environment_instance.cloudfoundry                       1529ms
  btp_subaccount_role.role                                               1154ms
  btp_subaccount_role_collection.collection                              1900ms
  btp_subaccount_service_instance.instance                               3571ms
  btp_subaccount_subscription.subscription                               2594ms
  btp_subaccount_trust_configuration.trust                               2023ms
  cloudfoundry_service_instance.instance                                 74ms
  cloudfoundry_space.space                                               148ms
  scc_system_mapping.system                                              220ms
  scc_system_mapping_resource.resource                                   229ms
  sci_application.app                                                    242ms
  sci_group_base.group                                                   216ms
  sci_user.user                                                          217ms


Run 80/100:
  Total run time: 13.174206s
  btp_directory.directory                                                3072ms
  btp_subaccount.subaccount                                              1601ms
  btp_subaccount_destination_generic.destination                         661ms
  btp_subaccount_entitlement.entitlement                                 12200ms
  btp_subaccount_environment_instance.cloudfoundry                       1790ms
  btp_subaccount_role.role                                               851ms
  btp_subaccount_role_collection.collection                              405ms
  btp_subaccount_service_instance.instance                               3539ms
  btp_subaccount_subscription.subscription                               3024ms
  btp_subaccount_trust_configuration.trust                               1894ms
  cloudfoundry_service_instance.instance                                 63ms
  cloudfoundry_space.space                                               164ms
  scc_subaccount.subaccount                                              711ms
  scc_system_mapping.system                                              183ms
  scc_system_mapping_resource.resource                                   190ms
  sci_application.app                                                    212ms
  sci_group_base.group                                                   214ms
  sci_user.user                                                          207ms


Run 81/100:
  Total run time: 14.659127s
  btp_directory.directory                                                2746ms
  btp_subaccount.subaccount                                              437ms
  btp_subaccount_destination_generic.destination                         1932ms
  btp_subaccount_entitlement.entitlement                                 13490ms
  btp_subaccount_role.role                                               1008ms
  btp_subaccount_role_collection.collection                              236ms
  btp_subaccount_service_instance.instance                               3507ms
  btp_subaccount_subscription.subscription                               2681ms
  btp_subaccount_trust_configuration.trust                               1912ms
  cloudfoundry_service_instance.instance                                 71ms
  cloudfoundry_space.space                                               150ms
  scc_subaccount.subaccount                                              672ms
  scc_system_mapping.system                                              205ms
  scc_system_mapping_resource.resource                                   211ms
  sci_application.app                                                    230ms
  sci_group_base.group                                                   202ms
  sci_user.user                                                          229ms


Run 82/100:
  Total run time: 14.599655s
  btp_directory.directory                                                3086ms
  btp_subaccount_destination_generic.destination                         1313ms
  btp_subaccount_entitlement.entitlement                                 13390ms
  btp_subaccount_environment_instance.cloudfoundry                       661ms
  btp_subaccount_role.role                                               2001ms
  btp_subaccount_role_collection.collection                              903ms
  btp_subaccount_trust_configuration.trust                               231ms
  cloudfoundry_service_instance.instance                                 66ms
  cloudfoundry_space.space                                               147ms
  scc_subaccount.subaccount                                              745ms
  scc_system_mapping.system                                              183ms
  scc_system_mapping_resource.resource                                   189ms
  sci_application.app                                                    224ms
  sci_group_base.group                                                   205ms


Run 83/100:
  Total run time: 14.544624s
  btp_directory.directory                                                2373ms
  btp_subaccount.subaccount                                              1708ms
  btp_subaccount_destination_generic.destination                         272ms
  btp_subaccount_entitlement.entitlement                                 13213ms
  btp_subaccount_environment_instance.cloudfoundry                       1012ms
  btp_subaccount_role.role                                               1638ms
  btp_subaccount_service_instance.instance                               3556ms
  btp_subaccount_subscription.subscription                               2820ms
  btp_subaccount_trust_configuration.trust                               1258ms
  cloudfoundry_service_instance.instance                                 70ms
  cloudfoundry_space.space                                               140ms
  scc_subaccount.subaccount                                              928ms
  scc_system_mapping.system                                              190ms
  scc_system_mapping_resource.resource                                   207ms
  sci_application.app                                                    236ms
  sci_group_base.group                                                   300ms
  sci_user.user                                                          223ms


Run 84/100:
  Total run time: 15.330494s
  btp_directory.directory                                                3431ms
  btp_subaccount_destination_generic.destination                         305ms
  btp_subaccount_entitlement.entitlement                                 14004ms
  btp_subaccount_role.role                                               1427ms
  btp_subaccount_role_collection.collection                              539ms
  btp_subaccount_service_instance.instance                               4159ms
  btp_subaccount_subscription.subscription                               3757ms
  btp_subaccount_trust_configuration.trust                               2343ms
  cloudfoundry_service_instance.instance                                 57ms
  cloudfoundry_space.space                                               157ms
  scc_subaccount.subaccount                                              739ms
  scc_system_mapping_resource.resource                                   200ms
  sci_application.app                                                    216ms
  sci_group_base.group                                                   201ms
  sci_user.user                                                          205ms


Run 85/100:
  Total run time: 14.018277s
  btp_directory.directory                                                2186ms
  btp_subaccount.subaccount                                              377ms
  btp_subaccount_destination_generic.destination                         1111ms
  btp_subaccount_entitlement.entitlement                                 12911ms
  btp_subaccount_environment_instance.cloudfoundry                       1617ms
  btp_subaccount_role.role                                               1282ms
  btp_subaccount_role_collection.collection                              179ms
  btp_subaccount_service_instance.instance                               3298ms
  btp_subaccount_subscription.subscription                               2654ms
  btp_subaccount_trust_configuration.trust                               654ms
  cloudfoundry_service_instance.instance                                 60ms
  cloudfoundry_space.space                                               149ms
  scc_subaccount.subaccount                                              800ms
  scc_system_mapping.system                                              203ms
  scc_system_mapping_resource.resource                                   228ms
  sci_application.app                                                    227ms
  sci_group_base.group                                                   276ms
  sci_user.user                                                          260ms


Run 86/100:
  Total run time: 14.124050s
  btp_directory.directory                                                2892ms
  btp_subaccount.subaccount                                              945ms
  btp_subaccount_destination_generic.destination                         1189ms
  btp_subaccount_entitlement.entitlement                                 13145ms
  btp_subaccount_environment_instance.cloudfoundry                       522ms
  btp_subaccount_role.role                                               1832ms
  btp_subaccount_role_collection.collection                              187ms
  btp_subaccount_service_instance.instance                               8429ms
  btp_subaccount_subscription.subscription                               2972ms
  btp_subaccount_trust_configuration.trust                               1459ms
  cloudfoundry_service_instance.instance                                 62ms
  cloudfoundry_space.space                                               148ms
  scc_subaccount.subaccount                                              775ms
  scc_system_mapping_resource.resource                                   205ms
  sci_application.app                                                    239ms
  sci_group_base.group                                                   235ms
  sci_user.user                                                          209ms


Run 87/100:
  Total run time: 13.753251s
  btp_directory.directory                                                2308ms
  btp_subaccount.subaccount                                              782ms
  btp_subaccount_destination_generic.destination                         203ms
  btp_subaccount_entitlement.entitlement                                 12723ms
  btp_subaccount_environment_instance.cloudfoundry                       587ms
  btp_subaccount_role.role                                               1977ms
  btp_subaccount_role_collection.collection                              948ms
  btp_subaccount_service_instance.instance                               3331ms
  btp_subaccount_subscription.subscription                               2731ms
  btp_subaccount_trust_configuration.trust                               1313ms
  cloudfoundry_service_instance.instance                                 62ms
  cloudfoundry_space.space                                               166ms
  scc_subaccount.subaccount                                              733ms
  scc_system_mapping.system                                              223ms
  scc_system_mapping_resource.resource                                   222ms
  sci_application.app                                                    230ms
  sci_group_base.group                                                   239ms
  sci_user.user                                                          192ms


Run 88/100:
  Total run time: 14.813663s
  btp_directory.directory                                                2791ms
  btp_subaccount.subaccount                                              1671ms
  btp_subaccount_destination_generic.destination                         219ms
  btp_subaccount_entitlement.entitlement                                 13370ms
  btp_subaccount_environment_instance.cloudfoundry                       581ms
  btp_subaccount_role.role                                               814ms
  btp_subaccount_role_collection.collection                              1978ms
  btp_subaccount_service_instance.instance                               3416ms
  btp_subaccount_subscription.subscription                               2716ms
  cloudfoundry_service_instance.instance                                 54ms
  cloudfoundry_space.space                                               133ms
  scc_subaccount.subaccount                                              782ms
  scc_system_mapping.system                                              219ms
  scc_system_mapping_resource.resource                                   212ms
  sci_application.app                                                    280ms
  sci_group_base.group                                                   244ms
  sci_user.user                                                          238ms


Run 89/100:
  Total run time: 13.310750s
  btp_subaccount.subaccount                                              931ms
  btp_subaccount_destination_generic.destination                         1578ms
  btp_subaccount_entitlement.entitlement                                 12284ms
  btp_subaccount_environment_instance.cloudfoundry                       1593ms
  btp_subaccount_role_collection.collection                              1734ms
  btp_subaccount_service_instance.instance                               3323ms
  btp_subaccount_subscription.subscription                               2879ms
  btp_subaccount_trust_configuration.trust                               425ms
  cloudfoundry_service_instance.instance                                 66ms
  cloudfoundry_space.space                                               166ms
  scc_subaccount.subaccount                                              731ms
  scc_system_mapping_resource.resource                                   215ms
  sci_application.app                                                    243ms
  sci_group_base.group                                                   245ms
  sci_user.user                                                          192ms


Run 90/100:
  Total run time: 14.164514s
  btp_subaccount.subaccount                                              1807ms
  btp_subaccount_destination_generic.destination                         190ms
  btp_subaccount_entitlement.entitlement                                 13174ms
  btp_subaccount_environment_instance.cloudfoundry                       1538ms
  btp_subaccount_role.role                                               1062ms
  btp_subaccount_role_collection.collection                              1941ms
  btp_subaccount_service_instance.instance                               3445ms
  btp_subaccount_subscription.subscription                               3071ms
  btp_subaccount_trust_configuration.trust                               441ms
  cloudfoundry_service_instance.instance                                 57ms
  cloudfoundry_space.space                                               161ms
  scc_subaccount.subaccount                                              740ms
  scc_system_mapping.system                                              216ms
  scc_system_mapping_resource.resource                                   186ms
  sci_application.app                                                    230ms
  sci_group_base.group                                                   211ms
  sci_user.user                                                          200ms


Run 91/100:
  Total run time: 13.738863s
  btp_directory.directory                                                3401ms
  btp_subaccount.subaccount                                              1989ms
  btp_subaccount_destination_generic.destination                         1089ms
  btp_subaccount_entitlement.entitlement                                 12773ms
  btp_subaccount_environment_instance.cloudfoundry                       1968ms
  btp_subaccount_role.role                                               213ms
  btp_subaccount_role_collection.collection                              1319ms
  btp_subaccount_service_instance.instance                               3792ms
  btp_subaccount_subscription.subscription                               2944ms
  cloudfoundry_service_instance.instance                                 87ms
  cloudfoundry_space.space                                               141ms
  scc_system_mapping.system                                              193ms
  scc_system_mapping_resource.resource                                   187ms
  sci_application.app                                                    256ms
  sci_group_base.group                                                   212ms


Run 92/100:
  Total run time: 14.073786s
  btp_directory.directory                                                2743ms
  btp_subaccount.subaccount                                              1808ms
  btp_subaccount_destination_generic.destination                         473ms
  btp_subaccount_entitlement.entitlement                                 13092ms
  btp_subaccount_environment_instance.cloudfoundry                       1821ms
  btp_subaccount_role_collection.collection                              274ms
  btp_subaccount_service_instance.instance                               3362ms
  btp_subaccount_subscription.subscription                               2535ms
  btp_subaccount_trust_configuration.trust                               2028ms
  cloudfoundry_service_instance.instance                                 47ms
  cloudfoundry_space.space                                               157ms
  scc_subaccount.subaccount                                              791ms
  scc_system_mapping.system                                              189ms
  scc_system_mapping_resource.resource                                   195ms
  sci_application.app                                                    215ms
  sci_group_base.group                                                   200ms
  sci_user.user                                                          187ms


Run 93/100:
  Total run time: 21.995472s
  btp_subaccount.subaccount                                              5941ms
  btp_subaccount_destination_generic.destination                         5492ms
  btp_subaccount_entitlement.entitlement                                 20943ms
  btp_subaccount_environment_instance.cloudfoundry                       6370ms
  btp_subaccount_role.role                                               202ms
  btp_subaccount_role_collection.collection                              7060ms
  btp_subaccount_service_instance.instance                               8440ms
  btp_subaccount_subscription.subscription                               7865ms
  btp_subaccount_trust_configuration.trust                               5717ms
  cloudfoundry_service_instance.instance                                 61ms
  cloudfoundry_space.space                                               131ms
  scc_subaccount.subaccount                                              743ms
  scc_system_mapping.system                                              68ms
  scc_system_mapping_resource.resource                                   83ms
  sci_application.app                                                    283ms
  sci_group_base.group                                                   255ms
  sci_user.user                                                          242ms


Run 94/100:
  Total run time: 14.723390s
  btp_directory.directory                                                2335ms
  btp_subaccount.subaccount                                              424ms
  btp_subaccount_destination_generic.destination                         981ms
  btp_subaccount_entitlement.entitlement                                 13497ms
  btp_subaccount_environment_instance.cloudfoundry                       1997ms
  btp_subaccount_role_collection.collection                              213ms
  btp_subaccount_service_instance.instance                               3583ms
  btp_subaccount_subscription.subscription                               2743ms
  btp_subaccount_trust_configuration.trust                               739ms
  cloudfoundry_service_instance.instance                                 60ms
  cloudfoundry_space.space                                               153ms
  scc_subaccount.subaccount                                              699ms
  scc_system_mapping.system                                              192ms
  scc_system_mapping_resource.resource                                   191ms
  sci_application.app                                                    240ms
  sci_group_base.group                                                   262ms
  sci_user.user                                                          239ms


Run 95/100:
  Total run time: 17.432797s
  btp_directory.directory                                                5823ms
  btp_subaccount.subaccount                                              4851ms
  btp_subaccount_destination_generic.destination                         1570ms
  btp_subaccount_entitlement.entitlement                                 16441ms
  btp_subaccount_environment_instance.cloudfoundry                       4711ms
  btp_subaccount_role.role                                               1816ms
  btp_subaccount_role_collection.collection                              1323ms
  btp_subaccount_service_instance.instance                               6500ms
  btp_subaccount_subscription.subscription                               5527ms
  btp_subaccount_trust_configuration.trust                               243ms
  cloudfoundry_service_instance.instance                                 60ms
  cloudfoundry_space.space                                               119ms
  scc_subaccount.subaccount                                              786ms
  scc_system_mapping.system                                              229ms
  scc_system_mapping_resource.resource                                   239ms
  sci_application.app                                                    238ms
  sci_group_base.group                                                   217ms
  sci_user.user                                                          197ms


Run 96/100:
  Total run time: 14.729115s
  btp_directory.directory                                                2798ms
  btp_subaccount.subaccount                                              1912ms
  btp_subaccount_destination_generic.destination                         672ms
  btp_subaccount_entitlement.entitlement                                 13695ms
  btp_subaccount_environment_instance.cloudfoundry                       2037ms
  btp_subaccount_role.role                                               217ms
  btp_subaccount_role_collection.collection                              467ms
  btp_subaccount_subscription.subscription                               2705ms
  btp_subaccount_trust_configuration.trust                               2112ms
  cloudfoundry_service_instance.instance                                 59ms
  cloudfoundry_space.space                                               143ms
  scc_subaccount.subaccount                                              3732ms
  scc_system_mapping.system                                              205ms
  scc_system_mapping_resource.resource                                   194ms
  sci_application.app                                                    240ms
  sci_group_base.group                                                   239ms
  sci_user.user                                                          238ms


Run 97/100:
  Total run time: 13.517278s
  btp_directory.directory                                                2135ms
  btp_subaccount.subaccount                                              1125ms
  btp_subaccount_destination_generic.destination                         1689ms
  btp_subaccount_entitlement.entitlement                                 12548ms
  btp_subaccount_environment_instance.cloudfoundry                       1985ms
  btp_subaccount_role.role                                               838ms
  btp_subaccount_role_collection.collection                              637ms
  btp_subaccount_subscription.subscription                               3184ms
  btp_subaccount_trust_configuration.trust                               1737ms
  cloudfoundry_service_instance.instance                                 77ms
  cloudfoundry_space.space                                               168ms
  scc_subaccount.subaccount                                              711ms
  scc_system_mapping.system                                              204ms
  sci_application.app                                                    258ms
  sci_group_base.group                                                   236ms
  sci_user.user                                                          238ms


Run 98/100:
  Total run time: 13.417958s
  btp_directory.directory                                                2954ms
  btp_subaccount.subaccount                                              1872ms
  btp_subaccount_destination_generic.destination                         824ms
  btp_subaccount_entitlement.entitlement                                 12440ms
  btp_subaccount_environment_instance.cloudfoundry                       1981ms
  btp_subaccount_role.role                                               1342ms
  btp_subaccount_role_collection.collection                              1576ms
  btp_subaccount_service_instance.instance                               3539ms
  btp_subaccount_subscription.subscription                               2405ms
  btp_subaccount_trust_configuration.trust                               1808ms
  cloudfoundry_service_instance.instance                                 148ms
  cloudfoundry_space.space                                               148ms
  scc_subaccount.subaccount                                              634ms
  scc_system_mapping.system                                              198ms
  scc_system_mapping_resource.resource                                   142ms
  sci_application.app                                                    239ms
  sci_group_base.group                                                   188ms
  sci_user.user                                                          208ms


Run 99/100:
  Total run time: 14.974046s
  btp_directory.directory                                                2965ms
  btp_subaccount.subaccount                                              1263ms
  btp_subaccount_entitlement.entitlement                                 13281ms
  btp_subaccount_environment_instance.cloudfoundry                       1674ms
  btp_subaccount_role.role                                               2094ms
  btp_subaccount_role_collection.collection                              771ms
  btp_subaccount_service_instance.instance                               3455ms
  btp_subaccount_subscription.subscription                               2963ms
  btp_subaccount_trust_configuration.trust                               1017ms
  cloudfoundry_service_instance.instance                                 67ms
  cloudfoundry_space.space                                               151ms
  scc_subaccount.subaccount                                              921ms
  scc_system_mapping.system                                              185ms
  scc_system_mapping_resource.resource                                   187ms
  sci_application.app                                                    225ms
  sci_group_base.group                                                   291ms
  sci_user.user                                                          207ms


Run 100/100:
  Total run time: 13.946330s
  btp_directory.directory                                                2508ms
  btp_subaccount.subaccount                                              245ms
  btp_subaccount_destination_generic.destination                         1871ms
  btp_subaccount_entitlement.entitlement                                 12961ms
  btp_subaccount_environment_instance.cloudfoundry                       1112ms
  btp_subaccount_role.role                                               2078ms
  btp_subaccount_service_instance.instance                               3539ms
  btp_subaccount_subscription.subscription                               2834ms
  btp_subaccount_trust_configuration.trust                               435ms
  cloudfoundry_service_instance.instance                                 73ms
  cloudfoundry_space.space                                               194ms
  scc_subaccount.subaccount                                              950ms
  scc_system_mapping.system                                              201ms
  scc_system_mapping_resource.resource                                   198ms
  sci_application.app                                                    257ms
  sci_group_base.group                                                   226ms
  sci_user.user                                                          207ms


Final results:
-------                                            ------------    -----------    -----------
Element                                            Average (ms)   Minimum (ms)   Maximum (ms)
btp_directory.directory                                 3041.98           1756           8409
btp_subaccount.subaccount                               1537.82            245           6311
btp_subaccount_destination_generic.destination          1269.56            176           6549
btp_subaccount_entitlement.entitlement                 13484.92          12180          20943
btp_subaccount_environment_instance.cloudfoundry        1756.79            408           6370
btp_subaccount_role.role                                1394.55            181           6809
btp_subaccount_role_collection.collection               1322.78            179           7060
btp_subaccount_service_instance.instance                4156.43           2932          13114
btp_subaccount_subscription.subscription                3269.20           2075           8222
btp_subaccount_trust_configuration.trust                1371.47            222           6783
cloudfoundry_service_instance.instance                    70.83             47            148
cloudfoundry_space.space                                 169.28            119            574
scc_subaccount.subaccount                               1519.35            627           7302
scc_system_mapping.system                                203.25             66            559
scc_system_mapping_resource.resource                     207.81             83            986
sci_application.app                                      259.94            212            433
sci_group_base.group                                     241.41            186            429
sci_user.user                                            240.12            182            679

Total wall-clock time: 1460.362765s
Average wall-clock time: 14.603628s
Minimum wall-clock time: 13.174206s
Maximum wall-clock time: 21.995472s
Total Ressources: 18
