Running terraform plan -refresh-only 100 time(s)

Run 1/100:
  Total run time: 19.459789s
  btp_directory.directory                                                8100ms
  btp_subaccount.subaccount                                              7122ms
  btp_subaccount_destination_generic.destination                         1332ms
  btp_subaccount_entitlement.entitlement                                 18113ms
  btp_subaccount_role.role                                               764ms
  btp_subaccount_role_collection.collection                              7020ms
  btp_subaccount_service_instance.instance                               9238ms
  btp_subaccount_subscription.subscription                               8195ms
  btp_subaccount_trust_configuration.trust                               1045ms
  cloudfoundry_service_instance.instance                                 66ms
  cloudfoundry_space.space                                               164ms
  scc_subaccount.subaccount                                              6973ms
  scc_system_mapping.system                                              194ms
  scc_system_mapping_resource.resource                                   198ms
  sci_application.app                                                    597ms
  sci_user.user                                                          590ms


Run 2/100:
  Total run time: 15.021747s
  btp_directory.directory                                                2384ms
  btp_subaccount.subaccount                                              618ms
  btp_subaccount_destination_generic.destination                         1413ms
  btp_subaccount_entitlement.entitlement                                 14016ms
  btp_subaccount_environment_instance.cloudfoundry                       2297ms
  btp_subaccount_role.role                                               2319ms
  btp_subaccount_role_collection.collection                              1848ms
  btp_subaccount_service_instance.instance                               4356ms
  btp_subaccount_subscription.subscription                               3845ms
  btp_subaccount_trust_configuration.trust                               2829ms
  cloudfoundry_service_instance.instance                                 83ms
  cloudfoundry_space.space                                               147ms
  scc_subaccount.subaccount                                              729ms
  scc_system_mapping_resource.resource                                   188ms
  sci_application.app                                                    228ms
  sci_group_base.group                                                   218ms
  sci_user.user                                                          238ms


Run 3/100:
  Total run time: 21.373966s
  btp_directory.directory                                                7277ms
  btp_subaccount.subaccount                                              6913ms
  btp_subaccount_destination_generic.destination                         206ms
  btp_subaccount_entitlement.entitlement                                 18319ms
  btp_subaccount_environment_instance.cloudfoundry                       6853ms
  btp_subaccount_role.role                                               445ms
  btp_subaccount_role_collection.collection                              637ms
  btp_subaccount_service_instance.instance                               8397ms
  btp_subaccount_subscription.subscription                               7644ms
  cloudfoundry_service_instance.instance                                 56ms
  cloudfoundry_space.space                                               144ms
  scc_subaccount.subaccount                                              786ms
  scc_system_mapping_resource.resource                                   194ms
  sci_application.app                                                    224ms
  sci_group_base.group                                                   194ms
  sci_user.user                                                          199ms


Run 4/100:
  Total run time: 14.227382s
  btp_directory.directory                                                2791ms
  btp_subaccount.subaccount                                              1137ms
  btp_subaccount_destination_generic.destination                         217ms
  btp_subaccount_entitlement.entitlement                                 13187ms
  btp_subaccount_environment_instance.cloudfoundry                       1986ms
  btp_subaccount_role.role                                               1423ms
  btp_subaccount_role_collection.collection                              1646ms
  btp_subaccount_service_instance.instance                               3342ms
  btp_subaccount_subscription.subscription                               2647ms
  btp_subaccount_trust_configuration.trust                               803ms
  cloudfoundry_service_instance.instance                                 52ms
  cloudfoundry_space.space                                               149ms
  scc_subaccount.subaccount                                              797ms
  scc_system_mapping.system                                              199ms
  scc_system_mapping_resource.resource                                   180ms
  sci_application.app                                                    260ms
  sci_group_base.group                                                   266ms
  sci_user.user                                                          241ms


Run 5/100:
  Total run time: 14.372110s
  btp_directory.directory                                                1899ms
  btp_subaccount.subaccount                                              1249ms
  btp_subaccount_destination_generic.destination                         1842ms
  btp_subaccount_entitlement.entitlement                                 13310ms
  btp_subaccount_environment_instance.cloudfoundry                       1591ms
  btp_subaccount_role.role                                               1110ms
  btp_subaccount_role_collection.collection                              1819ms
  btp_subaccount_service_instance.instance                               3752ms
  btp_subaccount_subscription.subscription                               2742ms
  btp_subaccount_trust_configuration.trust                               489ms
  cloudfoundry_service_instance.instance                                 64ms
  cloudfoundry_space.space                                               165ms
  scc_subaccount.subaccount                                              742ms
  scc_system_mapping.system                                              193ms
  scc_system_mapping_resource.resource                                   183ms
  sci_application.app                                                    221ms
  sci_group_base.group                                                   231ms
  sci_user.user                                                          231ms


Run 6/100:
  Total run time: 14.677616s
  btp_directory.directory                                                2088ms
  btp_subaccount_destination_generic.destination                         1986ms
  btp_subaccount_entitlement.entitlement                                 13781ms
  btp_subaccount_environment_instance.cloudfoundry                       1145ms
  btp_subaccount_role.role                                               1962ms
  btp_subaccount_role_collection.collection                              1340ms
  btp_subaccount_service_instance.instance                               3666ms
  btp_subaccount_subscription.subscription                               2676ms
  btp_subaccount_trust_configuration.trust                               1930ms
  cloudfoundry_service_instance.instance                                 88ms
  cloudfoundry_space.space                                               193ms
  scc_subaccount.subaccount                                              733ms
  scc_system_mapping.system                                              179ms
  scc_system_mapping_resource.resource                                   202ms
  sci_application.app                                                    250ms
  sci_group_base.group                                                   213ms
  sci_user.user                                                          212ms


Run 7/100:
  Total run time: 13.609939s
  btp_directory.directory                                                2933ms
  btp_subaccount.subaccount                                              1991ms
  btp_subaccount_destination_generic.destination                         1957ms
  btp_subaccount_entitlement.entitlement                                 12642ms
  btp_subaccount_environment_instance.cloudfoundry                       787ms
  btp_subaccount_role.role                                               993ms
  btp_subaccount_role_collection.collection                              1267ms
  btp_subaccount_subscription.subscription                               3055ms
  btp_subaccount_trust_configuration.trust                               425ms
  cloudfoundry_service_instance.instance                                 51ms
  cloudfoundry_space.space                                               156ms
  scc_subaccount.subaccount                                              766ms
  scc_system_mapping_resource.resource                                   179ms
  sci_application.app                                                    236ms
  sci_group_base.group                                                   229ms
  sci_user.user                                                          188ms


Run 8/100:
  Total run time: 13.395520s
  btp_directory.directory                                                2757ms
  btp_subaccount.subaccount                                              1716ms
  btp_subaccount_entitlement.entitlement                                 12405ms
  btp_subaccount_environment_instance.cloudfoundry                       1649ms
  btp_subaccount_role.role                                               774ms
  btp_subaccount_role_collection.collection                              413ms
  btp_subaccount_service_instance.instance                               3218ms
  btp_subaccount_subscription.subscription                               2691ms
  btp_subaccount_trust_configuration.trust                               1887ms
  cloudfoundry_service_instance.instance                                 72ms
  cloudfoundry_space.space                                               129ms
  scc_subaccount.subaccount                                              1524ms
  scc_system_mapping.system                                              203ms
  scc_system_mapping_resource.resource                                   199ms
  sci_application.app                                                    219ms
  sci_group_base.group                                                   218ms
  sci_user.user                                                          219ms


Run 9/100:
  Total run time: 14.004844s
  btp_subaccount.subaccount                                              813ms
  btp_subaccount_entitlement.entitlement                                 13020ms
  btp_subaccount_environment_instance.cloudfoundry                       1446ms
  btp_subaccount_role.role                                               646ms
  btp_subaccount_role_collection.collection                              1596ms
  btp_subaccount_service_instance.instance                               3419ms
  btp_subaccount_subscription.subscription                               2684ms
  cloudfoundry_service_instance.instance                                 63ms
  cloudfoundry_space.space                                               155ms
  scc_subaccount.subaccount                                              798ms
  scc_system_mapping_resource.resource                                   176ms
  sci_application.app                                                    246ms
  sci_group_base.group                                                   223ms
  sci_user.user                                                          253ms


Run 10/100:
  Total run time: 13.954245s
  btp_directory.directory                                                2430ms
  btp_subaccount.subaccount                                              1879ms
  btp_subaccount_destination_generic.destination                         974ms
  btp_subaccount_entitlement.entitlement                                 12966ms
  btp_subaccount_environment_instance.cloudfoundry                       2090ms
  btp_subaccount_role.role                                               1276ms
  btp_subaccount_role_collection.collection                              703ms
  btp_subaccount_service_instance.instance                               3250ms
  btp_subaccount_trust_configuration.trust                               272ms
  cloudfoundry_service_instance.instance                                 52ms
  cloudfoundry_space.space                                               160ms
  scc_subaccount.subaccount                                              689ms
  scc_system_mapping.system                                              196ms
  scc_system_mapping_resource.resource                                   206ms
  sci_application.app                                                    235ms
  sci_group_base.group                                                   216ms
  sci_user.user                                                          257ms


Run 11/100:
  Total run time: 19.551933s
  btp_directory.directory                                                2587ms
  btp_subaccount.subaccount                                              1338ms
  btp_subaccount_destination_generic.destination                         832ms
  btp_subaccount_entitlement.entitlement                                 18387ms
  btp_subaccount_environment_instance.cloudfoundry                       1633ms
  btp_subaccount_role.role                                               1810ms
  btp_subaccount_role_collection.collection                              190ms
  btp_subaccount_service_instance.instance                               8387ms
  btp_subaccount_subscription.subscription                               2523ms
  btp_subaccount_trust_configuration.trust                               1982ms
  cloudfoundry_service_instance.instance                                 60ms
  cloudfoundry_space.space                                               130ms
  scc_subaccount.subaccount                                              748ms
  scc_system_mapping.system                                              202ms
  scc_system_mapping_resource.resource                                   228ms
  sci_application.app                                                    221ms
  sci_group_base.group                                                   197ms
  sci_user.user                                                          198ms


Run 12/100:
  Total run time: 13.584071s
  btp_subaccount_destination_generic.destination                         1668ms
  btp_subaccount_entitlement.entitlement                                 12454ms
  btp_subaccount_environment_instance.cloudfoundry                       1811ms
  btp_subaccount_role.role                                               710ms
  btp_subaccount_role_collection.collection                              1465ms
  btp_subaccount_service_instance.instance                               3417ms
  btp_subaccount_subscription.subscription                               2675ms
  btp_subaccount_trust_configuration.trust                               473ms
  cloudfoundry_service_instance.instance                                 57ms
  cloudfoundry_space.space                                               142ms
  scc_subaccount.subaccount                                              5815ms
  scc_system_mapping.system                                              129ms
  scc_system_mapping_resource.resource                                   179ms
  sci_application.app                                                    264ms
  sci_group_base.group                                                   232ms
  sci_user.user                                                          232ms


Run 13/100:
  Total run time: 14.484649s
  btp_directory.directory                                                2121ms
  btp_subaccount.subaccount                                              1821ms
  btp_subaccount_destination_generic.destination                         843ms
  btp_subaccount_entitlement.entitlement                                 13280ms
  btp_subaccount_environment_instance.cloudfoundry                       1767ms
  btp_subaccount_role.role                                               1733ms
  btp_subaccount_role_collection.collection                              236ms
  btp_subaccount_service_instance.instance                               3394ms
  btp_subaccount_trust_configuration.trust                               424ms
  cloudfoundry_service_instance.instance                                 50ms
  cloudfoundry_space.space                                               163ms
  scc_subaccount.subaccount                                              756ms
  scc_system_mapping_resource.resource                                   195ms
  sci_application.app                                                    245ms
  sci_group_base.group                                                   225ms
  sci_user.user                                                          204ms


Run 14/100:
  Total run time: 14.001033s
  btp_directory.directory                                                2908ms
  btp_subaccount.subaccount                                              1099ms
  btp_subaccount_destination_generic.destination                         1578ms
  btp_subaccount_entitlement.entitlement                                 13108ms
  btp_subaccount_environment_instance.cloudfoundry                       815ms
  btp_subaccount_role.role                                               2096ms
  btp_subaccount_role_collection.collection                              402ms
  btp_subaccount_service_instance.instance                               3343ms
  btp_subaccount_subscription.subscription                               2904ms
  btp_subaccount_trust_configuration.trust                               1917ms
  cloudfoundry_service_instance.instance                                 51ms
  cloudfoundry_space.space                                               136ms
  scc_subaccount.subaccount                                              712ms
  scc_system_mapping.system                                              191ms
  scc_system_mapping_resource.resource                                   197ms
  sci_application.app                                                    243ms
  sci_group_base.group                                                   204ms
  sci_user.user                                                          213ms


Run 15/100:
  Total run time: 14.130533s
  btp_directory.directory                                                3358ms
  btp_subaccount.subaccount                                              879ms
  btp_subaccount_destination_generic.destination                         1323ms
  btp_subaccount_entitlement.entitlement                                 13141ms
  btp_subaccount_role_collection.collection                              1064ms
  btp_subaccount_service_instance.instance                               3711ms
  btp_subaccount_subscription.subscription                               3171ms
  btp_subaccount_trust_configuration.trust                               199ms
  cloudfoundry_service_instance.instance                                 54ms
  cloudfoundry_space.space                                               162ms
  scc_subaccount.subaccount                                              797ms
  scc_system_mapping.system                                              172ms
  scc_system_mapping_resource.resource                                   175ms
  sci_application.app                                                    263ms
  sci_group_base.group                                                   226ms
  sci_user.user                                                          213ms


Run 16/100:
  Total run time: 13.776722s
  btp_directory.directory                                                3134ms
  btp_subaccount.subaccount                                              1506ms
  btp_subaccount_destination_generic.destination                         1979ms
  btp_subaccount_entitlement.entitlement                                 12788ms
  btp_subaccount_environment_instance.cloudfoundry                       810ms
  btp_subaccount_role.role                                               1794ms
  btp_subaccount_role_collection.collection                              219ms
  btp_subaccount_service_instance.instance                               3503ms
  btp_subaccount_subscription.subscription                               2713ms
  btp_subaccount_trust_configuration.trust                               1800ms
  cloudfoundry_service_instance.instance                                 58ms
  cloudfoundry_space.space                                               148ms
  scc_subaccount.subaccount                                              707ms
  scc_system_mapping.system                                              216ms
  scc_system_mapping_resource.resource                                   199ms
  sci_application.app                                                    249ms
  sci_group_base.group                                                   218ms
  sci_user.user                                                          226ms


Run 17/100:
  Total run time: 14.290416s
  btp_directory.directory                                                2902ms
  btp_subaccount.subaccount                                              1851ms
  btp_subaccount_destination_generic.destination                         191ms
  btp_subaccount_entitlement.entitlement                                 13304ms
  btp_subaccount_environment_instance.cloudfoundry                       1733ms
  btp_subaccount_role.role                                               1953ms
  btp_subaccount_role_collection.collection                              1334ms
  btp_subaccount_service_instance.instance                               3357ms
  btp_subaccount_subscription.subscription                               2740ms
  btp_subaccount_trust_configuration.trust                               833ms
  cloudfoundry_service_instance.instance                                 70ms
  cloudfoundry_space.space                                               145ms
  scc_system_mapping.system                                              181ms
  scc_system_mapping_resource.resource                                   192ms
  sci_application.app                                                    221ms
  sci_group_base.group                                                   213ms
  sci_user.user                                                          202ms


Run 18/100:
  Total run time: 14.480376s
  btp_directory.directory                                                1690ms
  btp_subaccount.subaccount                                              1310ms
  btp_subaccount_destination_generic.destination                         775ms
  btp_subaccount_entitlement.entitlement                                 13341ms
  btp_subaccount_environment_instance.cloudfoundry                       597ms
  btp_subaccount_role.role                                               1546ms
  btp_subaccount_role_collection.collection                              1698ms
  btp_subaccount_service_instance.instance                               3335ms
  btp_subaccount_subscription.subscription                               2584ms
  btp_subaccount_trust_configuration.trust                               1246ms
  cloudfoundry_service_instance.instance                                 63ms
  cloudfoundry_space.space                                               135ms
  scc_subaccount.subaccount                                              681ms
  scc_system_mapping.system                                              225ms
  scc_system_mapping_resource.resource                                   203ms
  sci_application.app                                                    259ms
  sci_group_base.group                                                   244ms
  sci_user.user                                                          255ms


Run 19/100:
  Total run time: 20.665417s
  btp_directory.directory                                                8341ms
  btp_subaccount.subaccount                                              700ms
  btp_subaccount_destination_generic.destination                         204ms
  btp_subaccount_entitlement.entitlement                                 19594ms
  btp_subaccount_environment_instance.cloudfoundry                       2256ms
  btp_subaccount_role.role                                               1733ms
  btp_subaccount_role_collection.collection                              1435ms
  btp_subaccount_service_instance.instance                               9061ms
  btp_subaccount_subscription.subscription                               8504ms
  btp_subaccount_trust_configuration.trust                               1925ms
  cloudfoundry_service_instance.instance                                 142ms
  cloudfoundry_space.space                                               250ms
  scc_subaccount.subaccount                                              5896ms
  scc_system_mapping.system                                              367ms
  scc_system_mapping_resource.resource                                   350ms
  sci_application.app                                                    256ms
  sci_group_base.group                                                   227ms
  sci_user.user                                                          227ms


Run 20/100:
  Total run time: 14.519746s
  btp_directory.directory                                                3059ms
  btp_subaccount.subaccount                                              1929ms
  btp_subaccount_destination_generic.destination                         1268ms
  btp_subaccount_entitlement.entitlement                                 13472ms
  btp_subaccount_role.role                                               1786ms
  btp_subaccount_role_collection.collection                              195ms
  btp_subaccount_service_instance.instance                               3568ms
  btp_subaccount_subscription.subscription                               2608ms
  btp_subaccount_trust_configuration.trust                               932ms
  cloudfoundry_service_instance.instance                                 158ms
  cloudfoundry_space.space                                               152ms
  scc_subaccount.subaccount                                              944ms
  scc_system_mapping_resource.resource                                   303ms
  sci_application.app                                                    269ms
  sci_group_base.group                                                   254ms
  sci_user.user                                                          223ms


Run 21/100:
  Total run time: 14.220430s
  btp_directory.directory                                                2484ms
  btp_subaccount.subaccount                                              1135ms
  btp_subaccount_destination_generic.destination                         1349ms
  btp_subaccount_entitlement.entitlement                                 13162ms
  btp_subaccount_environment_instance.cloudfoundry                       614ms
  btp_subaccount_role.role                                               1858ms
  btp_subaccount_service_instance.instance                               3474ms
  btp_subaccount_subscription.subscription                               2870ms
  btp_subaccount_trust_configuration.trust                               838ms
  cloudfoundry_service_instance.instance                                 61ms
  cloudfoundry_space.space                                               129ms
  scc_subaccount.subaccount                                              5893ms
  scc_system_mapping.system                                              307ms
  scc_system_mapping_resource.resource                                   306ms
  sci_application.app                                                    251ms
  sci_group_base.group                                                   249ms
  sci_user.user                                                          250ms


Run 22/100:
  Total run time: 18.035019s
  btp_directory.directory                                                7061ms
  btp_subaccount.subaccount                                              5999ms
  btp_subaccount_destination_generic.destination                         210ms
  btp_subaccount_entitlement.entitlement                                 17090ms
  btp_subaccount_environment_instance.cloudfoundry                       5915ms
  btp_subaccount_role.role                                               6124ms
  btp_subaccount_role_collection.collection                              1678ms
  btp_subaccount_service_instance.instance                               7617ms
  btp_subaccount_subscription.subscription                               6905ms
  cloudfoundry_service_instance.instance                                 232ms
  cloudfoundry_space.space                                               139ms
  scc_subaccount.subaccount                                              819ms
  scc_system_mapping.system                                              260ms
  scc_system_mapping_resource.resource                                   246ms
  sci_application.app                                                    274ms
  sci_group_base.group                                                   271ms
  sci_user.user                                                          275ms


Run 23/100:
  Total run time: 14.677217s
  btp_directory.directory                                                3360ms
  btp_subaccount.subaccount                                              471ms
  btp_subaccount_entitlement.entitlement                                 13625ms
  btp_subaccount_environment_instance.cloudfoundry                       2040ms
  btp_subaccount_role.role                                               223ms
  btp_subaccount_role_collection.collection                              1597ms
  btp_subaccount_service_instance.instance                               3797ms
  btp_subaccount_subscription.subscription                               3284ms
  btp_subaccount_trust_configuration.trust                               1680ms
  cloudfoundry_service_instance.instance                                 61ms
  cloudfoundry_space.space                                               128ms
  scc_subaccount.subaccount                                              719ms
  scc_system_mapping_resource.resource                                   188ms
  sci_application.app                                                    245ms
  sci_group_base.group                                                   243ms
  sci_user.user                                                          224ms


Run 24/100:
  Total run time: 19.398855s
  btp_directory.directory                                                7324ms
  btp_subaccount.subaccount                                              1262ms
  btp_subaccount_destination_generic.destination                         213ms
  btp_subaccount_entitlement.entitlement                                 18450ms
  btp_subaccount_environment_instance.cloudfoundry                       6801ms
  btp_subaccount_role.role                                               642ms
  btp_subaccount_role_collection.collection                              811ms
  btp_subaccount_service_instance.instance                               13345ms
  btp_subaccount_subscription.subscription                               7720ms
  cloudfoundry_service_instance.instance                                 78ms
  cloudfoundry_space.space                                               149ms
  scc_subaccount.subaccount                                              687ms
  scc_system_mapping_resource.resource                                   177ms
  sci_application.app                                                    208ms
  sci_group_base.group                                                   213ms
  sci_user.user                                                          190ms


Run 25/100:
  Total run time: 13.926698s
  btp_directory.directory                                                2405ms
  btp_subaccount.subaccount                                              1931ms
  btp_subaccount_destination_generic.destination                         1193ms
  btp_subaccount_entitlement.entitlement                                 12912ms
  btp_subaccount_environment_instance.cloudfoundry                       897ms
  btp_subaccount_role.role                                               410ms
  btp_subaccount_service_instance.instance                               3662ms
  btp_subaccount_subscription.subscription                               3250ms
  btp_subaccount_trust_configuration.trust                               1981ms
  cloudfoundry_service_instance.instance                                 57ms
  cloudfoundry_space.space                                               145ms
  scc_subaccount.subaccount                                              5832ms
  scc_system_mapping.system                                              194ms
  scc_system_mapping_resource.resource                                   228ms
  sci_application.app                                                    237ms
  sci_group_base.group                                                   207ms
  sci_user.user                                                          200ms


Run 26/100:
  Total run time: 14.270637s
  btp_directory.directory                                                2971ms
  btp_subaccount.subaccount                                              1048ms
  btp_subaccount_destination_generic.destination                         565ms
  btp_subaccount_entitlement.entitlement                                 13310ms
  btp_subaccount_environment_instance.cloudfoundry                       1998ms
  btp_subaccount_role.role                                               237ms
  btp_subaccount_role_collection.collection                              1366ms
  btp_subaccount_service_instance.instance                               3430ms
  btp_subaccount_subscription.subscription                               2911ms
  btp_subaccount_trust_configuration.trust                               832ms
  cloudfoundry_service_instance.instance                                 60ms
  cloudfoundry_space.space                                               156ms
  scc_subaccount.subaccount                                              691ms
  scc_system_mapping.system                                              192ms
  scc_system_mapping_resource.resource                                   198ms
  sci_application.app                                                    282ms
  sci_group_base.group                                                   260ms
  sci_user.user                                                          255ms


Run 27/100:
  Total run time: 14.702431s
  btp_directory.directory                                                2548ms
  btp_subaccount_destination_generic.destination                         1276ms
  btp_subaccount_entitlement.entitlement                                 13722ms
  btp_subaccount_environment_instance.cloudfoundry                       1832ms
  btp_subaccount_role.role                                               1593ms
  btp_subaccount_role_collection.collection                              196ms
  btp_subaccount_service_instance.instance                               3392ms
  btp_subaccount_subscription.subscription                               2981ms
  btp_subaccount_trust_configuration.trust                               1481ms
  cloudfoundry_service_instance.instance                                 58ms
  cloudfoundry_space.space                                               147ms
  scc_system_mapping.system                                              196ms
  scc_system_mapping_resource.resource                                   186ms
  sci_application.app                                                    252ms
  sci_group_base.group                                                   270ms
  sci_user.user                                                          234ms


Run 28/100:
  Total run time: 13.868243s
  btp_directory.directory                                                2928ms
  btp_subaccount.subaccount                                              2165ms
  btp_subaccount_entitlement.entitlement                                 12920ms
  btp_subaccount_environment_instance.cloudfoundry                       1686ms
  btp_subaccount_role.role                                               2138ms
  btp_subaccount_role_collection.collection                              1082ms
  btp_subaccount_service_instance.instance                               3346ms
  btp_subaccount_subscription.subscription                               2762ms
  btp_subaccount_trust_configuration.trust                               1894ms
  cloudfoundry_service_instance.instance                                 71ms
  cloudfoundry_space.space                                               133ms
  scc_subaccount.subaccount                                              856ms
  scc_system_mapping.system                                              206ms
  scc_system_mapping_resource.resource                                   208ms
  sci_application.app                                                    245ms
  sci_group_base.group                                                   221ms
  sci_user.user                                                          200ms


Run 29/100:
  Total run time: 14.457167s
  btp_directory.directory                                                2655ms
  btp_subaccount.subaccount                                              670ms
  btp_subaccount_destination_generic.destination                         445ms
  btp_subaccount_entitlement.entitlement                                 13461ms
  btp_subaccount_environment_instance.cloudfoundry                       1725ms
  btp_subaccount_role.role                                               193ms
  btp_subaccount_role_collection.collection                              927ms
  btp_subaccount_service_instance.instance                               3185ms
  btp_subaccount_trust_configuration.trust                               1894ms
  cloudfoundry_service_instance.instance                                 53ms
  cloudfoundry_space.space                                               194ms
  scc_system_mapping.system                                              204ms
  scc_system_mapping_resource.resource                                   205ms
  sci_application.app                                                    285ms
  sci_group_base.group                                                   246ms
  sci_user.user                                                          247ms


Run 30/100:
  Total run time: 14.087354s
  btp_directory.directory                                                1812ms
  btp_subaccount.subaccount                                              763ms
  btp_subaccount_destination_generic.destination                         461ms
  btp_subaccount_entitlement.entitlement                                 13120ms
  btp_subaccount_environment_instance.cloudfoundry                       1510ms
  btp_subaccount_role.role                                               1110ms
  btp_subaccount_role_collection.collection                              1733ms
  btp_subaccount_service_instance.instance                               3656ms
  btp_subaccount_subscription.subscription                               2955ms
  btp_subaccount_trust_configuration.trust                               686ms
  cloudfoundry_service_instance.instance                                 86ms
  cloudfoundry_space.space                                               187ms
  scc_subaccount.subaccount                                              3185ms
  scc_system_mapping.system                                              201ms
  scc_system_mapping_resource.resource                                   194ms
  sci_application.app                                                    246ms
  sci_group_base.group                                                   205ms
  sci_user.user                                                          238ms


Run 31/100:
  Total run time: 13.695699s
  btp_directory.directory                                                2234ms
  btp_subaccount.subaccount                                              1143ms
  btp_subaccount_destination_generic.destination                         657ms
  btp_subaccount_entitlement.entitlement                                 12744ms
  btp_subaccount_environment_instance.cloudfoundry                       1071ms
  btp_subaccount_role.role                                               1344ms
  btp_subaccount_role_collection.collection                              2156ms
  btp_subaccount_service_instance.instance                               3743ms
  btp_subaccount_subscription.subscription                               3297ms
  btp_subaccount_trust_configuration.trust                               1887ms
  cloudfoundry_service_instance.instance                                 77ms
  cloudfoundry_space.space                                               158ms
  scc_subaccount.subaccount                                              894ms
  scc_system_mapping_resource.resource                                   217ms
  sci_application.app                                                    205ms
  sci_group_base.group                                                   200ms
  sci_user.user                                                          194ms


Run 32/100:
  Total run time: 14.637209s
  btp_directory.directory                                                2344ms
  btp_subaccount.subaccount                                              1679ms
  btp_subaccount_destination_generic.destination                         1701ms
  btp_subaccount_entitlement.entitlement                                 13693ms
  btp_subaccount_environment_instance.cloudfoundry                       2029ms
  btp_subaccount_role_collection.collection                              756ms
  btp_subaccount_service_instance.instance                               3442ms
  btp_subaccount_subscription.subscription                               3016ms
  btp_subaccount_trust_configuration.trust                               262ms
  cloudfoundry_service_instance.instance                                 62ms
  cloudfoundry_space.space                                               130ms
  scc_subaccount.subaccount                                              2899ms
  scc_system_mapping.system                                              204ms
  scc_system_mapping_resource.resource                                   184ms
  sci_application.app                                                    217ms
  sci_group_base.group                                                   195ms
  sci_user.user                                                          193ms


Run 33/100:
  Total run time: 14.842702s
  btp_directory.directory                                                2632ms
  btp_subaccount.subaccount                                              1818ms
  btp_subaccount_entitlement.entitlement                                 13878ms
  btp_subaccount_environment_instance.cloudfoundry                       1060ms
  btp_subaccount_role.role                                               225ms
  btp_subaccount_role_collection.collection                              1983ms
  btp_subaccount_service_instance.instance                               3201ms
  btp_subaccount_trust_configuration.trust                               1319ms
  cloudfoundry_service_instance.instance                                 75ms
  cloudfoundry_space.space                                               140ms
  scc_system_mapping.system                                              192ms
  scc_system_mapping_resource.resource                                   192ms
  sci_application.app                                                    470ms
  sci_group_base.group                                                   239ms
  sci_user.user                                                          235ms


Run 34/100:
  Total run time: 17.331257s
  btp_directory.directory                                                5342ms
  btp_subaccount.subaccount                                              4207ms
  btp_subaccount_destination_generic.destination                         234ms
  btp_subaccount_entitlement.entitlement                                 16075ms
  btp_subaccount_environment_instance.cloudfoundry                       3318ms
  btp_subaccount_role_collection.collection                              4600ms
  btp_subaccount_service_instance.instance                               6183ms
  btp_subaccount_trust_configuration.trust                               3753ms
  cloudfoundry_service_instance.instance                                 63ms
  cloudfoundry_space.space                                               179ms
  scc_subaccount.subaccount                                              598ms
  scc_system_mapping.system                                              186ms
  scc_system_mapping_resource.resource                                   75ms
  sci_application.app                                                    249ms
  sci_group_base.group                                                   260ms
  sci_user.user                                                          235ms


Run 35/100:
  Total run time: 13.687340s
  btp_directory.directory                                                2828ms
  btp_subaccount.subaccount                                              885ms
  btp_subaccount_destination_generic.destination                         1593ms
  btp_subaccount_entitlement.entitlement                                 12686ms
  btp_subaccount_environment_instance.cloudfoundry                       1220ms
  btp_subaccount_role_collection.collection                              2047ms
  btp_subaccount_service_instance.instance                               3445ms
  btp_subaccount_subscription.subscription                               2341ms
  btp_subaccount_trust_configuration.trust                               1817ms
  cloudfoundry_service_instance.instance                                 83ms
  cloudfoundry_space.space                                               181ms
  scc_subaccount.subaccount                                              1412ms
  scc_system_mapping.system                                              217ms
  scc_system_mapping_resource.resource                                   205ms
  sci_application.app                                                    237ms
  sci_group_base.group                                                   202ms
  sci_user.user                                                          197ms


Run 36/100:
  Total run time: 14.825400s
  btp_directory.directory                                                2000ms
  btp_subaccount.subaccount                                              1864ms
  btp_subaccount_destination_generic.destination                         594ms
  btp_subaccount_entitlement.entitlement                                 13662ms
  btp_subaccount_environment_instance.cloudfoundry                       1386ms
  btp_subaccount_role.role                                               1805ms
  btp_subaccount_role_collection.collection                              2030ms
  btp_subaccount_service_instance.instance                               3435ms
  btp_subaccount_subscription.subscription                               3024ms
  btp_subaccount_trust_configuration.trust                               1606ms
  cloudfoundry_service_instance.instance                                 114ms
  cloudfoundry_space.space                                               160ms
  scc_subaccount.subaccount                                              5831ms
  scc_system_mapping.system                                              250ms
  sci_application.app                                                    283ms
  sci_group_base.group                                                   212ms
  sci_user.user                                                          222ms


Run 37/100:
  Total run time: 13.517324s
  btp_directory.directory                                                2534ms
  btp_subaccount.subaccount                                              1624ms
  btp_subaccount_destination_generic.destination                         1880ms
  btp_subaccount_environment_instance.cloudfoundry                       1300ms
  btp_subaccount_role.role                                               2249ms
  btp_subaccount_role_collection.collection                              1558ms
  btp_subaccount_service_instance.instance                               3560ms
  btp_subaccount_subscription.subscription                               3174ms
  btp_subaccount_trust_configuration.trust                               1794ms
  cloudfoundry_service_instance.instance                                 63ms
  cloudfoundry_space.space                                               140ms
  scc_system_mapping.system                                              228ms
  scc_system_mapping_resource.resource                                   204ms
  sci_application.app                                                    254ms
  sci_group_base.group                                                   226ms
  sci_user.user                                                          217ms


Run 38/100:
  Total run time: 13.940451s
  btp_directory.directory                                                2747ms
  btp_subaccount.subaccount                                              889ms
  btp_subaccount_destination_generic.destination                         1957ms
  btp_subaccount_entitlement.entitlement                                 12945ms
  btp_subaccount_environment_instance.cloudfoundry                       817ms
  btp_subaccount_role.role                                               227ms
  btp_subaccount_role_collection.collection                              1577ms
  btp_subaccount_service_instance.instance                               3503ms
  btp_subaccount_subscription.subscription                               2737ms
  btp_subaccount_trust_configuration.trust                               2006ms
  cloudfoundry_service_instance.instance                                 84ms
  cloudfoundry_space.space                                               126ms
  scc_subaccount.subaccount                                              735ms
  scc_system_mapping.system                                              238ms
  scc_system_mapping_resource.resource                                   192ms
  sci_application.app                                                    265ms
  sci_group_base.group                                                   261ms
  sci_user.user                                                          197ms


Run 39/100:
  Total run time: 13.848837s
  btp_directory.directory                                                2331ms
  btp_subaccount.subaccount                                              1440ms
  btp_subaccount_destination_generic.destination                         953ms
  btp_subaccount_entitlement.entitlement                                 12887ms
  btp_subaccount_environment_instance.cloudfoundry                       1804ms
  btp_subaccount_role.role                                               233ms
  btp_subaccount_role_collection.collection                              415ms
  btp_subaccount_service_instance.instance                               3271ms
  btp_subaccount_subscription.subscription                               2731ms
  btp_subaccount_trust_configuration.trust                               1820ms
  cloudfoundry_service_instance.instance                                 53ms
  cloudfoundry_space.space                                               150ms
  scc_subaccount.subaccount                                              5847ms
  scc_system_mapping.system                                              187ms
  scc_system_mapping_resource.resource                                   194ms
  sci_application.app                                                    264ms
  sci_group_base.group                                                   270ms
  sci_user.user                                                          214ms


Run 40/100:
  Total run time: 15.635131s
  btp_subaccount.subaccount                                              1747ms
  btp_subaccount_destination_generic.destination                         211ms
  btp_subaccount_entitlement.entitlement                                 14437ms
  btp_subaccount_environment_instance.cloudfoundry                       2045ms
  btp_subaccount_role_collection.collection                              402ms
  btp_subaccount_service_instance.instance                               3530ms
  btp_subaccount_subscription.subscription                               2668ms
  btp_subaccount_trust_configuration.trust                               1235ms
  cloudfoundry_service_instance.instance                                 55ms
  cloudfoundry_space.space                                               131ms
  scc_subaccount.subaccount                                              638ms
  scc_system_mapping.system                                              176ms
  scc_system_mapping_resource.resource                                   197ms
  sci_application.app                                                    252ms
  sci_group_base.group                                                   246ms
  sci_user.user                                                          196ms


Run 41/100:
  Total run time: 15.007133s
  btp_subaccount.subaccount                                              1922ms
  btp_subaccount_destination_generic.destination                         1940ms
  btp_subaccount_entitlement.entitlement                                 13860ms
  btp_subaccount_environment_instance.cloudfoundry                       1369ms
  btp_subaccount_role.role                                               323ms
  btp_subaccount_role_collection.collection                              722ms
  btp_subaccount_service_instance.instance                               3643ms
  btp_subaccount_subscription.subscription                               3148ms
  cloudfoundry_service_instance.instance                                 120ms
  cloudfoundry_space.space                                               156ms
  scc_subaccount.subaccount                                              5744ms
  scc_system_mapping_resource.resource                                   246ms
  sci_application.app                                                    256ms
  sci_group_base.group                                                   204ms
  sci_user.user                                                          214ms


Run 42/100:
  Total run time: 19.977834s
  btp_directory.directory                                                2352ms
  btp_subaccount.subaccount                                              1890ms
  btp_subaccount_destination_generic.destination                         1836ms
  btp_subaccount_entitlement.entitlement                                 18561ms
  btp_subaccount_environment_instance.cloudfoundry                       629ms
  btp_subaccount_role.role                                               1982ms
  btp_subaccount_role_collection.collection                              1433ms
  btp_subaccount_service_instance.instance                               8609ms
  btp_subaccount_subscription.subscription                               2819ms
  btp_subaccount_trust_configuration.trust                               195ms
  cloudfoundry_service_instance.instance                                 126ms
  cloudfoundry_space.space                                               211ms
  scc_subaccount.subaccount                                              727ms
  scc_system_mapping.system                                              200ms
  scc_system_mapping_resource.resource                                   187ms
  sci_application.app                                                    295ms
  sci_group_base.group                                                   274ms
  sci_user.user                                                          268ms


Run 43/100:
  Total run time: 14.211970s
  btp_directory.directory                                                2686ms
  btp_subaccount.subaccount                                              228ms
  btp_subaccount_entitlement.entitlement                                 13200ms
  btp_subaccount_environment_instance.cloudfoundry                       1708ms
  btp_subaccount_role.role                                               1103ms
  btp_subaccount_service_instance.instance                               3660ms
  btp_subaccount_subscription.subscription                               3237ms
  btp_subaccount_trust_configuration.trust                               1935ms
  cloudfoundry_service_instance.instance                                 52ms
  cloudfoundry_space.space                                               154ms
  scc_subaccount.subaccount                                              5751ms
  scc_system_mapping_resource.resource                                   259ms
  sci_application.app                                                    240ms
  sci_group_base.group                                                   213ms
  sci_user.user                                                          210ms


Run 44/100:
  Total run time: 19.536849s
  btp_directory.directory                                                3357ms
  btp_subaccount.subaccount                                              1214ms
  btp_subaccount_destination_generic.destination                         610ms
  btp_subaccount_entitlement.entitlement                                 18647ms
  btp_subaccount_environment_instance.cloudfoundry                       2098ms
  btp_subaccount_role.role                                               246ms
  btp_subaccount_role_collection.collection                              832ms
  btp_subaccount_service_instance.instance                               3993ms
  btp_subaccount_subscription.subscription                               3269ms
  btp_subaccount_trust_configuration.trust                               1752ms
  cloudfoundry_service_instance.instance                                 93ms
  cloudfoundry_space.space                                               155ms
  scc_subaccount.subaccount                                              755ms
  scc_system_mapping.system                                              216ms
  scc_system_mapping_resource.resource                                   193ms
  sci_application.app                                                    278ms
  sci_group_base.group                                                   277ms
  sci_user.user                                                          277ms


Run 45/100:
  Total run time: 29.882727s
  btp_directory.directory                                                17924ms
  btp_subaccount.subaccount                                              17155ms
  btp_subaccount_destination_generic.destination                         16562ms
  btp_subaccount_entitlement.entitlement                                 28567ms
  btp_subaccount_role.role                                               861ms
  btp_subaccount_role_collection.collection                              452ms
  btp_subaccount_service_instance.instance                               18613ms
  btp_subaccount_trust_configuration.trust                               230ms
  cloudfoundry_service_instance.instance                                 58ms
  cloudfoundry_space.space                                               154ms
  scc_subaccount.subaccount                                              5000ms
  scc_system_mapping.system                                              182ms
  scc_system_mapping_resource.resource                                   190ms
  sci_application.app                                                    264ms
  sci_group_base.group                                                   243ms
  sci_user.user                                                          248ms


Run 46/100:
  Total run time: 14.125169s
  btp_directory.directory                                                2429ms
  btp_subaccount.subaccount                                              1675ms
  btp_subaccount_entitlement.entitlement                                 13180ms
  btp_subaccount_environment_instance.cloudfoundry                       1376ms
  btp_subaccount_role.role                                               251ms
  btp_subaccount_service_instance.instance                               3259ms
  btp_subaccount_subscription.subscription                               2713ms
  btp_subaccount_trust_configuration.trust                               1001ms
  cloudfoundry_service_instance.instance                                 59ms
  cloudfoundry_space.space                                               153ms
  scc_subaccount.subaccount                                              758ms
  scc_system_mapping.system                                              176ms
  sci_application.app                                                    247ms
  sci_group_base.group                                                   233ms
  sci_user.user                                                          240ms


Run 47/100:
  Total run time: 14.270675s
  btp_directory.directory                                                2203ms
  btp_subaccount.subaccount                                              994ms
  btp_subaccount_destination_generic.destination                         1879ms
  btp_subaccount_entitlement.entitlement                                 13257ms
  btp_subaccount_role.role                                               1578ms
  btp_subaccount_role_collection.collection                              466ms
  btp_subaccount_service_instance.instance                               3441ms
  btp_subaccount_subscription.subscription                               2816ms
  btp_subaccount_trust_configuration.trust                               234ms
  cloudfoundry_service_instance.instance                                 57ms
  cloudfoundry_space.space                                               173ms
  scc_system_mapping.system                                              201ms
  scc_system_mapping_resource.resource                                   180ms
  sci_application.app                                                    240ms
  sci_group_base.group                                                   220ms
  sci_user.user                                                          199ms


Run 48/100:
  Total run time: 14.102145s
  btp_directory.directory                                                3080ms
  btp_subaccount.subaccount                                              1039ms
  btp_subaccount_destination_generic.destination                         963ms
  btp_subaccount_environment_instance.cloudfoundry                       2240ms
  btp_subaccount_role.role                                               1981ms
  btp_subaccount_role_collection.collection                              186ms
  btp_subaccount_service_instance.instance                               3721ms
  btp_subaccount_subscription.subscription                               3250ms
  btp_subaccount_trust_configuration.trust                               425ms
  cloudfoundry_service_instance.instance                                 56ms
  cloudfoundry_space.space                                               158ms
  scc_subaccount.subaccount                                              782ms
  scc_system_mapping.system                                              186ms
  scc_system_mapping_resource.resource                                   193ms
  sci_application.app                                                    245ms
  sci_group_base.group                                                   242ms
  sci_user.user                                                          243ms


Run 49/100:
  Total run time: 14.494558s
  btp_directory.directory                                                2816ms
  btp_subaccount.subaccount                                              1765ms
  btp_subaccount_destination_generic.destination                         1674ms
  btp_subaccount_entitlement.entitlement                                 13273ms
  btp_subaccount_environment_instance.cloudfoundry                       1481ms
  btp_subaccount_role.role                                               1996ms
  btp_subaccount_role_collection.collection                              177ms
  btp_subaccount_service_instance.instance                               8282ms
  btp_subaccount_subscription.subscription                               2749ms
  btp_subaccount_trust_configuration.trust                               566ms
  cloudfoundry_service_instance.instance                                 59ms
  cloudfoundry_space.space                                               142ms
  scc_subaccount.subaccount                                              759ms
  scc_system_mapping.system                                              187ms
  scc_system_mapping_resource.resource                                   193ms
  sci_application.app                                                    229ms
  sci_group_base.group                                                   205ms
  sci_user.user                                                          201ms


Run 50/100:
  Total run time: 13.533091s
  btp_directory.directory                                                2422ms
  btp_subaccount.subaccount                                              202ms
  btp_subaccount_entitlement.entitlement                                 12466ms
  btp_subaccount_environment_instance.cloudfoundry                       863ms
  btp_subaccount_role.role                                               520ms
  btp_subaccount_role_collection.collection                              1584ms
  btp_subaccount_service_instance.instance                               3318ms
  btp_subaccount_subscription.subscription                               2872ms
  btp_subaccount_trust_configuration.trust                               1131ms
  cloudfoundry_service_instance.instance                                 63ms
  cloudfoundry_space.space                                               145ms
  scc_subaccount.subaccount                                              694ms
  scc_system_mapping.system                                              183ms
  sci_application.app                                                    228ms
  sci_group_base.group                                                   222ms
  sci_user.user                                                          211ms


Run 51/100:
  Total run time: 13.613160s
  btp_directory.directory                                                2388ms
  btp_subaccount.subaccount                                              901ms
  btp_subaccount_destination_generic.destination                         530ms
  btp_subaccount_entitlement.entitlement                                 12547ms
  btp_subaccount_environment_instance.cloudfoundry                       369ms
  btp_subaccount_role.role                                               1510ms
  btp_subaccount_service_instance.instance                               3133ms
  btp_subaccount_subscription.subscription                               2735ms
  btp_subaccount_trust_configuration.trust                               716ms
  cloudfoundry_service_instance.instance                                 50ms
  cloudfoundry_space.space                                               169ms
  scc_subaccount.subaccount                                              788ms
  scc_system_mapping.system                                              204ms
  sci_application.app                                                    229ms
  sci_group_base.group                                                   196ms
  sci_user.user                                                          193ms


Run 52/100:
  Total run time: 26.473088s
  btp_directory.directory                                                15310ms
  btp_subaccount.subaccount                                              258ms
  btp_subaccount_destination_generic.destination                         13863ms
  btp_subaccount_entitlement.entitlement                                 25383ms
  btp_subaccount_environment_instance.cloudfoundry                       13657ms
  btp_subaccount_role.role                                               14907ms
  btp_subaccount_role_collection.collection                              14085ms
  btp_subaccount_service_instance.instance                               16052ms
  btp_subaccount_subscription.subscription                               15620ms
  btp_subaccount_trust_configuration.trust                               14347ms
  cloudfoundry_service_instance.instance                                 50ms
  cloudfoundry_space.space                                               134ms
  scc_subaccount.subaccount                                              1017ms
  scc_system_mapping.system                                              201ms
  scc_system_mapping_resource.resource                                   195ms
  sci_application.app                                                    263ms
  sci_group_base.group                                                   224ms
  sci_user.user                                                          222ms


Run 53/100:
  Total run time: 13.707688s
  btp_directory.directory                                                2844ms
  btp_subaccount.subaccount                                              723ms
  btp_subaccount_destination_generic.destination                         955ms
  btp_subaccount_entitlement.entitlement                                 12694ms
  btp_subaccount_environment_instance.cloudfoundry                       1851ms
  btp_subaccount_role.role                                               217ms
  btp_subaccount_role_collection.collection                              650ms
  btp_subaccount_service_instance.instance                               3473ms
  btp_subaccount_subscription.subscription                               2972ms
  btp_subaccount_trust_configuration.trust                               1664ms
  cloudfoundry_service_instance.instance                                 54ms
  cloudfoundry_space.space                                               137ms
  scc_subaccount.subaccount                                              784ms
  scc_system_mapping.system                                              202ms
  scc_system_mapping_resource.resource                                   193ms
  sci_application.app                                                    284ms
  sci_group_base.group                                                   260ms
  sci_user.user                                                          259ms


Run 54/100:
  Total run time: 18.496610s
  btp_directory.directory                                                2706ms
  btp_subaccount.subaccount                                              1949ms
  btp_subaccount_destination_generic.destination                         995ms
  btp_subaccount_entitlement.entitlement                                 17493ms
  btp_subaccount_environment_instance.cloudfoundry                       1956ms
  btp_subaccount_role.role                                               613ms
  btp_subaccount_role_collection.collection                              417ms
  btp_subaccount_service_instance.instance                               3481ms
  btp_subaccount_subscription.subscription                               3160ms
  btp_subaccount_trust_configuration.trust                               234ms
  cloudfoundry_service_instance.instance                                 53ms
  cloudfoundry_space.space                                               131ms
  scc_subaccount.subaccount                                              784ms
  scc_system_mapping.system                                              194ms
  scc_system_mapping_resource.resource                                   196ms
  sci_application.app                                                    250ms
  sci_group_base.group                                                   224ms
  sci_user.user                                                          197ms


Run 55/100:
  Total run time: 13.310175s
  btp_directory.directory                                                2567ms
  btp_subaccount.subaccount                                              931ms
  btp_subaccount_destination_generic.destination                         567ms
  btp_subaccount_entitlement.entitlement                                 12334ms
  btp_subaccount_environment_instance.cloudfoundry                       1294ms
  btp_subaccount_role.role                                               1889ms
  btp_subaccount_role_collection.collection                              875ms
  btp_subaccount_service_instance.instance                               3354ms
  btp_subaccount_subscription.subscription                               3044ms
  btp_subaccount_trust_configuration.trust                               1731ms
  cloudfoundry_service_instance.instance                                 73ms
  cloudfoundry_space.space                                               133ms
  scc_subaccount.subaccount                                              3432ms
  scc_system_mapping.system                                              156ms
  scc_system_mapping_resource.resource                                   183ms
  sci_application.app                                                    233ms
  sci_group_base.group                                                   199ms
  sci_user.user                                                          224ms


Run 56/100:
  Total run time: 14.110269s
  btp_directory.directory                                                2485ms
  btp_subaccount.subaccount                                              926ms
  btp_subaccount_destination_generic.destination                         722ms
  btp_subaccount_entitlement.entitlement                                 13133ms
  btp_subaccount_role.role                                               1127ms
  btp_subaccount_role_collection.collection                              222ms
  btp_subaccount_service_instance.instance                               3241ms
  btp_subaccount_subscription.subscription                               2624ms
  btp_subaccount_trust_configuration.trust                               415ms
  cloudfoundry_service_instance.instance                                 53ms
  cloudfoundry_space.space                                               149ms
  scc_subaccount.subaccount                                              5823ms
  scc_system_mapping.system                                              190ms
  scc_system_mapping_resource.resource                                   184ms
  sci_application.app                                                    263ms
  sci_group_base.group                                                   233ms
  sci_user.user                                                          226ms


Run 57/100:
  Total run time: 19.388284s
  btp_directory.directory                                                7429ms
  btp_subaccount.subaccount                                              6606ms
  btp_subaccount_destination_generic.destination                         459ms
  btp_subaccount_entitlement.entitlement                                 18435ms
  btp_subaccount_environment_instance.cloudfoundry                       6745ms
  btp_subaccount_role.role                                               882ms
  btp_subaccount_role_collection.collection                              212ms
  btp_subaccount_subscription.subscription                               8386ms
  btp_subaccount_trust_configuration.trust                               665ms
  cloudfoundry_service_instance.instance                                 59ms
  cloudfoundry_space.space                                               126ms
  scc_subaccount.subaccount                                              5621ms
  scc_system_mapping.system                                              206ms
  scc_system_mapping_resource.resource                                   200ms
  sci_application.app                                                    227ms
  sci_group_base.group                                                   210ms
  sci_user.user                                                          239ms


Run 58/100:
  Total run time: 15.080525s
  btp_directory.directory                                                2164ms
  btp_subaccount.subaccount                                              1965ms
  btp_subaccount_destination_generic.destination                         1418ms
  btp_subaccount_entitlement.entitlement                                 14084ms
  btp_subaccount_environment_instance.cloudfoundry                       2086ms
  btp_subaccount_role_collection.collection                              463ms
  btp_subaccount_service_instance.instance                               3753ms
  btp_subaccount_subscription.subscription                               2819ms
  btp_subaccount_trust_configuration.trust                               2114ms
  cloudfoundry_service_instance.instance                                 58ms
  cloudfoundry_space.space                                               136ms
  scc_subaccount.subaccount                                              753ms
  scc_system_mapping.system                                              193ms
  scc_system_mapping_resource.resource                                   178ms
  sci_application.app                                                    256ms
  sci_group_base.group                                                   219ms
  sci_user.user                                                          210ms


Run 59/100:
  Total run time: 14.252482s
  btp_directory.directory                                                3319ms
  btp_subaccount.subaccount                                              2274ms
  btp_subaccount_destination_generic.destination                         1442ms
  btp_subaccount_entitlement.entitlement                                 13338ms
  btp_subaccount_environment_instance.cloudfoundry                       733ms
  btp_subaccount_role.role                                               977ms
  btp_subaccount_role_collection.collection                              322ms
  btp_subaccount_service_instance.instance                               3951ms
  btp_subaccount_subscription.subscription                               3274ms
  btp_subaccount_trust_configuration.trust                               2063ms
  cloudfoundry_service_instance.instance                                 54ms
  cloudfoundry_space.space                                               167ms
  scc_subaccount.subaccount                                              847ms
  scc_system_mapping.system                                              208ms
  scc_system_mapping_resource.resource                                   249ms
  sci_application.app                                                    226ms
  sci_group_base.group                                                   219ms
  sci_user.user                                                          207ms


Run 60/100:
  Total run time: 20.081657s
  btp_directory.directory                                                7322ms
  btp_subaccount.subaccount                                              7166ms
  btp_subaccount_destination_generic.destination                         915ms
  btp_subaccount_entitlement.entitlement                                 18936ms
  btp_subaccount_role.role                                               7110ms
  btp_subaccount_role_collection.collection                              442ms
  btp_subaccount_service_instance.instance                               8817ms
  btp_subaccount_subscription.subscription                               7968ms
  btp_subaccount_trust_configuration.trust                               677ms
  cloudfoundry_service_instance.instance                                 60ms
  cloudfoundry_space.space                                               123ms
  scc_subaccount.subaccount                                              677ms
  scc_system_mapping.system                                              180ms
  scc_system_mapping_resource.resource                                   179ms
  sci_application.app                                                    253ms
  sci_group_base.group                                                   272ms
  sci_user.user                                                          239ms


Run 61/100:
  Total run time: 14.024934s
  btp_directory.directory                                                2488ms
  btp_subaccount.subaccount                                              857ms
  btp_subaccount_destination_generic.destination                         1640ms
  btp_subaccount_entitlement.entitlement                                 13105ms
  btp_subaccount_environment_instance.cloudfoundry                       616ms
  btp_subaccount_role.role                                               2107ms
  btp_subaccount_service_instance.instance                               8829ms
  btp_subaccount_subscription.subscription                               8271ms
  btp_subaccount_trust_configuration.trust                               214ms
  cloudfoundry_service_instance.instance                                 62ms
  cloudfoundry_space.space                                               159ms
  scc_subaccount.subaccount                                              713ms
  scc_system_mapping.system                                              219ms
  scc_system_mapping_resource.resource                                   215ms
  sci_application.app                                                    211ms
  sci_group_base.group                                                   178ms
  sci_user.user                                                          195ms


Run 62/100:
  Total run time: 14.269564s
  btp_directory.directory                                                2315ms
  btp_subaccount.subaccount                                              1411ms
  btp_subaccount_destination_generic.destination                         888ms
  btp_subaccount_entitlement.entitlement                                 13313ms
  btp_subaccount_environment_instance.cloudfoundry                       2010ms
  btp_subaccount_role.role                                               1595ms
  btp_subaccount_role_collection.collection                              190ms
  btp_subaccount_service_instance.instance                               3316ms
  btp_subaccount_subscription.subscription                               2658ms
  btp_subaccount_trust_configuration.trust                               674ms
  cloudfoundry_service_instance.instance                                 62ms
  cloudfoundry_space.space                                               145ms
  scc_subaccount.subaccount                                              1996ms
  scc_system_mapping.system                                              191ms
  scc_system_mapping_resource.resource                                   186ms
  sci_application.app                                                    226ms
  sci_user.user                                                          182ms


Run 63/100:
  Total run time: 19.314369s
  btp_directory.directory                                                8484ms
  btp_subaccount.subaccount                                              6845ms
  btp_subaccount_destination_generic.destination                         7439ms
  btp_subaccount_entitlement.entitlement                                 18329ms
  btp_subaccount_role.role                                               521ms
  btp_subaccount_role_collection.collection                              6276ms
  btp_subaccount_service_instance.instance                               9069ms
  btp_subaccount_subscription.subscription                               8224ms
  btp_subaccount_trust_configuration.trust                               281ms
  cloudfoundry_service_instance.instance                                 66ms
  cloudfoundry_space.space                                               145ms
  scc_subaccount.subaccount                                              738ms
  scc_system_mapping.system                                              194ms
  scc_system_mapping_resource.resource                                   203ms
  sci_application.app                                                    227ms
  sci_group_base.group                                                   233ms
  sci_user.user                                                          197ms


Run 64/100:
  Total run time: 25.328391s
  btp_directory.directory                                                12804ms
  btp_subaccount.subaccount                                              12481ms
  btp_subaccount_destination_generic.destination                         249ms
  btp_subaccount_entitlement.entitlement                                 24093ms
  btp_subaccount_environment_instance.cloudfoundry                       12113ms
  btp_subaccount_role.role                                               1506ms
  btp_subaccount_service_instance.instance                               13956ms
  btp_subaccount_subscription.subscription                               13523ms
  btp_subaccount_trust_configuration.trust                               641ms
  cloudfoundry_service_instance.instance                                 62ms
  cloudfoundry_space.space                                               142ms
  scc_subaccount.subaccount                                              830ms
  scc_system_mapping.system                                              188ms
  scc_system_mapping_resource.resource                                   185ms
  sci_application.app                                                    221ms
  sci_group_base.group                                                   200ms
  sci_user.user                                                          187ms


Run 65/100:
  Total run time: 14.688333s
  btp_subaccount.subaccount                                              649ms
  btp_subaccount_destination_generic.destination                         2081ms
  btp_subaccount_entitlement.entitlement                                 13691ms
  btp_subaccount_environment_instance.cloudfoundry                       2094ms
  btp_subaccount_role.role                                               2113ms
  btp_subaccount_role_collection.collection                              446ms
  btp_subaccount_service_instance.instance                               3712ms
  btp_subaccount_subscription.subscription                               3355ms
  btp_subaccount_trust_configuration.trust                               242ms
  cloudfoundry_service_instance.instance                                 56ms
  cloudfoundry_space.space                                               153ms
  scc_subaccount.subaccount                                              751ms
  scc_system_mapping.system                                              72ms
  scc_system_mapping_resource.resource                                   182ms
  sci_application.app                                                    282ms
  sci_group_base.group                                                   284ms
  sci_user.user                                                          284ms


Run 66/100:
  Total run time: 14.485496s
  btp_directory.directory                                                2464ms
  btp_subaccount.subaccount                                              2194ms
  btp_subaccount_entitlement.entitlement                                 13459ms
  btp_subaccount_environment_instance.cloudfoundry                       1296ms
  btp_subaccount_role.role                                               2301ms
  btp_subaccount_role_collection.collection                              1759ms
  btp_subaccount_service_instance.instance                               3907ms
  btp_subaccount_subscription.subscription                               3569ms
  btp_subaccount_trust_configuration.trust                               2015ms
  cloudfoundry_service_instance.instance                                 62ms
  cloudfoundry_space.space                                               146ms
  scc_subaccount.subaccount                                              717ms
  scc_system_mapping.system                                              188ms
  scc_system_mapping_resource.resource                                   189ms
  sci_application.app                                                    227ms
  sci_group_base.group                                                   197ms
  sci_user.user                                                          176ms


Run 67/100:
  Total run time: 13.686898s
  btp_directory.directory                                                2980ms
  btp_subaccount.subaccount                                              1145ms
  btp_subaccount_destination_generic.destination                         1066ms
  btp_subaccount_entitlement.entitlement                                 12641ms
  btp_subaccount_environment_instance.cloudfoundry                       828ms
  btp_subaccount_role.role                                               1908ms
  btp_subaccount_role_collection.collection                              1805ms
  btp_subaccount_subscription.subscription                               2948ms
  btp_subaccount_trust_configuration.trust                               439ms
  cloudfoundry_service_instance.instance                                 51ms
  cloudfoundry_space.space                                               128ms
  scc_subaccount.subaccount                                              730ms
  scc_system_mapping.system                                              242ms
  scc_system_mapping_resource.resource                                   214ms
  sci_application.app                                                    225ms
  sci_group_base.group                                                   201ms
  sci_user.user                                                          210ms


Run 68/100:
  Total run time: 13.880267s
  btp_directory.directory                                                3115ms
  btp_subaccount.subaccount                                              1059ms
  btp_subaccount_destination_generic.destination                         227ms
  btp_subaccount_entitlement.entitlement                                 12841ms
  btp_subaccount_environment_instance.cloudfoundry                       1783ms
  btp_subaccount_role_collection.collection                              1294ms
  btp_subaccount_service_instance.instance                               3568ms
  btp_subaccount_subscription.subscription                               2651ms
  btp_subaccount_trust_configuration.trust                               1974ms
  cloudfoundry_service_instance.instance                                 60ms
  cloudfoundry_space.space                                               148ms
  scc_system_mapping.system                                              194ms
  scc_system_mapping_resource.resource                                   182ms
  sci_application.app                                                    235ms
  sci_group_base.group                                                   208ms
  sci_user.user                                                          212ms


Run 69/100:
  Total run time: 14.065993s
  btp_directory.directory                                                2975ms
  btp_subaccount.subaccount                                              925ms
  btp_subaccount_destination_generic.destination                         2126ms
  btp_subaccount_entitlement.entitlement                                 13110ms
  btp_subaccount_environment_instance.cloudfoundry                       1702ms
  btp_subaccount_role.role                                               431ms
  btp_subaccount_role_collection.collection                              2115ms
  btp_subaccount_service_instance.instance                               3377ms
  btp_subaccount_subscription.subscription                               2916ms
  cloudfoundry_service_instance.instance                                 80ms
  cloudfoundry_space.space                                               140ms
  scc_subaccount.subaccount                                              871ms
  scc_system_mapping.system                                              197ms
  scc_system_mapping_resource.resource                                   196ms
  sci_application.app                                                    238ms
  sci_group_base.group                                                   229ms
  sci_user.user                                                          243ms


Run 70/100:
  Total run time: 14.237289s
  btp_directory.directory                                                2176ms
  btp_subaccount_destination_generic.destination                         2023ms
  btp_subaccount_entitlement.entitlement                                 13237ms
  btp_subaccount_role.role                                               1196ms
  btp_subaccount_role_collection.collection                              476ms
  btp_subaccount_service_instance.instance                               3394ms
  btp_subaccount_subscription.subscription                               3005ms
  cloudfoundry_service_instance.instance                                 71ms
  cloudfoundry_space.space                                               172ms
  scc_subaccount.subaccount                                              741ms
  scc_system_mapping.system                                              200ms
  scc_system_mapping_resource.resource                                   175ms
  sci_application.app                                                    229ms
  sci_user.user                                                          203ms


Run 71/100:
  Total run time: 13.071877s
  btp_directory.directory                                                2238ms
  btp_subaccount.subaccount                                              456ms
  btp_subaccount_destination_generic.destination                         1800ms
  btp_subaccount_entitlement.entitlement                                 12078ms
  btp_subaccount_environment_instance.cloudfoundry                       1537ms
  btp_subaccount_role.role                                               1221ms
  btp_subaccount_role_collection.collection                              366ms
  btp_subaccount_service_instance.instance                               3354ms
  btp_subaccount_subscription.subscription                               2656ms
  btp_subaccount_trust_configuration.trust                               991ms
  cloudfoundry_service_instance.instance                                 54ms
  cloudfoundry_space.space                                               140ms
  scc_subaccount.subaccount                                              611ms
  scc_system_mapping.system                                              188ms
  scc_system_mapping_resource.resource                                   189ms
  sci_application.app                                                    283ms
  sci_group_base.group                                                   205ms
  sci_user.user                                                          236ms


Run 72/100:
  Total run time: 18.397225s
  btp_subaccount.subaccount                                              971ms
  btp_subaccount_destination_generic.destination                         524ms
  btp_subaccount_entitlement.entitlement                                 17168ms
  btp_subaccount_environment_instance.cloudfoundry                       5409ms
  btp_subaccount_role.role                                               1754ms
  btp_subaccount_role_collection.collection                              1973ms
  btp_subaccount_subscription.subscription                               6570ms
  btp_subaccount_trust_configuration.trust                               237ms
  cloudfoundry_service_instance.instance                                 59ms
  cloudfoundry_space.space                                               194ms
  scc_subaccount.subaccount                                              795ms
  scc_system_mapping.system                                              230ms
  scc_system_mapping_resource.resource                                   227ms
  sci_application.app                                                    221ms
  sci_group_base.group                                                   194ms
  sci_user.user                                                          209ms


Run 73/100:
  Total run time: 14.964572s
  btp_directory.directory                                                2383ms
  btp_subaccount.subaccount                                              479ms
  btp_subaccount_destination_generic.destination                         2044ms
  btp_subaccount_entitlement.entitlement                                 13611ms
  btp_subaccount_environment_instance.cloudfoundry                       864ms
  btp_subaccount_role.role                                               1447ms
  btp_subaccount_role_collection.collection                              1147ms
  btp_subaccount_service_instance.instance                               3711ms
  btp_subaccount_subscription.subscription                               2763ms
  btp_subaccount_trust_configuration.trust                               251ms
  cloudfoundry_service_instance.instance                                 67ms
  cloudfoundry_space.space                                               134ms
  scc_subaccount.subaccount                                              743ms
  scc_system_mapping.system                                              204ms
  scc_system_mapping_resource.resource                                   215ms
  sci_application.app                                                    207ms
  sci_group_base.group                                                   192ms
  sci_user.user                                                          182ms


Run 74/100:
  Total run time: 20.989680s
  btp_directory.directory                                                9472ms
  btp_subaccount_destination_generic.destination                         9027ms
  btp_subaccount_entitlement.entitlement                                 19968ms
  btp_subaccount_environment_instance.cloudfoundry                       8841ms
  btp_subaccount_role.role                                               435ms
  btp_subaccount_role_collection.collection                              1041ms
  btp_subaccount_service_instance.instance                               10536ms
  btp_subaccount_subscription.subscription                               10193ms
  btp_subaccount_trust_configuration.trust                               254ms
  cloudfoundry_service_instance.instance                                 56ms
  cloudfoundry_space.space                                               144ms
  scc_subaccount.subaccount                                              803ms
  scc_system_mapping_resource.resource                                   217ms
  sci_application.app                                                    302ms
  sci_group_base.group                                                   253ms
  sci_user.user                                                          236ms


Run 75/100:
  Total run time: 19.044911s
  btp_directory.directory                                                7876ms
  btp_subaccount.subaccount                                              6341ms
  btp_subaccount_destination_generic.destination                         395ms
  btp_subaccount_entitlement.entitlement                                 18095ms
  btp_subaccount_environment_instance.cloudfoundry                       6076ms
  btp_subaccount_role.role                                               6935ms
  btp_subaccount_role_collection.collection                              224ms
  btp_subaccount_service_instance.instance                               8471ms
  btp_subaccount_subscription.subscription                               8000ms
  btp_subaccount_trust_configuration.trust                               6969ms
  cloudfoundry_service_instance.instance                                 92ms
  cloudfoundry_space.space                                               174ms
  scc_subaccount.subaccount                                              692ms
  scc_system_mapping_resource.resource                                   201ms
  sci_application.app                                                    218ms
  sci_group_base.group                                                   196ms
  sci_user.user                                                          201ms


Run 76/100:
  Total run time: 15.179062s
  btp_directory.directory                                                1873ms
  btp_subaccount.subaccount                                              1564ms
  btp_subaccount_destination_generic.destination                         1480ms
  btp_subaccount_entitlement.entitlement                                 13179ms
  btp_subaccount_environment_instance.cloudfoundry                       897ms
  btp_subaccount_role_collection.collection                              1258ms
  btp_subaccount_service_instance.instance                               3477ms
  btp_subaccount_subscription.subscription                               2753ms
  btp_subaccount_trust_configuration.trust                               1085ms
  cloudfoundry_service_instance.instance                                 75ms
  cloudfoundry_space.space                                               155ms
  scc_subaccount.subaccount                                              771ms
  scc_system_mapping.system                                              111ms
  scc_system_mapping_resource.resource                                   200ms
  sci_application.app                                                    212ms
  sci_group_base.group                                                   187ms
  sci_user.user                                                          216ms


Run 77/100:
  Total run time: 14.522576s
  btp_directory.directory                                                2572ms
  btp_subaccount.subaccount                                              1694ms
  btp_subaccount_destination_generic.destination                         823ms
  btp_subaccount_entitlement.entitlement                                 13242ms
  btp_subaccount_environment_instance.cloudfoundry                       1239ms
  btp_subaccount_role.role                                               228ms
  btp_subaccount_service_instance.instance                               3364ms
  btp_subaccount_subscription.subscription                               2517ms
  btp_subaccount_trust_configuration.trust                               1889ms
  cloudfoundry_service_instance.instance                                 85ms
  cloudfoundry_space.space                                               164ms
  scc_subaccount.subaccount                                              724ms
  scc_system_mapping.system                                              212ms
  scc_system_mapping_resource.resource                                   178ms
  sci_application.app                                                    282ms
  sci_group_base.group                                                   248ms
  sci_user.user                                                          205ms


Run 78/100:
  Total run time: 14.327400s
  btp_directory.directory                                                2439ms
  btp_subaccount.subaccount                                              1740ms
  btp_subaccount_destination_generic.destination                         823ms
  btp_subaccount_entitlement.entitlement                                 12988ms
  btp_subaccount_environment_instance.cloudfoundry                       1258ms
  btp_subaccount_role.role                                               300ms
  btp_subaccount_role_collection.collection                              548ms
  btp_subaccount_service_instance.instance                               3580ms
  btp_subaccount_subscription.subscription                               2843ms
  btp_subaccount_trust_configuration.trust                               1455ms
  cloudfoundry_service_instance.instance                                 54ms
  cloudfoundry_space.space                                               204ms
  scc_subaccount.subaccount                                              751ms
  scc_system_mapping.system                                              216ms
  scc_system_mapping_resource.resource                                   191ms
  sci_application.app                                                    232ms
  sci_group_base.group                                                   204ms
  sci_user.user                                                          176ms


Run 79/100:
  Total run time: 14.732398s
  btp_directory.directory                                                2848ms
  btp_subaccount.subaccount                                              1078ms
  btp_subaccount_destination_generic.destination                         228ms
  btp_subaccount_entitlement.entitlement                                 13717ms
  btp_subaccount_environment_instance.cloudfoundry                       1400ms
  btp_subaccount_role.role                                               460ms
  btp_subaccount_role_collection.collection                              1900ms
  btp_subaccount_service_instance.instance                               3636ms
  btp_subaccount_subscription.subscription                               2708ms
  btp_subaccount_trust_configuration.trust                               1692ms
  cloudfoundry_service_instance.instance                                 59ms
  cloudfoundry_space.space                                               141ms
  scc_subaccount.subaccount                                              734ms
  scc_system_mapping_resource.resource                                   185ms
  sci_application.app                                                    260ms
  sci_group_base.group                                                   229ms
  sci_user.user                                                          252ms


Run 80/100:
  Total run time: 14.474844s
  btp_directory.directory                                                2505ms
  btp_subaccount.subaccount                                              1577ms
  btp_subaccount_destination_generic.destination                         605ms
  btp_subaccount_entitlement.entitlement                                 13372ms
  btp_subaccount_role.role                                               1811ms
  btp_subaccount_role_collection.collection                              1340ms
  btp_subaccount_service_instance.instance                               3561ms
  btp_subaccount_subscription.subscription                               2496ms
  btp_subaccount_trust_configuration.trust                               1781ms
  cloudfoundry_service_instance.instance                                 61ms
  cloudfoundry_space.space                                               162ms
  scc_subaccount.subaccount                                              773ms
  scc_system_mapping.system                                              185ms
  scc_system_mapping_resource.resource                                   194ms
  sci_application.app                                                    239ms
  sci_group_base.group                                                   233ms
  sci_user.user                                                          216ms


Run 81/100:
  Total run time: 19.504402s
  btp_directory.directory                                                2311ms
  btp_subaccount.subaccount                                              1808ms
  btp_subaccount_destination_generic.destination                         2019ms
  btp_subaccount_role.role                                               2107ms
  btp_subaccount_role_collection.collection                              450ms
  btp_subaccount_service_instance.instance                               3964ms
  btp_subaccount_subscription.subscription                               3228ms
  btp_subaccount_trust_configuration.trust                               1097ms
  cloudfoundry_service_instance.instance                                 78ms
  cloudfoundry_space.space                                               150ms
  scc_subaccount.subaccount                                              723ms
  scc_system_mapping.system                                              202ms
  sci_application.app                                                    235ms
  sci_group_base.group                                                   215ms
  sci_user.user                                                          215ms


Run 82/100:
  Total run time: 13.690805s
  btp_subaccount.subaccount                                              551ms
  btp_subaccount_entitlement.entitlement                                 12731ms
  btp_subaccount_environment_instance.cloudfoundry                       2443ms
  btp_subaccount_role.role                                               481ms
  btp_subaccount_role_collection.collection                              1229ms
  btp_subaccount_service_instance.instance                               3951ms
  btp_subaccount_subscription.subscription                               3639ms
  btp_subaccount_trust_configuration.trust                               2066ms
  cloudfoundry_service_instance.instance                                 60ms
  cloudfoundry_space.space                                               145ms
  scc_subaccount.subaccount                                              783ms
  scc_system_mapping_resource.resource                                   95ms
  sci_application.app                                                    237ms
  sci_group_base.group                                                   243ms
  sci_user.user                                                          215ms


Run 83/100:
  Total run time: 14.838487s
  btp_directory.directory                                                2909ms
  btp_subaccount.subaccount                                              1504ms
  btp_subaccount_destination_generic.destination                         1260ms
  btp_subaccount_entitlement.entitlement                                 13624ms
  btp_subaccount_environment_instance.cloudfoundry                       791ms
  btp_subaccount_role.role                                               404ms
  btp_subaccount_role_collection.collection                              195ms
  btp_subaccount_service_instance.instance                               3574ms
  btp_subaccount_trust_configuration.trust                               2124ms
  cloudfoundry_service_instance.instance                                 66ms
  cloudfoundry_space.space                                               198ms
  scc_subaccount.subaccount                                              5210ms
  scc_system_mapping.system                                              209ms
  scc_system_mapping_resource.resource                                   182ms
  sci_application.app                                                    236ms
  sci_group_base.group                                                   229ms
  sci_user.user                                                          229ms


Run 84/100:
  Total run time: 18.991494s
  btp_directory.directory                                                8111ms
  btp_subaccount.subaccount                                              6312ms
  btp_subaccount_destination_generic.destination                         463ms
  btp_subaccount_entitlement.entitlement                                 17968ms
  btp_subaccount_environment_instance.cloudfoundry                       5889ms
  btp_subaccount_role.role                                               6119ms
  btp_subaccount_role_collection.collection                              7058ms
  btp_subaccount_service_instance.instance                               8720ms
  btp_subaccount_trust_configuration.trust                               252ms
  cloudfoundry_service_instance.instance                                 54ms
  cloudfoundry_space.space                                               142ms
  scc_subaccount.subaccount                                              688ms
  scc_system_mapping_resource.resource                                   69ms
  sci_application.app                                                    236ms
  sci_group_base.group                                                   216ms
  sci_user.user                                                          216ms


Run 85/100:
  Total run time: 14.247807s
  btp_directory.directory                                                2883ms
  btp_subaccount.subaccount                                              535ms
  btp_subaccount_destination_generic.destination                         727ms
  btp_subaccount_entitlement.entitlement                                 13174ms
  btp_subaccount_role.role                                               1147ms
  btp_subaccount_role_collection.collection                              1607ms
  btp_subaccount_service_instance.instance                               3574ms
  btp_subaccount_subscription.subscription                               2937ms
  btp_subaccount_trust_configuration.trust                               229ms
  cloudfoundry_service_instance.instance                                 68ms
  cloudfoundry_space.space                                               166ms
  scc_subaccount.subaccount                                              690ms
  scc_system_mapping.system                                              197ms
  scc_system_mapping_resource.resource                                   183ms
  sci_application.app                                                    224ms
  sci_group_base.group                                                   198ms
  sci_user.user                                                          208ms


Run 86/100:
  Total run time: 13.806903s
  btp_subaccount.subaccount                                              1363ms
  btp_subaccount_destination_generic.destination                         664ms
  btp_subaccount_entitlement.entitlement                                 12802ms
  btp_subaccount_environment_instance.cloudfoundry                       1026ms
  btp_subaccount_role.role                                               1560ms
  btp_subaccount_role_collection.collection                              218ms
  btp_subaccount_service_instance.instance                               3129ms
  btp_subaccount_subscription.subscription                               2736ms
  btp_subaccount_trust_configuration.trust                               1229ms
  cloudfoundry_service_instance.instance                                 51ms
  cloudfoundry_space.space                                               123ms
  scc_subaccount.subaccount                                              715ms
  scc_system_mapping_resource.resource                                   185ms
  sci_application.app                                                    318ms
  sci_group_base.group                                                   292ms
  sci_user.user                                                          306ms


Run 87/100:
  Total run time: 14.477114s
  btp_subaccount.subaccount                                              646ms
  btp_subaccount_destination_generic.destination                         1601ms
  btp_subaccount_entitlement.entitlement                                 13230ms
  btp_subaccount_role.role                                               200ms
  btp_subaccount_role_collection.collection                              961ms
  btp_subaccount_service_instance.instance                               3336ms
  btp_subaccount_subscription.subscription                               2801ms
  btp_subaccount_trust_configuration.trust                               421ms
  cloudfoundry_service_instance.instance                                 52ms
  cloudfoundry_space.space                                               162ms
  scc_subaccount.subaccount                                              687ms
  scc_system_mapping.system                                              185ms
  scc_system_mapping_resource.resource                                   187ms
  sci_application.app                                                    204ms
  sci_group_base.group                                                   197ms
  sci_user.user                                                          195ms


Run 88/100:
  Total run time: 20.293581s
  btp_directory.directory                                                7760ms
  btp_subaccount_destination_generic.destination                         284ms
  btp_subaccount_entitlement.entitlement                                 19293ms
  btp_subaccount_environment_instance.cloudfoundry                       7410ms
  btp_subaccount_role.role                                               2020ms
  btp_subaccount_role_collection.collection                              751ms
  btp_subaccount_service_instance.instance                               8213ms
  btp_subaccount_subscription.subscription                               8615ms
  btp_subaccount_trust_configuration.trust                               1987ms
  cloudfoundry_service_instance.instance                                 59ms
  cloudfoundry_space.space                                               137ms
  scc_subaccount.subaccount                                              736ms
  scc_system_mapping.system                                              219ms
  scc_system_mapping_resource.resource                                   200ms
  sci_application.app                                                    253ms
  sci_group_base.group                                                   215ms
  sci_user.user                                                          214ms


Run 89/100:
  Total run time: 15.087853s
  btp_directory.directory                                                2559ms
  btp_subaccount.subaccount                                              1750ms
  btp_subaccount_destination_generic.destination                         922ms
  btp_subaccount_entitlement.entitlement                                 13763ms
  btp_subaccount_environment_instance.cloudfoundry                       2298ms
  btp_subaccount_role.role                                               1137ms
  btp_subaccount_role_collection.collection                              1969ms
  btp_subaccount_service_instance.instance                               3898ms
  btp_subaccount_subscription.subscription                               2494ms
  btp_subaccount_trust_configuration.trust                               1405ms
  cloudfoundry_service_instance.instance                                 62ms
  cloudfoundry_space.space                                               150ms
  scc_subaccount.subaccount                                              796ms
  scc_system_mapping.system                                              246ms
  scc_system_mapping_resource.resource                                   70ms
  sci_application.app                                                    223ms
  sci_group_base.group                                                   199ms
  sci_user.user                                                          200ms


Run 90/100:
  Total run time: 14.267915s
  btp_directory.directory                                                8539ms
  btp_subaccount.subaccount                                              1621ms
  btp_subaccount_destination_generic.destination                         1678ms
  btp_subaccount_environment_instance.cloudfoundry                       2295ms
  btp_subaccount_role.role                                               195ms
  btp_subaccount_role_collection.collection                              780ms
  btp_subaccount_service_instance.instance                               8993ms
  btp_subaccount_subscription.subscription                               8501ms
  btp_subaccount_trust_configuration.trust                               593ms
  cloudfoundry_service_instance.instance                                 58ms
  cloudfoundry_space.space                                               158ms
  scc_subaccount.subaccount                                              796ms
  scc_system_mapping.system                                              187ms
  scc_system_mapping_resource.resource                                   208ms
  sci_application.app                                                    216ms
  sci_group_base.group                                                   217ms
  sci_user.user                                                          245ms


Run 91/100:
  Total run time: 18.870309s
  btp_directory.directory                                                7879ms
  btp_subaccount.subaccount                                              6791ms
  btp_subaccount_destination_generic.destination                         188ms
  btp_subaccount_entitlement.entitlement                                 17901ms
  btp_subaccount_environment_instance.cloudfoundry                       6378ms
  btp_subaccount_role.role                                               6889ms
  btp_subaccount_role_collection.collection                              6740ms
  btp_subaccount_service_instance.instance                               8732ms
  btp_subaccount_trust_configuration.trust                               6989ms
  cloudfoundry_service_instance.instance                                 80ms
  cloudfoundry_space.space                                               188ms
  scc_subaccount.subaccount                                              743ms
  scc_system_mapping_resource.resource                                   234ms
  sci_application.app                                                    244ms
  sci_group_base.group                                                   206ms
  sci_user.user                                                          241ms


Run 92/100:
  Total run time: 14.468623s
  btp_directory.directory                                                3085ms
  btp_subaccount_destination_generic.destination                         173ms
  btp_subaccount_entitlement.entitlement                                 13466ms
  btp_subaccount_environment_instance.cloudfoundry                       1087ms
  btp_subaccount_role.role                                               1304ms
  btp_subaccount_role_collection.collection                              1989ms
  btp_subaccount_service_instance.instance                               3606ms
  btp_subaccount_subscription.subscription                               3185ms
  btp_subaccount_trust_configuration.trust                               1486ms
  cloudfoundry_service_instance.instance                                 56ms
  cloudfoundry_space.space                                               146ms
  scc_subaccount.subaccount                                              746ms
  scc_system_mapping.system                                              118ms
  scc_system_mapping_resource.resource                                   221ms
  sci_application.app                                                    280ms
  sci_group_base.group                                                   202ms
  sci_user.user                                                          201ms


Run 93/100:
  Total run time: 13.856656s
  btp_directory.directory                                                2286ms
  btp_subaccount.subaccount                                              772ms
  btp_subaccount_destination_generic.destination                         1871ms
  btp_subaccount_entitlement.entitlement                                 12851ms
  btp_subaccount_environment_instance.cloudfoundry                       1333ms
  btp_subaccount_role_collection.collection                              634ms
  btp_subaccount_service_instance.instance                               3602ms
  btp_subaccount_subscription.subscription                               3193ms
  btp_subaccount_trust_configuration.trust                               1683ms
  cloudfoundry_service_instance.instance                                 56ms
  cloudfoundry_space.space                                               142ms
  scc_subaccount.subaccount                                              700ms
  scc_system_mapping.system                                              197ms
  scc_system_mapping_resource.resource                                   196ms
  sci_application.app                                                    245ms
  sci_group_base.group                                                   208ms
  sci_user.user                                                          229ms


Run 94/100:
  Total run time: 13.527120s
  btp_directory.directory                                                2745ms
  btp_subaccount.subaccount                                              1072ms
  btp_subaccount_entitlement.entitlement                                 12544ms
  btp_subaccount_environment_instance.cloudfoundry                       2059ms
  btp_subaccount_role.role                                               1710ms
  btp_subaccount_role_collection.collection                              436ms
  btp_subaccount_service_instance.instance                               3542ms
  btp_subaccount_subscription.subscription                               3047ms
  btp_subaccount_trust_configuration.trust                               647ms
  cloudfoundry_service_instance.instance                                 66ms
  cloudfoundry_space.space                                               138ms
  scc_subaccount.subaccount                                              799ms
  scc_system_mapping.system                                              194ms
  scc_system_mapping_resource.resource                                   211ms
  sci_application.app                                                    240ms
  sci_group_base.group                                                   212ms
  sci_user.user                                                          201ms


Run 95/100:
  Total run time: 14.019448s
  btp_directory.directory                                                2205ms
  btp_subaccount.subaccount                                              1905ms
  btp_subaccount_destination_generic.destination                         1348ms
  btp_subaccount_entitlement.entitlement                                 13027ms
  btp_subaccount_environment_instance.cloudfoundry                       1076ms
  btp_subaccount_role.role                                               473ms
  btp_subaccount_role_collection.collection                              714ms
  btp_subaccount_service_instance.instance                               3614ms
  btp_subaccount_trust_configuration.trust                               1876ms
  cloudfoundry_service_instance.instance                                 58ms
  cloudfoundry_space.space                                               233ms
  scc_subaccount.subaccount                                              621ms
  scc_system_mapping.system                                              172ms
  scc_system_mapping_resource.resource                                   92ms
  sci_application.app                                                    252ms
  sci_group_base.group                                                   196ms
  sci_user.user                                                          195ms


Run 96/100:
  Total run time: 14.634378s
  btp_subaccount.subaccount                                              1551ms
  btp_subaccount_destination_generic.destination                         212ms
  btp_subaccount_entitlement.entitlement                                 13654ms
  btp_subaccount_environment_instance.cloudfoundry                       1760ms
  btp_subaccount_role.role                                               1009ms
  btp_subaccount_service_instance.instance                               3522ms
  btp_subaccount_subscription.subscription                               2607ms
  btp_subaccount_trust_configuration.trust                               1934ms
  cloudfoundry_service_instance.instance                                 62ms
  cloudfoundry_space.space                                               131ms
  scc_subaccount.subaccount                                              725ms
  scc_system_mapping.system                                              197ms
  scc_system_mapping_resource.resource                                   194ms
  sci_application.app                                                    249ms
  sci_group_base.group                                                   220ms
  sci_user.user                                                          194ms


Run 97/100:
  Total run time: 13.761556s
  btp_directory.directory                                                2553ms
  btp_subaccount.subaccount                                              1734ms
  btp_subaccount_destination_generic.destination                         1738ms
  btp_subaccount_entitlement.entitlement                                 12774ms
  btp_subaccount_environment_instance.cloudfoundry                       720ms
  btp_subaccount_role.role                                               901ms
  btp_subaccount_role_collection.collection                              205ms
  btp_subaccount_service_instance.instance                               3355ms
  btp_subaccount_subscription.subscription                               2579ms
  btp_subaccount_trust_configuration.trust                               344ms
  cloudfoundry_service_instance.instance                                 59ms
  cloudfoundry_space.space                                               158ms
  scc_subaccount.subaccount                                              711ms
  scc_system_mapping.system                                              236ms
  scc_system_mapping_resource.resource                                   227ms
  sci_application.app                                                    212ms
  sci_group_base.group                                                   198ms
  sci_user.user                                                          188ms


Run 98/100:
  Total run time: 15.587067s
  btp_directory.directory                                                3743ms
  btp_subaccount.subaccount                                              1142ms
  btp_subaccount_destination_generic.destination                         2592ms
  btp_subaccount_entitlement.entitlement                                 14320ms
  btp_subaccount_environment_instance.cloudfoundry                       2606ms
  btp_subaccount_role.role                                               943ms
  btp_subaccount_subscription.subscription                               3312ms
  btp_subaccount_trust_configuration.trust                               262ms
  cloudfoundry_service_instance.instance                                 94ms
  cloudfoundry_space.space                                               146ms
  scc_subaccount.subaccount                                              710ms
  scc_system_mapping.system                                              197ms
  scc_system_mapping_resource.resource                                   169ms
  sci_application.app                                                    228ms
  sci_group_base.group                                                   196ms
  sci_user.user                                                          190ms


Run 99/100:
  Total run time: 13.920612s
  btp_directory.directory                                                2201ms
  btp_subaccount.subaccount                                              1006ms
  btp_subaccount_destination_generic.destination                         275ms
  btp_subaccount_entitlement.entitlement                                 12947ms
  btp_subaccount_environment_instance.cloudfoundry                       937ms
  btp_subaccount_role.role                                               1771ms
  btp_subaccount_role_collection.collection                              1802ms
  btp_subaccount_service_instance.instance                               3500ms
  btp_subaccount_subscription.subscription                               3125ms
  btp_subaccount_trust_configuration.trust                               1678ms
  cloudfoundry_service_instance.instance                                 63ms
  cloudfoundry_space.space                                               157ms
  scc_subaccount.subaccount                                              4459ms
  scc_system_mapping.system                                              182ms
  scc_system_mapping_resource.resource                                   210ms
  sci_application.app                                                    227ms
  sci_group_base.group                                                   201ms
  sci_user.user                                                          218ms


Run 100/100:
  Total run time: 13.334972s
  btp_subaccount.subaccount                                              1348ms
  btp_subaccount_destination_generic.destination                         618ms
  btp_subaccount_entitlement.entitlement                                 12371ms
  btp_subaccount_environment_instance.cloudfoundry                       1683ms
  btp_subaccount_role.role                                               1288ms
  btp_subaccount_role_collection.collection                              1800ms
  btp_subaccount_service_instance.instance                               3188ms
  btp_subaccount_subscription.subscription                               2633ms
  btp_subaccount_trust_configuration.trust                               402ms
  cloudfoundry_service_instance.instance                                 61ms
  cloudfoundry_space.space                                               164ms
  scc_subaccount.subaccount                                              715ms
  scc_system_mapping.system                                              181ms
  sci_application.app                                                    210ms
  sci_group_base.group                                                   195ms
  sci_user.user                                                          195ms


Final results:
-------                                            ------------    -----------    -----------
Element                                            Average (ms)   Minimum (ms)   Maximum (ms)
btp_directory.directory                                 3897.51           1690          17924
btp_subaccount.subaccount                               2121.19            202          17155
btp_subaccount_destination_generic.destination          1545.29            173          16562
btp_subaccount_entitlement.entitlement                 14588.25          12078          28567
btp_subaccount_environment_instance.cloudfoundry        2351.07            369          13657
btp_subaccount_role.role                                1620.70            193          14907
btp_subaccount_role_collection.collection               1451.97            177          14085
btp_subaccount_service_instance.instance                4932.17           3129          18613
btp_subaccount_subscription.subscription                3977.26           2341          15620
btp_subaccount_trust_configuration.trust                1441.71            195          14347
cloudfoundry_service_instance.instance                    68.20             50            232
cloudfoundry_space.space                                 153.57            123            250
scc_subaccount.subaccount                               1600.67            598           6973
scc_system_mapping.system                                198.78             72            367
scc_system_mapping_resource.resource                     195.50             69            350
sci_application.app                                      249.79            204            597
sci_group_base.group                                     223.29            178            292
sci_user.user                                            222.74            176            590

Total wall-clock time: 1565.716725s
Average wall-clock time: 15.657167s
Minimum wall-clock time: 13.071877s
Maximum wall-clock time: 29.882727s
Total Ressources: 18
