Running terraform plan -refresh-only 100 time(s)
Using Terraform parallelism: 1

Run 1/100:
  Total run time: 33.941624s
  btp_directory.directory                                                471ms
  btp_subaccount.subaccount                                              61ms
  btp_subaccount_destination_generic.destination                         293ms
  btp_subaccount_entitlement.entitlement                                 14239ms
  btp_subaccount_environment_instance.cloudfoundry                       1468ms
  btp_subaccount_role.role                                               271ms
  btp_subaccount_role_collection.collection                              192ms
  btp_subaccount_service_instance.instance                               1084ms
  btp_subaccount_subscription.subscription                               1519ms
  btp_subaccount_trust_configuration.trust                               402ms
  cloudfoundry_service_instance.instance                                 69ms
  cloudfoundry_space.space                                               152ms
  scc_subaccount.subaccount                                              7187ms
  scc_system_mapping.system                                              256ms
  scc_system_mapping_resource.resource                                   75ms
  sci_application.app                                                    269ms
  sci_group_base.group                                                   131ms
  sci_user.user                                                          491ms


Run 2/100:
  Total run time: 18.929792s
  btp_directory.directory                                                174ms
  btp_subaccount.subaccount                                              83ms
  btp_subaccount_destination_generic.destination                         205ms
  btp_subaccount_entitlement.entitlement                                 11518ms
  btp_subaccount_environment_instance.cloudfoundry                       607ms
  btp_subaccount_role.role                                               289ms
  btp_subaccount_role_collection.collection                              207ms
  btp_subaccount_service_instance.instance                               1077ms
  btp_subaccount_subscription.subscription                               915ms
  btp_subaccount_trust_configuration.trust                               330ms
  cloudfoundry_service_instance.instance                                 76ms
  cloudfoundry_space.space                                               134ms
  scc_subaccount.subaccount                                              621ms
  scc_system_mapping.system                                              176ms
  scc_system_mapping_resource.resource                                   72ms
  sci_application.app                                                    160ms
  sci_group_base.group                                                   213ms
  sci_user.user                                                          112ms


Run 3/100:
  Total run time: 18.120162s
  btp_directory.directory                                                328ms
  btp_subaccount.subaccount                                              72ms
  btp_subaccount_destination_generic.destination                         302ms
  btp_subaccount_entitlement.entitlement                                 10827ms
  btp_subaccount_environment_instance.cloudfoundry                       518ms
  btp_subaccount_role.role                                               201ms
  btp_subaccount_role_collection.collection                              225ms
  btp_subaccount_service_instance.instance                               1044ms
  btp_subaccount_subscription.subscription                               920ms
  btp_subaccount_trust_configuration.trust                               250ms
  cloudfoundry_service_instance.instance                                 57ms
  cloudfoundry_space.space                                               136ms
  scc_subaccount.subaccount                                              758ms
  scc_system_mapping.system                                              77ms
  scc_system_mapping_resource.resource                                   212ms
  sci_application.app                                                    321ms
  sci_group_base.group                                                   145ms
  sci_user.user                                                          124ms


Run 4/100:
  Total run time: 23.053993s
  btp_directory.directory                                                145ms
  btp_subaccount.subaccount                                              205ms
  btp_subaccount_destination_generic.destination                         273ms
  btp_subaccount_entitlement.entitlement                                 10905ms
  btp_subaccount_environment_instance.cloudfoundry                       472ms
  btp_subaccount_role.role                                               220ms
  btp_subaccount_role_collection.collection                              268ms
  btp_subaccount_service_instance.instance                               1018ms
  btp_subaccount_subscription.subscription                               848ms
  btp_subaccount_trust_configuration.trust                               287ms
  cloudfoundry_service_instance.instance                                 62ms
  cloudfoundry_space.space                                               141ms
  scc_subaccount.subaccount                                              5600ms
  scc_system_mapping.system                                              69ms
  scc_system_mapping_resource.resource                                   195ms
  sci_application.app                                                    276ms
  sci_group_base.group                                                   126ms
  sci_user.user                                                          121ms


Run 5/100:
  Total run time: 18.768302s
  btp_directory.directory                                                198ms
  btp_subaccount.subaccount                                              227ms
  btp_subaccount_destination_generic.destination                         217ms
  btp_subaccount_entitlement.entitlement                                 10807ms
  btp_subaccount_environment_instance.cloudfoundry                       403ms
  btp_subaccount_role.role                                               201ms
  btp_subaccount_role_collection.collection                              216ms
  btp_subaccount_service_instance.instance                               960ms
  btp_subaccount_subscription.subscription                               809ms
  btp_subaccount_trust_configuration.trust                               222ms
  cloudfoundry_service_instance.instance                                 62ms
  cloudfoundry_space.space                                               143ms
  scc_subaccount.subaccount                                              725ms
  scc_system_mapping.system                                              66ms
  scc_system_mapping_resource.resource                                   67ms
  sci_application.app                                                    160ms
  sci_group_base.group                                                   133ms
  sci_user.user                                                          255ms


Run 6/100:
  Total run time: 17.669453s
  btp_directory.directory                                                153ms
  btp_subaccount.subaccount                                              60ms
  btp_subaccount_destination_generic.destination                         241ms
  btp_subaccount_entitlement.entitlement                                 10836ms
  btp_subaccount_environment_instance.cloudfoundry                       381ms
  btp_subaccount_role.role                                               205ms
  btp_subaccount_role_collection.collection                              245ms
  btp_subaccount_service_instance.instance                               1120ms
  btp_subaccount_subscription.subscription                               880ms
  btp_subaccount_trust_configuration.trust                               216ms
  cloudfoundry_service_instance.instance                                 69ms
  cloudfoundry_space.space                                               149ms
  scc_subaccount.subaccount                                              600ms
  scc_system_mapping.system                                              75ms
  scc_system_mapping_resource.resource                                   232ms
  sci_application.app                                                    143ms
  sci_group_base.group                                                   114ms
  sci_user.user                                                          236ms


Run 7/100:
  Total run time: 17.888345s
  btp_directory.directory                                                139ms
  btp_subaccount.subaccount                                              247ms
  btp_subaccount_destination_generic.destination                         231ms
  btp_subaccount_entitlement.entitlement                                 10780ms
  btp_subaccount_environment_instance.cloudfoundry                       407ms
  btp_subaccount_role.role                                               214ms
  btp_subaccount_role_collection.collection                              253ms
  btp_subaccount_service_instance.instance                               1031ms
  btp_subaccount_subscription.subscription                               823ms
  btp_subaccount_trust_configuration.trust                               221ms
  cloudfoundry_service_instance.instance                                 50ms
  cloudfoundry_space.space                                               126ms
  scc_subaccount.subaccount                                              669ms
  scc_system_mapping.system                                              68ms
  scc_system_mapping_resource.resource                                   207ms
  sci_application.app                                                    246ms
  sci_group_base.group                                                   141ms
  sci_user.user                                                          180ms


Run 8/100:
  Total run time: 33.283440s
  btp_directory.directory                                                147ms
  btp_subaccount.subaccount                                              256ms
  btp_subaccount_destination_generic.destination                         149ms
  btp_subaccount_entitlement.entitlement                                 15628ms
  btp_subaccount_environment_instance.cloudfoundry                       404ms
  btp_subaccount_role.role                                               246ms
  btp_subaccount_role_collection.collection                              165ms
  btp_subaccount_service_instance.instance                               5963ms
  btp_subaccount_subscription.subscription                               1648ms
  btp_subaccount_trust_configuration.trust                               204ms
  cloudfoundry_service_instance.instance                                 85ms
  cloudfoundry_space.space                                               161ms
  scc_subaccount.subaccount                                              5648ms
  scc_system_mapping.system                                              232ms
  scc_system_mapping_resource.resource                                   76ms
  sci_application.app                                                    180ms
  sci_group_base.group                                                   114ms
  sci_user.user                                                          185ms


Run 9/100:
  Total run time: 23.380243s
  btp_directory.directory                                                146ms
  btp_subaccount.subaccount                                              204ms
  btp_subaccount_destination_generic.destination                         367ms
  btp_subaccount_entitlement.entitlement                                 10836ms
  btp_subaccount_environment_instance.cloudfoundry                       576ms
  btp_subaccount_role.role                                               211ms
  btp_subaccount_role_collection.collection                              235ms
  btp_subaccount_service_instance.instance                               874ms
  btp_subaccount_subscription.subscription                               809ms
  btp_subaccount_trust_configuration.trust                               209ms
  cloudfoundry_service_instance.instance                                 76ms
  cloudfoundry_space.space                                               136ms
  scc_subaccount.subaccount                                              5225ms
  scc_system_mapping.system                                              70ms
  scc_system_mapping_resource.resource                                   67ms
  sci_application.app                                                    137ms
  sci_group_base.group                                                   125ms
  sci_user.user                                                          255ms


Run 10/100:
  Total run time: 18.446323s
  btp_directory.directory                                                134ms
  btp_subaccount.subaccount                                              83ms
  btp_subaccount_destination_generic.destination                         206ms
  btp_subaccount_entitlement.entitlement                                 10944ms
  btp_subaccount_environment_instance.cloudfoundry                       381ms
  btp_subaccount_role.role                                               178ms
  btp_subaccount_role_collection.collection                              173ms
  btp_subaccount_service_instance.instance                               924ms
  btp_subaccount_subscription.subscription                               796ms
  btp_subaccount_trust_configuration.trust                               241ms
  cloudfoundry_service_instance.instance                                 59ms
  cloudfoundry_space.space                                               194ms
  scc_subaccount.subaccount                                              1730ms
  scc_system_mapping.system                                              71ms
  scc_system_mapping_resource.resource                                   176ms
  sci_application.app                                                    169ms
  sci_group_base.group                                                   112ms
  sci_user.user                                                          193ms


Run 11/100:
  Total run time: 17.743549s
  btp_directory.directory                                                171ms
  btp_subaccount.subaccount                                              344ms
  btp_subaccount_destination_generic.destination                         237ms
  btp_subaccount_entitlement.entitlement                                 10721ms
  btp_subaccount_environment_instance.cloudfoundry                       345ms
  btp_subaccount_role.role                                               387ms
  btp_subaccount_role_collection.collection                              268ms
  btp_subaccount_service_instance.instance                               917ms
  btp_subaccount_subscription.subscription                               847ms
  btp_subaccount_trust_configuration.trust                               189ms
  cloudfoundry_service_instance.instance                                 57ms
  cloudfoundry_space.space                                               148ms
  scc_subaccount.subaccount                                              669ms
  scc_system_mapping.system                                              175ms
  scc_system_mapping_resource.resource                                   68ms
  sci_application.app                                                    144ms
  sci_group_base.group                                                   247ms
  sci_user.user                                                          104ms


Run 12/100:
  Total run time: 17.750702s
  btp_directory.directory                                                164ms
  btp_subaccount.subaccount                                              78ms
  btp_subaccount_destination_generic.destination                         223ms
  btp_subaccount_entitlement.entitlement                                 10879ms
  btp_subaccount_environment_instance.cloudfoundry                       391ms
  btp_subaccount_role.role                                               254ms
  btp_subaccount_role_collection.collection                              202ms
  btp_subaccount_service_instance.instance                               943ms
  btp_subaccount_subscription.subscription                               842ms
  btp_subaccount_trust_configuration.trust                               230ms
  cloudfoundry_service_instance.instance                                 52ms
  cloudfoundry_space.space                                               161ms
  scc_subaccount.subaccount                                              995ms
  scc_system_mapping.system                                              77ms
  scc_system_mapping_resource.resource                                   90ms
  sci_application.app                                                    161ms
  sci_group_base.group                                                   113ms
  sci_user.user                                                          250ms


Run 13/100:
  Total run time: 19.106111s
  btp_directory.directory                                                162ms
  btp_subaccount.subaccount                                              53ms
  btp_subaccount_destination_generic.destination                         256ms
  btp_subaccount_entitlement.entitlement                                 11006ms
  btp_subaccount_environment_instance.cloudfoundry                       1573ms
  btp_subaccount_role.role                                               215ms
  btp_subaccount_role_collection.collection                              201ms
  btp_subaccount_service_instance.instance                               950ms
  btp_subaccount_subscription.subscription                               813ms
  btp_subaccount_trust_configuration.trust                               225ms
  cloudfoundry_service_instance.instance                                 57ms
  cloudfoundry_space.space                                               201ms
  scc_subaccount.subaccount                                              609ms
  scc_system_mapping.system                                              188ms
  scc_system_mapping_resource.resource                                   70ms
  sci_application.app                                                    209ms
  sci_group_base.group                                                   228ms
  sci_user.user                                                          155ms


Run 14/100:
  Total run time: 17.383522s
  btp_directory.directory                                                170ms
  btp_subaccount.subaccount                                              55ms
  btp_subaccount_destination_generic.destination                         214ms
  btp_subaccount_entitlement.entitlement                                 10818ms
  btp_subaccount_environment_instance.cloudfoundry                       435ms
  btp_subaccount_role.role                                               224ms
  btp_subaccount_role_collection.collection                              232ms
  btp_subaccount_service_instance.instance                               995ms
  btp_subaccount_subscription.subscription                               761ms
  btp_subaccount_trust_configuration.trust                               212ms
  cloudfoundry_service_instance.instance                                 55ms
  cloudfoundry_space.space                                               137ms
  scc_subaccount.subaccount                                              693ms
  scc_system_mapping.system                                              66ms
  scc_system_mapping_resource.resource                                   182ms
  sci_application.app                                                    150ms
  sci_group_base.group                                                   119ms
  sci_user.user                                                          201ms


Run 15/100:
  Total run time: 22.265443s
  btp_directory.directory                                                136ms
  btp_subaccount.subaccount                                              75ms
  btp_subaccount_destination_generic.destination                         193ms
  btp_subaccount_entitlement.entitlement                                 10804ms
  btp_subaccount_environment_instance.cloudfoundry                       453ms
  btp_subaccount_role.role                                               195ms
  btp_subaccount_role_collection.collection                              161ms
  btp_subaccount_service_instance.instance                               5959ms
  btp_subaccount_subscription.subscription                               753ms
  btp_subaccount_trust_configuration.trust                               269ms
  cloudfoundry_service_instance.instance                                 79ms
  cloudfoundry_space.space                                               152ms
  scc_subaccount.subaccount                                              683ms
  scc_system_mapping.system                                              68ms
  scc_system_mapping_resource.resource                                   62ms
  sci_application.app                                                    227ms
  sci_group_base.group                                                   140ms
  sci_user.user                                                          132ms


Run 16/100:
  Total run time: 18.255099s
  btp_directory.directory                                                149ms
  btp_subaccount.subaccount                                              61ms
  btp_subaccount_destination_generic.destination                         239ms
  btp_subaccount_entitlement.entitlement                                 10856ms
  btp_subaccount_environment_instance.cloudfoundry                       353ms
  btp_subaccount_role.role                                               219ms
  btp_subaccount_role_collection.collection                              230ms
  btp_subaccount_service_instance.instance                               915ms
  btp_subaccount_subscription.subscription                               870ms
  btp_subaccount_trust_configuration.trust                               236ms
  cloudfoundry_service_instance.instance                                 51ms
  cloudfoundry_space.space                                               159ms
  scc_subaccount.subaccount                                              1476ms
  scc_system_mapping.system                                              64ms
  scc_system_mapping_resource.resource                                   63ms
  sci_application.app                                                    132ms
  sci_group_base.group                                                   151ms
  sci_user.user                                                          209ms


Run 17/100:
  Total run time: 18.798783s
  btp_directory.directory                                                143ms
  btp_subaccount.subaccount                                              195ms
  btp_subaccount_destination_generic.destination                         290ms
  btp_subaccount_entitlement.entitlement                                 10658ms
  btp_subaccount_environment_instance.cloudfoundry                       340ms
  btp_subaccount_role.role                                               195ms
  btp_subaccount_role_collection.collection                              252ms
  btp_subaccount_service_instance.instance                               1151ms
  btp_subaccount_subscription.subscription                               1570ms
  btp_subaccount_trust_configuration.trust                               249ms
  cloudfoundry_service_instance.instance                                 56ms
  cloudfoundry_space.space                                               454ms
  scc_subaccount.subaccount                                              658ms
  scc_system_mapping.system                                              67ms
  scc_system_mapping_resource.resource                                   187ms
  sci_application.app                                                    234ms
  sci_group_base.group                                                   112ms
  sci_user.user                                                          112ms


Run 18/100:
  Total run time: 17.675974s
  btp_directory.directory                                                303ms
  btp_subaccount.subaccount                                              76ms
  btp_subaccount_destination_generic.destination                         383ms
  btp_subaccount_entitlement.entitlement                                 10643ms
  btp_subaccount_environment_instance.cloudfoundry                       448ms
  btp_subaccount_role.role                                               222ms
  btp_subaccount_role_collection.collection                              192ms
  btp_subaccount_service_instance.instance                               873ms
  btp_subaccount_subscription.subscription                               866ms
  btp_subaccount_trust_configuration.trust                               226ms
  cloudfoundry_service_instance.instance                                 65ms
  cloudfoundry_space.space                                               160ms
  scc_subaccount.subaccount                                              787ms
  scc_system_mapping.system                                              72ms
  scc_system_mapping_resource.resource                                   80ms
  sci_application.app                                                    246ms
  sci_group_base.group                                                   181ms
  sci_user.user                                                          113ms


Run 19/100:
  Total run time: 18.093939s
  btp_directory.directory                                                147ms
  btp_subaccount.subaccount                                              60ms
  btp_subaccount_destination_generic.destination                         234ms
  btp_subaccount_entitlement.entitlement                                 10806ms
  btp_subaccount_environment_instance.cloudfoundry                       424ms
  btp_subaccount_role.role                                               205ms
  btp_subaccount_role_collection.collection                              197ms
  btp_subaccount_service_instance.instance                               984ms
  btp_subaccount_subscription.subscription                               710ms
  btp_subaccount_trust_configuration.trust                               243ms
  cloudfoundry_service_instance.instance                                 77ms
  cloudfoundry_space.space                                               143ms
  scc_subaccount.subaccount                                              713ms
  scc_system_mapping.system                                              85ms
  scc_system_mapping_resource.resource                                   69ms
  sci_application.app                                                    136ms
  sci_group_base.group                                                   190ms
  sci_user.user                                                          114ms


Run 20/100:
  Total run time: 17.665574s
  btp_directory.directory                                                341ms
  btp_subaccount.subaccount                                              69ms
  btp_subaccount_destination_generic.destination                         224ms
  btp_subaccount_entitlement.entitlement                                 10713ms
  btp_subaccount_environment_instance.cloudfoundry                       443ms
  btp_subaccount_role.role                                               151ms
  btp_subaccount_role_collection.collection                              220ms
  btp_subaccount_service_instance.instance                               1019ms
  btp_subaccount_subscription.subscription                               763ms
  btp_subaccount_trust_configuration.trust                               236ms
  cloudfoundry_service_instance.instance                                 57ms
  cloudfoundry_space.space                                               139ms
  scc_subaccount.subaccount                                              630ms
  scc_system_mapping.system                                              74ms
  scc_system_mapping_resource.resource                                   176ms
  sci_application.app                                                    183ms
  sci_group_base.group                                                   116ms
  sci_user.user                                                          220ms


Run 21/100:
  Total run time: 17.863380s
  btp_directory.directory                                                287ms
  btp_subaccount.subaccount                                              65ms
  btp_subaccount_destination_generic.destination                         194ms
  btp_subaccount_entitlement.entitlement                                 10704ms
  btp_subaccount_environment_instance.cloudfoundry                       485ms
  btp_subaccount_role.role                                               202ms
  btp_subaccount_role_collection.collection                              183ms
  btp_subaccount_service_instance.instance                               1055ms
  btp_subaccount_subscription.subscription                               791ms
  btp_subaccount_trust_configuration.trust                               272ms
  cloudfoundry_service_instance.instance                                 72ms
  cloudfoundry_space.space                                               152ms
  scc_subaccount.subaccount                                              695ms
  scc_system_mapping.system                                              75ms
  scc_system_mapping_resource.resource                                   197ms
  sci_application.app                                                    284ms
  sci_group_base.group                                                   126ms
  sci_user.user                                                          111ms


Run 22/100:
  Total run time: 23.178974s
  btp_directory.directory                                                180ms
  btp_subaccount.subaccount                                              211ms
  btp_subaccount_destination_generic.destination                         230ms
  btp_subaccount_entitlement.entitlement                                 10634ms
  btp_subaccount_environment_instance.cloudfoundry                       1219ms
  btp_subaccount_role.role                                               174ms
  btp_subaccount_role_collection.collection                              177ms
  btp_subaccount_service_instance.instance                               967ms
  btp_subaccount_subscription.subscription                               767ms
  btp_subaccount_trust_configuration.trust                               220ms
  cloudfoundry_service_instance.instance                                 65ms
  cloudfoundry_space.space                                               193ms
  scc_subaccount.subaccount                                              5596ms
  scc_system_mapping.system                                              208ms
  scc_system_mapping_resource.resource                                   67ms
  sci_application.app                                                    186ms
  sci_group_base.group                                                   113ms
  sci_user.user                                                          234ms


Run 23/100:
  Total run time: 17.528665s
  btp_directory.directory                                                174ms
  btp_subaccount.subaccount                                              206ms
  btp_subaccount_destination_generic.destination                         200ms
  btp_subaccount_entitlement.entitlement                                 10699ms
  btp_subaccount_environment_instance.cloudfoundry                       376ms
  btp_subaccount_role.role                                               168ms
  btp_subaccount_role_collection.collection                              209ms
  btp_subaccount_service_instance.instance                               962ms
  btp_subaccount_subscription.subscription                               823ms
  btp_subaccount_trust_configuration.trust                               232ms
  cloudfoundry_service_instance.instance                                 63ms
  cloudfoundry_space.space                                               139ms
  scc_subaccount.subaccount                                              796ms
  scc_system_mapping.system                                              64ms
  scc_system_mapping_resource.resource                                   60ms
  sci_application.app                                                    313ms
  sci_group_base.group                                                   120ms
  sci_user.user                                                          110ms


Run 24/100:
  Total run time: 19.244194s
  btp_directory.directory                                                158ms
  btp_subaccount.subaccount                                              216ms
  btp_subaccount_destination_generic.destination                         208ms
  btp_subaccount_entitlement.entitlement                                 12700ms
  btp_subaccount_environment_instance.cloudfoundry                       366ms
  btp_subaccount_role.role                                               215ms
  btp_subaccount_role_collection.collection                              156ms
  btp_subaccount_service_instance.instance                               988ms
  btp_subaccount_subscription.subscription                               795ms
  btp_subaccount_trust_configuration.trust                               232ms
  cloudfoundry_service_instance.instance                                 81ms
  cloudfoundry_space.space                                               162ms
  scc_subaccount.subaccount                                              564ms
  scc_system_mapping.system                                              65ms
  scc_system_mapping_resource.resource                                   173ms
  sci_application.app                                                    238ms
  sci_group_base.group                                                   115ms
  sci_user.user                                                          107ms


Run 25/100:
  Total run time: 22.522359s
  btp_directory.directory                                                206ms
  btp_subaccount.subaccount                                              124ms
  btp_subaccount_destination_generic.destination                         277ms
  btp_subaccount_entitlement.entitlement                                 10752ms
  btp_subaccount_environment_instance.cloudfoundry                       357ms
  btp_subaccount_role.role                                               265ms
  btp_subaccount_role_collection.collection                              196ms
  btp_subaccount_service_instance.instance                               5924ms
  btp_subaccount_subscription.subscription                               842ms
  btp_subaccount_trust_configuration.trust                               249ms
  cloudfoundry_service_instance.instance                                 60ms
  cloudfoundry_space.space                                               163ms
  scc_subaccount.subaccount                                              718ms
  scc_system_mapping.system                                              67ms
  scc_system_mapping_resource.resource                                   65ms
  sci_application.app                                                    148ms
  sci_group_base.group                                                   249ms
  sci_user.user                                                          126ms


Run 26/100:
  Total run time: 17.456789s
  btp_directory.directory                                                181ms
  btp_subaccount.subaccount                                              79ms
  btp_subaccount_destination_generic.destination                         166ms
  btp_subaccount_entitlement.entitlement                                 10840ms
  btp_subaccount_environment_instance.cloudfoundry                       459ms
  btp_subaccount_role.role                                               250ms
  btp_subaccount_role_collection.collection                              210ms
  btp_subaccount_service_instance.instance                               934ms
  btp_subaccount_subscription.subscription                               857ms
  btp_subaccount_trust_configuration.trust                               262ms
  cloudfoundry_service_instance.instance                                 58ms
  cloudfoundry_space.space                                               143ms
  scc_subaccount.subaccount                                              666ms
  scc_system_mapping.system                                              178ms
  scc_system_mapping_resource.resource                                   63ms
  sci_application.app                                                    146ms
  sci_group_base.group                                                   108ms
  sci_user.user                                                          199ms


Run 27/100:
  Total run time: 22.546692s
  btp_directory.directory                                                155ms
  btp_subaccount.subaccount                                              80ms
  btp_subaccount_destination_generic.destination                         171ms
  btp_subaccount_entitlement.entitlement                                 10762ms
  btp_subaccount_environment_instance.cloudfoundry                       403ms
  btp_subaccount_role.role                                               275ms
  btp_subaccount_role_collection.collection                              242ms
  btp_subaccount_service_instance.instance                               6061ms
  btp_subaccount_subscription.subscription                               797ms
  btp_subaccount_trust_configuration.trust                               219ms
  cloudfoundry_service_instance.instance                                 67ms
  cloudfoundry_space.space                                               144ms
  scc_subaccount.subaccount                                              737ms
  scc_system_mapping.system                                              64ms
  scc_system_mapping_resource.resource                                   71ms
  sci_application.app                                                    147ms
  sci_group_base.group                                                   123ms
  sci_user.user                                                          271ms


Run 28/100:
  Total run time: 18.606971s
  btp_directory.directory                                                167ms
  btp_subaccount.subaccount                                              62ms
  btp_subaccount_destination_generic.destination                         326ms
  btp_subaccount_entitlement.entitlement                                 10881ms
  btp_subaccount_environment_instance.cloudfoundry                       402ms
  btp_subaccount_role.role                                               248ms
  btp_subaccount_role_collection.collection                              221ms
  btp_subaccount_service_instance.instance                               899ms
  btp_subaccount_subscription.subscription                               694ms
  btp_subaccount_trust_configuration.trust                               270ms
  cloudfoundry_service_instance.instance                                 62ms
  cloudfoundry_space.space                                               133ms
  scc_subaccount.subaccount                                              1841ms
  scc_system_mapping.system                                              84ms
  scc_system_mapping_resource.resource                                   65ms
  sci_application.app                                                    152ms
  sci_group_base.group                                                   119ms
  sci_user.user                                                          243ms


Run 29/100:
  Total run time: 22.575395s
  btp_directory.directory                                                413ms
  btp_subaccount.subaccount                                              76ms
  btp_subaccount_destination_generic.destination                         253ms
  btp_subaccount_entitlement.entitlement                                 10619ms
  btp_subaccount_environment_instance.cloudfoundry                       465ms
  btp_subaccount_role.role                                               218ms
  btp_subaccount_role_collection.collection                              207ms
  btp_subaccount_service_instance.instance                               958ms
  btp_subaccount_subscription.subscription                               819ms
  btp_subaccount_trust_configuration.trust                               230ms
  cloudfoundry_service_instance.instance                                 62ms
  cloudfoundry_space.space                                               232ms
  scc_subaccount.subaccount                                              5615ms
  scc_system_mapping.system                                              193ms
  scc_system_mapping_resource.resource                                   73ms
  sci_application.app                                                    156ms
  sci_group_base.group                                                   208ms
  sci_user.user                                                          110ms


Run 30/100:
  Total run time: 17.724569s
  btp_directory.directory                                                302ms
  btp_subaccount.subaccount                                              61ms
  btp_subaccount_destination_generic.destination                         183ms
  btp_subaccount_entitlement.entitlement                                 10635ms
  btp_subaccount_environment_instance.cloudfoundry                       526ms
  btp_subaccount_role.role                                               223ms
  btp_subaccount_role_collection.collection                              246ms
  btp_subaccount_service_instance.instance                               1053ms
  btp_subaccount_subscription.subscription                               817ms
  btp_subaccount_trust_configuration.trust                               227ms
  cloudfoundry_service_instance.instance                                 68ms
  cloudfoundry_space.space                                               233ms
  scc_subaccount.subaccount                                              601ms
  scc_system_mapping.system                                              68ms
  scc_system_mapping_resource.resource                                   197ms
  sci_application.app                                                    133ms
  sci_group_base.group                                                   125ms
  sci_user.user                                                          226ms


Run 31/100:
  Total run time: 22.811783s
  btp_directory.directory                                                163ms
  btp_subaccount.subaccount                                              225ms
  btp_subaccount_destination_generic.destination                         219ms
  btp_subaccount_entitlement.entitlement                                 10724ms
  btp_subaccount_environment_instance.cloudfoundry                       505ms
  btp_subaccount_role.role                                               256ms
  btp_subaccount_role_collection.collection                              444ms
  btp_subaccount_service_instance.instance                               929ms
  btp_subaccount_subscription.subscription                               730ms
  btp_subaccount_trust_configuration.trust                               315ms
  cloudfoundry_service_instance.instance                                 69ms
  cloudfoundry_space.space                                               151ms
  scc_subaccount.subaccount                                              5598ms
  scc_system_mapping.system                                              69ms
  scc_system_mapping_resource.resource                                   185ms
  sci_application.app                                                    254ms
  sci_group_base.group                                                   116ms
  sci_user.user                                                          115ms


Run 32/100:
  Total run time: 22.972349s
  btp_directory.directory                                                136ms
  btp_subaccount.subaccount                                              189ms
  btp_subaccount_destination_generic.destination                         213ms
  btp_subaccount_entitlement.entitlement                                 10706ms
  btp_subaccount_environment_instance.cloudfoundry                       433ms
  btp_subaccount_role.role                                               202ms
  btp_subaccount_role_collection.collection                              206ms
  btp_subaccount_service_instance.instance                               917ms
  btp_subaccount_subscription.subscription                               825ms
  btp_subaccount_trust_configuration.trust                               224ms
  cloudfoundry_service_instance.instance                                 57ms
  cloudfoundry_space.space                                               132ms
  scc_subaccount.subaccount                                              6283ms
  scc_system_mapping.system                                              68ms
  scc_system_mapping_resource.resource                                   70ms
  sci_application.app                                                    154ms
  sci_group_base.group                                                   264ms
  sci_user.user                                                          127ms


Run 33/100:
  Total run time: 27.168618s
  btp_directory.directory                                                182ms
  btp_subaccount.subaccount                                              84ms
  btp_subaccount_destination_generic.destination                         274ms
  btp_subaccount_entitlement.entitlement                                 10774ms
  btp_subaccount_environment_instance.cloudfoundry                       5435ms
  btp_subaccount_role.role                                               222ms
  btp_subaccount_role_collection.collection                              206ms
  btp_subaccount_service_instance.instance                               5429ms
  btp_subaccount_subscription.subscription                               799ms
  btp_subaccount_trust_configuration.trust                               233ms
  cloudfoundry_service_instance.instance                                 113ms
  cloudfoundry_space.space                                               266ms
  scc_subaccount.subaccount                                              558ms
  scc_system_mapping.system                                              190ms
  scc_system_mapping_resource.resource                                   72ms
  sci_application.app                                                    146ms
  sci_group_base.group                                                   120ms
  sci_user.user                                                          214ms


Run 34/100:
  Total run time: 22.408811s
  btp_directory.directory                                                293ms
  btp_subaccount.subaccount                                              63ms
  btp_subaccount_destination_generic.destination                         251ms
  btp_subaccount_entitlement.entitlement                                 10653ms
  btp_subaccount_environment_instance.cloudfoundry                       393ms
  btp_subaccount_role.role                                               197ms
  btp_subaccount_role_collection.collection                              178ms
  btp_subaccount_service_instance.instance                               1003ms
  btp_subaccount_subscription.subscription                               760ms
  btp_subaccount_trust_configuration.trust                               218ms
  cloudfoundry_service_instance.instance                                 59ms
  cloudfoundry_space.space                                               147ms
  scc_subaccount.subaccount                                              5631ms
  scc_system_mapping.system                                              80ms
  scc_system_mapping_resource.resource                                   185ms
  sci_application.app                                                    276ms
  sci_group_base.group                                                   115ms
  sci_user.user                                                          121ms


Run 35/100:
  Total run time: 22.580315s
  btp_directory.directory                                                140ms
  btp_subaccount.subaccount                                              74ms
  btp_subaccount_destination_generic.destination                         230ms
  btp_subaccount_entitlement.entitlement                                 10818ms
  btp_subaccount_environment_instance.cloudfoundry                       427ms
  btp_subaccount_role.role                                               286ms
  btp_subaccount_role_collection.collection                              231ms
  btp_subaccount_service_instance.instance                               928ms
  btp_subaccount_subscription.subscription                               820ms
  btp_subaccount_trust_configuration.trust                               231ms
  cloudfoundry_service_instance.instance                                 95ms
  cloudfoundry_space.space                                               183ms
  scc_subaccount.subaccount                                              5605ms
  scc_system_mapping.system                                              74ms
  scc_system_mapping_resource.resource                                   181ms
  sci_application.app                                                    149ms
  sci_group_base.group                                                   199ms
  sci_user.user                                                          121ms


Run 36/100:
  Total run time: 26.396036s
  btp_directory.directory                                                144ms
  btp_subaccount.subaccount                                              219ms
  btp_subaccount_destination_generic.destination                         260ms
  btp_subaccount_entitlement.entitlement                                 10663ms
  btp_subaccount_environment_instance.cloudfoundry                       464ms
  btp_subaccount_role.role                                               250ms
  btp_subaccount_role_collection.collection                              204ms
  btp_subaccount_service_instance.instance                               5957ms
  btp_subaccount_subscription.subscription                               715ms
  btp_subaccount_trust_configuration.trust                               281ms
  cloudfoundry_service_instance.instance                                 91ms
  cloudfoundry_space.space                                               160ms
  scc_subaccount.subaccount                                              3437ms
  scc_system_mapping.system                                              68ms
  scc_system_mapping_resource.resource                                   193ms
  sci_application.app                                                    144ms
  sci_group_base.group                                                   127ms
  sci_user.user                                                          241ms


Run 37/100:
  Total run time: 17.379233s
  btp_directory.directory                                                286ms
  btp_subaccount.subaccount                                              62ms
  btp_subaccount_destination_generic.destination                         212ms
  btp_subaccount_entitlement.entitlement                                 10608ms
  btp_subaccount_environment_instance.cloudfoundry                       424ms
  btp_subaccount_role.role                                               206ms
  btp_subaccount_role_collection.collection                              242ms
  btp_subaccount_service_instance.instance                               942ms
  btp_subaccount_subscription.subscription                               786ms
  btp_subaccount_trust_configuration.trust                               253ms
  cloudfoundry_service_instance.instance                                 57ms
  cloudfoundry_space.space                                               180ms
  scc_subaccount.subaccount                                              599ms
  scc_system_mapping.system                                              67ms
  scc_system_mapping_resource.resource                                   177ms
  sci_application.app                                                    267ms
  sci_group_base.group                                                   113ms
  sci_user.user                                                          135ms


Run 38/100:
  Total run time: 17.527618s
  btp_directory.directory                                                146ms
  btp_subaccount.subaccount                                              63ms
  btp_subaccount_destination_generic.destination                         246ms
  btp_subaccount_entitlement.entitlement                                 10810ms
  btp_subaccount_environment_instance.cloudfoundry                       432ms
  btp_subaccount_role.role                                               225ms
  btp_subaccount_role_collection.collection                              443ms
  btp_subaccount_service_instance.instance                               934ms
  btp_subaccount_subscription.subscription                               815ms
  btp_subaccount_trust_configuration.trust                               226ms
  cloudfoundry_service_instance.instance                                 53ms
  cloudfoundry_space.space                                               169ms
  scc_subaccount.subaccount                                              547ms
  scc_system_mapping.system                                              186ms
  scc_system_mapping_resource.resource                                   63ms
  sci_application.app                                                    151ms
  sci_group_base.group                                                   247ms
  sci_user.user                                                          131ms


Run 39/100:
  Total run time: 17.291670s
  btp_directory.directory                                                275ms
  btp_subaccount.subaccount                                              71ms
  btp_subaccount_destination_generic.destination                         232ms
  btp_subaccount_entitlement.entitlement                                 10613ms
  btp_subaccount_environment_instance.cloudfoundry                       412ms
  btp_subaccount_role.role                                               193ms
  btp_subaccount_role_collection.collection                              179ms
  btp_subaccount_service_instance.instance                               1022ms
  btp_subaccount_subscription.subscription                               894ms
  btp_subaccount_trust_configuration.trust                               210ms
  cloudfoundry_service_instance.instance                                 63ms
  cloudfoundry_space.space                                               142ms
  scc_subaccount.subaccount                                              588ms
  scc_system_mapping.system                                              65ms
  scc_system_mapping_resource.resource                                   224ms
  sci_application.app                                                    251ms
  sci_group_base.group                                                   119ms
  sci_user.user                                                          128ms


Run 40/100:
  Total run time: 16.978505s
  btp_directory.directory                                                345ms
  btp_subaccount.subaccount                                              63ms
  btp_subaccount_destination_generic.destination                         186ms
  btp_subaccount_entitlement.entitlement                                 10602ms
  btp_subaccount_environment_instance.cloudfoundry                       388ms
  btp_subaccount_role.role                                               226ms
  btp_subaccount_role_collection.collection                              237ms
  btp_subaccount_service_instance.instance                               885ms
  btp_subaccount_subscription.subscription                               765ms
  btp_subaccount_trust_configuration.trust                               263ms
  cloudfoundry_service_instance.instance                                 54ms
  cloudfoundry_space.space                                               147ms
  scc_subaccount.subaccount                                              495ms
  scc_system_mapping.system                                              179ms
  scc_system_mapping_resource.resource                                   64ms
  sci_application.app                                                    152ms
  sci_group_base.group                                                   211ms
  sci_user.user                                                          114ms


Run 41/100:
  Total run time: 24.821531s
  btp_directory.directory                                                134ms
  btp_subaccount.subaccount                                              235ms
  btp_subaccount_destination_generic.destination                         193ms
  btp_subaccount_entitlement.entitlement                                 12120ms
  btp_subaccount_environment_instance.cloudfoundry                       395ms
  btp_subaccount_role.role                                               188ms
  btp_subaccount_role_collection.collection                              228ms
  btp_subaccount_service_instance.instance                               5845ms
  btp_subaccount_subscription.subscription                               849ms
  btp_subaccount_trust_configuration.trust                               249ms
  cloudfoundry_service_instance.instance                                 83ms
  cloudfoundry_space.space                                               157ms
  scc_subaccount.subaccount                                              628ms
  scc_system_mapping.system                                              67ms
  scc_system_mapping_resource.resource                                   177ms
  sci_application.app                                                    1297ms
  sci_group_base.group                                                   116ms
  sci_user.user                                                          119ms


Run 42/100:
  Total run time: 18.135396s
  btp_directory.directory                                                226ms
  btp_subaccount.subaccount                                              79ms
  btp_subaccount_destination_generic.destination                         351ms
  btp_subaccount_entitlement.entitlement                                 11005ms
  btp_subaccount_environment_instance.cloudfoundry                       478ms
  btp_subaccount_role.role                                               236ms
  btp_subaccount_role_collection.collection                              246ms
  btp_subaccount_service_instance.instance                               1191ms
  btp_subaccount_subscription.subscription                               764ms
  btp_subaccount_trust_configuration.trust                               285ms
  cloudfoundry_service_instance.instance                                 65ms
  cloudfoundry_space.space                                               152ms
  scc_subaccount.subaccount                                              561ms
  scc_system_mapping.system                                              75ms
  scc_system_mapping_resource.resource                                   204ms
  sci_application.app                                                    249ms
  sci_group_base.group                                                   111ms
  sci_user.user                                                          131ms


Run 43/100:
  Total run time: 17.972596s
  btp_directory.directory                                                187ms
  btp_subaccount.subaccount                                              82ms
  btp_subaccount_destination_generic.destination                         276ms
  btp_subaccount_entitlement.entitlement                                 10779ms
  btp_subaccount_environment_instance.cloudfoundry                       410ms
  btp_subaccount_role.role                                               293ms
  btp_subaccount_role_collection.collection                              260ms
  btp_subaccount_service_instance.instance                               1199ms
  btp_subaccount_subscription.subscription                               870ms
  btp_subaccount_trust_configuration.trust                               215ms
  cloudfoundry_service_instance.instance                                 62ms
  cloudfoundry_space.space                                               134ms
  scc_subaccount.subaccount                                              711ms
  scc_system_mapping.system                                              71ms
  scc_system_mapping_resource.resource                                   67ms
  sci_application.app                                                    289ms
  sci_group_base.group                                                   118ms
  sci_user.user                                                          138ms


Run 44/100:
  Total run time: 24.538555s
  btp_directory.directory                                                151ms
  btp_subaccount.subaccount                                              222ms
  btp_subaccount_destination_generic.destination                         193ms
  btp_subaccount_entitlement.entitlement                                 10776ms
  btp_subaccount_environment_instance.cloudfoundry                       363ms
  btp_subaccount_role.role                                               231ms
  btp_subaccount_role_collection.collection                              214ms
  btp_subaccount_service_instance.instance                               895ms
  btp_subaccount_subscription.subscription                               810ms
  btp_subaccount_trust_configuration.trust                               235ms
  cloudfoundry_service_instance.instance                                 65ms
  cloudfoundry_space.space                                               735ms
  scc_subaccount.subaccount                                              5658ms
  scc_system_mapping.system                                              89ms
  scc_system_mapping_resource.resource                                   222ms
  sci_application.app                                                    375ms
  sci_group_base.group                                                   159ms
  sci_user.user                                                          271ms


Run 45/100:
  Total run time: 25.034399s
  btp_directory.directory                                                382ms
  btp_subaccount.subaccount                                              64ms
  btp_subaccount_destination_generic.destination                         251ms
  btp_subaccount_entitlement.entitlement                                 10649ms
  btp_subaccount_environment_instance.cloudfoundry                       503ms
  btp_subaccount_role.role                                               226ms
  btp_subaccount_role_collection.collection                              189ms
  btp_subaccount_service_instance.instance                               883ms
  btp_subaccount_subscription.subscription                               1050ms
  btp_subaccount_trust_configuration.trust                               242ms
  cloudfoundry_service_instance.instance                                 60ms
  cloudfoundry_space.space                                               143ms
  scc_subaccount.subaccount                                              6783ms
  scc_system_mapping.system                                              213ms
  scc_system_mapping_resource.resource                                   76ms
  sci_application.app                                                    167ms
  sci_group_base.group                                                   231ms
  sci_user.user                                                          126ms


Run 46/100:
  Total run time: 22.801911s
  btp_directory.directory                                                165ms
  btp_subaccount.subaccount                                              233ms
  btp_subaccount_destination_generic.destination                         248ms
  btp_subaccount_entitlement.entitlement                                 10563ms
  btp_subaccount_environment_instance.cloudfoundry                       461ms
  btp_subaccount_role.role                                               221ms
  btp_subaccount_role_collection.collection                              196ms
  btp_subaccount_service_instance.instance                               6007ms
  btp_subaccount_subscription.subscription                               905ms
  btp_subaccount_trust_configuration.trust                               350ms
  cloudfoundry_service_instance.instance                                 61ms
  cloudfoundry_space.space                                               154ms
  scc_subaccount.subaccount                                              623ms
  scc_system_mapping.system                                              193ms
  scc_system_mapping_resource.resource                                   64ms
  sci_application.app                                                    387ms
  sci_group_base.group                                                   130ms
  sci_user.user                                                          114ms


Run 47/100:
  Total run time: 27.018418s
  btp_directory.directory                                                335ms
  btp_subaccount.subaccount                                              74ms
  btp_subaccount_destination_generic.destination                         261ms
  btp_subaccount_entitlement.entitlement                                 10673ms
  btp_subaccount_environment_instance.cloudfoundry                       390ms
  btp_subaccount_role.role                                               343ms
  btp_subaccount_role_collection.collection                              201ms
  btp_subaccount_service_instance.instance                               6680ms
  btp_subaccount_subscription.subscription                               1216ms
  btp_subaccount_trust_configuration.trust                               193ms
  cloudfoundry_service_instance.instance                                 66ms
  cloudfoundry_space.space                                               184ms
  scc_subaccount.subaccount                                              2875ms
  scc_system_mapping.system                                              67ms
  scc_system_mapping_resource.resource                                   1256ms
  sci_application.app                                                    157ms
  sci_group_base.group                                                   120ms
  sci_user.user                                                          193ms


Run 48/100:
  Total run time: 18.651847s
  btp_directory.directory                                                177ms
  btp_subaccount.subaccount                                              72ms
  btp_subaccount_destination_generic.destination                         191ms
  btp_subaccount_entitlement.entitlement                                 10876ms
  btp_subaccount_environment_instance.cloudfoundry                       442ms
  btp_subaccount_role.role                                               224ms
  btp_subaccount_role_collection.collection                              216ms
  btp_subaccount_service_instance.instance                               1014ms
  btp_subaccount_subscription.subscription                               791ms
  btp_subaccount_trust_configuration.trust                               169ms
  cloudfoundry_service_instance.instance                                 71ms
  cloudfoundry_space.space                                               133ms
  scc_subaccount.subaccount                                              671ms
  scc_system_mapping.system                                              70ms
  scc_system_mapping_resource.resource                                   1229ms
  sci_application.app                                                    201ms
  sci_group_base.group                                                   261ms
  sci_user.user                                                          117ms


Run 49/100:
  Total run time: 22.796451s
  btp_directory.directory                                                219ms
  btp_subaccount.subaccount                                              222ms
  btp_subaccount_destination_generic.destination                         284ms
  btp_subaccount_entitlement.entitlement                                 10665ms
  btp_subaccount_environment_instance.cloudfoundry                       406ms
  btp_subaccount_role.role                                               208ms
  btp_subaccount_role_collection.collection                              173ms
  btp_subaccount_service_instance.instance                               961ms
  btp_subaccount_subscription.subscription                               863ms
  btp_subaccount_trust_configuration.trust                               206ms
  cloudfoundry_service_instance.instance                                 64ms
  cloudfoundry_space.space                                               167ms
  scc_subaccount.subaccount                                              5617ms
  scc_system_mapping.system                                              67ms
  scc_system_mapping_resource.resource                                   179ms
  sci_application.app                                                    163ms
  sci_group_base.group                                                   228ms
  sci_user.user                                                          158ms


Run 50/100:
  Total run time: 17.923259s
  btp_directory.directory                                                159ms
  btp_subaccount.subaccount                                              236ms
  btp_subaccount_destination_generic.destination                         210ms
  btp_subaccount_entitlement.entitlement                                 10697ms
  btp_subaccount_environment_instance.cloudfoundry                       656ms
  btp_subaccount_role.role                                               285ms
  btp_subaccount_role_collection.collection                              203ms
  btp_subaccount_service_instance.instance                               1007ms
  btp_subaccount_subscription.subscription                               815ms
  btp_subaccount_trust_configuration.trust                               258ms
  cloudfoundry_service_instance.instance                                 81ms
  cloudfoundry_space.space                                               153ms
  scc_subaccount.subaccount                                              804ms
  scc_system_mapping.system                                              66ms
  scc_system_mapping_resource.resource                                   71ms
  sci_application.app                                                    158ms
  sci_group_base.group                                                   125ms
  sci_user.user                                                          187ms


Run 51/100:
  Total run time: 18.929554s
  btp_directory.directory                                                156ms
  btp_subaccount.subaccount                                              216ms
  btp_subaccount_destination_generic.destination                         216ms
  btp_subaccount_entitlement.entitlement                                 10635ms
  btp_subaccount_environment_instance.cloudfoundry                       468ms
  btp_subaccount_role.role                                               199ms
  btp_subaccount_role_collection.collection                              246ms
  btp_subaccount_service_instance.instance                               1020ms
  btp_subaccount_subscription.subscription                               1002ms
  btp_subaccount_trust_configuration.trust                               209ms
  cloudfoundry_service_instance.instance                                 61ms
  cloudfoundry_space.space                                               137ms
  scc_subaccount.subaccount                                              646ms
  scc_system_mapping.system                                              68ms
  scc_system_mapping_resource.resource                                   1223ms
  sci_application.app                                                    160ms
  sci_group_base.group                                                   133ms
  sci_user.user                                                          201ms


Run 52/100:
  Total run time: 29.199633s
  btp_directory.directory                                                151ms
  btp_subaccount.subaccount                                              61ms
  btp_subaccount_destination_generic.destination                         194ms
  btp_subaccount_entitlement.entitlement                                 15986ms
  btp_subaccount_environment_instance.cloudfoundry                       524ms
  btp_subaccount_role.role                                               223ms
  btp_subaccount_role_collection.collection                              226ms
  btp_subaccount_service_instance.instance                               1077ms
  btp_subaccount_subscription.subscription                               920ms
  btp_subaccount_trust_configuration.trust                               251ms
  cloudfoundry_service_instance.instance                                 68ms
  cloudfoundry_space.space                                               147ms
  scc_subaccount.subaccount                                              5641ms
  scc_system_mapping.system                                              68ms
  scc_system_mapping_resource.resource                                   1277ms
  sci_application.app                                                    326ms
  sci_group_base.group                                                   125ms
  sci_user.user                                                          105ms


Run 53/100:
  Total run time: 17.984336s
  btp_directory.directory                                                141ms
  btp_subaccount.subaccount                                              68ms
  btp_subaccount_destination_generic.destination                         207ms
  btp_subaccount_entitlement.entitlement                                 10866ms
  btp_subaccount_environment_instance.cloudfoundry                       375ms
  btp_subaccount_role.role                                               188ms
  btp_subaccount_role_collection.collection                              224ms
  btp_subaccount_service_instance.instance                               922ms
  btp_subaccount_subscription.subscription                               800ms
  btp_subaccount_trust_configuration.trust                               197ms
  cloudfoundry_service_instance.instance                                 60ms
  cloudfoundry_space.space                                               137ms
  scc_subaccount.subaccount                                              1155ms
  scc_system_mapping.system                                              71ms
  scc_system_mapping_resource.resource                                   190ms
  sci_application.app                                                    149ms
  sci_group_base.group                                                   211ms
  sci_user.user                                                          137ms


Run 54/100:
  Total run time: 17.575407s
  btp_directory.directory                                                162ms
  btp_subaccount.subaccount                                              232ms
  btp_subaccount_destination_generic.destination                         300ms
  btp_subaccount_entitlement.entitlement                                 10661ms
  btp_subaccount_environment_instance.cloudfoundry                       441ms
  btp_subaccount_role.role                                               267ms
  btp_subaccount_role_collection.collection                              203ms
  btp_subaccount_service_instance.instance                               937ms
  btp_subaccount_subscription.subscription                               770ms
  btp_subaccount_trust_configuration.trust                               235ms
  cloudfoundry_service_instance.instance                                 99ms
  cloudfoundry_space.space                                               147ms
  scc_subaccount.subaccount                                              551ms
  scc_system_mapping.system                                              74ms
  scc_system_mapping_resource.resource                                   202ms
  sci_application.app                                                    129ms
  sci_group_base.group                                                   209ms
  sci_user.user                                                          115ms


Run 55/100:
  Total run time: 28.941843s
  btp_directory.directory                                                192ms
  btp_subaccount.subaccount                                              111ms
  btp_subaccount_destination_generic.destination                         250ms
  btp_subaccount_entitlement.entitlement                                 10787ms
  btp_subaccount_environment_instance.cloudfoundry                       509ms
  btp_subaccount_role.role                                               209ms
  btp_subaccount_role_collection.collection                              224ms
  btp_subaccount_service_instance.instance                               5974ms
  btp_subaccount_subscription.subscription                               807ms
  btp_subaccount_trust_configuration.trust                               288ms
  cloudfoundry_service_instance.instance                                 66ms
  cloudfoundry_space.space                                               174ms
  scc_subaccount.subaccount                                              5707ms
  scc_system_mapping.system                                              1252ms
  scc_system_mapping_resource.resource                                   68ms
  sci_application.app                                                    172ms
  sci_group_base.group                                                   227ms
  sci_user.user                                                          165ms


Run 56/100:
  Total run time: 24.101495s
  btp_directory.directory                                                188ms
  btp_subaccount.subaccount                                              267ms
  btp_subaccount_destination_generic.destination                         228ms
  btp_subaccount_entitlement.entitlement                                 10600ms
  btp_subaccount_environment_instance.cloudfoundry                       423ms
  btp_subaccount_role.role                                               223ms
  btp_subaccount_role_collection.collection                              287ms
  btp_subaccount_service_instance.instance                               1020ms
  btp_subaccount_subscription.subscription                               814ms
  btp_subaccount_trust_configuration.trust                               247ms
  cloudfoundry_service_instance.instance                                 71ms
  cloudfoundry_space.space                                               200ms
  scc_subaccount.subaccount                                              758ms
  scc_system_mapping.system                                              100ms
  scc_system_mapping_resource.resource                                   190ms
  sci_application.app                                                    283ms
  sci_group_base.group                                                   130ms
  sci_user.user                                                          123ms


Run 57/100:
  Total run time: 17.942770s
  btp_directory.directory                                                138ms
  btp_subaccount.subaccount                                              72ms
  btp_subaccount_destination_generic.destination                         409ms
  btp_subaccount_entitlement.entitlement                                 10769ms
  btp_subaccount_environment_instance.cloudfoundry                       407ms
  btp_subaccount_role.role                                               256ms
  btp_subaccount_role_collection.collection                              218ms
  btp_subaccount_service_instance.instance                               995ms
  btp_subaccount_subscription.subscription                               982ms
  btp_subaccount_trust_configuration.trust                               253ms
  cloudfoundry_service_instance.instance                                 56ms
  cloudfoundry_space.space                                               208ms
  scc_subaccount.subaccount                                              601ms
  scc_system_mapping.system                                              187ms
  scc_system_mapping_resource.resource                                   71ms
  sci_application.app                                                    162ms
  sci_group_base.group                                                   110ms
  sci_user.user                                                          318ms


Run 58/100:
  Total run time: 17.797847s
  btp_directory.directory                                                160ms
  btp_subaccount.subaccount                                              296ms
  btp_subaccount_destination_generic.destination                         211ms
  btp_subaccount_entitlement.entitlement                                 10645ms
  btp_subaccount_environment_instance.cloudfoundry                       377ms
  btp_subaccount_role.role                                               257ms
  btp_subaccount_role_collection.collection                              234ms
  btp_subaccount_service_instance.instance                               1003ms
  btp_subaccount_subscription.subscription                               799ms
  btp_subaccount_trust_configuration.trust                               268ms
  cloudfoundry_service_instance.instance                                 73ms
  cloudfoundry_space.space                                               156ms
  scc_subaccount.subaccount                                              744ms
  scc_system_mapping.system                                              76ms
  scc_system_mapping_resource.resource                                   69ms
  sci_application.app                                                    256ms
  sci_group_base.group                                                   219ms
  sci_user.user                                                          128ms


Run 59/100:
  Total run time: 30.897031s
  btp_directory.directory                                                177ms
  btp_subaccount.subaccount                                              70ms
  btp_subaccount_destination_generic.destination                         204ms
  btp_subaccount_entitlement.entitlement                                 10901ms
  btp_subaccount_environment_instance.cloudfoundry                       375ms
  btp_subaccount_role.role                                               266ms
  btp_subaccount_role_collection.collection                              205ms
  btp_subaccount_service_instance.instance                               10965ms
  btp_subaccount_subscription.subscription                               866ms
  btp_subaccount_trust_configuration.trust                               272ms
  cloudfoundry_service_instance.instance                                 62ms
  cloudfoundry_space.space                                               151ms
  scc_subaccount.subaccount                                              2674ms
  scc_system_mapping.system                                              76ms
  scc_system_mapping_resource.resource                                   1315ms
  sci_application.app                                                    147ms
  sci_group_base.group                                                   133ms
  sci_user.user                                                          232ms


Run 60/100:
  Total run time: 17.685855s
  btp_directory.directory                                                146ms
  btp_subaccount.subaccount                                              210ms
  btp_subaccount_destination_generic.destination                         231ms
  btp_subaccount_entitlement.entitlement                                 10631ms
  btp_subaccount_environment_instance.cloudfoundry                       430ms
  btp_subaccount_role.role                                               242ms
  btp_subaccount_role_collection.collection                              189ms
  btp_subaccount_service_instance.instance                               1013ms
  btp_subaccount_subscription.subscription                               885ms
  btp_subaccount_trust_configuration.trust                               267ms
  cloudfoundry_service_instance.instance                                 60ms
  cloudfoundry_space.space                                               159ms
  scc_subaccount.subaccount                                              787ms
  scc_system_mapping.system                                              68ms
  scc_system_mapping_resource.resource                                   84ms
  sci_application.app                                                    186ms
  sci_group_base.group                                                   217ms
  sci_user.user                                                          120ms


Run 61/100:
  Total run time: 17.573250s
  btp_directory.directory                                                382ms
  btp_subaccount.subaccount                                              70ms
  btp_subaccount_destination_generic.destination                         284ms
  btp_subaccount_entitlement.entitlement                                 10642ms
  btp_subaccount_environment_instance.cloudfoundry                       345ms
  btp_subaccount_role.role                                               215ms
  btp_subaccount_role_collection.collection                              206ms
  btp_subaccount_service_instance.instance                               997ms
  btp_subaccount_subscription.subscription                               871ms
  btp_subaccount_trust_configuration.trust                               248ms
  cloudfoundry_service_instance.instance                                 60ms
  cloudfoundry_space.space                                               133ms
  scc_subaccount.subaccount                                              511ms
  scc_system_mapping.system                                              195ms
  scc_system_mapping_resource.resource                                   67ms
  sci_application.app                                                    192ms
  sci_group_base.group                                                   272ms
  sci_user.user                                                          113ms


Run 62/100:
  Total run time: 18.053143s
  btp_directory.directory                                                333ms
  btp_subaccount.subaccount                                              60ms
  btp_subaccount_destination_generic.destination                         255ms
  btp_subaccount_entitlement.entitlement                                 10968ms
  btp_subaccount_environment_instance.cloudfoundry                       339ms
  btp_subaccount_role.role                                               263ms
  btp_subaccount_role_collection.collection                              258ms
  btp_subaccount_service_instance.instance                               938ms
  btp_subaccount_subscription.subscription                               877ms
  btp_subaccount_trust_configuration.trust                               239ms
  cloudfoundry_service_instance.instance                                 68ms
  cloudfoundry_space.space                                               174ms
  scc_subaccount.subaccount                                              614ms
  scc_system_mapping.system                                              208ms
  scc_system_mapping_resource.resource                                   73ms
  sci_application.app                                                    149ms
  sci_group_base.group                                                   286ms
  sci_user.user                                                          131ms


Run 63/100:
  Total run time: 17.695124s
  btp_directory.directory                                                167ms
  btp_subaccount.subaccount                                              75ms
  btp_subaccount_destination_generic.destination                         312ms
  btp_subaccount_entitlement.entitlement                                 10819ms
  btp_subaccount_environment_instance.cloudfoundry                       405ms
  btp_subaccount_role.role                                               248ms
  btp_subaccount_role_collection.collection                              218ms
  btp_subaccount_service_instance.instance                               978ms
  btp_subaccount_subscription.subscription                               698ms
  btp_subaccount_trust_configuration.trust                               251ms
  cloudfoundry_service_instance.instance                                 54ms
  cloudfoundry_space.space                                               156ms
  scc_subaccount.subaccount                                              623ms
  scc_system_mapping.system                                              199ms
  scc_system_mapping_resource.resource                                   91ms
  sci_application.app                                                    172ms
  sci_group_base.group                                                   128ms
  sci_user.user                                                          226ms


Run 64/100:
  Total run time: 17.465198s
  btp_directory.directory                                                157ms
  btp_subaccount.subaccount                                              75ms
  btp_subaccount_destination_generic.destination                         189ms
  btp_subaccount_entitlement.entitlement                                 10788ms
  btp_subaccount_environment_instance.cloudfoundry                       384ms
  btp_subaccount_role.role                                               225ms
  btp_subaccount_role_collection.collection                              169ms
  btp_subaccount_service_instance.instance                               1004ms
  btp_subaccount_subscription.subscription                               788ms
  btp_subaccount_trust_configuration.trust                               249ms
  cloudfoundry_service_instance.instance                                 78ms
  cloudfoundry_space.space                                               192ms
  scc_subaccount.subaccount                                              614ms
  scc_system_mapping.system                                              65ms
  scc_system_mapping_resource.resource                                   182ms
  sci_application.app                                                    155ms
  sci_group_base.group                                                   293ms
  sci_user.user                                                          120ms


Run 65/100:
  Total run time: 17.784101s
  btp_directory.directory                                                313ms
  btp_subaccount.subaccount                                              82ms
  btp_subaccount_destination_generic.destination                         344ms
  btp_subaccount_entitlement.entitlement                                 10642ms
  btp_subaccount_environment_instance.cloudfoundry                       414ms
  btp_subaccount_role.role                                               224ms
  btp_subaccount_role_collection.collection                              204ms
  btp_subaccount_service_instance.instance                               940ms
  btp_subaccount_subscription.subscription                               856ms
  btp_subaccount_trust_configuration.trust                               331ms
  cloudfoundry_service_instance.instance                                 81ms
  cloudfoundry_space.space                                               302ms
  scc_subaccount.subaccount                                              513ms
  scc_system_mapping.system                                              183ms
  scc_system_mapping_resource.resource                                   73ms
  sci_application.app                                                    150ms
  sci_group_base.group                                                   124ms
  sci_user.user                                                          240ms


Run 66/100:
  terraform plan failed with efit status 1
  Total run time: 62.015727s
  btp_directory.directory                                                158ms
  btp_subaccount.subaccount                                              219ms
  btp_subaccount_destination_generic.destination                         222ms
  btp_subaccount_entitlement.entitlement                                 10821ms
  btp_subaccount_environment_instance.cloudfoundry                       378ms
  btp_subaccount_role.role                                               217ms
  btp_subaccount_role_collection.collection                              275ms
  btp_subaccount_service_instance.instance                               949ms
  btp_subaccount_subscription.subscription                               743ms
  btp_subaccount_trust_configuration.trust                               255ms
  cloudfoundry_service_instance.instance                                 58ms
  cloudfoundry_space.space                                               190ms
  scc_subaccount.subaccount                                              481ms
  scc_system_mapping.system                                              4552ms
  scc_system_mapping_resource.resource                                   30008ms
  sci_application.app                                                    10395ms
  sci_group_base.group                                                   200ms
  sci_user.user                                                          104ms


Run 67/100:
  Total run time: 24.089961s
  btp_directory.directory                                                138ms
  btp_subaccount.subaccount                                              59ms
  btp_subaccount_destination_generic.destination                         208ms
  btp_subaccount_entitlement.entitlement                                 10779ms
  btp_subaccount_environment_instance.cloudfoundry                       380ms
  btp_subaccount_role.role                                               258ms
  btp_subaccount_role_collection.collection                              222ms
  btp_subaccount_service_instance.instance                               5879ms
  btp_subaccount_subscription.subscription                               797ms
  btp_subaccount_trust_configuration.trust                               219ms
  cloudfoundry_service_instance.instance                                 58ms
  cloudfoundry_space.space                                               157ms
  scc_subaccount.subaccount                                              818ms
  scc_system_mapping.system                                              101ms
  scc_system_mapping_resource.resource                                   193ms
  sci_application.app                                                    286ms
  sci_group_base.group                                                   181ms
  sci_user.user                                                          169ms


Run 68/100:
  Total run time: 18.039478s
  btp_directory.directory                                                251ms
  btp_subaccount.subaccount                                              495ms
  btp_subaccount_destination_generic.destination                         219ms
  btp_subaccount_entitlement.entitlement                                 10625ms
  btp_subaccount_environment_instance.cloudfoundry                       353ms
  btp_subaccount_role.role                                               215ms
  btp_subaccount_role_collection.collection                              242ms
  btp_subaccount_service_instance.instance                               872ms
  btp_subaccount_subscription.subscription                               1077ms
  btp_subaccount_trust_configuration.trust                               256ms
  cloudfoundry_service_instance.instance                                 105ms
  cloudfoundry_space.space                                               163ms
  scc_subaccount.subaccount                                              645ms
  scc_system_mapping.system                                              69ms
  scc_system_mapping_resource.resource                                   262ms
  sci_application.app                                                    146ms
  sci_group_base.group                                                   119ms
  sci_user.user                                                          190ms


Run 69/100:
  Total run time: 17.732112s
  btp_directory.directory                                                356ms
  btp_subaccount.subaccount                                              99ms
  btp_subaccount_destination_generic.destination                         238ms
  btp_subaccount_entitlement.entitlement                                 10612ms
  btp_subaccount_environment_instance.cloudfoundry                       337ms
  btp_subaccount_role.role                                               204ms
  btp_subaccount_role_collection.collection                              271ms
  btp_subaccount_service_instance.instance                               1076ms
  btp_subaccount_subscription.subscription                               993ms
  btp_subaccount_trust_configuration.trust                               211ms
  cloudfoundry_service_instance.instance                                 51ms
  cloudfoundry_space.space                                               139ms
  scc_subaccount.subaccount                                              607ms
  scc_system_mapping.system                                              223ms
  scc_system_mapping_resource.resource                                   74ms
  sci_application.app                                                    133ms
  sci_group_base.group                                                   109ms
  sci_user.user                                                          229ms


Run 70/100:
  Total run time: 17.292906s
  btp_directory.directory                                                134ms
  btp_subaccount.subaccount                                              107ms
  btp_subaccount_destination_generic.destination                         217ms
  btp_subaccount_entitlement.entitlement                                 10844ms
  btp_subaccount_environment_instance.cloudfoundry                       368ms
  btp_subaccount_role.role                                               260ms
  btp_subaccount_role_collection.collection                              173ms
  btp_subaccount_service_instance.instance                               990ms
  btp_subaccount_subscription.subscription                               820ms
  btp_subaccount_trust_configuration.trust                               201ms
  cloudfoundry_service_instance.instance                                 70ms
  cloudfoundry_space.space                                               141ms
  scc_subaccount.subaccount                                              528ms
  scc_system_mapping.system                                              189ms
  scc_system_mapping_resource.resource                                   63ms
  sci_application.app                                                    236ms
  sci_group_base.group                                                   107ms
  sci_user.user                                                          114ms


Run 71/100:
  Total run time: 17.625609s
  btp_directory.directory                                                143ms
  btp_subaccount.subaccount                                              248ms
  btp_subaccount_destination_generic.destination                         262ms
  btp_subaccount_entitlement.entitlement                                 10625ms
  btp_subaccount_environment_instance.cloudfoundry                       498ms
  btp_subaccount_role.role                                               230ms
  btp_subaccount_role_collection.collection                              196ms
  btp_subaccount_service_instance.instance                               1175ms
  btp_subaccount_subscription.subscription                               772ms
  btp_subaccount_trust_configuration.trust                               252ms
  cloudfoundry_service_instance.instance                                 53ms
  cloudfoundry_space.space                                               139ms
  scc_subaccount.subaccount                                              625ms
  scc_system_mapping.system                                              73ms
  scc_system_mapping_resource.resource                                   192ms
  sci_application.app                                                    216ms
  sci_group_base.group                                                   130ms
  sci_user.user                                                          148ms


Run 72/100:
  Total run time: 22.310635s
  btp_directory.directory                                                149ms
  btp_subaccount.subaccount                                              225ms
  btp_subaccount_destination_generic.destination                         191ms
  btp_subaccount_entitlement.entitlement                                 10654ms
  btp_subaccount_environment_instance.cloudfoundry                       5398ms
  btp_subaccount_role.role                                               364ms
  btp_subaccount_role_collection.collection                              214ms
  btp_subaccount_service_instance.instance                               888ms
  btp_subaccount_subscription.subscription                               879ms
  btp_subaccount_trust_configuration.trust                               255ms
  cloudfoundry_service_instance.instance                                 82ms
  cloudfoundry_space.space                                               147ms
  scc_subaccount.subaccount                                              607ms
  scc_system_mapping.system                                              72ms
  scc_system_mapping_resource.resource                                   177ms
  sci_application.app                                                    141ms
  sci_group_base.group                                                   108ms
  sci_user.user                                                          179ms


Run 73/100:
  Total run time: 17.809756s
  btp_directory.directory                                                159ms
  btp_subaccount.subaccount                                              238ms
  btp_subaccount_destination_generic.destination                         301ms
  btp_subaccount_entitlement.entitlement                                 10672ms
  btp_subaccount_environment_instance.cloudfoundry                       505ms
  btp_subaccount_role.role                                               258ms
  btp_subaccount_role_collection.collection                              219ms
  btp_subaccount_service_instance.instance                               931ms
  btp_subaccount_subscription.subscription                               750ms
  btp_subaccount_trust_configuration.trust                               211ms
  cloudfoundry_service_instance.instance                                 60ms
  cloudfoundry_space.space                                               143ms
  scc_subaccount.subaccount                                              634ms
  scc_system_mapping.system                                              175ms
  scc_system_mapping_resource.resource                                   71ms
  sci_application.app                                                    255ms
  sci_group_base.group                                                   118ms
  sci_user.user                                                          103ms


Run 74/100:
  Total run time: 17.408393s
  btp_directory.directory                                                288ms
  btp_subaccount.subaccount                                              61ms
  btp_subaccount_destination_generic.destination                         143ms
  btp_subaccount_entitlement.entitlement                                 10699ms
  btp_subaccount_environment_instance.cloudfoundry                       406ms
  btp_subaccount_role.role                                               204ms
  btp_subaccount_role_collection.collection                              227ms
  btp_subaccount_service_instance.instance                               1046ms
  btp_subaccount_subscription.subscription                               816ms
  btp_subaccount_trust_configuration.trust                               240ms
  cloudfoundry_service_instance.instance                                 62ms
  cloudfoundry_space.space                                               140ms
  scc_subaccount.subaccount                                              617ms
  scc_system_mapping.system                                              196ms
  scc_system_mapping_resource.resource                                   63ms
  sci_application.app                                                    169ms
  sci_group_base.group                                                   238ms
  sci_user.user                                                          110ms


Run 75/100:
  Total run time: 21.406236s
  btp_directory.directory                                                196ms
  btp_subaccount.subaccount                                              72ms
  btp_subaccount_destination_generic.destination                         222ms
  btp_subaccount_entitlement.entitlement                                 14897ms
  btp_subaccount_environment_instance.cloudfoundry                       410ms
  btp_subaccount_role.role                                               204ms
  btp_subaccount_role_collection.collection                              204ms
  btp_subaccount_service_instance.instance                               894ms
  btp_subaccount_subscription.subscription                               940ms
  btp_subaccount_trust_configuration.trust                               188ms
  cloudfoundry_service_instance.instance                                 56ms
  cloudfoundry_space.space                                               181ms
  scc_subaccount.subaccount                                              713ms
  scc_system_mapping.system                                              68ms
  scc_system_mapping_resource.resource                                   71ms
  sci_application.app                                                    223ms
  sci_group_base.group                                                   125ms
  sci_user.user                                                          124ms


Run 76/100:
  Total run time: 22.250814s
  btp_directory.directory                                                149ms
  btp_subaccount.subaccount                                              68ms
  btp_subaccount_destination_generic.destination                         229ms
  btp_subaccount_entitlement.entitlement                                 10790ms
  btp_subaccount_environment_instance.cloudfoundry                       330ms
  btp_subaccount_role.role                                               203ms
  btp_subaccount_role_collection.collection                              277ms
  btp_subaccount_service_instance.instance                               5935ms
  btp_subaccount_subscription.subscription                               890ms
  btp_subaccount_trust_configuration.trust                               172ms
  cloudfoundry_service_instance.instance                                 73ms
  cloudfoundry_space.space                                               138ms
  scc_subaccount.subaccount                                              697ms
  scc_system_mapping.system                                              68ms
  scc_system_mapping_resource.resource                                   72ms
  sci_application.app                                                    242ms
  sci_group_base.group                                                   115ms
  sci_user.user                                                          123ms


Run 77/100:
  Total run time: 17.994982s
  btp_directory.directory                                                151ms
  btp_subaccount.subaccount                                              195ms
  btp_subaccount_destination_generic.destination                         242ms
  btp_subaccount_entitlement.entitlement                                 10616ms
  btp_subaccount_environment_instance.cloudfoundry                       558ms
  btp_subaccount_role.role                                               339ms
  btp_subaccount_role_collection.collection                              379ms
  btp_subaccount_service_instance.instance                               1028ms
  btp_subaccount_subscription.subscription                               1016ms
  btp_subaccount_trust_configuration.trust                               185ms
  cloudfoundry_service_instance.instance                                 51ms
  cloudfoundry_space.space                                               141ms
  scc_subaccount.subaccount                                              647ms
  scc_system_mapping.system                                              183ms
  scc_system_mapping_resource.resource                                   78ms
  sci_application.app                                                    177ms
  sci_group_base.group                                                   194ms
  sci_user.user                                                          116ms


Run 78/100:
  Total run time: 20.578267s
  btp_directory.directory                                                294ms
  btp_subaccount.subaccount                                              256ms
  btp_subaccount_destination_generic.destination                         361ms
  btp_subaccount_entitlement.entitlement                                 11130ms
  btp_subaccount_environment_instance.cloudfoundry                       624ms
  btp_subaccount_role.role                                               269ms
  btp_subaccount_role_collection.collection                              228ms
  btp_subaccount_service_instance.instance                               1373ms
  btp_subaccount_subscription.subscription                               1304ms
  btp_subaccount_trust_configuration.trust                               339ms
  cloudfoundry_service_instance.instance                                 55ms
  cloudfoundry_space.space                                               144ms
  scc_subaccount.subaccount                                              652ms
  scc_system_mapping.system                                              1289ms
  scc_system_mapping_resource.resource                                   88ms
  sci_application.app                                                    204ms
  sci_group_base.group                                                   104ms
  sci_user.user                                                          111ms


Run 79/100:
  Total run time: 21.319023s
  btp_directory.directory                                                165ms
  btp_subaccount.subaccount                                              224ms
  btp_subaccount_destination_generic.destination                         366ms
  btp_subaccount_entitlement.entitlement                                 10672ms
  btp_subaccount_environment_instance.cloudfoundry                       471ms
  btp_subaccount_role.role                                               267ms
  btp_subaccount_role_collection.collection                              279ms
  btp_subaccount_service_instance.instance                               1366ms
  btp_subaccount_subscription.subscription                               1077ms
  btp_subaccount_trust_configuration.trust                               384ms
  cloudfoundry_service_instance.instance                                 199ms
  cloudfoundry_space.space                                               635ms
  scc_subaccount.subaccount                                              686ms
  scc_system_mapping.system                                              287ms
  scc_system_mapping_resource.resource                                   117ms
  sci_application.app                                                    266ms
  sci_group_base.group                                                   627ms
  sci_user.user                                                          261ms


Run 80/100:
  Total run time: 24.861379s
  btp_directory.directory                                                339ms
  btp_subaccount.subaccount                                              93ms
  btp_subaccount_destination_generic.destination                         389ms
  btp_subaccount_entitlement.entitlement                                 10706ms
  btp_subaccount_environment_instance.cloudfoundry                       499ms
  btp_subaccount_role.role                                               382ms
  btp_subaccount_role_collection.collection                              205ms
  btp_subaccount_service_instance.instance                               6335ms
  btp_subaccount_subscription.subscription                               1097ms
  btp_subaccount_trust_configuration.trust                               376ms
  cloudfoundry_service_instance.instance                                 61ms
  cloudfoundry_space.space                                               159ms
  scc_subaccount.subaccount                                              1885ms
  scc_system_mapping.system                                              75ms
  scc_system_mapping_resource.resource                                   69ms
  sci_application.app                                                    138ms
  sci_group_base.group                                                   208ms
  sci_user.user                                                          112ms


Run 81/100:
  Total run time: 22.965101s
  btp_directory.directory                                                160ms
  btp_subaccount.subaccount                                              194ms
  btp_subaccount_destination_generic.destination                         180ms
  btp_subaccount_entitlement.entitlement                                 10655ms
  btp_subaccount_environment_instance.cloudfoundry                       469ms
  btp_subaccount_role.role                                               212ms
  btp_subaccount_role_collection.collection                              370ms
  btp_subaccount_service_instance.instance                               1317ms
  btp_subaccount_subscription.subscription                               804ms
  btp_subaccount_trust_configuration.trust                               224ms
  cloudfoundry_service_instance.instance                                 83ms
  cloudfoundry_space.space                                               157ms
  scc_subaccount.subaccount                                              5735ms
  scc_system_mapping.system                                              65ms
  scc_system_mapping_resource.resource                                   67ms
  sci_application.app                                                    138ms
  sci_group_base.group                                                   120ms
  sci_user.user                                                          284ms


Run 82/100:
  Total run time: 18.324969s
  btp_directory.directory                                                160ms
  btp_subaccount.subaccount                                              71ms
  btp_subaccount_destination_generic.destination                         221ms
  btp_subaccount_entitlement.entitlement                                 10735ms
  btp_subaccount_environment_instance.cloudfoundry                       509ms
  btp_subaccount_role.role                                               225ms
  btp_subaccount_role_collection.collection                              174ms
  btp_subaccount_service_instance.instance                               973ms
  btp_subaccount_subscription.subscription                               840ms
  btp_subaccount_trust_configuration.trust                               211ms
  cloudfoundry_service_instance.instance                                 66ms
  cloudfoundry_space.space                                               131ms
  scc_subaccount.subaccount                                              1770ms
  scc_system_mapping.system                                              74ms
  scc_system_mapping_resource.resource                                   77ms
  sci_application.app                                                    150ms
  sci_group_base.group                                                   214ms
  sci_user.user                                                          125ms


Run 83/100:
  Total run time: 17.506022s
  btp_directory.directory                                                142ms
  btp_subaccount.subaccount                                              266ms
  btp_subaccount_destination_generic.destination                         252ms
  btp_subaccount_entitlement.entitlement                                 10664ms
  btp_subaccount_environment_instance.cloudfoundry                       374ms
  btp_subaccount_role.role                                               209ms
  btp_subaccount_role_collection.collection                              235ms
  btp_subaccount_service_instance.instance                               1023ms
  btp_subaccount_subscription.subscription                               876ms
  btp_subaccount_trust_configuration.trust                               265ms
  cloudfoundry_service_instance.instance                                 64ms
  cloudfoundry_space.space                                               152ms
  scc_subaccount.subaccount                                              577ms
  scc_system_mapping.system                                              189ms
  scc_system_mapping_resource.resource                                   63ms
  sci_application.app                                                    162ms
  sci_group_base.group                                                   187ms
  sci_user.user                                                          153ms


Run 84/100:
  Total run time: 17.610196s
  btp_directory.directory                                                168ms
  btp_subaccount.subaccount                                              58ms
  btp_subaccount_destination_generic.destination                         248ms
  btp_subaccount_entitlement.entitlement                                 10711ms
  btp_subaccount_environment_instance.cloudfoundry                       400ms
  btp_subaccount_role.role                                               373ms
  btp_subaccount_role_collection.collection                              246ms
  btp_subaccount_service_instance.instance                               1080ms
  btp_subaccount_subscription.subscription                               762ms
  btp_subaccount_trust_configuration.trust                               210ms
  cloudfoundry_service_instance.instance                                 56ms
  cloudfoundry_space.space                                               149ms
  scc_subaccount.subaccount                                              619ms
  scc_system_mapping.system                                              183ms
  scc_system_mapping_resource.resource                                   65ms
  sci_application.app                                                    156ms
  sci_group_base.group                                                   207ms
  sci_user.user                                                          126ms


Run 85/100:
  Total run time: 18.495070s
  btp_directory.directory                                                164ms
  btp_subaccount.subaccount                                              194ms
  btp_subaccount_destination_generic.destination                         247ms
  btp_subaccount_entitlement.entitlement                                 10636ms
  btp_subaccount_environment_instance.cloudfoundry                       394ms
  btp_subaccount_role.role                                               263ms
  btp_subaccount_role_collection.collection                              201ms
  btp_subaccount_service_instance.instance                               1022ms
  btp_subaccount_subscription.subscription                               893ms
  btp_subaccount_trust_configuration.trust                               275ms
  cloudfoundry_service_instance.instance                                 50ms
  cloudfoundry_space.space                                               166ms
  scc_subaccount.subaccount                                              583ms
  scc_system_mapping.system                                              71ms
  scc_system_mapping_resource.resource                                   197ms
  sci_application.app                                                    225ms
  sci_group_base.group                                                   106ms
  sci_user.user                                                          113ms


Run 86/100:
  Total run time: 17.562634s
  btp_directory.directory                                                157ms
  btp_subaccount.subaccount                                              203ms
  btp_subaccount_destination_generic.destination                         210ms
  btp_subaccount_entitlement.entitlement                                 10718ms
  btp_subaccount_environment_instance.cloudfoundry                       335ms
  btp_subaccount_role.role                                               213ms
  btp_subaccount_role_collection.collection                              245ms
  btp_subaccount_service_instance.instance                               912ms
  btp_subaccount_subscription.subscription                               923ms
  btp_subaccount_trust_configuration.trust                               212ms
  cloudfoundry_service_instance.instance                                 77ms
  cloudfoundry_space.space                                               187ms
  scc_subaccount.subaccount                                              748ms
  scc_system_mapping.system                                              75ms
  scc_system_mapping_resource.resource                                   67ms
  sci_application.app                                                    247ms
  sci_group_base.group                                                   108ms
  sci_user.user                                                          123ms


Run 87/100:
  Total run time: 30.398392s
  btp_directory.directory                                                165ms
  btp_subaccount.subaccount                                              226ms
  btp_subaccount_destination_generic.destination                         276ms
  btp_subaccount_entitlement.entitlement                                 10661ms
  btp_subaccount_environment_instance.cloudfoundry                       397ms
  btp_subaccount_role.role                                               223ms
  btp_subaccount_role_collection.collection                              203ms
  btp_subaccount_service_instance.instance                               1039ms
  btp_subaccount_subscription.subscription                               1003ms
  btp_subaccount_trust_configuration.trust                               290ms
  cloudfoundry_service_instance.instance                                 87ms
  cloudfoundry_space.space                                               150ms
  scc_subaccount.subaccount                                              8122ms
  scc_system_mapping.system                                              71ms
  scc_system_mapping_resource.resource                                   64ms
  sci_application.app                                                    275ms
  sci_group_base.group                                                   134ms
  sci_user.user                                                          134ms


Run 88/100:
  Total run time: 18.544474s
  btp_directory.directory                                                320ms
  btp_subaccount.subaccount                                              62ms
  btp_subaccount_destination_generic.destination                         188ms
  btp_subaccount_entitlement.entitlement                                 10606ms
  btp_subaccount_environment_instance.cloudfoundry                       375ms
  btp_subaccount_role.role                                               278ms
  btp_subaccount_role_collection.collection                              187ms
  btp_subaccount_service_instance.instance                               914ms
  btp_subaccount_subscription.subscription                               929ms
  btp_subaccount_trust_configuration.trust                               167ms
  cloudfoundry_service_instance.instance                                 54ms
  cloudfoundry_space.space                                               168ms
  scc_subaccount.subaccount                                              700ms
  scc_system_mapping.system                                              197ms
  scc_system_mapping_resource.resource                                   73ms
  sci_application.app                                                    239ms
  sci_group_base.group                                                   125ms
  sci_user.user                                                          136ms


Run 89/100:
  Total run time: 19.492772s
  btp_directory.directory                                                176ms
  btp_subaccount.subaccount                                              216ms
  btp_subaccount_destination_generic.destination                         394ms
  btp_subaccount_entitlement.entitlement                                 10568ms
  btp_subaccount_environment_instance.cloudfoundry                       581ms
  btp_subaccount_role.role                                               240ms
  btp_subaccount_role_collection.collection                              200ms
  btp_subaccount_service_instance.instance                               939ms
  btp_subaccount_subscription.subscription                               1015ms
  btp_subaccount_trust_configuration.trust                               218ms
  cloudfoundry_service_instance.instance                                 85ms
  cloudfoundry_space.space                                               198ms
  scc_subaccount.subaccount                                              2260ms
  scc_system_mapping.system                                              73ms
  scc_system_mapping_resource.resource                                   63ms
  sci_application.app                                                    267ms
  sci_group_base.group                                                   100ms
  sci_user.user                                                          111ms


Run 90/100:
  Total run time: 17.424558s
  btp_directory.directory                                                131ms
  btp_subaccount.subaccount                                              78ms
  btp_subaccount_destination_generic.destination                         231ms
  btp_subaccount_entitlement.entitlement                                 10715ms
  btp_subaccount_environment_instance.cloudfoundry                       419ms
  btp_subaccount_role.role                                               270ms
  btp_subaccount_role_collection.collection                              205ms
  btp_subaccount_service_instance.instance                               950ms
  btp_subaccount_subscription.subscription                               815ms
  btp_subaccount_trust_configuration.trust                               228ms
  cloudfoundry_service_instance.instance                                 51ms
  cloudfoundry_space.space                                               156ms
  scc_subaccount.subaccount                                              529ms
  scc_system_mapping.system                                              203ms
  scc_system_mapping_resource.resource                                   68ms
  sci_application.app                                                    192ms
  sci_group_base.group                                                   208ms
  sci_user.user                                                          117ms


Run 91/100:
  Total run time: 18.738043s
  btp_directory.directory                                                169ms
  btp_subaccount.subaccount                                              220ms
  btp_subaccount_destination_generic.destination                         288ms
  btp_subaccount_entitlement.entitlement                                 10660ms
  btp_subaccount_environment_instance.cloudfoundry                       438ms
  btp_subaccount_role.role                                               278ms
  btp_subaccount_role_collection.collection                              190ms
  btp_subaccount_service_instance.instance                               991ms
  btp_subaccount_subscription.subscription                               711ms
  btp_subaccount_trust_configuration.trust                               234ms
  cloudfoundry_service_instance.instance                                 49ms
  cloudfoundry_space.space                                               116ms
  scc_subaccount.subaccount                                              815ms
  scc_system_mapping.system                                              69ms
  scc_system_mapping_resource.resource                                   67ms
  sci_application.app                                                    138ms
  sci_group_base.group                                                   216ms
  sci_user.user                                                          174ms


Run 92/100:
  Total run time: 17.796837s
  btp_directory.directory                                                126ms
  btp_subaccount.subaccount                                              61ms
  btp_subaccount_destination_generic.destination                         241ms
  btp_subaccount_entitlement.entitlement                                 10754ms
  btp_subaccount_environment_instance.cloudfoundry                       547ms
  btp_subaccount_role.role                                               235ms
  btp_subaccount_role_collection.collection                              195ms
  btp_subaccount_service_instance.instance                               987ms
  btp_subaccount_subscription.subscription                               841ms
  btp_subaccount_trust_configuration.trust                               222ms
  cloudfoundry_service_instance.instance                                 54ms
  cloudfoundry_space.space                                               137ms
  scc_subaccount.subaccount                                              585ms
  scc_system_mapping.system                                              197ms
  scc_system_mapping_resource.resource                                   69ms
  sci_application.app                                                    166ms
  sci_group_base.group                                                   208ms
  sci_user.user                                                          113ms


Run 93/100:
  Total run time: 17.343764s
  btp_directory.directory                                                153ms
  btp_subaccount.subaccount                                              59ms
  btp_subaccount_destination_generic.destination                         252ms
  btp_subaccount_entitlement.entitlement                                 10881ms
  btp_subaccount_environment_instance.cloudfoundry                       522ms
  btp_subaccount_role.role                                               211ms
  btp_subaccount_role_collection.collection                              236ms
  btp_subaccount_service_instance.instance                               851ms
  btp_subaccount_subscription.subscription                               785ms
  btp_subaccount_trust_configuration.trust                               211ms
  cloudfoundry_service_instance.instance                                 112ms
  cloudfoundry_space.space                                               141ms
  scc_subaccount.subaccount                                              519ms
  scc_system_mapping.system                                              67ms
  scc_system_mapping_resource.resource                                   185ms
  sci_application.app                                                    154ms
  sci_group_base.group                                                   118ms
  sci_user.user                                                          235ms


Run 94/100:
  Total run time: 18.549763s
  btp_directory.directory                                                356ms
  btp_subaccount.subaccount                                              67ms
  btp_subaccount_destination_generic.destination                         217ms
  btp_subaccount_entitlement.entitlement                                 10631ms
  btp_subaccount_environment_instance.cloudfoundry                       428ms
  btp_subaccount_role.role                                               202ms
  btp_subaccount_role_collection.collection                              204ms
  btp_subaccount_service_instance.instance                               982ms
  btp_subaccount_subscription.subscription                               859ms
  btp_subaccount_trust_configuration.trust                               238ms
  cloudfoundry_service_instance.instance                                 63ms
  cloudfoundry_space.space                                               146ms
  scc_subaccount.subaccount                                              628ms
  scc_system_mapping.system                                              213ms
  scc_system_mapping_resource.resource                                   77ms
  sci_application.app                                                    135ms
  sci_group_base.group                                                   198ms
  sci_user.user                                                          128ms


Run 95/100:
  Total run time: 22.386662s
  btp_directory.directory                                                142ms
  btp_subaccount.subaccount                                              73ms
  btp_subaccount_destination_generic.destination                         254ms
  btp_subaccount_entitlement.entitlement                                 10767ms
  btp_subaccount_environment_instance.cloudfoundry                       452ms
  btp_subaccount_role.role                                               218ms
  btp_subaccount_role_collection.collection                              206ms
  btp_subaccount_service_instance.instance                               5904ms
  btp_subaccount_subscription.subscription                               903ms
  btp_subaccount_trust_configuration.trust                               299ms
  cloudfoundry_service_instance.instance                                 56ms
  cloudfoundry_space.space                                               166ms
  scc_subaccount.subaccount                                              643ms
  scc_system_mapping.system                                              72ms
  scc_system_mapping_resource.resource                                   66ms
  sci_application.app                                                    242ms
  sci_group_base.group                                                   116ms
  sci_user.user                                                          104ms


Run 96/100:
  Total run time: 18.774485s
  btp_directory.directory                                                306ms
  btp_subaccount.subaccount                                              76ms
  btp_subaccount_destination_generic.destination                         247ms
  btp_subaccount_entitlement.entitlement                                 10653ms
  btp_subaccount_environment_instance.cloudfoundry                       392ms
  btp_subaccount_role.role                                               213ms
  btp_subaccount_role_collection.collection                              244ms
  btp_subaccount_service_instance.instance                               1055ms
  btp_subaccount_subscription.subscription                               880ms
  btp_subaccount_trust_configuration.trust                               206ms
  cloudfoundry_service_instance.instance                                 67ms
  cloudfoundry_space.space                                               168ms
  scc_subaccount.subaccount                                              661ms
  scc_system_mapping.system                                              199ms
  scc_system_mapping_resource.resource                                   64ms
  sci_application.app                                                    167ms
  sci_group_base.group                                                   191ms
  sci_user.user                                                          153ms


Run 97/100:
  Total run time: 17.397067s
  btp_directory.directory                                                176ms
  btp_subaccount.subaccount                                              76ms
  btp_subaccount_destination_generic.destination                         182ms
  btp_subaccount_entitlement.entitlement                                 10764ms
  btp_subaccount_environment_instance.cloudfoundry                       430ms
  btp_subaccount_role.role                                               239ms
  btp_subaccount_role_collection.collection                              211ms
  btp_subaccount_service_instance.instance                               945ms
  btp_subaccount_subscription.subscription                               784ms
  btp_subaccount_trust_configuration.trust                               226ms
  cloudfoundry_service_instance.instance                                 61ms
  cloudfoundry_space.space                                               159ms
  scc_subaccount.subaccount                                              810ms
  scc_system_mapping.system                                              70ms
  scc_system_mapping_resource.resource                                   68ms
  sci_application.app                                                    135ms
  sci_group_base.group                                                   113ms
  sci_user.user                                                          257ms


Run 98/100:
  Total run time: 18.428331s
  btp_directory.directory                                                286ms
  btp_subaccount.subaccount                                              81ms
  btp_subaccount_destination_generic.destination                         225ms
  btp_subaccount_entitlement.entitlement                                 10699ms
  btp_subaccount_environment_instance.cloudfoundry                       377ms
  btp_subaccount_role.role                                               224ms
  btp_subaccount_role_collection.collection                              182ms
  btp_subaccount_service_instance.instance                               994ms
  btp_subaccount_subscription.subscription                               830ms
  btp_subaccount_trust_configuration.trust                               262ms
  cloudfoundry_service_instance.instance                                 62ms
  cloudfoundry_space.space                                               144ms
  scc_subaccount.subaccount                                              1835ms
  scc_system_mapping.system                                              66ms
  scc_system_mapping_resource.resource                                   71ms
  sci_application.app                                                    160ms
  sci_group_base.group                                                   113ms
  sci_user.user                                                          195ms


Run 99/100:
  Total run time: 17.674357s
  btp_directory.directory                                                287ms
  btp_subaccount.subaccount                                              81ms
  btp_subaccount_destination_generic.destination                         229ms
  btp_subaccount_entitlement.entitlement                                 10750ms
  btp_subaccount_environment_instance.cloudfoundry                       509ms
  btp_subaccount_role.role                                               203ms
  btp_subaccount_role_collection.collection                              212ms
  btp_subaccount_service_instance.instance                               972ms
  btp_subaccount_subscription.subscription                               877ms
  btp_subaccount_trust_configuration.trust                               222ms
  cloudfoundry_service_instance.instance                                 65ms
  cloudfoundry_space.space                                               173ms
  scc_subaccount.subaccount                                              649ms
  scc_system_mapping.system                                              205ms
  scc_system_mapping_resource.resource                                   66ms
  sci_application.app                                                    248ms
  sci_group_base.group                                                   132ms
  sci_user.user                                                          128ms


Run 100/100:
  Total run time: 27.305486s
  btp_directory.directory                                                158ms
  btp_subaccount.subaccount                                              63ms
  btp_subaccount_destination_generic.destination                         164ms
  btp_subaccount_entitlement.entitlement                                 10818ms
  btp_subaccount_environment_instance.cloudfoundry                       383ms
  btp_subaccount_role.role                                               225ms
  btp_subaccount_role_collection.collection                              215ms
  btp_subaccount_service_instance.instance                               10960ms
  btp_subaccount_subscription.subscription                               911ms
  btp_subaccount_trust_configuration.trust                               227ms
  cloudfoundry_service_instance.instance                                 71ms
  cloudfoundry_space.space                                               135ms
  scc_subaccount.subaccount                                              647ms
  scc_system_mapping.system                                              71ms
  scc_system_mapping_resource.resource                                   79ms
  sci_application.app                                                    159ms
  sci_group_base.group                                                   140ms
  sci_user.user                                                          230ms


Final results:
-------                                            ------------    -----------    -----------
Element                                            Average (ms)   Minimum (ms)   Maximum (ms)
btp_directory.directory                                  203.24            126            471
btp_subaccount.subaccount                                134.25             53            495
btp_subaccount_destination_generic.destination           243.56            143            409
btp_subaccount_entitlement.entitlement                 10957.52          10563          15986
btp_subaccount_environment_instance.cloudfoundry         561.59            330           5435
btp_subaccount_role.role                                 235.92            151            387
btp_subaccount_role_collection.collection                223.60            156            444
btp_subaccount_service_instance.instance                1895.60            851          10965
btp_subaccount_subscription.subscription                 875.53            694           1648
btp_subaccount_trust_configuration.trust                 243.62            167            402
cloudfoundry_service_instance.instance                    67.62             49            199
cloudfoundry_space.space                                 172.38            116            735
scc_subaccount.subaccount                               1711.93            481           8122
scc_system_mapping.system                                181.26             64           4552
scc_system_mapping_resource.resource                     468.05             60          30008
sci_application.app                                      309.43            129          10395
sci_group_base.group                                     161.41            100            627
sci_user.user                                            163.06            103            491

Total wall-clock time: 2085.758510s
Average wall-clock time: 20.857585s
Minimum wall-clock time: 16.978505s
Maximum wall-clock time: 62.015727s
Total Ressources: 18
