Running terraform plan -refresh-only 10 time(s) in /Users/christopher-henry.john/Documents/GitHub_Private/performance-test/cf_space_only/test_x500...
Using Terraform parallelism: 20

Run 1/10:
  Total run time: 6.796115s
  cloudfoundry_space.space_1                                             263ms
  cloudfoundry_space.space_10                                            183ms
  cloudfoundry_space.space_100                                           192ms
  cloudfoundry_space.space_101                                           183ms
  cloudfoundry_space.space_102                                           262ms
  cloudfoundry_space.space_103                                           190ms
  cloudfoundry_space.space_104                                           215ms
  cloudfoundry_space.space_105                                           180ms
  cloudfoundry_space.space_106                                           193ms
  cloudfoundry_space.space_107                                           226ms
  cloudfoundry_space.space_108                                           198ms
  cloudfoundry_space.space_109                                           284ms
  cloudfoundry_space.space_11                                            180ms
  cloudfoundry_space.space_110                                           184ms
  cloudfoundry_space.space_111                                           217ms
  cloudfoundry_space.space_112                                           178ms
  cloudfoundry_space.space_113                                           174ms
  cloudfoundry_space.space_114                                           258ms
  cloudfoundry_space.space_115                                           279ms
  cloudfoundry_space.space_116                                           227ms
  cloudfoundry_space.space_117                                           186ms
  cloudfoundry_space.space_118                                           210ms
  cloudfoundry_space.space_119                                           221ms
  cloudfoundry_space.space_12                                            233ms
  cloudfoundry_space.space_120                                           173ms
  cloudfoundry_space.space_121                                           220ms
  cloudfoundry_space.space_122                                           287ms
  cloudfoundry_space.space_123                                           224ms
  cloudfoundry_space.space_124                                           199ms
  cloudfoundry_space.space_125                                           187ms
  cloudfoundry_space.space_126                                           280ms
  cloudfoundry_space.space_127                                           270ms
  cloudfoundry_space.space_128                                           168ms
  cloudfoundry_space.space_129                                           288ms
  cloudfoundry_space.space_13                                            196ms
  cloudfoundry_space.space_130                                           188ms
  cloudfoundry_space.space_131                                           248ms
  cloudfoundry_space.space_132                                           168ms
  cloudfoundry_space.space_133                                           196ms
  cloudfoundry_space.space_134                                           224ms
  cloudfoundry_space.space_135                                           218ms
  cloudfoundry_space.space_136                                           264ms
  cloudfoundry_space.space_137                                           184ms
  cloudfoundry_space.space_138                                           225ms
  cloudfoundry_space.space_139                                           180ms
  cloudfoundry_space.space_14                                            165ms
  cloudfoundry_space.space_140                                           216ms
  cloudfoundry_space.space_141                                           207ms
  cloudfoundry_space.space_142                                           223ms
  cloudfoundry_space.space_143                                           273ms
  cloudfoundry_space.space_144                                           172ms
  cloudfoundry_space.space_145                                           182ms
  cloudfoundry_space.space_146                                           184ms
  cloudfoundry_space.space_147                                           267ms
  cloudfoundry_space.space_148                                           247ms
  cloudfoundry_space.space_149                                           213ms
  cloudfoundry_space.space_15                                            167ms
  cloudfoundry_space.space_150                                           246ms
  cloudfoundry_space.space_151                                           196ms
  cloudfoundry_space.space_152                                           215ms
  cloudfoundry_space.space_153                                           239ms
  cloudfoundry_space.space_154                                           201ms
  cloudfoundry_space.space_155                                           230ms
  cloudfoundry_space.space_156                                           170ms
  cloudfoundry_space.space_157                                           226ms
  cloudfoundry_space.space_158                                           166ms
  cloudfoundry_space.space_159                                           223ms
  cloudfoundry_space.space_16                                            285ms
  cloudfoundry_space.space_160                                           177ms
  cloudfoundry_space.space_161                                           279ms
  cloudfoundry_space.space_162                                           221ms
  cloudfoundry_space.space_163                                           220ms
  cloudfoundry_space.space_164                                           168ms
  cloudfoundry_space.space_165                                           279ms
  cloudfoundry_space.space_166                                           269ms
  cloudfoundry_space.space_167                                           214ms
  cloudfoundry_space.space_168                                           289ms
  cloudfoundry_space.space_169                                           203ms
  cloudfoundry_space.space_17                                            174ms
  cloudfoundry_space.space_170                                           196ms
  cloudfoundry_space.space_171                                           194ms
  cloudfoundry_space.space_172                                           191ms
  cloudfoundry_space.space_173                                           215ms
  cloudfoundry_space.space_174                                           179ms
  cloudfoundry_space.space_175                                           274ms
  cloudfoundry_space.space_176                                           186ms
  cloudfoundry_space.space_177                                           177ms
  cloudfoundry_space.space_178                                           218ms
  cloudfoundry_space.space_179                                           183ms
  cloudfoundry_space.space_18                                            220ms
  cloudfoundry_space.space_180                                           212ms
  cloudfoundry_space.space_181                                           219ms
  cloudfoundry_space.space_182                                           194ms
  cloudfoundry_space.space_183                                           229ms
  cloudfoundry_space.space_184                                           191ms
  cloudfoundry_space.space_185                                           193ms
  cloudfoundry_space.space_186                                           211ms
  cloudfoundry_space.space_187                                           212ms
  cloudfoundry_space.space_188                                           217ms
  cloudfoundry_space.space_189                                           211ms
  cloudfoundry_space.space_19                                            229ms
  cloudfoundry_space.space_190                                           181ms
  cloudfoundry_space.space_191                                           260ms
  cloudfoundry_space.space_192                                           241ms
  cloudfoundry_space.space_193                                           186ms
  cloudfoundry_space.space_194                                           201ms
  cloudfoundry_space.space_195                                           177ms
  cloudfoundry_space.space_196                                           185ms
  cloudfoundry_space.space_197                                           192ms
  cloudfoundry_space.space_198                                           215ms
  cloudfoundry_space.space_199                                           227ms
  cloudfoundry_space.space_2                                             215ms
  cloudfoundry_space.space_20                                            180ms
  cloudfoundry_space.space_200                                           176ms
  cloudfoundry_space.space_201                                           210ms
  cloudfoundry_space.space_202                                           203ms
  cloudfoundry_space.space_203                                           212ms
  cloudfoundry_space.space_204                                           168ms
  cloudfoundry_space.space_205                                           183ms
  cloudfoundry_space.space_206                                           184ms
  cloudfoundry_space.space_207                                           218ms
  cloudfoundry_space.space_208                                           218ms
  cloudfoundry_space.space_209                                           190ms
  cloudfoundry_space.space_21                                            207ms
  cloudfoundry_space.space_210                                           252ms
  cloudfoundry_space.space_211                                           204ms
  cloudfoundry_space.space_212                                           217ms
  cloudfoundry_space.space_213                                           214ms
  cloudfoundry_space.space_214                                           323ms
  cloudfoundry_space.space_215                                           197ms
  cloudfoundry_space.space_216                                           202ms
  cloudfoundry_space.space_217                                           251ms
  cloudfoundry_space.space_218                                           228ms
  cloudfoundry_space.space_219                                           161ms
  cloudfoundry_space.space_22                                            160ms
  cloudfoundry_space.space_220                                           169ms
  cloudfoundry_space.space_221                                           207ms
  cloudfoundry_space.space_222                                           214ms
  cloudfoundry_space.space_223                                           286ms
  cloudfoundry_space.space_224                                           232ms
  cloudfoundry_space.space_225                                           179ms
  cloudfoundry_space.space_226                                           219ms
  cloudfoundry_space.space_227                                           216ms
  cloudfoundry_space.space_228                                           212ms
  cloudfoundry_space.space_229                                           234ms
  cloudfoundry_space.space_23                                            227ms
  cloudfoundry_space.space_230                                           193ms
  cloudfoundry_space.space_231                                           205ms
  cloudfoundry_space.space_232                                           178ms
  cloudfoundry_space.space_233                                           208ms
  cloudfoundry_space.space_234                                           275ms
  cloudfoundry_space.space_235                                           190ms
  cloudfoundry_space.space_236                                           220ms
  cloudfoundry_space.space_237                                           218ms
  cloudfoundry_space.space_238                                           207ms
  cloudfoundry_space.space_239                                           238ms
  cloudfoundry_space.space_24                                            212ms
  cloudfoundry_space.space_240                                           195ms
  cloudfoundry_space.space_241                                           180ms
  cloudfoundry_space.space_242                                           255ms
  cloudfoundry_space.space_243                                           178ms
  cloudfoundry_space.space_244                                           172ms
  cloudfoundry_space.space_245                                           187ms
  cloudfoundry_space.space_246                                           202ms
  cloudfoundry_space.space_247                                           158ms
  cloudfoundry_space.space_248                                           192ms
  cloudfoundry_space.space_249                                           173ms
  cloudfoundry_space.space_25                                            196ms
  cloudfoundry_space.space_250                                           181ms
  cloudfoundry_space.space_251                                           269ms
  cloudfoundry_space.space_252                                           194ms
  cloudfoundry_space.space_253                                           185ms
  cloudfoundry_space.space_254                                           172ms
  cloudfoundry_space.space_255                                           195ms
  cloudfoundry_space.space_256                                           267ms
  cloudfoundry_space.space_257                                           215ms
  cloudfoundry_space.space_258                                           173ms
  cloudfoundry_space.space_259                                           198ms
  cloudfoundry_space.space_26                                            194ms
  cloudfoundry_space.space_260                                           213ms
  cloudfoundry_space.space_261                                           196ms
  cloudfoundry_space.space_262                                           269ms
  cloudfoundry_space.space_263                                           239ms
  cloudfoundry_space.space_264                                           159ms
  cloudfoundry_space.space_265                                           176ms
  cloudfoundry_space.space_266                                           218ms
  cloudfoundry_space.space_267                                           189ms
  cloudfoundry_space.space_268                                           191ms
  cloudfoundry_space.space_269                                           220ms
  cloudfoundry_space.space_27                                            208ms
  cloudfoundry_space.space_270                                           194ms
  cloudfoundry_space.space_271                                           201ms
  cloudfoundry_space.space_272                                           182ms
  cloudfoundry_space.space_273                                           186ms
  cloudfoundry_space.space_274                                           186ms
  cloudfoundry_space.space_275                                           172ms
  cloudfoundry_space.space_276                                           214ms
  cloudfoundry_space.space_277                                           203ms
  cloudfoundry_space.space_278                                           244ms
  cloudfoundry_space.space_279                                           157ms
  cloudfoundry_space.space_28                                            216ms
  cloudfoundry_space.space_280                                           203ms
  cloudfoundry_space.space_281                                           231ms
  cloudfoundry_space.space_282                                           199ms
  cloudfoundry_space.space_283                                           184ms
  cloudfoundry_space.space_284                                           184ms
  cloudfoundry_space.space_285                                           199ms
  cloudfoundry_space.space_286                                           216ms
  cloudfoundry_space.space_287                                           210ms
  cloudfoundry_space.space_288                                           266ms
  cloudfoundry_space.space_289                                           256ms
  cloudfoundry_space.space_29                                            219ms
  cloudfoundry_space.space_290                                           203ms
  cloudfoundry_space.space_291                                           193ms
  cloudfoundry_space.space_292                                           187ms
  cloudfoundry_space.space_293                                           190ms
  cloudfoundry_space.space_294                                           208ms
  cloudfoundry_space.space_295                                           224ms
  cloudfoundry_space.space_296                                           252ms
  cloudfoundry_space.space_297                                           206ms
  cloudfoundry_space.space_298                                           154ms
  cloudfoundry_space.space_299                                           205ms
  cloudfoundry_space.space_3                                             184ms
  cloudfoundry_space.space_30                                            216ms
  cloudfoundry_space.space_300                                           188ms
  cloudfoundry_space.space_301                                           198ms
  cloudfoundry_space.space_302                                           170ms
  cloudfoundry_space.space_303                                           212ms
  cloudfoundry_space.space_304                                           261ms
  cloudfoundry_space.space_305                                           213ms
  cloudfoundry_space.space_306                                           232ms
  cloudfoundry_space.space_307                                           199ms
  cloudfoundry_space.space_308                                           223ms
  cloudfoundry_space.space_309                                           212ms
  cloudfoundry_space.space_31                                            198ms
  cloudfoundry_space.space_310                                           174ms
  cloudfoundry_space.space_311                                           204ms
  cloudfoundry_space.space_312                                           283ms
  cloudfoundry_space.space_313                                           214ms
  cloudfoundry_space.space_314                                           222ms
  cloudfoundry_space.space_315                                           207ms
  cloudfoundry_space.space_316                                           202ms
  cloudfoundry_space.space_317                                           188ms
  cloudfoundry_space.space_318                                           212ms
  cloudfoundry_space.space_319                                           181ms
  cloudfoundry_space.space_32                                            201ms
  cloudfoundry_space.space_320                                           228ms
  cloudfoundry_space.space_321                                           181ms
  cloudfoundry_space.space_322                                           264ms
  cloudfoundry_space.space_323                                           240ms
  cloudfoundry_space.space_324                                           167ms
  cloudfoundry_space.space_325                                           200ms
  cloudfoundry_space.space_326                                           201ms
  cloudfoundry_space.space_327                                           178ms
  cloudfoundry_space.space_328                                           179ms
  cloudfoundry_space.space_329                                           222ms
  cloudfoundry_space.space_33                                            234ms
  cloudfoundry_space.space_330                                           180ms
  cloudfoundry_space.space_331                                           225ms
  cloudfoundry_space.space_332                                           215ms
  cloudfoundry_space.space_333                                           233ms
  cloudfoundry_space.space_334                                           204ms
  cloudfoundry_space.space_335                                           200ms
  cloudfoundry_space.space_336                                           172ms
  cloudfoundry_space.space_337                                           199ms
  cloudfoundry_space.space_338                                           205ms
  cloudfoundry_space.space_339                                           233ms
  cloudfoundry_space.space_34                                            181ms
  cloudfoundry_space.space_340                                           189ms
  cloudfoundry_space.space_341                                           181ms
  cloudfoundry_space.space_342                                           192ms
  cloudfoundry_space.space_343                                           166ms
  cloudfoundry_space.space_344                                           184ms
  cloudfoundry_space.space_345                                           181ms
  cloudfoundry_space.space_346                                           210ms
  cloudfoundry_space.space_347                                           193ms
  cloudfoundry_space.space_348                                           207ms
  cloudfoundry_space.space_349                                           210ms
  cloudfoundry_space.space_35                                            184ms
  cloudfoundry_space.space_350                                           178ms
  cloudfoundry_space.space_351                                           188ms
  cloudfoundry_space.space_352                                           209ms
  cloudfoundry_space.space_353                                           198ms
  cloudfoundry_space.space_354                                           178ms
  cloudfoundry_space.space_355                                           193ms
  cloudfoundry_space.space_356                                           207ms
  cloudfoundry_space.space_357                                           187ms
  cloudfoundry_space.space_358                                           161ms
  cloudfoundry_space.space_359                                           234ms
  cloudfoundry_space.space_36                                            232ms
  cloudfoundry_space.space_360                                           252ms
  cloudfoundry_space.space_361                                           232ms
  cloudfoundry_space.space_362                                           241ms
  cloudfoundry_space.space_363                                           217ms
  cloudfoundry_space.space_364                                           221ms
  cloudfoundry_space.space_365                                           223ms
  cloudfoundry_space.space_366                                           204ms
  cloudfoundry_space.space_367                                           175ms
  cloudfoundry_space.space_368                                           261ms
  cloudfoundry_space.space_369                                           224ms
  cloudfoundry_space.space_37                                            288ms
  cloudfoundry_space.space_370                                           180ms
  cloudfoundry_space.space_371                                           200ms
  cloudfoundry_space.space_372                                           189ms
  cloudfoundry_space.space_373                                           238ms
  cloudfoundry_space.space_374                                           240ms
  cloudfoundry_space.space_375                                           216ms
  cloudfoundry_space.space_376                                           183ms
  cloudfoundry_space.space_377                                           219ms
  cloudfoundry_space.space_378                                           256ms
  cloudfoundry_space.space_379                                           214ms
  cloudfoundry_space.space_38                                            182ms
  cloudfoundry_space.space_380                                           191ms
  cloudfoundry_space.space_381                                           188ms
  cloudfoundry_space.space_382                                           192ms
  cloudfoundry_space.space_383                                           202ms
  cloudfoundry_space.space_384                                           204ms
  cloudfoundry_space.space_385                                           172ms
  cloudfoundry_space.space_386                                           242ms
  cloudfoundry_space.space_387                                           211ms
  cloudfoundry_space.space_388                                           230ms
  cloudfoundry_space.space_389                                           212ms
  cloudfoundry_space.space_39                                            257ms
  cloudfoundry_space.space_390                                           165ms
  cloudfoundry_space.space_391                                           235ms
  cloudfoundry_space.space_392                                           179ms
  cloudfoundry_space.space_393                                           211ms
  cloudfoundry_space.space_394                                           183ms
  cloudfoundry_space.space_395                                           231ms
  cloudfoundry_space.space_396                                           202ms
  cloudfoundry_space.space_397                                           181ms
  cloudfoundry_space.space_398                                           203ms
  cloudfoundry_space.space_399                                           184ms
  cloudfoundry_space.space_4                                             214ms
  cloudfoundry_space.space_40                                            277ms
  cloudfoundry_space.space_400                                           199ms
  cloudfoundry_space.space_401                                           170ms
  cloudfoundry_space.space_402                                           162ms
  cloudfoundry_space.space_403                                           249ms
  cloudfoundry_space.space_404                                           198ms
  cloudfoundry_space.space_405                                           194ms
  cloudfoundry_space.space_406                                           232ms
  cloudfoundry_space.space_407                                           199ms
  cloudfoundry_space.space_408                                           221ms
  cloudfoundry_space.space_409                                           264ms
  cloudfoundry_space.space_41                                            226ms
  cloudfoundry_space.space_410                                           232ms
  cloudfoundry_space.space_411                                           173ms
  cloudfoundry_space.space_412                                           256ms
  cloudfoundry_space.space_413                                           199ms
  cloudfoundry_space.space_414                                           207ms
  cloudfoundry_space.space_415                                           205ms
  cloudfoundry_space.space_416                                           248ms
  cloudfoundry_space.space_417                                           215ms
  cloudfoundry_space.space_418                                           174ms
  cloudfoundry_space.space_419                                           209ms
  cloudfoundry_space.space_42                                            214ms
  cloudfoundry_space.space_420                                           180ms
  cloudfoundry_space.space_421                                           241ms
  cloudfoundry_space.space_422                                           188ms
  cloudfoundry_space.space_423                                           207ms
  cloudfoundry_space.space_424                                           177ms
  cloudfoundry_space.space_425                                           214ms
  cloudfoundry_space.space_426                                           157ms
  cloudfoundry_space.space_427                                           227ms
  cloudfoundry_space.space_428                                           277ms
  cloudfoundry_space.space_429                                           222ms
  cloudfoundry_space.space_43                                            179ms
  cloudfoundry_space.space_430                                           230ms
  cloudfoundry_space.space_431                                           188ms
  cloudfoundry_space.space_432                                           219ms
  cloudfoundry_space.space_433                                           266ms
  cloudfoundry_space.space_434                                           277ms
  cloudfoundry_space.space_435                                           185ms
  cloudfoundry_space.space_436                                           201ms
  cloudfoundry_space.space_437                                           165ms
  cloudfoundry_space.space_438                                           187ms
  cloudfoundry_space.space_439                                           203ms
  cloudfoundry_space.space_44                                            273ms
  cloudfoundry_space.space_440                                           222ms
  cloudfoundry_space.space_441                                           206ms
  cloudfoundry_space.space_442                                           215ms
  cloudfoundry_space.space_443                                           187ms
  cloudfoundry_space.space_444                                           203ms
  cloudfoundry_space.space_445                                           215ms
  cloudfoundry_space.space_446                                           184ms
  cloudfoundry_space.space_447                                           199ms
  cloudfoundry_space.space_448                                           183ms
  cloudfoundry_space.space_449                                           264ms
  cloudfoundry_space.space_45                                            186ms
  cloudfoundry_space.space_450                                           234ms
  cloudfoundry_space.space_451                                           196ms
  cloudfoundry_space.space_452                                           270ms
  cloudfoundry_space.space_453                                           212ms
  cloudfoundry_space.space_454                                           204ms
  cloudfoundry_space.space_455                                           209ms
  cloudfoundry_space.space_456                                           192ms
  cloudfoundry_space.space_457                                           198ms
  cloudfoundry_space.space_458                                           241ms
  cloudfoundry_space.space_459                                           186ms
  cloudfoundry_space.space_46                                            211ms
  cloudfoundry_space.space_460                                           170ms
  cloudfoundry_space.space_461                                           186ms
  cloudfoundry_space.space_462                                           260ms
  cloudfoundry_space.space_463                                           265ms
  cloudfoundry_space.space_464                                           191ms
  cloudfoundry_space.space_465                                           235ms
  cloudfoundry_space.space_466                                           208ms
  cloudfoundry_space.space_467                                           192ms
  cloudfoundry_space.space_468                                           271ms
  cloudfoundry_space.space_469                                           168ms
  cloudfoundry_space.space_47                                            196ms
  cloudfoundry_space.space_470                                           216ms
  cloudfoundry_space.space_471                                           188ms
  cloudfoundry_space.space_472                                           218ms
  cloudfoundry_space.space_473                                           225ms
  cloudfoundry_space.space_474                                           214ms
  cloudfoundry_space.space_475                                           187ms
  cloudfoundry_space.space_476                                           181ms
  cloudfoundry_space.space_477                                           194ms
  cloudfoundry_space.space_478                                           264ms
  cloudfoundry_space.space_479                                           176ms
  cloudfoundry_space.space_48                                            185ms
  cloudfoundry_space.space_480                                           256ms
  cloudfoundry_space.space_481                                           224ms
  cloudfoundry_space.space_482                                           219ms
  cloudfoundry_space.space_483                                           242ms
  cloudfoundry_space.space_484                                           214ms
  cloudfoundry_space.space_485                                           178ms
  cloudfoundry_space.space_486                                           200ms
  cloudfoundry_space.space_487                                           180ms
  cloudfoundry_space.space_488                                           195ms
  cloudfoundry_space.space_489                                           187ms
  cloudfoundry_space.space_49                                            234ms
  cloudfoundry_space.space_490                                           209ms
  cloudfoundry_space.space_491                                           241ms
  cloudfoundry_space.space_492                                           181ms
  cloudfoundry_space.space_493                                           179ms
  cloudfoundry_space.space_494                                           195ms
  cloudfoundry_space.space_495                                           171ms
  cloudfoundry_space.space_496                                           205ms
  cloudfoundry_space.space_497                                           209ms
  cloudfoundry_space.space_498                                           208ms
  cloudfoundry_space.space_499                                           193ms
  cloudfoundry_space.space_5                                             184ms
  cloudfoundry_space.space_50                                            236ms
  cloudfoundry_space.space_500                                           280ms
  cloudfoundry_space.space_51                                            242ms
  cloudfoundry_space.space_52                                            159ms
  cloudfoundry_space.space_53                                            163ms
  cloudfoundry_space.space_54                                            188ms
  cloudfoundry_space.space_55                                            192ms
  cloudfoundry_space.space_56                                            217ms
  cloudfoundry_space.space_57                                            207ms
  cloudfoundry_space.space_58                                            225ms
  cloudfoundry_space.space_59                                            215ms
  cloudfoundry_space.space_6                                             202ms
  cloudfoundry_space.space_60                                            186ms
  cloudfoundry_space.space_61                                            187ms
  cloudfoundry_space.space_62                                            215ms
  cloudfoundry_space.space_63                                            224ms
  cloudfoundry_space.space_64                                            241ms
  cloudfoundry_space.space_65                                            206ms
  cloudfoundry_space.space_66                                            187ms
  cloudfoundry_space.space_67                                            202ms
  cloudfoundry_space.space_68                                            190ms
  cloudfoundry_space.space_69                                            209ms
  cloudfoundry_space.space_7                                             188ms
  cloudfoundry_space.space_70                                            188ms
  cloudfoundry_space.space_71                                            205ms
  cloudfoundry_space.space_72                                            183ms
  cloudfoundry_space.space_73                                            187ms
  cloudfoundry_space.space_74                                            230ms
  cloudfoundry_space.space_75                                            251ms
  cloudfoundry_space.space_76                                            170ms
  cloudfoundry_space.space_77                                            183ms
  cloudfoundry_space.space_78                                            202ms
  cloudfoundry_space.space_79                                            223ms
  cloudfoundry_space.space_8                                             205ms
  cloudfoundry_space.space_80                                            274ms
  cloudfoundry_space.space_81                                            223ms
  cloudfoundry_space.space_82                                            275ms
  cloudfoundry_space.space_83                                            166ms
  cloudfoundry_space.space_84                                            214ms
  cloudfoundry_space.space_85                                            218ms
  cloudfoundry_space.space_86                                            206ms
  cloudfoundry_space.space_87                                            196ms
  cloudfoundry_space.space_88                                            214ms
  cloudfoundry_space.space_89                                            213ms
  cloudfoundry_space.space_9                                             192ms
  cloudfoundry_space.space_90                                            271ms
  cloudfoundry_space.space_91                                            212ms
  cloudfoundry_space.space_92                                            230ms
  cloudfoundry_space.space_93                                            216ms
  cloudfoundry_space.space_94                                            235ms
  cloudfoundry_space.space_95                                            218ms
  cloudfoundry_space.space_96                                            189ms
  cloudfoundry_space.space_97                                            236ms
  cloudfoundry_space.space_98                                            223ms
  cloudfoundry_space.space_99                                            221ms


Run 2/10:
  Total run time: 6.811864s
  cloudfoundry_space.space_1                                             234ms
  cloudfoundry_space.space_10                                            209ms
  cloudfoundry_space.space_100                                           218ms
  cloudfoundry_space.space_101                                           205ms
  cloudfoundry_space.space_102                                           222ms
  cloudfoundry_space.space_103                                           195ms
  cloudfoundry_space.space_104                                           259ms
  cloudfoundry_space.space_105                                           200ms
  cloudfoundry_space.space_106                                           234ms
  cloudfoundry_space.space_107                                           248ms
  cloudfoundry_space.space_108                                           234ms
  cloudfoundry_space.space_109                                           209ms
  cloudfoundry_space.space_11                                            206ms
  cloudfoundry_space.space_110                                           178ms
  cloudfoundry_space.space_111                                           173ms
  cloudfoundry_space.space_112                                           203ms
  cloudfoundry_space.space_113                                           195ms
  cloudfoundry_space.space_114                                           249ms
  cloudfoundry_space.space_115                                           204ms
  cloudfoundry_space.space_116                                           199ms
  cloudfoundry_space.space_117                                           154ms
  cloudfoundry_space.space_118                                           238ms
  cloudfoundry_space.space_119                                           196ms
  cloudfoundry_space.space_12                                            204ms
  cloudfoundry_space.space_120                                           210ms
  cloudfoundry_space.space_121                                           210ms
  cloudfoundry_space.space_122                                           200ms
  cloudfoundry_space.space_123                                           198ms
  cloudfoundry_space.space_124                                           199ms
  cloudfoundry_space.space_125                                           221ms
  cloudfoundry_space.space_126                                           203ms
  cloudfoundry_space.space_127                                           212ms
  cloudfoundry_space.space_128                                           217ms
  cloudfoundry_space.space_129                                           236ms
  cloudfoundry_space.space_13                                            289ms
  cloudfoundry_space.space_130                                           188ms
  cloudfoundry_space.space_131                                           223ms
  cloudfoundry_space.space_132                                           205ms
  cloudfoundry_space.space_133                                           222ms
  cloudfoundry_space.space_134                                           174ms
  cloudfoundry_space.space_135                                           221ms
  cloudfoundry_space.space_136                                           201ms
  cloudfoundry_space.space_137                                           217ms
  cloudfoundry_space.space_138                                           176ms
  cloudfoundry_space.space_139                                           202ms
  cloudfoundry_space.space_14                                            205ms
  cloudfoundry_space.space_140                                           210ms
  cloudfoundry_space.space_141                                           180ms
  cloudfoundry_space.space_142                                           313ms
  cloudfoundry_space.space_143                                           213ms
  cloudfoundry_space.space_144                                           198ms
  cloudfoundry_space.space_145                                           175ms
  cloudfoundry_space.space_146                                           185ms
  cloudfoundry_space.space_147                                           178ms
  cloudfoundry_space.space_148                                           217ms
  cloudfoundry_space.space_149                                           202ms
  cloudfoundry_space.space_15                                            212ms
  cloudfoundry_space.space_150                                           194ms
  cloudfoundry_space.space_151                                           187ms
  cloudfoundry_space.space_152                                           211ms
  cloudfoundry_space.space_153                                           215ms
  cloudfoundry_space.space_154                                           197ms
  cloudfoundry_space.space_155                                           188ms
  cloudfoundry_space.space_156                                           197ms
  cloudfoundry_space.space_157                                           237ms
  cloudfoundry_space.space_158                                           174ms
  cloudfoundry_space.space_159                                           195ms
  cloudfoundry_space.space_16                                            224ms
  cloudfoundry_space.space_160                                           220ms
  cloudfoundry_space.space_161                                           173ms
  cloudfoundry_space.space_162                                           198ms
  cloudfoundry_space.space_163                                           170ms
  cloudfoundry_space.space_164                                           204ms
  cloudfoundry_space.space_165                                           247ms
  cloudfoundry_space.space_166                                           207ms
  cloudfoundry_space.space_167                                           209ms
  cloudfoundry_space.space_168                                           178ms
  cloudfoundry_space.space_169                                           190ms
  cloudfoundry_space.space_17                                            202ms
  cloudfoundry_space.space_170                                           202ms
  cloudfoundry_space.space_171                                           206ms
  cloudfoundry_space.space_172                                           245ms
  cloudfoundry_space.space_173                                           167ms
  cloudfoundry_space.space_174                                           199ms
  cloudfoundry_space.space_175                                           217ms
  cloudfoundry_space.space_176                                           211ms
  cloudfoundry_space.space_177                                           233ms
  cloudfoundry_space.space_178                                           252ms
  cloudfoundry_space.space_179                                           172ms
  cloudfoundry_space.space_18                                            180ms
  cloudfoundry_space.space_180                                           157ms
  cloudfoundry_space.space_181                                           199ms
  cloudfoundry_space.space_182                                           188ms
  cloudfoundry_space.space_183                                           175ms
  cloudfoundry_space.space_184                                           235ms
  cloudfoundry_space.space_185                                           164ms
  cloudfoundry_space.space_186                                           214ms
  cloudfoundry_space.space_187                                           187ms
  cloudfoundry_space.space_188                                           183ms
  cloudfoundry_space.space_189                                           191ms
  cloudfoundry_space.space_19                                            197ms
  cloudfoundry_space.space_190                                           203ms
  cloudfoundry_space.space_191                                           170ms
  cloudfoundry_space.space_192                                           181ms
  cloudfoundry_space.space_193                                           203ms
  cloudfoundry_space.space_194                                           184ms
  cloudfoundry_space.space_195                                           182ms
  cloudfoundry_space.space_196                                           207ms
  cloudfoundry_space.space_197                                           207ms
  cloudfoundry_space.space_198                                           213ms
  cloudfoundry_space.space_199                                           205ms
  cloudfoundry_space.space_2                                             213ms
  cloudfoundry_space.space_20                                            217ms
  cloudfoundry_space.space_200                                           201ms
  cloudfoundry_space.space_201                                           211ms
  cloudfoundry_space.space_202                                           204ms
  cloudfoundry_space.space_203                                           322ms
  cloudfoundry_space.space_204                                           160ms
  cloudfoundry_space.space_205                                           188ms
  cloudfoundry_space.space_206                                           199ms
  cloudfoundry_space.space_207                                           208ms
  cloudfoundry_space.space_208                                           217ms
  cloudfoundry_space.space_209                                           199ms
  cloudfoundry_space.space_21                                            233ms
  cloudfoundry_space.space_210                                           220ms
  cloudfoundry_space.space_211                                           230ms
  cloudfoundry_space.space_212                                           226ms
  cloudfoundry_space.space_213                                           218ms
  cloudfoundry_space.space_214                                           205ms
  cloudfoundry_space.space_215                                           201ms
  cloudfoundry_space.space_216                                           218ms
  cloudfoundry_space.space_217                                           217ms
  cloudfoundry_space.space_218                                           184ms
  cloudfoundry_space.space_219                                           150ms
  cloudfoundry_space.space_22                                            225ms
  cloudfoundry_space.space_220                                           193ms
  cloudfoundry_space.space_221                                           173ms
  cloudfoundry_space.space_222                                           194ms
  cloudfoundry_space.space_223                                           297ms
  cloudfoundry_space.space_224                                           180ms
  cloudfoundry_space.space_225                                           238ms
  cloudfoundry_space.space_226                                           217ms
  cloudfoundry_space.space_227                                           158ms
  cloudfoundry_space.space_228                                           184ms
  cloudfoundry_space.space_229                                           204ms
  cloudfoundry_space.space_23                                            218ms
  cloudfoundry_space.space_230                                           211ms
  cloudfoundry_space.space_231                                           205ms
  cloudfoundry_space.space_232                                           209ms
  cloudfoundry_space.space_233                                           204ms
  cloudfoundry_space.space_234                                           189ms
  cloudfoundry_space.space_235                                           182ms
  cloudfoundry_space.space_236                                           198ms
  cloudfoundry_space.space_237                                           233ms
  cloudfoundry_space.space_238                                           240ms
  cloudfoundry_space.space_239                                           208ms
  cloudfoundry_space.space_24                                            236ms
  cloudfoundry_space.space_240                                           212ms
  cloudfoundry_space.space_241                                           256ms
  cloudfoundry_space.space_242                                           234ms
  cloudfoundry_space.space_243                                           194ms
  cloudfoundry_space.space_244                                           205ms
  cloudfoundry_space.space_245                                           166ms
  cloudfoundry_space.space_246                                           221ms
  cloudfoundry_space.space_247                                           219ms
  cloudfoundry_space.space_248                                           188ms
  cloudfoundry_space.space_249                                           188ms
  cloudfoundry_space.space_25                                            228ms
  cloudfoundry_space.space_250                                           211ms
  cloudfoundry_space.space_251                                           204ms
  cloudfoundry_space.space_252                                           226ms
  cloudfoundry_space.space_253                                           213ms
  cloudfoundry_space.space_254                                           206ms
  cloudfoundry_space.space_255                                           206ms
  cloudfoundry_space.space_256                                           218ms
  cloudfoundry_space.space_257                                           199ms
  cloudfoundry_space.space_258                                           180ms
  cloudfoundry_space.space_259                                           205ms
  cloudfoundry_space.space_26                                            232ms
  cloudfoundry_space.space_260                                           206ms
  cloudfoundry_space.space_261                                           172ms
  cloudfoundry_space.space_262                                           190ms
  cloudfoundry_space.space_263                                           188ms
  cloudfoundry_space.space_264                                           209ms
  cloudfoundry_space.space_265                                           198ms
  cloudfoundry_space.space_266                                           218ms
  cloudfoundry_space.space_267                                           201ms
  cloudfoundry_space.space_268                                           214ms
  cloudfoundry_space.space_269                                           164ms
  cloudfoundry_space.space_27                                            275ms
  cloudfoundry_space.space_270                                           195ms
  cloudfoundry_space.space_271                                           221ms
  cloudfoundry_space.space_272                                           215ms
  cloudfoundry_space.space_273                                           175ms
  cloudfoundry_space.space_274                                           214ms
  cloudfoundry_space.space_275                                           196ms
  cloudfoundry_space.space_276                                           211ms
  cloudfoundry_space.space_277                                           181ms
  cloudfoundry_space.space_278                                           215ms
  cloudfoundry_space.space_279                                           248ms
  cloudfoundry_space.space_28                                            198ms
  cloudfoundry_space.space_280                                           180ms
  cloudfoundry_space.space_281                                           240ms
  cloudfoundry_space.space_282                                           227ms
  cloudfoundry_space.space_283                                           264ms
  cloudfoundry_space.space_284                                           244ms
  cloudfoundry_space.space_285                                           192ms
  cloudfoundry_space.space_286                                           215ms
  cloudfoundry_space.space_287                                           233ms
  cloudfoundry_space.space_288                                           240ms
  cloudfoundry_space.space_289                                           209ms
  cloudfoundry_space.space_29                                            243ms
  cloudfoundry_space.space_290                                           193ms
  cloudfoundry_space.space_291                                           200ms
  cloudfoundry_space.space_292                                           242ms
  cloudfoundry_space.space_293                                           218ms
  cloudfoundry_space.space_294                                           202ms
  cloudfoundry_space.space_295                                           219ms
  cloudfoundry_space.space_296                                           158ms
  cloudfoundry_space.space_297                                           180ms
  cloudfoundry_space.space_298                                           254ms
  cloudfoundry_space.space_299                                           202ms
  cloudfoundry_space.space_3                                             201ms
  cloudfoundry_space.space_30                                            205ms
  cloudfoundry_space.space_300                                           201ms
  cloudfoundry_space.space_301                                           200ms
  cloudfoundry_space.space_302                                           226ms
  cloudfoundry_space.space_303                                           250ms
  cloudfoundry_space.space_304                                           207ms
  cloudfoundry_space.space_305                                           231ms
  cloudfoundry_space.space_306                                           253ms
  cloudfoundry_space.space_307                                           197ms
  cloudfoundry_space.space_308                                           215ms
  cloudfoundry_space.space_309                                           187ms
  cloudfoundry_space.space_31                                            247ms
  cloudfoundry_space.space_310                                           223ms
  cloudfoundry_space.space_311                                           235ms
  cloudfoundry_space.space_312                                           195ms
  cloudfoundry_space.space_313                                           239ms
  cloudfoundry_space.space_314                                           199ms
  cloudfoundry_space.space_315                                           201ms
  cloudfoundry_space.space_316                                           228ms
  cloudfoundry_space.space_317                                           217ms
  cloudfoundry_space.space_318                                           179ms
  cloudfoundry_space.space_319                                           220ms
  cloudfoundry_space.space_32                                            200ms
  cloudfoundry_space.space_320                                           218ms
  cloudfoundry_space.space_321                                           241ms
  cloudfoundry_space.space_322                                           210ms
  cloudfoundry_space.space_323                                           176ms
  cloudfoundry_space.space_324                                           176ms
  cloudfoundry_space.space_325                                           211ms
  cloudfoundry_space.space_326                                           203ms
  cloudfoundry_space.space_327                                           187ms
  cloudfoundry_space.space_328                                           167ms
  cloudfoundry_space.space_329                                           188ms
  cloudfoundry_space.space_33                                            201ms
  cloudfoundry_space.space_330                                           197ms
  cloudfoundry_space.space_331                                           240ms
  cloudfoundry_space.space_332                                           173ms
  cloudfoundry_space.space_333                                           161ms
  cloudfoundry_space.space_334                                           225ms
  cloudfoundry_space.space_335                                           194ms
  cloudfoundry_space.space_336                                           278ms
  cloudfoundry_space.space_337                                           311ms
  cloudfoundry_space.space_338                                           208ms
  cloudfoundry_space.space_339                                           202ms
  cloudfoundry_space.space_34                                            165ms
  cloudfoundry_space.space_340                                           206ms
  cloudfoundry_space.space_341                                           214ms
  cloudfoundry_space.space_342                                           220ms
  cloudfoundry_space.space_343                                           200ms
  cloudfoundry_space.space_344                                           202ms
  cloudfoundry_space.space_345                                           152ms
  cloudfoundry_space.space_346                                           243ms
  cloudfoundry_space.space_347                                           224ms
  cloudfoundry_space.space_348                                           226ms
  cloudfoundry_space.space_349                                           185ms
  cloudfoundry_space.space_35                                            174ms
  cloudfoundry_space.space_350                                           178ms
  cloudfoundry_space.space_351                                           192ms
  cloudfoundry_space.space_352                                           209ms
  cloudfoundry_space.space_353                                           307ms
  cloudfoundry_space.space_354                                           246ms
  cloudfoundry_space.space_355                                           168ms
  cloudfoundry_space.space_356                                           216ms
  cloudfoundry_space.space_357                                           218ms
  cloudfoundry_space.space_358                                           201ms
  cloudfoundry_space.space_359                                           194ms
  cloudfoundry_space.space_36                                            196ms
  cloudfoundry_space.space_360                                           256ms
  cloudfoundry_space.space_361                                           159ms
  cloudfoundry_space.space_362                                           195ms
  cloudfoundry_space.space_363                                           160ms
  cloudfoundry_space.space_364                                           228ms
  cloudfoundry_space.space_365                                           209ms
  cloudfoundry_space.space_366                                           236ms
  cloudfoundry_space.space_367                                           254ms
  cloudfoundry_space.space_368                                           199ms
  cloudfoundry_space.space_369                                           199ms
  cloudfoundry_space.space_37                                            225ms
  cloudfoundry_space.space_370                                           221ms
  cloudfoundry_space.space_371                                           168ms
  cloudfoundry_space.space_372                                           216ms
  cloudfoundry_space.space_373                                           183ms
  cloudfoundry_space.space_374                                           217ms
  cloudfoundry_space.space_375                                           217ms
  cloudfoundry_space.space_376                                           226ms
  cloudfoundry_space.space_377                                           180ms
  cloudfoundry_space.space_378                                           208ms
  cloudfoundry_space.space_379                                           160ms
  cloudfoundry_space.space_38                                            190ms
  cloudfoundry_space.space_380                                           180ms
  cloudfoundry_space.space_381                                           186ms
  cloudfoundry_space.space_382                                           216ms
  cloudfoundry_space.space_383                                           297ms
  cloudfoundry_space.space_384                                           186ms
  cloudfoundry_space.space_385                                           234ms
  cloudfoundry_space.space_386                                           184ms
  cloudfoundry_space.space_387                                           308ms
  cloudfoundry_space.space_388                                           213ms
  cloudfoundry_space.space_389                                           228ms
  cloudfoundry_space.space_39                                            199ms
  cloudfoundry_space.space_390                                           220ms
  cloudfoundry_space.space_391                                           205ms
  cloudfoundry_space.space_392                                           179ms
  cloudfoundry_space.space_393                                           221ms
  cloudfoundry_space.space_394                                           200ms
  cloudfoundry_space.space_395                                           205ms
  cloudfoundry_space.space_396                                           211ms
  cloudfoundry_space.space_397                                           217ms
  cloudfoundry_space.space_398                                           190ms
  cloudfoundry_space.space_399                                           194ms
  cloudfoundry_space.space_4                                             255ms
  cloudfoundry_space.space_40                                            185ms
  cloudfoundry_space.space_400                                           203ms
  cloudfoundry_space.space_401                                           212ms
  cloudfoundry_space.space_402                                           239ms
  cloudfoundry_space.space_403                                           159ms
  cloudfoundry_space.space_404                                           170ms
  cloudfoundry_space.space_405                                           243ms
  cloudfoundry_space.space_406                                           204ms
  cloudfoundry_space.space_407                                           185ms
  cloudfoundry_space.space_408                                           222ms
  cloudfoundry_space.space_409                                           225ms
  cloudfoundry_space.space_41                                            213ms
  cloudfoundry_space.space_410                                           229ms
  cloudfoundry_space.space_411                                           232ms
  cloudfoundry_space.space_412                                           155ms
  cloudfoundry_space.space_413                                           206ms
  cloudfoundry_space.space_414                                           267ms
  cloudfoundry_space.space_415                                           198ms
  cloudfoundry_space.space_416                                           182ms
  cloudfoundry_space.space_417                                           196ms
  cloudfoundry_space.space_418                                           189ms
  cloudfoundry_space.space_419                                           197ms
  cloudfoundry_space.space_42                                            189ms
  cloudfoundry_space.space_420                                           217ms
  cloudfoundry_space.space_421                                           205ms
  cloudfoundry_space.space_422                                           209ms
  cloudfoundry_space.space_423                                           196ms
  cloudfoundry_space.space_424                                           171ms
  cloudfoundry_space.space_425                                           215ms
  cloudfoundry_space.space_426                                           216ms
  cloudfoundry_space.space_427                                           195ms
  cloudfoundry_space.space_428                                           223ms
  cloudfoundry_space.space_429                                           242ms
  cloudfoundry_space.space_43                                            215ms
  cloudfoundry_space.space_430                                           206ms
  cloudfoundry_space.space_431                                           199ms
  cloudfoundry_space.space_432                                           210ms
  cloudfoundry_space.space_433                                           219ms
  cloudfoundry_space.space_434                                           179ms
  cloudfoundry_space.space_435                                           223ms
  cloudfoundry_space.space_436                                           241ms
  cloudfoundry_space.space_437                                           257ms
  cloudfoundry_space.space_438                                           166ms
  cloudfoundry_space.space_439                                           179ms
  cloudfoundry_space.space_44                                            189ms
  cloudfoundry_space.space_440                                           214ms
  cloudfoundry_space.space_441                                           193ms
  cloudfoundry_space.space_442                                           225ms
  cloudfoundry_space.space_443                                           196ms
  cloudfoundry_space.space_444                                           216ms
  cloudfoundry_space.space_445                                           233ms
  cloudfoundry_space.space_446                                           209ms
  cloudfoundry_space.space_447                                           204ms
  cloudfoundry_space.space_448                                           202ms
  cloudfoundry_space.space_449                                           258ms
  cloudfoundry_space.space_45                                            196ms
  cloudfoundry_space.space_450                                           204ms
  cloudfoundry_space.space_451                                           210ms
  cloudfoundry_space.space_452                                           209ms
  cloudfoundry_space.space_453                                           172ms
  cloudfoundry_space.space_454                                           201ms
  cloudfoundry_space.space_455                                           214ms
  cloudfoundry_space.space_456                                           190ms
  cloudfoundry_space.space_457                                           210ms
  cloudfoundry_space.space_458                                           208ms
  cloudfoundry_space.space_459                                           204ms
  cloudfoundry_space.space_46                                            165ms
  cloudfoundry_space.space_460                                           204ms
  cloudfoundry_space.space_461                                           241ms
  cloudfoundry_space.space_462                                           185ms
  cloudfoundry_space.space_463                                           209ms
  cloudfoundry_space.space_464                                           180ms
  cloudfoundry_space.space_465                                           180ms
  cloudfoundry_space.space_466                                           225ms
  cloudfoundry_space.space_467                                           206ms
  cloudfoundry_space.space_468                                           260ms
  cloudfoundry_space.space_469                                           202ms
  cloudfoundry_space.space_47                                            203ms
  cloudfoundry_space.space_470                                           226ms
  cloudfoundry_space.space_471                                           234ms
  cloudfoundry_space.space_472                                           202ms
  cloudfoundry_space.space_473                                           187ms
  cloudfoundry_space.space_474                                           188ms
  cloudfoundry_space.space_475                                           161ms
  cloudfoundry_space.space_476                                           196ms
  cloudfoundry_space.space_477                                           178ms
  cloudfoundry_space.space_478                                           210ms
  cloudfoundry_space.space_479                                           163ms
  cloudfoundry_space.space_48                                            226ms
  cloudfoundry_space.space_480                                           239ms
  cloudfoundry_space.space_481                                           187ms
  cloudfoundry_space.space_482                                           162ms
  cloudfoundry_space.space_483                                           192ms
  cloudfoundry_space.space_484                                           238ms
  cloudfoundry_space.space_485                                           169ms
  cloudfoundry_space.space_486                                           180ms
  cloudfoundry_space.space_487                                           177ms
  cloudfoundry_space.space_488                                           154ms
  cloudfoundry_space.space_489                                           174ms
  cloudfoundry_space.space_49                                            233ms
  cloudfoundry_space.space_490                                           177ms
  cloudfoundry_space.space_491                                           262ms
  cloudfoundry_space.space_492                                           218ms
  cloudfoundry_space.space_493                                           228ms
  cloudfoundry_space.space_494                                           193ms
  cloudfoundry_space.space_495                                           243ms
  cloudfoundry_space.space_496                                           217ms
  cloudfoundry_space.space_497                                           158ms
  cloudfoundry_space.space_498                                           207ms
  cloudfoundry_space.space_499                                           213ms
  cloudfoundry_space.space_5                                             196ms
  cloudfoundry_space.space_50                                            313ms
  cloudfoundry_space.space_500                                           263ms
  cloudfoundry_space.space_51                                            183ms
  cloudfoundry_space.space_52                                            212ms
  cloudfoundry_space.space_53                                            231ms
  cloudfoundry_space.space_54                                            239ms
  cloudfoundry_space.space_55                                            183ms
  cloudfoundry_space.space_56                                            225ms
  cloudfoundry_space.space_57                                            168ms
  cloudfoundry_space.space_58                                            193ms
  cloudfoundry_space.space_59                                            234ms
  cloudfoundry_space.space_6                                             228ms
  cloudfoundry_space.space_60                                            224ms
  cloudfoundry_space.space_61                                            209ms
  cloudfoundry_space.space_62                                            199ms
  cloudfoundry_space.space_63                                            174ms
  cloudfoundry_space.space_64                                            214ms
  cloudfoundry_space.space_65                                            232ms
  cloudfoundry_space.space_66                                            182ms
  cloudfoundry_space.space_67                                            170ms
  cloudfoundry_space.space_68                                            492ms
  cloudfoundry_space.space_69                                            187ms
  cloudfoundry_space.space_7                                             225ms
  cloudfoundry_space.space_70                                            237ms
  cloudfoundry_space.space_71                                            222ms
  cloudfoundry_space.space_72                                            205ms
  cloudfoundry_space.space_73                                            154ms
  cloudfoundry_space.space_74                                            215ms
  cloudfoundry_space.space_75                                            193ms
  cloudfoundry_space.space_76                                            204ms
  cloudfoundry_space.space_77                                            168ms
  cloudfoundry_space.space_78                                            202ms
  cloudfoundry_space.space_79                                            196ms
  cloudfoundry_space.space_8                                             197ms
  cloudfoundry_space.space_80                                            171ms
  cloudfoundry_space.space_81                                            210ms
  cloudfoundry_space.space_82                                            209ms
  cloudfoundry_space.space_83                                            217ms
  cloudfoundry_space.space_84                                            201ms
  cloudfoundry_space.space_85                                            190ms
  cloudfoundry_space.space_86                                            202ms
  cloudfoundry_space.space_87                                            197ms
  cloudfoundry_space.space_88                                            206ms
  cloudfoundry_space.space_89                                            193ms
  cloudfoundry_space.space_9                                             170ms
  cloudfoundry_space.space_90                                            219ms
  cloudfoundry_space.space_91                                            187ms
  cloudfoundry_space.space_92                                            204ms
  cloudfoundry_space.space_93                                            210ms
  cloudfoundry_space.space_94                                            217ms
  cloudfoundry_space.space_95                                            185ms
  cloudfoundry_space.space_96                                            250ms
  cloudfoundry_space.space_97                                            228ms
  cloudfoundry_space.space_98                                            200ms
  cloudfoundry_space.space_99                                            203ms


Run 3/10:
  Total run time: 6.846027s
  cloudfoundry_space.space_1                                             179ms
  cloudfoundry_space.space_10                                            190ms
  cloudfoundry_space.space_100                                           179ms
  cloudfoundry_space.space_101                                           250ms
  cloudfoundry_space.space_102                                           214ms
  cloudfoundry_space.space_103                                           175ms
  cloudfoundry_space.space_104                                           227ms
  cloudfoundry_space.space_105                                           198ms
  cloudfoundry_space.space_106                                           218ms
  cloudfoundry_space.space_107                                           224ms
  cloudfoundry_space.space_108                                           200ms
  cloudfoundry_space.space_109                                           263ms
  cloudfoundry_space.space_11                                            186ms
  cloudfoundry_space.space_110                                           193ms
  cloudfoundry_space.space_111                                           206ms
  cloudfoundry_space.space_112                                           224ms
  cloudfoundry_space.space_113                                           191ms
  cloudfoundry_space.space_114                                           279ms
  cloudfoundry_space.space_115                                           193ms
  cloudfoundry_space.space_116                                           190ms
  cloudfoundry_space.space_117                                           194ms
  cloudfoundry_space.space_118                                           251ms
  cloudfoundry_space.space_119                                           233ms
  cloudfoundry_space.space_12                                            297ms
  cloudfoundry_space.space_120                                           178ms
  cloudfoundry_space.space_121                                           212ms
  cloudfoundry_space.space_122                                           190ms
  cloudfoundry_space.space_123                                           164ms
  cloudfoundry_space.space_124                                           238ms
  cloudfoundry_space.space_125                                           264ms
  cloudfoundry_space.space_126                                           449ms
  cloudfoundry_space.space_127                                           198ms
  cloudfoundry_space.space_128                                           172ms
  cloudfoundry_space.space_129                                           171ms
  cloudfoundry_space.space_13                                            228ms
  cloudfoundry_space.space_130                                           176ms
  cloudfoundry_space.space_131                                           213ms
  cloudfoundry_space.space_132                                           180ms
  cloudfoundry_space.space_133                                           209ms
  cloudfoundry_space.space_134                                           202ms
  cloudfoundry_space.space_135                                           191ms
  cloudfoundry_space.space_136                                           199ms
  cloudfoundry_space.space_137                                           208ms
  cloudfoundry_space.space_138                                           189ms
  cloudfoundry_space.space_139                                           210ms
  cloudfoundry_space.space_14                                            221ms
  cloudfoundry_space.space_140                                           202ms
  cloudfoundry_space.space_141                                           204ms
  cloudfoundry_space.space_142                                           235ms
  cloudfoundry_space.space_143                                           184ms
  cloudfoundry_space.space_144                                           212ms
  cloudfoundry_space.space_145                                           182ms
  cloudfoundry_space.space_146                                           187ms
  cloudfoundry_space.space_147                                           182ms
  cloudfoundry_space.space_148                                           214ms
  cloudfoundry_space.space_149                                           190ms
  cloudfoundry_space.space_15                                            164ms
  cloudfoundry_space.space_150                                           260ms
  cloudfoundry_space.space_151                                           201ms
  cloudfoundry_space.space_152                                           192ms
  cloudfoundry_space.space_153                                           185ms
  cloudfoundry_space.space_154                                           179ms
  cloudfoundry_space.space_155                                           190ms
  cloudfoundry_space.space_156                                           210ms
  cloudfoundry_space.space_157                                           200ms
  cloudfoundry_space.space_158                                           204ms
  cloudfoundry_space.space_159                                           197ms
  cloudfoundry_space.space_16                                            192ms
  cloudfoundry_space.space_160                                           260ms
  cloudfoundry_space.space_161                                           207ms
  cloudfoundry_space.space_162                                           201ms
  cloudfoundry_space.space_163                                           225ms
  cloudfoundry_space.space_164                                           196ms
  cloudfoundry_space.space_165                                           205ms
  cloudfoundry_space.space_166                                           198ms
  cloudfoundry_space.space_167                                           170ms
  cloudfoundry_space.space_168                                           196ms
  cloudfoundry_space.space_169                                           216ms
  cloudfoundry_space.space_17                                            267ms
  cloudfoundry_space.space_170                                           195ms
  cloudfoundry_space.space_171                                           219ms
  cloudfoundry_space.space_172                                           289ms
  cloudfoundry_space.space_173                                           201ms
  cloudfoundry_space.space_174                                           190ms
  cloudfoundry_space.space_175                                           188ms
  cloudfoundry_space.space_176                                           175ms
  cloudfoundry_space.space_177                                           198ms
  cloudfoundry_space.space_178                                           188ms
  cloudfoundry_space.space_179                                           207ms
  cloudfoundry_space.space_18                                            232ms
  cloudfoundry_space.space_180                                           182ms
  cloudfoundry_space.space_181                                           210ms
  cloudfoundry_space.space_182                                           187ms
  cloudfoundry_space.space_183                                           237ms
  cloudfoundry_space.space_184                                           231ms
  cloudfoundry_space.space_185                                           217ms
  cloudfoundry_space.space_186                                           189ms
  cloudfoundry_space.space_187                                           197ms
  cloudfoundry_space.space_188                                           201ms
  cloudfoundry_space.space_189                                           181ms
  cloudfoundry_space.space_19                                            203ms
  cloudfoundry_space.space_190                                           246ms
  cloudfoundry_space.space_191                                           206ms
  cloudfoundry_space.space_192                                           185ms
  cloudfoundry_space.space_193                                           165ms
  cloudfoundry_space.space_194                                           165ms
  cloudfoundry_space.space_195                                           179ms
  cloudfoundry_space.space_196                                           174ms
  cloudfoundry_space.space_197                                           193ms
  cloudfoundry_space.space_198                                           240ms
  cloudfoundry_space.space_199                                           265ms
  cloudfoundry_space.space_2                                             181ms
  cloudfoundry_space.space_20                                            197ms
  cloudfoundry_space.space_200                                           221ms
  cloudfoundry_space.space_201                                           216ms
  cloudfoundry_space.space_202                                           206ms
  cloudfoundry_space.space_203                                           220ms
  cloudfoundry_space.space_204                                           180ms
  cloudfoundry_space.space_205                                           164ms
  cloudfoundry_space.space_206                                           167ms
  cloudfoundry_space.space_207                                           206ms
  cloudfoundry_space.space_208                                           245ms
  cloudfoundry_space.space_209                                           206ms
  cloudfoundry_space.space_21                                            221ms
  cloudfoundry_space.space_210                                           215ms
  cloudfoundry_space.space_211                                           185ms
  cloudfoundry_space.space_212                                           190ms
  cloudfoundry_space.space_213                                           203ms
  cloudfoundry_space.space_214                                           203ms
  cloudfoundry_space.space_215                                           202ms
  cloudfoundry_space.space_216                                           203ms
  cloudfoundry_space.space_217                                           172ms
  cloudfoundry_space.space_218                                           191ms
  cloudfoundry_space.space_219                                           206ms
  cloudfoundry_space.space_22                                            171ms
  cloudfoundry_space.space_220                                           201ms
  cloudfoundry_space.space_221                                           224ms
  cloudfoundry_space.space_222                                           212ms
  cloudfoundry_space.space_223                                           179ms
  cloudfoundry_space.space_224                                           213ms
  cloudfoundry_space.space_225                                           189ms
  cloudfoundry_space.space_226                                           177ms
  cloudfoundry_space.space_227                                           205ms
  cloudfoundry_space.space_228                                           167ms
  cloudfoundry_space.space_229                                           161ms
  cloudfoundry_space.space_23                                            203ms
  cloudfoundry_space.space_230                                           197ms
  cloudfoundry_space.space_231                                           190ms
  cloudfoundry_space.space_232                                           241ms
  cloudfoundry_space.space_233                                           163ms
  cloudfoundry_space.space_234                                           188ms
  cloudfoundry_space.space_235                                           238ms
  cloudfoundry_space.space_236                                           185ms
  cloudfoundry_space.space_237                                           207ms
  cloudfoundry_space.space_238                                           183ms
  cloudfoundry_space.space_239                                           276ms
  cloudfoundry_space.space_24                                            236ms
  cloudfoundry_space.space_240                                           183ms
  cloudfoundry_space.space_241                                           167ms
  cloudfoundry_space.space_242                                           198ms
  cloudfoundry_space.space_243                                           199ms
  cloudfoundry_space.space_244                                           238ms
  cloudfoundry_space.space_245                                           175ms
  cloudfoundry_space.space_246                                           252ms
  cloudfoundry_space.space_247                                           187ms
  cloudfoundry_space.space_248                                           241ms
  cloudfoundry_space.space_249                                           207ms
  cloudfoundry_space.space_25                                            202ms
  cloudfoundry_space.space_250                                           202ms
  cloudfoundry_space.space_251                                           228ms
  cloudfoundry_space.space_252                                           241ms
  cloudfoundry_space.space_253                                           221ms
  cloudfoundry_space.space_254                                           213ms
  cloudfoundry_space.space_255                                           174ms
  cloudfoundry_space.space_256                                           204ms
  cloudfoundry_space.space_257                                           201ms
  cloudfoundry_space.space_258                                           234ms
  cloudfoundry_space.space_259                                           184ms
  cloudfoundry_space.space_26                                            185ms
  cloudfoundry_space.space_260                                           221ms
  cloudfoundry_space.space_261                                           200ms
  cloudfoundry_space.space_262                                           290ms
  cloudfoundry_space.space_263                                           205ms
  cloudfoundry_space.space_264                                           205ms
  cloudfoundry_space.space_265                                           210ms
  cloudfoundry_space.space_266                                           234ms
  cloudfoundry_space.space_267                                           196ms
  cloudfoundry_space.space_268                                           181ms
  cloudfoundry_space.space_269                                           181ms
  cloudfoundry_space.space_27                                            216ms
  cloudfoundry_space.space_270                                           250ms
  cloudfoundry_space.space_271                                           169ms
  cloudfoundry_space.space_272                                           188ms
  cloudfoundry_space.space_273                                           250ms
  cloudfoundry_space.space_274                                           226ms
  cloudfoundry_space.space_275                                           193ms
  cloudfoundry_space.space_276                                           218ms
  cloudfoundry_space.space_277                                           247ms
  cloudfoundry_space.space_278                                           202ms
  cloudfoundry_space.space_279                                           169ms
  cloudfoundry_space.space_28                                            196ms
  cloudfoundry_space.space_280                                           212ms
  cloudfoundry_space.space_281                                           184ms
  cloudfoundry_space.space_282                                           225ms
  cloudfoundry_space.space_283                                           209ms
  cloudfoundry_space.space_284                                           201ms
  cloudfoundry_space.space_285                                           204ms
  cloudfoundry_space.space_286                                           222ms
  cloudfoundry_space.space_287                                           210ms
  cloudfoundry_space.space_288                                           184ms
  cloudfoundry_space.space_289                                           192ms
  cloudfoundry_space.space_29                                            209ms
  cloudfoundry_space.space_290                                           203ms
  cloudfoundry_space.space_291                                           208ms
  cloudfoundry_space.space_292                                           208ms
  cloudfoundry_space.space_293                                           217ms
  cloudfoundry_space.space_294                                           188ms
  cloudfoundry_space.space_295                                           623ms
  cloudfoundry_space.space_296                                           175ms
  cloudfoundry_space.space_297                                           187ms
  cloudfoundry_space.space_298                                           242ms
  cloudfoundry_space.space_299                                           189ms
  cloudfoundry_space.space_3                                             193ms
  cloudfoundry_space.space_30                                            215ms
  cloudfoundry_space.space_300                                           188ms
  cloudfoundry_space.space_301                                           192ms
  cloudfoundry_space.space_302                                           236ms
  cloudfoundry_space.space_303                                           223ms
  cloudfoundry_space.space_304                                           197ms
  cloudfoundry_space.space_305                                           202ms
  cloudfoundry_space.space_306                                           224ms
  cloudfoundry_space.space_307                                           198ms
  cloudfoundry_space.space_308                                           183ms
  cloudfoundry_space.space_309                                           205ms
  cloudfoundry_space.space_31                                            182ms
  cloudfoundry_space.space_310                                           222ms
  cloudfoundry_space.space_311                                           208ms
  cloudfoundry_space.space_312                                           212ms
  cloudfoundry_space.space_313                                           194ms
  cloudfoundry_space.space_314                                           180ms
  cloudfoundry_space.space_315                                           227ms
  cloudfoundry_space.space_316                                           173ms
  cloudfoundry_space.space_317                                           252ms
  cloudfoundry_space.space_318                                           200ms
  cloudfoundry_space.space_319                                           187ms
  cloudfoundry_space.space_32                                            179ms
  cloudfoundry_space.space_320                                           180ms
  cloudfoundry_space.space_321                                           184ms
  cloudfoundry_space.space_322                                           236ms
  cloudfoundry_space.space_323                                           222ms
  cloudfoundry_space.space_324                                           223ms
  cloudfoundry_space.space_325                                           211ms
  cloudfoundry_space.space_326                                           570ms
  cloudfoundry_space.space_327                                           204ms
  cloudfoundry_space.space_328                                           213ms
  cloudfoundry_space.space_329                                           203ms
  cloudfoundry_space.space_33                                            225ms
  cloudfoundry_space.space_330                                           256ms
  cloudfoundry_space.space_331                                           181ms
  cloudfoundry_space.space_332                                           214ms
  cloudfoundry_space.space_333                                           217ms
  cloudfoundry_space.space_334                                           234ms
  cloudfoundry_space.space_335                                           202ms
  cloudfoundry_space.space_336                                           176ms
  cloudfoundry_space.space_337                                           198ms
  cloudfoundry_space.space_338                                           265ms
  cloudfoundry_space.space_339                                           188ms
  cloudfoundry_space.space_34                                            195ms
  cloudfoundry_space.space_340                                           230ms
  cloudfoundry_space.space_341                                           321ms
  cloudfoundry_space.space_342                                           206ms
  cloudfoundry_space.space_343                                           187ms
  cloudfoundry_space.space_344                                           180ms
  cloudfoundry_space.space_345                                           252ms
  cloudfoundry_space.space_346                                           221ms
  cloudfoundry_space.space_347                                           226ms
  cloudfoundry_space.space_348                                           197ms
  cloudfoundry_space.space_349                                           222ms
  cloudfoundry_space.space_35                                            192ms
  cloudfoundry_space.space_350                                           199ms
  cloudfoundry_space.space_351                                           195ms
  cloudfoundry_space.space_352                                           193ms
  cloudfoundry_space.space_353                                           234ms
  cloudfoundry_space.space_354                                           194ms
  cloudfoundry_space.space_355                                           185ms
  cloudfoundry_space.space_356                                           183ms
  cloudfoundry_space.space_357                                           176ms
  cloudfoundry_space.space_358                                           178ms
  cloudfoundry_space.space_359                                           203ms
  cloudfoundry_space.space_36                                            202ms
  cloudfoundry_space.space_360                                           191ms
  cloudfoundry_space.space_361                                           241ms
  cloudfoundry_space.space_362                                           183ms
  cloudfoundry_space.space_363                                           215ms
  cloudfoundry_space.space_364                                           225ms
  cloudfoundry_space.space_365                                           206ms
  cloudfoundry_space.space_366                                           193ms
  cloudfoundry_space.space_367                                           180ms
  cloudfoundry_space.space_368                                           196ms
  cloudfoundry_space.space_369                                           155ms
  cloudfoundry_space.space_37                                            256ms
  cloudfoundry_space.space_370                                           193ms
  cloudfoundry_space.space_371                                           260ms
  cloudfoundry_space.space_372                                           186ms
  cloudfoundry_space.space_373                                           198ms
  cloudfoundry_space.space_374                                           256ms
  cloudfoundry_space.space_375                                           226ms
  cloudfoundry_space.space_376                                           211ms
  cloudfoundry_space.space_377                                           206ms
  cloudfoundry_space.space_378                                           184ms
  cloudfoundry_space.space_379                                           183ms
  cloudfoundry_space.space_38                                            191ms
  cloudfoundry_space.space_380                                           190ms
  cloudfoundry_space.space_381                                           200ms
  cloudfoundry_space.space_382                                           209ms
  cloudfoundry_space.space_383                                           155ms
  cloudfoundry_space.space_384                                           193ms
  cloudfoundry_space.space_385                                           202ms
  cloudfoundry_space.space_386                                           194ms
  cloudfoundry_space.space_387                                           218ms
  cloudfoundry_space.space_388                                           210ms
  cloudfoundry_space.space_389                                           189ms
  cloudfoundry_space.space_39                                            284ms
  cloudfoundry_space.space_390                                           194ms
  cloudfoundry_space.space_391                                           256ms
  cloudfoundry_space.space_392                                           177ms
  cloudfoundry_space.space_393                                           184ms
  cloudfoundry_space.space_394                                           259ms
  cloudfoundry_space.space_395                                           199ms
  cloudfoundry_space.space_396                                           168ms
  cloudfoundry_space.space_397                                           185ms
  cloudfoundry_space.space_398                                           167ms
  cloudfoundry_space.space_399                                           177ms
  cloudfoundry_space.space_4                                             174ms
  cloudfoundry_space.space_40                                            202ms
  cloudfoundry_space.space_400                                           264ms
  cloudfoundry_space.space_401                                           189ms
  cloudfoundry_space.space_402                                           226ms
  cloudfoundry_space.space_403                                           176ms
  cloudfoundry_space.space_404                                           316ms
  cloudfoundry_space.space_405                                           195ms
  cloudfoundry_space.space_406                                           206ms
  cloudfoundry_space.space_407                                           184ms
  cloudfoundry_space.space_408                                           220ms
  cloudfoundry_space.space_409                                           209ms
  cloudfoundry_space.space_41                                            303ms
  cloudfoundry_space.space_410                                           300ms
  cloudfoundry_space.space_411                                           192ms
  cloudfoundry_space.space_412                                           198ms
  cloudfoundry_space.space_413                                           197ms
  cloudfoundry_space.space_414                                           196ms
  cloudfoundry_space.space_415                                           274ms
  cloudfoundry_space.space_416                                           260ms
  cloudfoundry_space.space_417                                           246ms
  cloudfoundry_space.space_418                                           245ms
  cloudfoundry_space.space_419                                           198ms
  cloudfoundry_space.space_42                                            224ms
  cloudfoundry_space.space_420                                           221ms
  cloudfoundry_space.space_421                                           227ms
  cloudfoundry_space.space_422                                           178ms
  cloudfoundry_space.space_423                                           264ms
  cloudfoundry_space.space_424                                           206ms
  cloudfoundry_space.space_425                                           232ms
  cloudfoundry_space.space_426                                           173ms
  cloudfoundry_space.space_427                                           197ms
  cloudfoundry_space.space_428                                           215ms
  cloudfoundry_space.space_429                                           186ms
  cloudfoundry_space.space_43                                            258ms
  cloudfoundry_space.space_430                                           264ms
  cloudfoundry_space.space_431                                           273ms
  cloudfoundry_space.space_432                                           187ms
  cloudfoundry_space.space_433                                           209ms
  cloudfoundry_space.space_434                                           249ms
  cloudfoundry_space.space_435                                           209ms
  cloudfoundry_space.space_436                                           214ms
  cloudfoundry_space.space_437                                           193ms
  cloudfoundry_space.space_438                                           200ms
  cloudfoundry_space.space_439                                           198ms
  cloudfoundry_space.space_44                                            285ms
  cloudfoundry_space.space_440                                           198ms
  cloudfoundry_space.space_441                                           226ms
  cloudfoundry_space.space_442                                           218ms
  cloudfoundry_space.space_443                                           227ms
  cloudfoundry_space.space_444                                           250ms
  cloudfoundry_space.space_445                                           189ms
  cloudfoundry_space.space_446                                           185ms
  cloudfoundry_space.space_447                                           215ms
  cloudfoundry_space.space_448                                           235ms
  cloudfoundry_space.space_449                                           272ms
  cloudfoundry_space.space_45                                            235ms
  cloudfoundry_space.space_450                                           216ms
  cloudfoundry_space.space_451                                           224ms
  cloudfoundry_space.space_452                                           207ms
  cloudfoundry_space.space_453                                           200ms
  cloudfoundry_space.space_454                                           204ms
  cloudfoundry_space.space_455                                           170ms
  cloudfoundry_space.space_456                                           224ms
  cloudfoundry_space.space_457                                           164ms
  cloudfoundry_space.space_458                                           220ms
  cloudfoundry_space.space_459                                           189ms
  cloudfoundry_space.space_46                                            181ms
  cloudfoundry_space.space_460                                           187ms
  cloudfoundry_space.space_461                                           275ms
  cloudfoundry_space.space_462                                           198ms
  cloudfoundry_space.space_463                                           184ms
  cloudfoundry_space.space_464                                           171ms
  cloudfoundry_space.space_465                                           1497ms
  cloudfoundry_space.space_466                                           209ms
  cloudfoundry_space.space_467                                           197ms
  cloudfoundry_space.space_468                                           219ms
  cloudfoundry_space.space_469                                           188ms
  cloudfoundry_space.space_47                                            196ms
  cloudfoundry_space.space_470                                           205ms
  cloudfoundry_space.space_471                                           206ms
  cloudfoundry_space.space_472                                           198ms
  cloudfoundry_space.space_473                                           216ms
  cloudfoundry_space.space_474                                           184ms
  cloudfoundry_space.space_475                                           203ms
  cloudfoundry_space.space_476                                           271ms
  cloudfoundry_space.space_477                                           212ms
  cloudfoundry_space.space_478                                           180ms
  cloudfoundry_space.space_479                                           195ms
  cloudfoundry_space.space_48                                            177ms
  cloudfoundry_space.space_480                                           187ms
  cloudfoundry_space.space_481                                           183ms
  cloudfoundry_space.space_482                                           203ms
  cloudfoundry_space.space_483                                           227ms
  cloudfoundry_space.space_484                                           193ms
  cloudfoundry_space.space_485                                           273ms
  cloudfoundry_space.space_486                                           185ms
  cloudfoundry_space.space_487                                           195ms
  cloudfoundry_space.space_488                                           200ms
  cloudfoundry_space.space_489                                           184ms
  cloudfoundry_space.space_49                                            212ms
  cloudfoundry_space.space_490                                           171ms
  cloudfoundry_space.space_491                                           218ms
  cloudfoundry_space.space_492                                           199ms
  cloudfoundry_space.space_493                                           205ms
  cloudfoundry_space.space_494                                           180ms
  cloudfoundry_space.space_495                                           221ms
  cloudfoundry_space.space_496                                           194ms
  cloudfoundry_space.space_497                                           179ms
  cloudfoundry_space.space_498                                           186ms
  cloudfoundry_space.space_499                                           200ms
  cloudfoundry_space.space_5                                             224ms
  cloudfoundry_space.space_50                                            182ms
  cloudfoundry_space.space_500                                           192ms
  cloudfoundry_space.space_51                                            220ms
  cloudfoundry_space.space_52                                            167ms
  cloudfoundry_space.space_53                                            209ms
  cloudfoundry_space.space_54                                            227ms
  cloudfoundry_space.space_55                                            240ms
  cloudfoundry_space.space_56                                            200ms
  cloudfoundry_space.space_57                                            205ms
  cloudfoundry_space.space_58                                            167ms
  cloudfoundry_space.space_59                                            207ms
  cloudfoundry_space.space_6                                             181ms
  cloudfoundry_space.space_60                                            197ms
  cloudfoundry_space.space_61                                            184ms
  cloudfoundry_space.space_62                                            223ms
  cloudfoundry_space.space_63                                            192ms
  cloudfoundry_space.space_64                                            203ms
  cloudfoundry_space.space_65                                            229ms
  cloudfoundry_space.space_66                                            195ms
  cloudfoundry_space.space_67                                            180ms
  cloudfoundry_space.space_68                                            205ms
  cloudfoundry_space.space_69                                            251ms
  cloudfoundry_space.space_7                                             207ms
  cloudfoundry_space.space_70                                            217ms
  cloudfoundry_space.space_71                                            251ms
  cloudfoundry_space.space_72                                            258ms
  cloudfoundry_space.space_73                                            209ms
  cloudfoundry_space.space_74                                            256ms
  cloudfoundry_space.space_75                                            206ms
  cloudfoundry_space.space_76                                            288ms
  cloudfoundry_space.space_77                                            203ms
  cloudfoundry_space.space_78                                            188ms
  cloudfoundry_space.space_79                                            174ms
  cloudfoundry_space.space_8                                             209ms
  cloudfoundry_space.space_80                                            217ms
  cloudfoundry_space.space_81                                            221ms
  cloudfoundry_space.space_82                                            201ms
  cloudfoundry_space.space_83                                            207ms
  cloudfoundry_space.space_84                                            214ms
  cloudfoundry_space.space_85                                            213ms
  cloudfoundry_space.space_86                                            190ms
  cloudfoundry_space.space_87                                            243ms
  cloudfoundry_space.space_88                                            298ms
  cloudfoundry_space.space_89                                            229ms
  cloudfoundry_space.space_9                                             198ms
  cloudfoundry_space.space_90                                            234ms
  cloudfoundry_space.space_91                                            225ms
  cloudfoundry_space.space_92                                            246ms
  cloudfoundry_space.space_93                                            181ms
  cloudfoundry_space.space_94                                            211ms
  cloudfoundry_space.space_95                                            273ms
  cloudfoundry_space.space_96                                            245ms
  cloudfoundry_space.space_97                                            212ms
  cloudfoundry_space.space_98                                            197ms
  cloudfoundry_space.space_99                                            239ms


Run 4/10:
  Total run time: 6.506825s
  cloudfoundry_space.space_1                                             214ms
  cloudfoundry_space.space_10                                            186ms
  cloudfoundry_space.space_100                                           165ms
  cloudfoundry_space.space_101                                           232ms
  cloudfoundry_space.space_102                                           235ms
  cloudfoundry_space.space_103                                           179ms
  cloudfoundry_space.space_104                                           215ms
  cloudfoundry_space.space_105                                           193ms
  cloudfoundry_space.space_106                                           174ms
  cloudfoundry_space.space_107                                           202ms
  cloudfoundry_space.space_108                                           234ms
  cloudfoundry_space.space_109                                           189ms
  cloudfoundry_space.space_11                                            190ms
  cloudfoundry_space.space_110                                           208ms
  cloudfoundry_space.space_111                                           226ms
  cloudfoundry_space.space_112                                           216ms
  cloudfoundry_space.space_113                                           162ms
  cloudfoundry_space.space_114                                           215ms
  cloudfoundry_space.space_115                                           162ms
  cloudfoundry_space.space_116                                           208ms
  cloudfoundry_space.space_117                                           183ms
  cloudfoundry_space.space_118                                           193ms
  cloudfoundry_space.space_119                                           169ms
  cloudfoundry_space.space_12                                            143ms
  cloudfoundry_space.space_120                                           241ms
  cloudfoundry_space.space_121                                           222ms
  cloudfoundry_space.space_122                                           218ms
  cloudfoundry_space.space_123                                           191ms
  cloudfoundry_space.space_124                                           209ms
  cloudfoundry_space.space_125                                           208ms
  cloudfoundry_space.space_126                                           200ms
  cloudfoundry_space.space_127                                           158ms
  cloudfoundry_space.space_128                                           213ms
  cloudfoundry_space.space_129                                           214ms
  cloudfoundry_space.space_13                                            226ms
  cloudfoundry_space.space_130                                           182ms
  cloudfoundry_space.space_131                                           194ms
  cloudfoundry_space.space_132                                           175ms
  cloudfoundry_space.space_133                                           196ms
  cloudfoundry_space.space_134                                           202ms
  cloudfoundry_space.space_135                                           174ms
  cloudfoundry_space.space_136                                           159ms
  cloudfoundry_space.space_137                                           176ms
  cloudfoundry_space.space_138                                           186ms
  cloudfoundry_space.space_139                                           163ms
  cloudfoundry_space.space_14                                            172ms
  cloudfoundry_space.space_140                                           191ms
  cloudfoundry_space.space_141                                           241ms
  cloudfoundry_space.space_142                                           241ms
  cloudfoundry_space.space_143                                           176ms
  cloudfoundry_space.space_144                                           200ms
  cloudfoundry_space.space_145                                           247ms
  cloudfoundry_space.space_146                                           187ms
  cloudfoundry_space.space_147                                           175ms
  cloudfoundry_space.space_148                                           169ms
  cloudfoundry_space.space_149                                           183ms
  cloudfoundry_space.space_15                                            173ms
  cloudfoundry_space.space_150                                           188ms
  cloudfoundry_space.space_151                                           212ms
  cloudfoundry_space.space_152                                           213ms
  cloudfoundry_space.space_153                                           178ms
  cloudfoundry_space.space_154                                           200ms
  cloudfoundry_space.space_155                                           185ms
  cloudfoundry_space.space_156                                           218ms
  cloudfoundry_space.space_157                                           191ms
  cloudfoundry_space.space_158                                           214ms
  cloudfoundry_space.space_159                                           241ms
  cloudfoundry_space.space_16                                            223ms
  cloudfoundry_space.space_160                                           204ms
  cloudfoundry_space.space_161                                           236ms
  cloudfoundry_space.space_162                                           175ms
  cloudfoundry_space.space_163                                           204ms
  cloudfoundry_space.space_164                                           201ms
  cloudfoundry_space.space_165                                           212ms
  cloudfoundry_space.space_166                                           181ms
  cloudfoundry_space.space_167                                           163ms
  cloudfoundry_space.space_168                                           207ms
  cloudfoundry_space.space_169                                           244ms
  cloudfoundry_space.space_17                                            242ms
  cloudfoundry_space.space_170                                           197ms
  cloudfoundry_space.space_171                                           190ms
  cloudfoundry_space.space_172                                           234ms
  cloudfoundry_space.space_173                                           247ms
  cloudfoundry_space.space_174                                           202ms
  cloudfoundry_space.space_175                                           164ms
  cloudfoundry_space.space_176                                           190ms
  cloudfoundry_space.space_177                                           211ms
  cloudfoundry_space.space_178                                           190ms
  cloudfoundry_space.space_179                                           205ms
  cloudfoundry_space.space_18                                            179ms
  cloudfoundry_space.space_180                                           217ms
  cloudfoundry_space.space_181                                           186ms
  cloudfoundry_space.space_182                                           186ms
  cloudfoundry_space.space_183                                           212ms
  cloudfoundry_space.space_184                                           192ms
  cloudfoundry_space.space_185                                           165ms
  cloudfoundry_space.space_186                                           215ms
  cloudfoundry_space.space_187                                           211ms
  cloudfoundry_space.space_188                                           188ms
  cloudfoundry_space.space_189                                           225ms
  cloudfoundry_space.space_19                                            224ms
  cloudfoundry_space.space_190                                           232ms
  cloudfoundry_space.space_191                                           196ms
  cloudfoundry_space.space_192                                           191ms
  cloudfoundry_space.space_193                                           163ms
  cloudfoundry_space.space_194                                           200ms
  cloudfoundry_space.space_195                                           211ms
  cloudfoundry_space.space_196                                           210ms
  cloudfoundry_space.space_197                                           155ms
  cloudfoundry_space.space_198                                           144ms
  cloudfoundry_space.space_199                                           197ms
  cloudfoundry_space.space_2                                             192ms
  cloudfoundry_space.space_20                                            182ms
  cloudfoundry_space.space_200                                           214ms
  cloudfoundry_space.space_201                                           176ms
  cloudfoundry_space.space_202                                           176ms
  cloudfoundry_space.space_203                                           249ms
  cloudfoundry_space.space_204                                           187ms
  cloudfoundry_space.space_205                                           241ms
  cloudfoundry_space.space_206                                           212ms
  cloudfoundry_space.space_207                                           204ms
  cloudfoundry_space.space_208                                           210ms
  cloudfoundry_space.space_209                                           216ms
  cloudfoundry_space.space_21                                            161ms
  cloudfoundry_space.space_210                                           171ms
  cloudfoundry_space.space_211                                           177ms
  cloudfoundry_space.space_212                                           186ms
  cloudfoundry_space.space_213                                           206ms
  cloudfoundry_space.space_214                                           187ms
  cloudfoundry_space.space_215                                           208ms
  cloudfoundry_space.space_216                                           199ms
  cloudfoundry_space.space_217                                           236ms
  cloudfoundry_space.space_218                                           233ms
  cloudfoundry_space.space_219                                           216ms
  cloudfoundry_space.space_22                                            217ms
  cloudfoundry_space.space_220                                           159ms
  cloudfoundry_space.space_221                                           207ms
  cloudfoundry_space.space_222                                           192ms
  cloudfoundry_space.space_223                                           181ms
  cloudfoundry_space.space_224                                           218ms
  cloudfoundry_space.space_225                                           225ms
  cloudfoundry_space.space_226                                           218ms
  cloudfoundry_space.space_227                                           191ms
  cloudfoundry_space.space_228                                           158ms
  cloudfoundry_space.space_229                                           197ms
  cloudfoundry_space.space_23                                            158ms
  cloudfoundry_space.space_230                                           201ms
  cloudfoundry_space.space_231                                           223ms
  cloudfoundry_space.space_232                                           211ms
  cloudfoundry_space.space_233                                           185ms
  cloudfoundry_space.space_234                                           166ms
  cloudfoundry_space.space_235                                           194ms
  cloudfoundry_space.space_236                                           168ms
  cloudfoundry_space.space_237                                           214ms
  cloudfoundry_space.space_238                                           192ms
  cloudfoundry_space.space_239                                           215ms
  cloudfoundry_space.space_24                                            205ms
  cloudfoundry_space.space_240                                           242ms
  cloudfoundry_space.space_241                                           194ms
  cloudfoundry_space.space_242                                           197ms
  cloudfoundry_space.space_243                                           200ms
  cloudfoundry_space.space_244                                           171ms
  cloudfoundry_space.space_245                                           202ms
  cloudfoundry_space.space_246                                           155ms
  cloudfoundry_space.space_247                                           164ms
  cloudfoundry_space.space_248                                           247ms
  cloudfoundry_space.space_249                                           173ms
  cloudfoundry_space.space_25                                            187ms
  cloudfoundry_space.space_250                                           244ms
  cloudfoundry_space.space_251                                           197ms
  cloudfoundry_space.space_252                                           170ms
  cloudfoundry_space.space_253                                           207ms
  cloudfoundry_space.space_254                                           213ms
  cloudfoundry_space.space_255                                           188ms
  cloudfoundry_space.space_256                                           181ms
  cloudfoundry_space.space_257                                           247ms
  cloudfoundry_space.space_258                                           211ms
  cloudfoundry_space.space_259                                           200ms
  cloudfoundry_space.space_26                                            211ms
  cloudfoundry_space.space_260                                           192ms
  cloudfoundry_space.space_261                                           182ms
  cloudfoundry_space.space_262                                           197ms
  cloudfoundry_space.space_263                                           210ms
  cloudfoundry_space.space_264                                           182ms
  cloudfoundry_space.space_265                                           190ms
  cloudfoundry_space.space_266                                           191ms
  cloudfoundry_space.space_267                                           228ms
  cloudfoundry_space.space_268                                           203ms
  cloudfoundry_space.space_269                                           193ms
  cloudfoundry_space.space_27                                            170ms
  cloudfoundry_space.space_270                                           227ms
  cloudfoundry_space.space_271                                           160ms
  cloudfoundry_space.space_272                                           190ms
  cloudfoundry_space.space_273                                           173ms
  cloudfoundry_space.space_274                                           197ms
  cloudfoundry_space.space_275                                           179ms
  cloudfoundry_space.space_276                                           225ms
  cloudfoundry_space.space_277                                           164ms
  cloudfoundry_space.space_278                                           211ms
  cloudfoundry_space.space_279                                           231ms
  cloudfoundry_space.space_28                                            230ms
  cloudfoundry_space.space_280                                           172ms
  cloudfoundry_space.space_281                                           226ms
  cloudfoundry_space.space_282                                           212ms
  cloudfoundry_space.space_283                                           176ms
  cloudfoundry_space.space_284                                           201ms
  cloudfoundry_space.space_285                                           181ms
  cloudfoundry_space.space_286                                           197ms
  cloudfoundry_space.space_287                                           198ms
  cloudfoundry_space.space_288                                           177ms
  cloudfoundry_space.space_289                                           198ms
  cloudfoundry_space.space_29                                            178ms
  cloudfoundry_space.space_290                                           186ms
  cloudfoundry_space.space_291                                           196ms
  cloudfoundry_space.space_292                                           168ms
  cloudfoundry_space.space_293                                           203ms
  cloudfoundry_space.space_294                                           219ms
  cloudfoundry_space.space_295                                           222ms
  cloudfoundry_space.space_296                                           169ms
  cloudfoundry_space.space_297                                           194ms
  cloudfoundry_space.space_298                                           215ms
  cloudfoundry_space.space_299                                           230ms
  cloudfoundry_space.space_3                                             147ms
  cloudfoundry_space.space_30                                            207ms
  cloudfoundry_space.space_300                                           189ms
  cloudfoundry_space.space_301                                           200ms
  cloudfoundry_space.space_302                                           191ms
  cloudfoundry_space.space_303                                           194ms
  cloudfoundry_space.space_304                                           216ms
  cloudfoundry_space.space_305                                           174ms
  cloudfoundry_space.space_306                                           182ms
  cloudfoundry_space.space_307                                           201ms
  cloudfoundry_space.space_308                                           189ms
  cloudfoundry_space.space_309                                           169ms
  cloudfoundry_space.space_31                                            196ms
  cloudfoundry_space.space_310                                           218ms
  cloudfoundry_space.space_311                                           179ms
  cloudfoundry_space.space_312                                           191ms
  cloudfoundry_space.space_313                                           191ms
  cloudfoundry_space.space_314                                           207ms
  cloudfoundry_space.space_315                                           209ms
  cloudfoundry_space.space_316                                           168ms
  cloudfoundry_space.space_317                                           231ms
  cloudfoundry_space.space_318                                           173ms
  cloudfoundry_space.space_319                                           200ms
  cloudfoundry_space.space_32                                            172ms
  cloudfoundry_space.space_320                                           192ms
  cloudfoundry_space.space_321                                           222ms
  cloudfoundry_space.space_322                                           179ms
  cloudfoundry_space.space_323                                           193ms
  cloudfoundry_space.space_324                                           152ms
  cloudfoundry_space.space_325                                           207ms
  cloudfoundry_space.space_326                                           193ms
  cloudfoundry_space.space_327                                           169ms
  cloudfoundry_space.space_328                                           241ms
  cloudfoundry_space.space_329                                           204ms
  cloudfoundry_space.space_33                                            210ms
  cloudfoundry_space.space_330                                           182ms
  cloudfoundry_space.space_331                                           178ms
  cloudfoundry_space.space_332                                           217ms
  cloudfoundry_space.space_333                                           176ms
  cloudfoundry_space.space_334                                           190ms
  cloudfoundry_space.space_335                                           200ms
  cloudfoundry_space.space_336                                           191ms
  cloudfoundry_space.space_337                                           209ms
  cloudfoundry_space.space_338                                           192ms
  cloudfoundry_space.space_339                                           202ms
  cloudfoundry_space.space_34                                            188ms
  cloudfoundry_space.space_340                                           203ms
  cloudfoundry_space.space_341                                           210ms
  cloudfoundry_space.space_342                                           221ms
  cloudfoundry_space.space_343                                           187ms
  cloudfoundry_space.space_344                                           208ms
  cloudfoundry_space.space_345                                           173ms
  cloudfoundry_space.space_346                                           171ms
  cloudfoundry_space.space_347                                           194ms
  cloudfoundry_space.space_348                                           183ms
  cloudfoundry_space.space_349                                           229ms
  cloudfoundry_space.space_35                                            223ms
  cloudfoundry_space.space_350                                           215ms
  cloudfoundry_space.space_351                                           158ms
  cloudfoundry_space.space_352                                           190ms
  cloudfoundry_space.space_353                                           178ms
  cloudfoundry_space.space_354                                           227ms
  cloudfoundry_space.space_355                                           180ms
  cloudfoundry_space.space_356                                           191ms
  cloudfoundry_space.space_357                                           208ms
  cloudfoundry_space.space_358                                           179ms
  cloudfoundry_space.space_359                                           206ms
  cloudfoundry_space.space_36                                            183ms
  cloudfoundry_space.space_360                                           167ms
  cloudfoundry_space.space_361                                           181ms
  cloudfoundry_space.space_362                                           214ms
  cloudfoundry_space.space_363                                           203ms
  cloudfoundry_space.space_364                                           195ms
  cloudfoundry_space.space_365                                           149ms
  cloudfoundry_space.space_366                                           214ms
  cloudfoundry_space.space_367                                           175ms
  cloudfoundry_space.space_368                                           174ms
  cloudfoundry_space.space_369                                           194ms
  cloudfoundry_space.space_37                                            203ms
  cloudfoundry_space.space_370                                           162ms
  cloudfoundry_space.space_371                                           230ms
  cloudfoundry_space.space_372                                           164ms
  cloudfoundry_space.space_373                                           223ms
  cloudfoundry_space.space_374                                           176ms
  cloudfoundry_space.space_375                                           195ms
  cloudfoundry_space.space_376                                           196ms
  cloudfoundry_space.space_377                                           167ms
  cloudfoundry_space.space_378                                           197ms
  cloudfoundry_space.space_379                                           172ms
  cloudfoundry_space.space_38                                            206ms
  cloudfoundry_space.space_380                                           196ms
  cloudfoundry_space.space_381                                           219ms
  cloudfoundry_space.space_382                                           188ms
  cloudfoundry_space.space_383                                           219ms
  cloudfoundry_space.space_384                                           193ms
  cloudfoundry_space.space_385                                           267ms
  cloudfoundry_space.space_386                                           215ms
  cloudfoundry_space.space_387                                           212ms
  cloudfoundry_space.space_388                                           190ms
  cloudfoundry_space.space_389                                           190ms
  cloudfoundry_space.space_39                                            183ms
  cloudfoundry_space.space_390                                           177ms
  cloudfoundry_space.space_391                                           232ms
  cloudfoundry_space.space_392                                           197ms
  cloudfoundry_space.space_393                                           198ms
  cloudfoundry_space.space_394                                           191ms
  cloudfoundry_space.space_395                                           249ms
  cloudfoundry_space.space_396                                           194ms
  cloudfoundry_space.space_397                                           197ms
  cloudfoundry_space.space_398                                           175ms
  cloudfoundry_space.space_399                                           193ms
  cloudfoundry_space.space_4                                             227ms
  cloudfoundry_space.space_40                                            176ms
  cloudfoundry_space.space_400                                           243ms
  cloudfoundry_space.space_401                                           198ms
  cloudfoundry_space.space_402                                           192ms
  cloudfoundry_space.space_403                                           153ms
  cloudfoundry_space.space_404                                           204ms
  cloudfoundry_space.space_405                                           235ms
  cloudfoundry_space.space_406                                           207ms
  cloudfoundry_space.space_407                                           215ms
  cloudfoundry_space.space_408                                           207ms
  cloudfoundry_space.space_409                                           183ms
  cloudfoundry_space.space_41                                            208ms
  cloudfoundry_space.space_410                                           186ms
  cloudfoundry_space.space_411                                           201ms
  cloudfoundry_space.space_412                                           193ms
  cloudfoundry_space.space_413                                           193ms
  cloudfoundry_space.space_414                                           192ms
  cloudfoundry_space.space_415                                           206ms
  cloudfoundry_space.space_416                                           226ms
  cloudfoundry_space.space_417                                           176ms
  cloudfoundry_space.space_418                                           186ms
  cloudfoundry_space.space_419                                           161ms
  cloudfoundry_space.space_42                                            230ms
  cloudfoundry_space.space_420                                           183ms
  cloudfoundry_space.space_421                                           177ms
  cloudfoundry_space.space_422                                           169ms
  cloudfoundry_space.space_423                                           228ms
  cloudfoundry_space.space_424                                           249ms
  cloudfoundry_space.space_425                                           187ms
  cloudfoundry_space.space_426                                           207ms
  cloudfoundry_space.space_427                                           224ms
  cloudfoundry_space.space_428                                           168ms
  cloudfoundry_space.space_429                                           192ms
  cloudfoundry_space.space_43                                            230ms
  cloudfoundry_space.space_430                                           230ms
  cloudfoundry_space.space_431                                           208ms
  cloudfoundry_space.space_432                                           203ms
  cloudfoundry_space.space_433                                           192ms
  cloudfoundry_space.space_434                                           207ms
  cloudfoundry_space.space_435                                           216ms
  cloudfoundry_space.space_436                                           175ms
  cloudfoundry_space.space_437                                           198ms
  cloudfoundry_space.space_438                                           191ms
  cloudfoundry_space.space_439                                           201ms
  cloudfoundry_space.space_44                                            205ms
  cloudfoundry_space.space_440                                           208ms
  cloudfoundry_space.space_441                                           207ms
  cloudfoundry_space.space_442                                           173ms
  cloudfoundry_space.space_443                                           154ms
  cloudfoundry_space.space_444                                           185ms
  cloudfoundry_space.space_445                                           191ms
  cloudfoundry_space.space_446                                           229ms
  cloudfoundry_space.space_447                                           213ms
  cloudfoundry_space.space_448                                           220ms
  cloudfoundry_space.space_449                                           229ms
  cloudfoundry_space.space_45                                            185ms
  cloudfoundry_space.space_450                                           188ms
  cloudfoundry_space.space_451                                           219ms
  cloudfoundry_space.space_452                                           201ms
  cloudfoundry_space.space_453                                           241ms
  cloudfoundry_space.space_454                                           242ms
  cloudfoundry_space.space_455                                           173ms
  cloudfoundry_space.space_456                                           162ms
  cloudfoundry_space.space_457                                           208ms
  cloudfoundry_space.space_458                                           228ms
  cloudfoundry_space.space_459                                           178ms
  cloudfoundry_space.space_46                                            208ms
  cloudfoundry_space.space_460                                           197ms
  cloudfoundry_space.space_461                                           209ms
  cloudfoundry_space.space_462                                           209ms
  cloudfoundry_space.space_463                                           207ms
  cloudfoundry_space.space_464                                           183ms
  cloudfoundry_space.space_465                                           229ms
  cloudfoundry_space.space_466                                           186ms
  cloudfoundry_space.space_467                                           161ms
  cloudfoundry_space.space_468                                           241ms
  cloudfoundry_space.space_469                                           242ms
  cloudfoundry_space.space_47                                            194ms
  cloudfoundry_space.space_470                                           203ms
  cloudfoundry_space.space_471                                           172ms
  cloudfoundry_space.space_472                                           240ms
  cloudfoundry_space.space_473                                           210ms
  cloudfoundry_space.space_474                                           188ms
  cloudfoundry_space.space_475                                           207ms
  cloudfoundry_space.space_476                                           211ms
  cloudfoundry_space.space_477                                           213ms
  cloudfoundry_space.space_478                                           197ms
  cloudfoundry_space.space_479                                           187ms
  cloudfoundry_space.space_48                                            232ms
  cloudfoundry_space.space_480                                           195ms
  cloudfoundry_space.space_481                                           216ms
  cloudfoundry_space.space_482                                           240ms
  cloudfoundry_space.space_483                                           177ms
  cloudfoundry_space.space_484                                           184ms
  cloudfoundry_space.space_485                                           218ms
  cloudfoundry_space.space_486                                           247ms
  cloudfoundry_space.space_487                                           177ms
  cloudfoundry_space.space_488                                           206ms
  cloudfoundry_space.space_489                                           201ms
  cloudfoundry_space.space_49                                            189ms
  cloudfoundry_space.space_490                                           202ms
  cloudfoundry_space.space_491                                           169ms
  cloudfoundry_space.space_492                                           228ms
  cloudfoundry_space.space_493                                           207ms
  cloudfoundry_space.space_494                                           193ms
  cloudfoundry_space.space_495                                           215ms
  cloudfoundry_space.space_496                                           206ms
  cloudfoundry_space.space_497                                           169ms
  cloudfoundry_space.space_498                                           231ms
  cloudfoundry_space.space_499                                           200ms
  cloudfoundry_space.space_5                                             161ms
  cloudfoundry_space.space_50                                            229ms
  cloudfoundry_space.space_500                                           178ms
  cloudfoundry_space.space_51                                            176ms
  cloudfoundry_space.space_52                                            193ms
  cloudfoundry_space.space_53                                            203ms
  cloudfoundry_space.space_54                                            174ms
  cloudfoundry_space.space_55                                            191ms
  cloudfoundry_space.space_56                                            194ms
  cloudfoundry_space.space_57                                            236ms
  cloudfoundry_space.space_58                                            204ms
  cloudfoundry_space.space_59                                            207ms
  cloudfoundry_space.space_6                                             179ms
  cloudfoundry_space.space_60                                            193ms
  cloudfoundry_space.space_61                                            241ms
  cloudfoundry_space.space_62                                            254ms
  cloudfoundry_space.space_63                                            164ms
  cloudfoundry_space.space_64                                            191ms
  cloudfoundry_space.space_65                                            183ms
  cloudfoundry_space.space_66                                            184ms
  cloudfoundry_space.space_67                                            170ms
  cloudfoundry_space.space_68                                            161ms
  cloudfoundry_space.space_69                                            179ms
  cloudfoundry_space.space_7                                             185ms
  cloudfoundry_space.space_70                                            166ms
  cloudfoundry_space.space_71                                            218ms
  cloudfoundry_space.space_72                                            229ms
  cloudfoundry_space.space_73                                            215ms
  cloudfoundry_space.space_74                                            200ms
  cloudfoundry_space.space_75                                            199ms
  cloudfoundry_space.space_76                                            196ms
  cloudfoundry_space.space_77                                            206ms
  cloudfoundry_space.space_78                                            193ms
  cloudfoundry_space.space_79                                            251ms
  cloudfoundry_space.space_8                                             181ms
  cloudfoundry_space.space_80                                            177ms
  cloudfoundry_space.space_81                                            229ms
  cloudfoundry_space.space_82                                            211ms
  cloudfoundry_space.space_83                                            179ms
  cloudfoundry_space.space_84                                            250ms
  cloudfoundry_space.space_85                                            183ms
  cloudfoundry_space.space_86                                            200ms
  cloudfoundry_space.space_87                                            211ms
  cloudfoundry_space.space_88                                            224ms
  cloudfoundry_space.space_89                                            172ms
  cloudfoundry_space.space_9                                             194ms
  cloudfoundry_space.space_90                                            228ms
  cloudfoundry_space.space_91                                            188ms
  cloudfoundry_space.space_92                                            181ms
  cloudfoundry_space.space_93                                            179ms
  cloudfoundry_space.space_94                                            208ms
  cloudfoundry_space.space_95                                            205ms
  cloudfoundry_space.space_96                                            178ms
  cloudfoundry_space.space_97                                            203ms
  cloudfoundry_space.space_98                                            200ms
  cloudfoundry_space.space_99                                            194ms


Run 5/10:
  Total run time: 7.267935s
  cloudfoundry_space.space_1                                             246ms
  cloudfoundry_space.space_10                                            215ms
  cloudfoundry_space.space_100                                           250ms
  cloudfoundry_space.space_101                                           211ms
  cloudfoundry_space.space_102                                           227ms
  cloudfoundry_space.space_103                                           183ms
  cloudfoundry_space.space_104                                           255ms
  cloudfoundry_space.space_105                                           203ms
  cloudfoundry_space.space_106                                           269ms
  cloudfoundry_space.space_107                                           292ms
  cloudfoundry_space.space_108                                           268ms
  cloudfoundry_space.space_109                                           189ms
  cloudfoundry_space.space_11                                            193ms
  cloudfoundry_space.space_110                                           201ms
  cloudfoundry_space.space_111                                           233ms
  cloudfoundry_space.space_112                                           272ms
  cloudfoundry_space.space_113                                           265ms
  cloudfoundry_space.space_114                                           230ms
  cloudfoundry_space.space_115                                           196ms
  cloudfoundry_space.space_116                                           264ms
  cloudfoundry_space.space_117                                           236ms
  cloudfoundry_space.space_118                                           241ms
  cloudfoundry_space.space_119                                           187ms
  cloudfoundry_space.space_12                                            216ms
  cloudfoundry_space.space_120                                           154ms
  cloudfoundry_space.space_121                                           236ms
  cloudfoundry_space.space_122                                           183ms
  cloudfoundry_space.space_123                                           221ms
  cloudfoundry_space.space_124                                           257ms
  cloudfoundry_space.space_125                                           241ms
  cloudfoundry_space.space_126                                           254ms
  cloudfoundry_space.space_127                                           257ms
  cloudfoundry_space.space_128                                           213ms
  cloudfoundry_space.space_129                                           167ms
  cloudfoundry_space.space_13                                            226ms
  cloudfoundry_space.space_130                                           180ms
  cloudfoundry_space.space_131                                           241ms
  cloudfoundry_space.space_132                                           242ms
  cloudfoundry_space.space_133                                           216ms
  cloudfoundry_space.space_134                                           242ms
  cloudfoundry_space.space_135                                           274ms
  cloudfoundry_space.space_136                                           255ms
  cloudfoundry_space.space_137                                           259ms
  cloudfoundry_space.space_138                                           253ms
  cloudfoundry_space.space_139                                           226ms
  cloudfoundry_space.space_14                                            267ms
  cloudfoundry_space.space_140                                           244ms
  cloudfoundry_space.space_141                                           228ms
  cloudfoundry_space.space_142                                           173ms
  cloudfoundry_space.space_143                                           254ms
  cloudfoundry_space.space_144                                           249ms
  cloudfoundry_space.space_145                                           257ms
  cloudfoundry_space.space_146                                           222ms
  cloudfoundry_space.space_147                                           263ms
  cloudfoundry_space.space_148                                           223ms
  cloudfoundry_space.space_149                                           174ms
  cloudfoundry_space.space_15                                            207ms
  cloudfoundry_space.space_150                                           257ms
  cloudfoundry_space.space_151                                           272ms
  cloudfoundry_space.space_152                                           253ms
  cloudfoundry_space.space_153                                           239ms
  cloudfoundry_space.space_154                                           228ms
  cloudfoundry_space.space_155                                           184ms
  cloudfoundry_space.space_156                                           210ms
  cloudfoundry_space.space_157                                           250ms
  cloudfoundry_space.space_158                                           254ms
  cloudfoundry_space.space_159                                           179ms
  cloudfoundry_space.space_16                                            250ms
  cloudfoundry_space.space_160                                           205ms
  cloudfoundry_space.space_161                                           268ms
  cloudfoundry_space.space_162                                           241ms
  cloudfoundry_space.space_163                                           263ms
  cloudfoundry_space.space_164                                           256ms
  cloudfoundry_space.space_165                                           228ms
  cloudfoundry_space.space_166                                           256ms
  cloudfoundry_space.space_167                                           186ms
  cloudfoundry_space.space_168                                           239ms
  cloudfoundry_space.space_169                                           205ms
  cloudfoundry_space.space_17                                            211ms
  cloudfoundry_space.space_170                                           247ms
  cloudfoundry_space.space_171                                           219ms
  cloudfoundry_space.space_172                                           211ms
  cloudfoundry_space.space_173                                           261ms
  cloudfoundry_space.space_174                                           249ms
  cloudfoundry_space.space_175                                           255ms
  cloudfoundry_space.space_176                                           252ms
  cloudfoundry_space.space_177                                           285ms
  cloudfoundry_space.space_178                                           242ms
  cloudfoundry_space.space_179                                           243ms
  cloudfoundry_space.space_18                                            304ms
  cloudfoundry_space.space_180                                           243ms
  cloudfoundry_space.space_181                                           226ms
  cloudfoundry_space.space_182                                           259ms
  cloudfoundry_space.space_183                                           252ms
  cloudfoundry_space.space_184                                           264ms
  cloudfoundry_space.space_185                                           238ms
  cloudfoundry_space.space_186                                           220ms
  cloudfoundry_space.space_187                                           266ms
  cloudfoundry_space.space_188                                           211ms
  cloudfoundry_space.space_189                                           202ms
  cloudfoundry_space.space_19                                            194ms
  cloudfoundry_space.space_190                                           191ms
  cloudfoundry_space.space_191                                           253ms
  cloudfoundry_space.space_192                                           189ms
  cloudfoundry_space.space_193                                           257ms
  cloudfoundry_space.space_194                                           252ms
  cloudfoundry_space.space_195                                           287ms
  cloudfoundry_space.space_196                                           216ms
  cloudfoundry_space.space_197                                           248ms
  cloudfoundry_space.space_198                                           259ms
  cloudfoundry_space.space_199                                           239ms
  cloudfoundry_space.space_2                                             216ms
  cloudfoundry_space.space_20                                            262ms
  cloudfoundry_space.space_200                                           277ms
  cloudfoundry_space.space_201                                           281ms
  cloudfoundry_space.space_202                                           241ms
  cloudfoundry_space.space_203                                           183ms
  cloudfoundry_space.space_204                                           229ms
  cloudfoundry_space.space_205                                           256ms
  cloudfoundry_space.space_206                                           226ms
  cloudfoundry_space.space_207                                           194ms
  cloudfoundry_space.space_208                                           244ms
  cloudfoundry_space.space_209                                           207ms
  cloudfoundry_space.space_21                                            210ms
  cloudfoundry_space.space_210                                           222ms
  cloudfoundry_space.space_211                                           258ms
  cloudfoundry_space.space_212                                           190ms
  cloudfoundry_space.space_213                                           187ms
  cloudfoundry_space.space_214                                           175ms
  cloudfoundry_space.space_215                                           214ms
  cloudfoundry_space.space_216                                           281ms
  cloudfoundry_space.space_217                                           212ms
  cloudfoundry_space.space_218                                           199ms
  cloudfoundry_space.space_219                                           220ms
  cloudfoundry_space.space_22                                            219ms
  cloudfoundry_space.space_220                                           183ms
  cloudfoundry_space.space_221                                           220ms
  cloudfoundry_space.space_222                                           229ms
  cloudfoundry_space.space_223                                           248ms
  cloudfoundry_space.space_224                                           241ms
  cloudfoundry_space.space_225                                           186ms
  cloudfoundry_space.space_226                                           231ms
  cloudfoundry_space.space_227                                           264ms
  cloudfoundry_space.space_228                                           249ms
  cloudfoundry_space.space_229                                           220ms
  cloudfoundry_space.space_23                                            213ms
  cloudfoundry_space.space_230                                           207ms
  cloudfoundry_space.space_231                                           235ms
  cloudfoundry_space.space_232                                           262ms
  cloudfoundry_space.space_233                                           237ms
  cloudfoundry_space.space_234                                           238ms
  cloudfoundry_space.space_235                                           241ms
  cloudfoundry_space.space_236                                           196ms
  cloudfoundry_space.space_237                                           254ms
  cloudfoundry_space.space_238                                           250ms
  cloudfoundry_space.space_239                                           232ms
  cloudfoundry_space.space_24                                            185ms
  cloudfoundry_space.space_240                                           234ms
  cloudfoundry_space.space_241                                           243ms
  cloudfoundry_space.space_242                                           215ms
  cloudfoundry_space.space_243                                           246ms
  cloudfoundry_space.space_244                                           255ms
  cloudfoundry_space.space_245                                           218ms
  cloudfoundry_space.space_246                                           190ms
  cloudfoundry_space.space_247                                           227ms
  cloudfoundry_space.space_248                                           254ms
  cloudfoundry_space.space_249                                           213ms
  cloudfoundry_space.space_25                                            190ms
  cloudfoundry_space.space_250                                           262ms
  cloudfoundry_space.space_251                                           223ms
  cloudfoundry_space.space_252                                           247ms
  cloudfoundry_space.space_253                                           211ms
  cloudfoundry_space.space_254                                           252ms
  cloudfoundry_space.space_255                                           195ms
  cloudfoundry_space.space_256                                           183ms
  cloudfoundry_space.space_257                                           325ms
  cloudfoundry_space.space_258                                           245ms
  cloudfoundry_space.space_259                                           238ms
  cloudfoundry_space.space_26                                            184ms
  cloudfoundry_space.space_260                                           226ms
  cloudfoundry_space.space_261                                           209ms
  cloudfoundry_space.space_262                                           262ms
  cloudfoundry_space.space_263                                           204ms
  cloudfoundry_space.space_264                                           191ms
  cloudfoundry_space.space_265                                           239ms
  cloudfoundry_space.space_266                                           250ms
  cloudfoundry_space.space_267                                           190ms
  cloudfoundry_space.space_268                                           257ms
  cloudfoundry_space.space_269                                           230ms
  cloudfoundry_space.space_27                                            243ms
  cloudfoundry_space.space_270                                           195ms
  cloudfoundry_space.space_271                                           215ms
  cloudfoundry_space.space_272                                           181ms
  cloudfoundry_space.space_273                                           238ms
  cloudfoundry_space.space_274                                           202ms
  cloudfoundry_space.space_275                                           196ms
  cloudfoundry_space.space_276                                           202ms
  cloudfoundry_space.space_277                                           263ms
  cloudfoundry_space.space_278                                           217ms
  cloudfoundry_space.space_279                                           197ms
  cloudfoundry_space.space_28                                            249ms
  cloudfoundry_space.space_280                                           227ms
  cloudfoundry_space.space_281                                           216ms
  cloudfoundry_space.space_282                                           224ms
  cloudfoundry_space.space_283                                           260ms
  cloudfoundry_space.space_284                                           248ms
  cloudfoundry_space.space_285                                           248ms
  cloudfoundry_space.space_286                                           216ms
  cloudfoundry_space.space_287                                           150ms
  cloudfoundry_space.space_288                                           225ms
  cloudfoundry_space.space_289                                           191ms
  cloudfoundry_space.space_29                                            209ms
  cloudfoundry_space.space_290                                           217ms
  cloudfoundry_space.space_291                                           227ms
  cloudfoundry_space.space_292                                           249ms
  cloudfoundry_space.space_293                                           247ms
  cloudfoundry_space.space_294                                           252ms
  cloudfoundry_space.space_295                                           214ms
  cloudfoundry_space.space_296                                           178ms
  cloudfoundry_space.space_297                                           206ms
  cloudfoundry_space.space_298                                           240ms
  cloudfoundry_space.space_299                                           234ms
  cloudfoundry_space.space_3                                             268ms
  cloudfoundry_space.space_30                                            203ms
  cloudfoundry_space.space_300                                           221ms
  cloudfoundry_space.space_301                                           268ms
  cloudfoundry_space.space_302                                           200ms
  cloudfoundry_space.space_303                                           220ms
  cloudfoundry_space.space_304                                           227ms
  cloudfoundry_space.space_305                                           216ms
  cloudfoundry_space.space_306                                           464ms
  cloudfoundry_space.space_307                                           188ms
  cloudfoundry_space.space_308                                           209ms
  cloudfoundry_space.space_309                                           204ms
  cloudfoundry_space.space_31                                            247ms
  cloudfoundry_space.space_310                                           213ms
  cloudfoundry_space.space_311                                           183ms
  cloudfoundry_space.space_312                                           227ms
  cloudfoundry_space.space_313                                           246ms
  cloudfoundry_space.space_314                                           296ms
  cloudfoundry_space.space_315                                           213ms
  cloudfoundry_space.space_316                                           269ms
  cloudfoundry_space.space_317                                           229ms
  cloudfoundry_space.space_318                                           201ms
  cloudfoundry_space.space_319                                           232ms
  cloudfoundry_space.space_32                                            249ms
  cloudfoundry_space.space_320                                           178ms
  cloudfoundry_space.space_321                                           186ms
  cloudfoundry_space.space_322                                           208ms
  cloudfoundry_space.space_323                                           249ms
  cloudfoundry_space.space_324                                           203ms
  cloudfoundry_space.space_325                                           188ms
  cloudfoundry_space.space_326                                           196ms
  cloudfoundry_space.space_327                                           176ms
  cloudfoundry_space.space_328                                           218ms
  cloudfoundry_space.space_329                                           194ms
  cloudfoundry_space.space_33                                            234ms
  cloudfoundry_space.space_330                                           201ms
  cloudfoundry_space.space_331                                           213ms
  cloudfoundry_space.space_332                                           181ms
  cloudfoundry_space.space_333                                           268ms
  cloudfoundry_space.space_334                                           270ms
  cloudfoundry_space.space_335                                           248ms
  cloudfoundry_space.space_336                                           182ms
  cloudfoundry_space.space_337                                           256ms
  cloudfoundry_space.space_338                                           273ms
  cloudfoundry_space.space_339                                           260ms
  cloudfoundry_space.space_34                                            186ms
  cloudfoundry_space.space_340                                           239ms
  cloudfoundry_space.space_341                                           192ms
  cloudfoundry_space.space_342                                           250ms
  cloudfoundry_space.space_343                                           211ms
  cloudfoundry_space.space_344                                           214ms
  cloudfoundry_space.space_345                                           191ms
  cloudfoundry_space.space_346                                           264ms
  cloudfoundry_space.space_347                                           218ms
  cloudfoundry_space.space_348                                           204ms
  cloudfoundry_space.space_349                                           180ms
  cloudfoundry_space.space_35                                            226ms
  cloudfoundry_space.space_350                                           194ms
  cloudfoundry_space.space_351                                           262ms
  cloudfoundry_space.space_352                                           217ms
  cloudfoundry_space.space_353                                           216ms
  cloudfoundry_space.space_354                                           211ms
  cloudfoundry_space.space_355                                           1117ms
  cloudfoundry_space.space_356                                           189ms
  cloudfoundry_space.space_357                                           237ms
  cloudfoundry_space.space_358                                           223ms
  cloudfoundry_space.space_359                                           269ms
  cloudfoundry_space.space_36                                            214ms
  cloudfoundry_space.space_360                                           226ms
  cloudfoundry_space.space_361                                           306ms
  cloudfoundry_space.space_362                                           258ms
  cloudfoundry_space.space_363                                           207ms
  cloudfoundry_space.space_364                                           205ms
  cloudfoundry_space.space_365                                           263ms
  cloudfoundry_space.space_366                                           188ms
  cloudfoundry_space.space_367                                           252ms
  cloudfoundry_space.space_368                                           256ms
  cloudfoundry_space.space_369                                           242ms
  cloudfoundry_space.space_37                                            250ms
  cloudfoundry_space.space_370                                           258ms
  cloudfoundry_space.space_371                                           212ms
  cloudfoundry_space.space_372                                           234ms
  cloudfoundry_space.space_373                                           241ms
  cloudfoundry_space.space_374                                           260ms
  cloudfoundry_space.space_375                                           272ms
  cloudfoundry_space.space_376                                           180ms
  cloudfoundry_space.space_377                                           271ms
  cloudfoundry_space.space_378                                           265ms
  cloudfoundry_space.space_379                                           249ms
  cloudfoundry_space.space_38                                            213ms
  cloudfoundry_space.space_380                                           242ms
  cloudfoundry_space.space_381                                           276ms
  cloudfoundry_space.space_382                                           209ms
  cloudfoundry_space.space_383                                           205ms
  cloudfoundry_space.space_384                                           208ms
  cloudfoundry_space.space_385                                           212ms
  cloudfoundry_space.space_386                                           227ms
  cloudfoundry_space.space_387                                           248ms
  cloudfoundry_space.space_388                                           283ms
  cloudfoundry_space.space_389                                           224ms
  cloudfoundry_space.space_39                                            249ms
  cloudfoundry_space.space_390                                           219ms
  cloudfoundry_space.space_391                                           234ms
  cloudfoundry_space.space_392                                           195ms
  cloudfoundry_space.space_393                                           240ms
  cloudfoundry_space.space_394                                           249ms
  cloudfoundry_space.space_395                                           244ms
  cloudfoundry_space.space_396                                           158ms
  cloudfoundry_space.space_397                                           223ms
  cloudfoundry_space.space_398                                           258ms
  cloudfoundry_space.space_399                                           255ms
  cloudfoundry_space.space_4                                             256ms
  cloudfoundry_space.space_40                                            203ms
  cloudfoundry_space.space_400                                           249ms
  cloudfoundry_space.space_401                                           225ms
  cloudfoundry_space.space_402                                           238ms
  cloudfoundry_space.space_403                                           302ms
  cloudfoundry_space.space_404                                           243ms
  cloudfoundry_space.space_405                                           284ms
  cloudfoundry_space.space_406                                           202ms
  cloudfoundry_space.space_407                                           185ms
  cloudfoundry_space.space_408                                           215ms
  cloudfoundry_space.space_409                                           232ms
  cloudfoundry_space.space_41                                            265ms
  cloudfoundry_space.space_410                                           258ms
  cloudfoundry_space.space_411                                           226ms
  cloudfoundry_space.space_412                                           193ms
  cloudfoundry_space.space_413                                           250ms
  cloudfoundry_space.space_414                                           255ms
  cloudfoundry_space.space_415                                           262ms
  cloudfoundry_space.space_416                                           225ms
  cloudfoundry_space.space_417                                           227ms
  cloudfoundry_space.space_418                                           203ms
  cloudfoundry_space.space_419                                           263ms
  cloudfoundry_space.space_42                                            207ms
  cloudfoundry_space.space_420                                           267ms
  cloudfoundry_space.space_421                                           260ms
  cloudfoundry_space.space_422                                           205ms
  cloudfoundry_space.space_423                                           268ms
  cloudfoundry_space.space_424                                           271ms
  cloudfoundry_space.space_425                                           287ms
  cloudfoundry_space.space_426                                           234ms
  cloudfoundry_space.space_427                                           232ms
  cloudfoundry_space.space_428                                           235ms
  cloudfoundry_space.space_429                                           235ms
  cloudfoundry_space.space_43                                            183ms
  cloudfoundry_space.space_430                                           257ms
  cloudfoundry_space.space_431                                           245ms
  cloudfoundry_space.space_432                                           234ms
  cloudfoundry_space.space_433                                           283ms
  cloudfoundry_space.space_434                                           195ms
  cloudfoundry_space.space_435                                           304ms
  cloudfoundry_space.space_436                                           215ms
  cloudfoundry_space.space_437                                           234ms
  cloudfoundry_space.space_438                                           193ms
  cloudfoundry_space.space_439                                           192ms
  cloudfoundry_space.space_44                                            256ms
  cloudfoundry_space.space_440                                           238ms
  cloudfoundry_space.space_441                                           234ms
  cloudfoundry_space.space_442                                           214ms
  cloudfoundry_space.space_443                                           212ms
  cloudfoundry_space.space_444                                           239ms
  cloudfoundry_space.space_445                                           205ms
  cloudfoundry_space.space_446                                           236ms
  cloudfoundry_space.space_447                                           242ms
  cloudfoundry_space.space_448                                           229ms
  cloudfoundry_space.space_449                                           227ms
  cloudfoundry_space.space_45                                            226ms
  cloudfoundry_space.space_450                                           231ms
  cloudfoundry_space.space_451                                           259ms
  cloudfoundry_space.space_452                                           166ms
  cloudfoundry_space.space_453                                           185ms
  cloudfoundry_space.space_454                                           195ms
  cloudfoundry_space.space_455                                           182ms
  cloudfoundry_space.space_456                                           256ms
  cloudfoundry_space.space_457                                           207ms
  cloudfoundry_space.space_458                                           216ms
  cloudfoundry_space.space_459                                           271ms
  cloudfoundry_space.space_46                                            180ms
  cloudfoundry_space.space_460                                           238ms
  cloudfoundry_space.space_461                                           240ms
  cloudfoundry_space.space_462                                           226ms
  cloudfoundry_space.space_463                                           212ms
  cloudfoundry_space.space_464                                           237ms
  cloudfoundry_space.space_465                                           209ms
  cloudfoundry_space.space_466                                           265ms
  cloudfoundry_space.space_467                                           241ms
  cloudfoundry_space.space_468                                           197ms
  cloudfoundry_space.space_469                                           222ms
  cloudfoundry_space.space_47                                            233ms
  cloudfoundry_space.space_470                                           223ms
  cloudfoundry_space.space_471                                           231ms
  cloudfoundry_space.space_472                                           206ms
  cloudfoundry_space.space_473                                           238ms
  cloudfoundry_space.space_474                                           223ms
  cloudfoundry_space.space_475                                           205ms
  cloudfoundry_space.space_476                                           304ms
  cloudfoundry_space.space_477                                           177ms
  cloudfoundry_space.space_478                                           237ms
  cloudfoundry_space.space_479                                           215ms
  cloudfoundry_space.space_48                                            173ms
  cloudfoundry_space.space_480                                           221ms
  cloudfoundry_space.space_481                                           202ms
  cloudfoundry_space.space_482                                           234ms
  cloudfoundry_space.space_483                                           193ms
  cloudfoundry_space.space_484                                           266ms
  cloudfoundry_space.space_485                                           215ms
  cloudfoundry_space.space_486                                           254ms
  cloudfoundry_space.space_487                                           253ms
  cloudfoundry_space.space_488                                           279ms
  cloudfoundry_space.space_489                                           215ms
  cloudfoundry_space.space_49                                            263ms
  cloudfoundry_space.space_490                                           312ms
  cloudfoundry_space.space_491                                           217ms
  cloudfoundry_space.space_492                                           247ms
  cloudfoundry_space.space_493                                           214ms
  cloudfoundry_space.space_494                                           193ms
  cloudfoundry_space.space_495                                           179ms
  cloudfoundry_space.space_496                                           279ms
  cloudfoundry_space.space_497                                           239ms
  cloudfoundry_space.space_498                                           256ms
  cloudfoundry_space.space_499                                           186ms
  cloudfoundry_space.space_5                                             243ms
  cloudfoundry_space.space_50                                            254ms
  cloudfoundry_space.space_500                                           222ms
  cloudfoundry_space.space_51                                            207ms
  cloudfoundry_space.space_52                                            199ms
  cloudfoundry_space.space_53                                            181ms
  cloudfoundry_space.space_54                                            197ms
  cloudfoundry_space.space_55                                            233ms
  cloudfoundry_space.space_56                                            196ms
  cloudfoundry_space.space_57                                            221ms
  cloudfoundry_space.space_58                                            223ms
  cloudfoundry_space.space_59                                            218ms
  cloudfoundry_space.space_6                                             220ms
  cloudfoundry_space.space_60                                            212ms
  cloudfoundry_space.space_61                                            191ms
  cloudfoundry_space.space_62                                            186ms
  cloudfoundry_space.space_63                                            197ms
  cloudfoundry_space.space_64                                            251ms
  cloudfoundry_space.space_65                                            231ms
  cloudfoundry_space.space_66                                            196ms
  cloudfoundry_space.space_67                                            222ms
  cloudfoundry_space.space_68                                            261ms
  cloudfoundry_space.space_69                                            217ms
  cloudfoundry_space.space_7                                             223ms
  cloudfoundry_space.space_70                                            198ms
  cloudfoundry_space.space_71                                            170ms
  cloudfoundry_space.space_72                                            249ms
  cloudfoundry_space.space_73                                            151ms
  cloudfoundry_space.space_74                                            197ms
  cloudfoundry_space.space_75                                            193ms
  cloudfoundry_space.space_76                                            220ms
  cloudfoundry_space.space_77                                            235ms
  cloudfoundry_space.space_78                                            272ms
  cloudfoundry_space.space_79                                            221ms
  cloudfoundry_space.space_8                                             186ms
  cloudfoundry_space.space_80                                            201ms
  cloudfoundry_space.space_81                                            205ms
  cloudfoundry_space.space_82                                            233ms
  cloudfoundry_space.space_83                                            217ms
  cloudfoundry_space.space_84                                            195ms
  cloudfoundry_space.space_85                                            213ms
  cloudfoundry_space.space_86                                            189ms
  cloudfoundry_space.space_87                                            250ms
  cloudfoundry_space.space_88                                            256ms
  cloudfoundry_space.space_89                                            215ms
  cloudfoundry_space.space_9                                             213ms
  cloudfoundry_space.space_90                                            250ms
  cloudfoundry_space.space_91                                            244ms
  cloudfoundry_space.space_92                                            285ms
  cloudfoundry_space.space_93                                            243ms
  cloudfoundry_space.space_94                                            236ms
  cloudfoundry_space.space_95                                            217ms
  cloudfoundry_space.space_96                                            237ms
  cloudfoundry_space.space_97                                            163ms
  cloudfoundry_space.space_98                                            219ms
  cloudfoundry_space.space_99                                            194ms


Run 6/10:
  Total run time: 7.153453s
  cloudfoundry_space.space_1                                             257ms
  cloudfoundry_space.space_10                                            196ms
  cloudfoundry_space.space_100                                           163ms
  cloudfoundry_space.space_101                                           204ms
  cloudfoundry_space.space_102                                           178ms
  cloudfoundry_space.space_103                                           250ms
  cloudfoundry_space.space_104                                           206ms
  cloudfoundry_space.space_105                                           178ms
  cloudfoundry_space.space_106                                           199ms
  cloudfoundry_space.space_107                                           195ms
  cloudfoundry_space.space_108                                           173ms
  cloudfoundry_space.space_109                                           224ms
  cloudfoundry_space.space_11                                            193ms
  cloudfoundry_space.space_110                                           222ms
  cloudfoundry_space.space_111                                           209ms
  cloudfoundry_space.space_112                                           195ms
  cloudfoundry_space.space_113                                           204ms
  cloudfoundry_space.space_114                                           187ms
  cloudfoundry_space.space_115                                           215ms
  cloudfoundry_space.space_116                                           166ms
  cloudfoundry_space.space_117                                           199ms
  cloudfoundry_space.space_118                                           186ms
  cloudfoundry_space.space_119                                           185ms
  cloudfoundry_space.space_12                                            192ms
  cloudfoundry_space.space_120                                           194ms
  cloudfoundry_space.space_121                                           224ms
  cloudfoundry_space.space_122                                           221ms
  cloudfoundry_space.space_123                                           182ms
  cloudfoundry_space.space_124                                           190ms
  cloudfoundry_space.space_125                                           177ms
  cloudfoundry_space.space_126                                           200ms
  cloudfoundry_space.space_127                                           167ms
  cloudfoundry_space.space_128                                           183ms
  cloudfoundry_space.space_129                                           248ms
  cloudfoundry_space.space_13                                            186ms
  cloudfoundry_space.space_130                                           197ms
  cloudfoundry_space.space_131                                           265ms
  cloudfoundry_space.space_132                                           185ms
  cloudfoundry_space.space_133                                           1079ms
  cloudfoundry_space.space_134                                           189ms
  cloudfoundry_space.space_135                                           183ms
  cloudfoundry_space.space_136                                           180ms
  cloudfoundry_space.space_137                                           250ms
  cloudfoundry_space.space_138                                           184ms
  cloudfoundry_space.space_139                                           1149ms
  cloudfoundry_space.space_14                                            218ms
  cloudfoundry_space.space_140                                           219ms
  cloudfoundry_space.space_141                                           186ms
  cloudfoundry_space.space_142                                           213ms
  cloudfoundry_space.space_143                                           208ms
  cloudfoundry_space.space_144                                           245ms
  cloudfoundry_space.space_145                                           163ms
  cloudfoundry_space.space_146                                           210ms
  cloudfoundry_space.space_147                                           186ms
  cloudfoundry_space.space_148                                           250ms
  cloudfoundry_space.space_149                                           192ms
  cloudfoundry_space.space_15                                            207ms
  cloudfoundry_space.space_150                                           214ms
  cloudfoundry_space.space_151                                           158ms
  cloudfoundry_space.space_152                                           177ms
  cloudfoundry_space.space_153                                           182ms
  cloudfoundry_space.space_154                                           209ms
  cloudfoundry_space.space_155                                           277ms
  cloudfoundry_space.space_156                                           208ms
  cloudfoundry_space.space_157                                           272ms
  cloudfoundry_space.space_158                                           205ms
  cloudfoundry_space.space_159                                           177ms
  cloudfoundry_space.space_16                                            224ms
  cloudfoundry_space.space_160                                           185ms
  cloudfoundry_space.space_161                                           176ms
  cloudfoundry_space.space_162                                           163ms
  cloudfoundry_space.space_163                                           505ms
  cloudfoundry_space.space_164                                           280ms
  cloudfoundry_space.space_165                                           201ms
  cloudfoundry_space.space_166                                           267ms
  cloudfoundry_space.space_167                                           217ms
  cloudfoundry_space.space_168                                           196ms
  cloudfoundry_space.space_169                                           219ms
  cloudfoundry_space.space_17                                            261ms
  cloudfoundry_space.space_170                                           193ms
  cloudfoundry_space.space_171                                           228ms
  cloudfoundry_space.space_172                                           179ms
  cloudfoundry_space.space_173                                           172ms
  cloudfoundry_space.space_174                                           215ms
  cloudfoundry_space.space_175                                           196ms
  cloudfoundry_space.space_176                                           180ms
  cloudfoundry_space.space_177                                           195ms
  cloudfoundry_space.space_178                                           196ms
  cloudfoundry_space.space_179                                           223ms
  cloudfoundry_space.space_18                                            197ms
  cloudfoundry_space.space_180                                           198ms
  cloudfoundry_space.space_181                                           213ms
  cloudfoundry_space.space_182                                           262ms
  cloudfoundry_space.space_183                                           202ms
  cloudfoundry_space.space_184                                           231ms
  cloudfoundry_space.space_185                                           185ms
  cloudfoundry_space.space_186                                           185ms
  cloudfoundry_space.space_187                                           258ms
  cloudfoundry_space.space_188                                           183ms
  cloudfoundry_space.space_189                                           177ms
  cloudfoundry_space.space_19                                            197ms
  cloudfoundry_space.space_190                                           222ms
  cloudfoundry_space.space_191                                           199ms
  cloudfoundry_space.space_192                                           245ms
  cloudfoundry_space.space_193                                           182ms
  cloudfoundry_space.space_194                                           204ms
  cloudfoundry_space.space_195                                           195ms
  cloudfoundry_space.space_196                                           208ms
  cloudfoundry_space.space_197                                           210ms
  cloudfoundry_space.space_198                                           175ms
  cloudfoundry_space.space_199                                           160ms
  cloudfoundry_space.space_2                                             210ms
  cloudfoundry_space.space_20                                            214ms
  cloudfoundry_space.space_200                                           209ms
  cloudfoundry_space.space_201                                           203ms
  cloudfoundry_space.space_202                                           194ms
  cloudfoundry_space.space_203                                           230ms
  cloudfoundry_space.space_204                                           191ms
  cloudfoundry_space.space_205                                           162ms
  cloudfoundry_space.space_206                                           196ms
  cloudfoundry_space.space_207                                           195ms
  cloudfoundry_space.space_208                                           181ms
  cloudfoundry_space.space_209                                           201ms
  cloudfoundry_space.space_21                                            200ms
  cloudfoundry_space.space_210                                           187ms
  cloudfoundry_space.space_211                                           206ms
  cloudfoundry_space.space_212                                           198ms
  cloudfoundry_space.space_213                                           204ms
  cloudfoundry_space.space_214                                           203ms
  cloudfoundry_space.space_215                                           170ms
  cloudfoundry_space.space_216                                           195ms
  cloudfoundry_space.space_217                                           257ms
  cloudfoundry_space.space_218                                           162ms
  cloudfoundry_space.space_219                                           196ms
  cloudfoundry_space.space_22                                            172ms
  cloudfoundry_space.space_220                                           200ms
  cloudfoundry_space.space_221                                           202ms
  cloudfoundry_space.space_222                                           239ms
  cloudfoundry_space.space_223                                           232ms
  cloudfoundry_space.space_224                                           212ms
  cloudfoundry_space.space_225                                           190ms
  cloudfoundry_space.space_226                                           203ms
  cloudfoundry_space.space_227                                           220ms
  cloudfoundry_space.space_228                                           265ms
  cloudfoundry_space.space_229                                           184ms
  cloudfoundry_space.space_23                                            197ms
  cloudfoundry_space.space_230                                           203ms
  cloudfoundry_space.space_231                                           242ms
  cloudfoundry_space.space_232                                           196ms
  cloudfoundry_space.space_233                                           201ms
  cloudfoundry_space.space_234                                           207ms
  cloudfoundry_space.space_235                                           178ms
  cloudfoundry_space.space_236                                           207ms
  cloudfoundry_space.space_237                                           184ms
  cloudfoundry_space.space_238                                           197ms
  cloudfoundry_space.space_239                                           195ms
  cloudfoundry_space.space_24                                            194ms
  cloudfoundry_space.space_240                                           209ms
  cloudfoundry_space.space_241                                           201ms
  cloudfoundry_space.space_242                                           148ms
  cloudfoundry_space.space_243                                           186ms
  cloudfoundry_space.space_244                                           224ms
  cloudfoundry_space.space_245                                           221ms
  cloudfoundry_space.space_246                                           213ms
  cloudfoundry_space.space_247                                           162ms
  cloudfoundry_space.space_248                                           193ms
  cloudfoundry_space.space_249                                           276ms
  cloudfoundry_space.space_25                                            198ms
  cloudfoundry_space.space_250                                           249ms
  cloudfoundry_space.space_251                                           201ms
  cloudfoundry_space.space_252                                           194ms
  cloudfoundry_space.space_253                                           167ms
  cloudfoundry_space.space_254                                           206ms
  cloudfoundry_space.space_255                                           175ms
  cloudfoundry_space.space_256                                           198ms
  cloudfoundry_space.space_257                                           185ms
  cloudfoundry_space.space_258                                           185ms
  cloudfoundry_space.space_259                                           197ms
  cloudfoundry_space.space_26                                            190ms
  cloudfoundry_space.space_260                                           242ms
  cloudfoundry_space.space_261                                           206ms
  cloudfoundry_space.space_262                                           198ms
  cloudfoundry_space.space_263                                           203ms
  cloudfoundry_space.space_264                                           194ms
  cloudfoundry_space.space_265                                           276ms
  cloudfoundry_space.space_266                                           189ms
  cloudfoundry_space.space_267                                           205ms
  cloudfoundry_space.space_268                                           196ms
  cloudfoundry_space.space_269                                           223ms
  cloudfoundry_space.space_27                                            205ms
  cloudfoundry_space.space_270                                           213ms
  cloudfoundry_space.space_271                                           193ms
  cloudfoundry_space.space_272                                           163ms
  cloudfoundry_space.space_273                                           206ms
  cloudfoundry_space.space_274                                           198ms
  cloudfoundry_space.space_275                                           191ms
  cloudfoundry_space.space_276                                           229ms
  cloudfoundry_space.space_277                                           238ms
  cloudfoundry_space.space_278                                           221ms
  cloudfoundry_space.space_279                                           205ms
  cloudfoundry_space.space_28                                            2005ms
  cloudfoundry_space.space_280                                           169ms
  cloudfoundry_space.space_281                                           188ms
  cloudfoundry_space.space_282                                           223ms
  cloudfoundry_space.space_283                                           171ms
  cloudfoundry_space.space_284                                           206ms
  cloudfoundry_space.space_285                                           183ms
  cloudfoundry_space.space_286                                           264ms
  cloudfoundry_space.space_287                                           269ms
  cloudfoundry_space.space_288                                           192ms
  cloudfoundry_space.space_289                                           210ms
  cloudfoundry_space.space_29                                            239ms
  cloudfoundry_space.space_290                                           250ms
  cloudfoundry_space.space_291                                           208ms
  cloudfoundry_space.space_292                                           169ms
  cloudfoundry_space.space_293                                           190ms
  cloudfoundry_space.space_294                                           191ms
  cloudfoundry_space.space_295                                           207ms
  cloudfoundry_space.space_296                                           184ms
  cloudfoundry_space.space_297                                           169ms
  cloudfoundry_space.space_298                                           178ms
  cloudfoundry_space.space_299                                           196ms
  cloudfoundry_space.space_3                                             226ms
  cloudfoundry_space.space_30                                            205ms
  cloudfoundry_space.space_300                                           190ms
  cloudfoundry_space.space_301                                           248ms
  cloudfoundry_space.space_302                                           203ms
  cloudfoundry_space.space_303                                           179ms
  cloudfoundry_space.space_304                                           192ms
  cloudfoundry_space.space_305                                           241ms
  cloudfoundry_space.space_306                                           181ms
  cloudfoundry_space.space_307                                           201ms
  cloudfoundry_space.space_308                                           197ms
  cloudfoundry_space.space_309                                           179ms
  cloudfoundry_space.space_31                                            201ms
  cloudfoundry_space.space_310                                           178ms
  cloudfoundry_space.space_311                                           187ms
  cloudfoundry_space.space_312                                           209ms
  cloudfoundry_space.space_313                                           187ms
  cloudfoundry_space.space_314                                           220ms
  cloudfoundry_space.space_315                                           189ms
  cloudfoundry_space.space_316                                           199ms
  cloudfoundry_space.space_317                                           199ms
  cloudfoundry_space.space_318                                           203ms
  cloudfoundry_space.space_319                                           198ms
  cloudfoundry_space.space_32                                            220ms
  cloudfoundry_space.space_320                                           227ms
  cloudfoundry_space.space_321                                           220ms
  cloudfoundry_space.space_322                                           199ms
  cloudfoundry_space.space_323                                           210ms
  cloudfoundry_space.space_324                                           186ms
  cloudfoundry_space.space_325                                           186ms
  cloudfoundry_space.space_326                                           216ms
  cloudfoundry_space.space_327                                           175ms
  cloudfoundry_space.space_328                                           195ms
  cloudfoundry_space.space_329                                           172ms
  cloudfoundry_space.space_33                                            209ms
  cloudfoundry_space.space_330                                           221ms
  cloudfoundry_space.space_331                                           221ms
  cloudfoundry_space.space_332                                           194ms
  cloudfoundry_space.space_333                                           226ms
  cloudfoundry_space.space_334                                           178ms
  cloudfoundry_space.space_335                                           198ms
  cloudfoundry_space.space_336                                           266ms
  cloudfoundry_space.space_337                                           199ms
  cloudfoundry_space.space_338                                           189ms
  cloudfoundry_space.space_339                                           166ms
  cloudfoundry_space.space_34                                            179ms
  cloudfoundry_space.space_340                                           211ms
  cloudfoundry_space.space_341                                           205ms
  cloudfoundry_space.space_342                                           195ms
  cloudfoundry_space.space_343                                           182ms
  cloudfoundry_space.space_344                                           199ms
  cloudfoundry_space.space_345                                           164ms
  cloudfoundry_space.space_346                                           151ms
  cloudfoundry_space.space_347                                           198ms
  cloudfoundry_space.space_348                                           189ms
  cloudfoundry_space.space_349                                           204ms
  cloudfoundry_space.space_35                                            207ms
  cloudfoundry_space.space_350                                           203ms
  cloudfoundry_space.space_351                                           224ms
  cloudfoundry_space.space_352                                           172ms
  cloudfoundry_space.space_353                                           169ms
  cloudfoundry_space.space_354                                           172ms
  cloudfoundry_space.space_355                                           221ms
  cloudfoundry_space.space_356                                           172ms
  cloudfoundry_space.space_357                                           177ms
  cloudfoundry_space.space_358                                           212ms
  cloudfoundry_space.space_359                                           186ms
  cloudfoundry_space.space_36                                            172ms
  cloudfoundry_space.space_360                                           243ms
  cloudfoundry_space.space_361                                           190ms
  cloudfoundry_space.space_362                                           160ms
  cloudfoundry_space.space_363                                           196ms
  cloudfoundry_space.space_364                                           201ms
  cloudfoundry_space.space_365                                           202ms
  cloudfoundry_space.space_366                                           178ms
  cloudfoundry_space.space_367                                           249ms
  cloudfoundry_space.space_368                                           212ms
  cloudfoundry_space.space_369                                           200ms
  cloudfoundry_space.space_37                                            183ms
  cloudfoundry_space.space_370                                           219ms
  cloudfoundry_space.space_371                                           222ms
  cloudfoundry_space.space_372                                           240ms
  cloudfoundry_space.space_373                                           201ms
  cloudfoundry_space.space_374                                           185ms
  cloudfoundry_space.space_375                                           196ms
  cloudfoundry_space.space_376                                           185ms
  cloudfoundry_space.space_377                                           220ms
  cloudfoundry_space.space_378                                           176ms
  cloudfoundry_space.space_379                                           229ms
  cloudfoundry_space.space_38                                            230ms
  cloudfoundry_space.space_380                                           144ms
  cloudfoundry_space.space_381                                           197ms
  cloudfoundry_space.space_382                                           189ms
  cloudfoundry_space.space_383                                           211ms
  cloudfoundry_space.space_384                                           209ms
  cloudfoundry_space.space_385                                           186ms
  cloudfoundry_space.space_386                                           222ms
  cloudfoundry_space.space_387                                           242ms
  cloudfoundry_space.space_388                                           201ms
  cloudfoundry_space.space_389                                           204ms
  cloudfoundry_space.space_39                                            196ms
  cloudfoundry_space.space_390                                           152ms
  cloudfoundry_space.space_391                                           175ms
  cloudfoundry_space.space_392                                           182ms
  cloudfoundry_space.space_393                                           167ms
  cloudfoundry_space.space_394                                           167ms
  cloudfoundry_space.space_395                                           183ms
  cloudfoundry_space.space_396                                           225ms
  cloudfoundry_space.space_397                                           253ms
  cloudfoundry_space.space_398                                           197ms
  cloudfoundry_space.space_399                                           195ms
  cloudfoundry_space.space_4                                             158ms
  cloudfoundry_space.space_40                                            176ms
  cloudfoundry_space.space_400                                           194ms
  cloudfoundry_space.space_401                                           209ms
  cloudfoundry_space.space_402                                           183ms
  cloudfoundry_space.space_403                                           167ms
  cloudfoundry_space.space_404                                           183ms
  cloudfoundry_space.space_405                                           183ms
  cloudfoundry_space.space_406                                           212ms
  cloudfoundry_space.space_407                                           228ms
  cloudfoundry_space.space_408                                           149ms
  cloudfoundry_space.space_409                                           184ms
  cloudfoundry_space.space_41                                            170ms
  cloudfoundry_space.space_410                                           174ms
  cloudfoundry_space.space_411                                           213ms
  cloudfoundry_space.space_412                                           272ms
  cloudfoundry_space.space_413                                           170ms
  cloudfoundry_space.space_414                                           203ms
  cloudfoundry_space.space_415                                           169ms
  cloudfoundry_space.space_416                                           181ms
  cloudfoundry_space.space_417                                           212ms
  cloudfoundry_space.space_418                                           186ms
  cloudfoundry_space.space_419                                           190ms
  cloudfoundry_space.space_42                                            196ms
  cloudfoundry_space.space_420                                           202ms
  cloudfoundry_space.space_421                                           229ms
  cloudfoundry_space.space_422                                           175ms
  cloudfoundry_space.space_423                                           198ms
  cloudfoundry_space.space_424                                           230ms
  cloudfoundry_space.space_425                                           181ms
  cloudfoundry_space.space_426                                           192ms
  cloudfoundry_space.space_427                                           186ms
  cloudfoundry_space.space_428                                           230ms
  cloudfoundry_space.space_429                                           191ms
  cloudfoundry_space.space_43                                            199ms
  cloudfoundry_space.space_430                                           199ms
  cloudfoundry_space.space_431                                           199ms
  cloudfoundry_space.space_432                                           517ms
  cloudfoundry_space.space_433                                           233ms
  cloudfoundry_space.space_434                                           197ms
  cloudfoundry_space.space_435                                           204ms
  cloudfoundry_space.space_436                                           210ms
  cloudfoundry_space.space_437                                           219ms
  cloudfoundry_space.space_438                                           200ms
  cloudfoundry_space.space_439                                           177ms
  cloudfoundry_space.space_44                                            166ms
  cloudfoundry_space.space_440                                           204ms
  cloudfoundry_space.space_441                                           181ms
  cloudfoundry_space.space_442                                           185ms
  cloudfoundry_space.space_443                                           203ms
  cloudfoundry_space.space_444                                           216ms
  cloudfoundry_space.space_445                                           183ms
  cloudfoundry_space.space_446                                           187ms
  cloudfoundry_space.space_447                                           202ms
  cloudfoundry_space.space_448                                           193ms
  cloudfoundry_space.space_449                                           215ms
  cloudfoundry_space.space_45                                            169ms
  cloudfoundry_space.space_450                                           198ms
  cloudfoundry_space.space_451                                           209ms
  cloudfoundry_space.space_452                                           254ms
  cloudfoundry_space.space_453                                           263ms
  cloudfoundry_space.space_454                                           219ms
  cloudfoundry_space.space_455                                           274ms
  cloudfoundry_space.space_456                                           189ms
  cloudfoundry_space.space_457                                           154ms
  cloudfoundry_space.space_458                                           222ms
  cloudfoundry_space.space_459                                           185ms
  cloudfoundry_space.space_46                                            247ms
  cloudfoundry_space.space_460                                           199ms
  cloudfoundry_space.space_461                                           209ms
  cloudfoundry_space.space_462                                           215ms
  cloudfoundry_space.space_463                                           218ms
  cloudfoundry_space.space_464                                           227ms
  cloudfoundry_space.space_465                                           195ms
  cloudfoundry_space.space_466                                           221ms
  cloudfoundry_space.space_467                                           190ms
  cloudfoundry_space.space_468                                           170ms
  cloudfoundry_space.space_469                                           210ms
  cloudfoundry_space.space_47                                            189ms
  cloudfoundry_space.space_470                                           196ms
  cloudfoundry_space.space_471                                           200ms
  cloudfoundry_space.space_472                                           217ms
  cloudfoundry_space.space_473                                           281ms
  cloudfoundry_space.space_474                                           220ms
  cloudfoundry_space.space_475                                           205ms
  cloudfoundry_space.space_476                                           184ms
  cloudfoundry_space.space_477                                           194ms
  cloudfoundry_space.space_478                                           188ms
  cloudfoundry_space.space_479                                           202ms
  cloudfoundry_space.space_48                                            192ms
  cloudfoundry_space.space_480                                           203ms
  cloudfoundry_space.space_481                                           211ms
  cloudfoundry_space.space_482                                           202ms
  cloudfoundry_space.space_483                                           210ms
  cloudfoundry_space.space_484                                           173ms
  cloudfoundry_space.space_485                                           196ms
  cloudfoundry_space.space_486                                           179ms
  cloudfoundry_space.space_487                                           239ms
  cloudfoundry_space.space_488                                           188ms
  cloudfoundry_space.space_489                                           168ms
  cloudfoundry_space.space_49                                            185ms
  cloudfoundry_space.space_490                                           173ms
  cloudfoundry_space.space_491                                           199ms
  cloudfoundry_space.space_492                                           171ms
  cloudfoundry_space.space_493                                           190ms
  cloudfoundry_space.space_494                                           186ms
  cloudfoundry_space.space_495                                           194ms
  cloudfoundry_space.space_496                                           231ms
  cloudfoundry_space.space_497                                           151ms
  cloudfoundry_space.space_498                                           209ms
  cloudfoundry_space.space_499                                           194ms
  cloudfoundry_space.space_5                                             195ms
  cloudfoundry_space.space_50                                            165ms
  cloudfoundry_space.space_500                                           219ms
  cloudfoundry_space.space_51                                            231ms
  cloudfoundry_space.space_52                                            184ms
  cloudfoundry_space.space_53                                            209ms
  cloudfoundry_space.space_54                                            200ms
  cloudfoundry_space.space_55                                            191ms
  cloudfoundry_space.space_56                                            211ms
  cloudfoundry_space.space_57                                            198ms
  cloudfoundry_space.space_58                                            224ms
  cloudfoundry_space.space_59                                            204ms
  cloudfoundry_space.space_6                                             201ms
  cloudfoundry_space.space_60                                            206ms
  cloudfoundry_space.space_61                                            197ms
  cloudfoundry_space.space_62                                            270ms
  cloudfoundry_space.space_63                                            241ms
  cloudfoundry_space.space_64                                            233ms
  cloudfoundry_space.space_65                                            250ms
  cloudfoundry_space.space_66                                            195ms
  cloudfoundry_space.space_67                                            179ms
  cloudfoundry_space.space_68                                            184ms
  cloudfoundry_space.space_69                                            166ms
  cloudfoundry_space.space_7                                             181ms
  cloudfoundry_space.space_70                                            215ms
  cloudfoundry_space.space_71                                            201ms
  cloudfoundry_space.space_72                                            185ms
  cloudfoundry_space.space_73                                            180ms
  cloudfoundry_space.space_74                                            185ms
  cloudfoundry_space.space_75                                            196ms
  cloudfoundry_space.space_76                                            241ms
  cloudfoundry_space.space_77                                            198ms
  cloudfoundry_space.space_78                                            168ms
  cloudfoundry_space.space_79                                            171ms
  cloudfoundry_space.space_8                                             199ms
  cloudfoundry_space.space_80                                            204ms
  cloudfoundry_space.space_81                                            235ms
  cloudfoundry_space.space_82                                            179ms
  cloudfoundry_space.space_83                                            222ms
  cloudfoundry_space.space_84                                            186ms
  cloudfoundry_space.space_85                                            180ms
  cloudfoundry_space.space_86                                            189ms
  cloudfoundry_space.space_87                                            226ms
  cloudfoundry_space.space_88                                            194ms
  cloudfoundry_space.space_89                                            199ms
  cloudfoundry_space.space_9                                             173ms
  cloudfoundry_space.space_90                                            174ms
  cloudfoundry_space.space_91                                            231ms
  cloudfoundry_space.space_92                                            169ms
  cloudfoundry_space.space_93                                            183ms
  cloudfoundry_space.space_94                                            171ms
  cloudfoundry_space.space_95                                            210ms
  cloudfoundry_space.space_96                                            186ms
  cloudfoundry_space.space_97                                            187ms
  cloudfoundry_space.space_98                                            196ms
  cloudfoundry_space.space_99                                            233ms


Run 7/10:
  Total run time: 6.689340s
  cloudfoundry_space.space_1                                             231ms
  cloudfoundry_space.space_10                                            196ms
  cloudfoundry_space.space_100                                           204ms
  cloudfoundry_space.space_101                                           184ms
  cloudfoundry_space.space_102                                           180ms
  cloudfoundry_space.space_103                                           229ms
  cloudfoundry_space.space_104                                           170ms
  cloudfoundry_space.space_105                                           208ms
  cloudfoundry_space.space_106                                           177ms
  cloudfoundry_space.space_107                                           190ms
  cloudfoundry_space.space_108                                           254ms
  cloudfoundry_space.space_109                                           171ms
  cloudfoundry_space.space_11                                            195ms
  cloudfoundry_space.space_110                                           203ms
  cloudfoundry_space.space_111                                           225ms
  cloudfoundry_space.space_112                                           190ms
  cloudfoundry_space.space_113                                           178ms
  cloudfoundry_space.space_114                                           207ms
  cloudfoundry_space.space_115                                           221ms
  cloudfoundry_space.space_116                                           226ms
  cloudfoundry_space.space_117                                           208ms
  cloudfoundry_space.space_118                                           223ms
  cloudfoundry_space.space_119                                           211ms
  cloudfoundry_space.space_12                                            222ms
  cloudfoundry_space.space_120                                           195ms
  cloudfoundry_space.space_121                                           188ms
  cloudfoundry_space.space_122                                           186ms
  cloudfoundry_space.space_123                                           219ms
  cloudfoundry_space.space_124                                           181ms
  cloudfoundry_space.space_125                                           239ms
  cloudfoundry_space.space_126                                           218ms
  cloudfoundry_space.space_127                                           189ms
  cloudfoundry_space.space_128                                           189ms
  cloudfoundry_space.space_129                                           209ms
  cloudfoundry_space.space_13                                            176ms
  cloudfoundry_space.space_130                                           204ms
  cloudfoundry_space.space_131                                           180ms
  cloudfoundry_space.space_132                                           213ms
  cloudfoundry_space.space_133                                           211ms
  cloudfoundry_space.space_134                                           196ms
  cloudfoundry_space.space_135                                           175ms
  cloudfoundry_space.space_136                                           203ms
  cloudfoundry_space.space_137                                           228ms
  cloudfoundry_space.space_138                                           175ms
  cloudfoundry_space.space_139                                           209ms
  cloudfoundry_space.space_14                                            194ms
  cloudfoundry_space.space_140                                           161ms
  cloudfoundry_space.space_141                                           191ms
  cloudfoundry_space.space_142                                           215ms
  cloudfoundry_space.space_143                                           233ms
  cloudfoundry_space.space_144                                           187ms
  cloudfoundry_space.space_145                                           168ms
  cloudfoundry_space.space_146                                           192ms
  cloudfoundry_space.space_147                                           201ms
  cloudfoundry_space.space_148                                           172ms
  cloudfoundry_space.space_149                                           234ms
  cloudfoundry_space.space_15                                            192ms
  cloudfoundry_space.space_150                                           162ms
  cloudfoundry_space.space_151                                           206ms
  cloudfoundry_space.space_152                                           168ms
  cloudfoundry_space.space_153                                           186ms
  cloudfoundry_space.space_154                                           195ms
  cloudfoundry_space.space_155                                           184ms
  cloudfoundry_space.space_156                                           171ms
  cloudfoundry_space.space_157                                           191ms
  cloudfoundry_space.space_158                                           188ms
  cloudfoundry_space.space_159                                           242ms
  cloudfoundry_space.space_16                                            194ms
  cloudfoundry_space.space_160                                           177ms
  cloudfoundry_space.space_161                                           196ms
  cloudfoundry_space.space_162                                           168ms
  cloudfoundry_space.space_163                                           219ms
  cloudfoundry_space.space_164                                           194ms
  cloudfoundry_space.space_165                                           190ms
  cloudfoundry_space.space_166                                           218ms
  cloudfoundry_space.space_167                                           231ms
  cloudfoundry_space.space_168                                           235ms
  cloudfoundry_space.space_169                                           195ms
  cloudfoundry_space.space_17                                            190ms
  cloudfoundry_space.space_170                                           215ms
  cloudfoundry_space.space_171                                           200ms
  cloudfoundry_space.space_172                                           173ms
  cloudfoundry_space.space_173                                           190ms
  cloudfoundry_space.space_174                                           239ms
  cloudfoundry_space.space_175                                           201ms
  cloudfoundry_space.space_176                                           196ms
  cloudfoundry_space.space_177                                           194ms
  cloudfoundry_space.space_178                                           193ms
  cloudfoundry_space.space_179                                           243ms
  cloudfoundry_space.space_18                                            171ms
  cloudfoundry_space.space_180                                           224ms
  cloudfoundry_space.space_181                                           225ms
  cloudfoundry_space.space_182                                           174ms
  cloudfoundry_space.space_183                                           175ms
  cloudfoundry_space.space_184                                           190ms
  cloudfoundry_space.space_185                                           207ms
  cloudfoundry_space.space_186                                           189ms
  cloudfoundry_space.space_187                                           184ms
  cloudfoundry_space.space_188                                           209ms
  cloudfoundry_space.space_189                                           185ms
  cloudfoundry_space.space_19                                            251ms
  cloudfoundry_space.space_190                                           213ms
  cloudfoundry_space.space_191                                           182ms
  cloudfoundry_space.space_192                                           212ms
  cloudfoundry_space.space_193                                           218ms
  cloudfoundry_space.space_194                                           192ms
  cloudfoundry_space.space_195                                           196ms
  cloudfoundry_space.space_196                                           206ms
  cloudfoundry_space.space_197                                           234ms
  cloudfoundry_space.space_198                                           233ms
  cloudfoundry_space.space_199                                           195ms
  cloudfoundry_space.space_2                                             248ms
  cloudfoundry_space.space_20                                            187ms
  cloudfoundry_space.space_200                                           273ms
  cloudfoundry_space.space_201                                           191ms
  cloudfoundry_space.space_202                                           215ms
  cloudfoundry_space.space_203                                           160ms
  cloudfoundry_space.space_204                                           164ms
  cloudfoundry_space.space_205                                           202ms
  cloudfoundry_space.space_206                                           205ms
  cloudfoundry_space.space_207                                           180ms
  cloudfoundry_space.space_208                                           210ms
  cloudfoundry_space.space_209                                           187ms
  cloudfoundry_space.space_21                                            187ms
  cloudfoundry_space.space_210                                           194ms
  cloudfoundry_space.space_211                                           252ms
  cloudfoundry_space.space_212                                           211ms
  cloudfoundry_space.space_213                                           164ms
  cloudfoundry_space.space_214                                           234ms
  cloudfoundry_space.space_215                                           210ms
  cloudfoundry_space.space_216                                           249ms
  cloudfoundry_space.space_217                                           195ms
  cloudfoundry_space.space_218                                           213ms
  cloudfoundry_space.space_219                                           196ms
  cloudfoundry_space.space_22                                            199ms
  cloudfoundry_space.space_220                                           278ms
  cloudfoundry_space.space_221                                           198ms
  cloudfoundry_space.space_222                                           170ms
  cloudfoundry_space.space_223                                           274ms
  cloudfoundry_space.space_224                                           208ms
  cloudfoundry_space.space_225                                           178ms
  cloudfoundry_space.space_226                                           176ms
  cloudfoundry_space.space_227                                           201ms
  cloudfoundry_space.space_228                                           203ms
  cloudfoundry_space.space_229                                           237ms
  cloudfoundry_space.space_23                                            164ms
  cloudfoundry_space.space_230                                           183ms
  cloudfoundry_space.space_231                                           178ms
  cloudfoundry_space.space_232                                           199ms
  cloudfoundry_space.space_233                                           194ms
  cloudfoundry_space.space_234                                           197ms
  cloudfoundry_space.space_235                                           206ms
  cloudfoundry_space.space_236                                           202ms
  cloudfoundry_space.space_237                                           192ms
  cloudfoundry_space.space_238                                           206ms
  cloudfoundry_space.space_239                                           178ms
  cloudfoundry_space.space_24                                            170ms
  cloudfoundry_space.space_240                                           198ms
  cloudfoundry_space.space_241                                           200ms
  cloudfoundry_space.space_242                                           220ms
  cloudfoundry_space.space_243                                           220ms
  cloudfoundry_space.space_244                                           168ms
  cloudfoundry_space.space_245                                           201ms
  cloudfoundry_space.space_246                                           243ms
  cloudfoundry_space.space_247                                           208ms
  cloudfoundry_space.space_248                                           193ms
  cloudfoundry_space.space_249                                           195ms
  cloudfoundry_space.space_25                                            206ms
  cloudfoundry_space.space_250                                           221ms
  cloudfoundry_space.space_251                                           194ms
  cloudfoundry_space.space_252                                           199ms
  cloudfoundry_space.space_253                                           204ms
  cloudfoundry_space.space_254                                           180ms
  cloudfoundry_space.space_255                                           195ms
  cloudfoundry_space.space_256                                           163ms
  cloudfoundry_space.space_257                                           240ms
  cloudfoundry_space.space_258                                           191ms
  cloudfoundry_space.space_259                                           186ms
  cloudfoundry_space.space_26                                            195ms
  cloudfoundry_space.space_260                                           188ms
  cloudfoundry_space.space_261                                           193ms
  cloudfoundry_space.space_262                                           171ms
  cloudfoundry_space.space_263                                           196ms
  cloudfoundry_space.space_264                                           218ms
  cloudfoundry_space.space_265                                           230ms
  cloudfoundry_space.space_266                                           167ms
  cloudfoundry_space.space_267                                           194ms
  cloudfoundry_space.space_268                                           231ms
  cloudfoundry_space.space_269                                           176ms
  cloudfoundry_space.space_27                                            179ms
  cloudfoundry_space.space_270                                           220ms
  cloudfoundry_space.space_271                                           174ms
  cloudfoundry_space.space_272                                           257ms
  cloudfoundry_space.space_273                                           183ms
  cloudfoundry_space.space_274                                           166ms
  cloudfoundry_space.space_275                                           178ms
  cloudfoundry_space.space_276                                           189ms
  cloudfoundry_space.space_277                                           195ms
  cloudfoundry_space.space_278                                           204ms
  cloudfoundry_space.space_279                                           164ms
  cloudfoundry_space.space_28                                            211ms
  cloudfoundry_space.space_280                                           197ms
  cloudfoundry_space.space_281                                           188ms
  cloudfoundry_space.space_282                                           179ms
  cloudfoundry_space.space_283                                           262ms
  cloudfoundry_space.space_284                                           198ms
  cloudfoundry_space.space_285                                           223ms
  cloudfoundry_space.space_286                                           174ms
  cloudfoundry_space.space_287                                           236ms
  cloudfoundry_space.space_288                                           215ms
  cloudfoundry_space.space_289                                           239ms
  cloudfoundry_space.space_29                                            158ms
  cloudfoundry_space.space_290                                           199ms
  cloudfoundry_space.space_291                                           240ms
  cloudfoundry_space.space_292                                           205ms
  cloudfoundry_space.space_293                                           211ms
  cloudfoundry_space.space_294                                           176ms
  cloudfoundry_space.space_295                                           217ms
  cloudfoundry_space.space_296                                           190ms
  cloudfoundry_space.space_297                                           252ms
  cloudfoundry_space.space_298                                           208ms
  cloudfoundry_space.space_299                                           163ms
  cloudfoundry_space.space_3                                             238ms
  cloudfoundry_space.space_30                                            185ms
  cloudfoundry_space.space_300                                           236ms
  cloudfoundry_space.space_301                                           236ms
  cloudfoundry_space.space_302                                           223ms
  cloudfoundry_space.space_303                                           172ms
  cloudfoundry_space.space_304                                           175ms
  cloudfoundry_space.space_305                                           186ms
  cloudfoundry_space.space_306                                           461ms
  cloudfoundry_space.space_307                                           186ms
  cloudfoundry_space.space_308                                           223ms
  cloudfoundry_space.space_309                                           255ms
  cloudfoundry_space.space_31                                            216ms
  cloudfoundry_space.space_310                                           181ms
  cloudfoundry_space.space_311                                           216ms
  cloudfoundry_space.space_312                                           191ms
  cloudfoundry_space.space_313                                           222ms
  cloudfoundry_space.space_314                                           181ms
  cloudfoundry_space.space_315                                           176ms
  cloudfoundry_space.space_316                                           187ms
  cloudfoundry_space.space_317                                           203ms
  cloudfoundry_space.space_318                                           205ms
  cloudfoundry_space.space_319                                           195ms
  cloudfoundry_space.space_32                                            196ms
  cloudfoundry_space.space_320                                           193ms
  cloudfoundry_space.space_321                                           219ms
  cloudfoundry_space.space_322                                           232ms
  cloudfoundry_space.space_323                                           188ms
  cloudfoundry_space.space_324                                           222ms
  cloudfoundry_space.space_325                                           197ms
  cloudfoundry_space.space_326                                           211ms
  cloudfoundry_space.space_327                                           195ms
  cloudfoundry_space.space_328                                           190ms
  cloudfoundry_space.space_329                                           208ms
  cloudfoundry_space.space_33                                            198ms
  cloudfoundry_space.space_330                                           171ms
  cloudfoundry_space.space_331                                           185ms
  cloudfoundry_space.space_332                                           191ms
  cloudfoundry_space.space_333                                           164ms
  cloudfoundry_space.space_334                                           237ms
  cloudfoundry_space.space_335                                           169ms
  cloudfoundry_space.space_336                                           234ms
  cloudfoundry_space.space_337                                           183ms
  cloudfoundry_space.space_338                                           239ms
  cloudfoundry_space.space_339                                           271ms
  cloudfoundry_space.space_34                                            216ms
  cloudfoundry_space.space_340                                           175ms
  cloudfoundry_space.space_341                                           244ms
  cloudfoundry_space.space_342                                           270ms
  cloudfoundry_space.space_343                                           155ms
  cloudfoundry_space.space_344                                           241ms
  cloudfoundry_space.space_345                                           191ms
  cloudfoundry_space.space_346                                           189ms
  cloudfoundry_space.space_347                                           214ms
  cloudfoundry_space.space_348                                           177ms
  cloudfoundry_space.space_349                                           189ms
  cloudfoundry_space.space_35                                            212ms
  cloudfoundry_space.space_350                                           173ms
  cloudfoundry_space.space_351                                           744ms
  cloudfoundry_space.space_352                                           174ms
  cloudfoundry_space.space_353                                           201ms
  cloudfoundry_space.space_354                                           183ms
  cloudfoundry_space.space_355                                           203ms
  cloudfoundry_space.space_356                                           176ms
  cloudfoundry_space.space_357                                           165ms
  cloudfoundry_space.space_358                                           227ms
  cloudfoundry_space.space_359                                           209ms
  cloudfoundry_space.space_36                                            185ms
  cloudfoundry_space.space_360                                           257ms
  cloudfoundry_space.space_361                                           194ms
  cloudfoundry_space.space_362                                           185ms
  cloudfoundry_space.space_363                                           202ms
  cloudfoundry_space.space_364                                           189ms
  cloudfoundry_space.space_365                                           201ms
  cloudfoundry_space.space_366                                           259ms
  cloudfoundry_space.space_367                                           194ms
  cloudfoundry_space.space_368                                           239ms
  cloudfoundry_space.space_369                                           186ms
  cloudfoundry_space.space_37                                            220ms
  cloudfoundry_space.space_370                                           205ms
  cloudfoundry_space.space_371                                           231ms
  cloudfoundry_space.space_372                                           202ms
  cloudfoundry_space.space_373                                           229ms
  cloudfoundry_space.space_374                                           181ms
  cloudfoundry_space.space_375                                           201ms
  cloudfoundry_space.space_376                                           207ms
  cloudfoundry_space.space_377                                           219ms
  cloudfoundry_space.space_378                                           207ms
  cloudfoundry_space.space_379                                           164ms
  cloudfoundry_space.space_38                                            204ms
  cloudfoundry_space.space_380                                           184ms
  cloudfoundry_space.space_381                                           168ms
  cloudfoundry_space.space_382                                           242ms
  cloudfoundry_space.space_383                                           229ms
  cloudfoundry_space.space_384                                           187ms
  cloudfoundry_space.space_385                                           187ms
  cloudfoundry_space.space_386                                           175ms
  cloudfoundry_space.space_387                                           247ms
  cloudfoundry_space.space_388                                           265ms
  cloudfoundry_space.space_389                                           243ms
  cloudfoundry_space.space_39                                            180ms
  cloudfoundry_space.space_390                                           168ms
  cloudfoundry_space.space_391                                           183ms
  cloudfoundry_space.space_392                                           177ms
  cloudfoundry_space.space_393                                           225ms
  cloudfoundry_space.space_394                                           173ms
  cloudfoundry_space.space_395                                           169ms
  cloudfoundry_space.space_396                                           210ms
  cloudfoundry_space.space_397                                           203ms
  cloudfoundry_space.space_398                                           201ms
  cloudfoundry_space.space_399                                           229ms
  cloudfoundry_space.space_4                                             193ms
  cloudfoundry_space.space_40                                            216ms
  cloudfoundry_space.space_400                                           180ms
  cloudfoundry_space.space_401                                           178ms
  cloudfoundry_space.space_402                                           202ms
  cloudfoundry_space.space_403                                           209ms
  cloudfoundry_space.space_404                                           245ms
  cloudfoundry_space.space_405                                           232ms
  cloudfoundry_space.space_406                                           229ms
  cloudfoundry_space.space_407                                           221ms
  cloudfoundry_space.space_408                                           207ms
  cloudfoundry_space.space_409                                           210ms
  cloudfoundry_space.space_41                                            190ms
  cloudfoundry_space.space_410                                           226ms
  cloudfoundry_space.space_411                                           188ms
  cloudfoundry_space.space_412                                           202ms
  cloudfoundry_space.space_413                                           201ms
  cloudfoundry_space.space_414                                           170ms
  cloudfoundry_space.space_415                                           249ms
  cloudfoundry_space.space_416                                           212ms
  cloudfoundry_space.space_417                                           170ms
  cloudfoundry_space.space_418                                           176ms
  cloudfoundry_space.space_419                                           210ms
  cloudfoundry_space.space_42                                            218ms
  cloudfoundry_space.space_420                                           174ms
  cloudfoundry_space.space_421                                           200ms
  cloudfoundry_space.space_422                                           176ms
  cloudfoundry_space.space_423                                           165ms
  cloudfoundry_space.space_424                                           179ms
  cloudfoundry_space.space_425                                           194ms
  cloudfoundry_space.space_426                                           251ms
  cloudfoundry_space.space_427                                           195ms
  cloudfoundry_space.space_428                                           176ms
  cloudfoundry_space.space_429                                           187ms
  cloudfoundry_space.space_43                                            204ms
  cloudfoundry_space.space_430                                           194ms
  cloudfoundry_space.space_431                                           192ms
  cloudfoundry_space.space_432                                           168ms
  cloudfoundry_space.space_433                                           187ms
  cloudfoundry_space.space_434                                           170ms
  cloudfoundry_space.space_435                                           216ms
  cloudfoundry_space.space_436                                           194ms
  cloudfoundry_space.space_437                                           166ms
  cloudfoundry_space.space_438                                           185ms
  cloudfoundry_space.space_439                                           210ms
  cloudfoundry_space.space_44                                            208ms
  cloudfoundry_space.space_440                                           203ms
  cloudfoundry_space.space_441                                           212ms
  cloudfoundry_space.space_442                                           184ms
  cloudfoundry_space.space_443                                           191ms
  cloudfoundry_space.space_444                                           194ms
  cloudfoundry_space.space_445                                           226ms
  cloudfoundry_space.space_446                                           245ms
  cloudfoundry_space.space_447                                           205ms
  cloudfoundry_space.space_448                                           171ms
  cloudfoundry_space.space_449                                           180ms
  cloudfoundry_space.space_45                                            200ms
  cloudfoundry_space.space_450                                           199ms
  cloudfoundry_space.space_451                                           222ms
  cloudfoundry_space.space_452                                           174ms
  cloudfoundry_space.space_453                                           223ms
  cloudfoundry_space.space_454                                           175ms
  cloudfoundry_space.space_455                                           186ms
  cloudfoundry_space.space_456                                           202ms
  cloudfoundry_space.space_457                                           254ms
  cloudfoundry_space.space_458                                           197ms
  cloudfoundry_space.space_459                                           160ms
  cloudfoundry_space.space_46                                            235ms
  cloudfoundry_space.space_460                                           203ms
  cloudfoundry_space.space_461                                           323ms
  cloudfoundry_space.space_462                                           179ms
  cloudfoundry_space.space_463                                           195ms
  cloudfoundry_space.space_464                                           213ms
  cloudfoundry_space.space_465                                           186ms
  cloudfoundry_space.space_466                                           204ms
  cloudfoundry_space.space_467                                           186ms
  cloudfoundry_space.space_468                                           194ms
  cloudfoundry_space.space_469                                           211ms
  cloudfoundry_space.space_47                                            191ms
  cloudfoundry_space.space_470                                           170ms
  cloudfoundry_space.space_471                                           191ms
  cloudfoundry_space.space_472                                           191ms
  cloudfoundry_space.space_473                                           190ms
  cloudfoundry_space.space_474                                           199ms
  cloudfoundry_space.space_475                                           243ms
  cloudfoundry_space.space_476                                           176ms
  cloudfoundry_space.space_477                                           175ms
  cloudfoundry_space.space_478                                           216ms
  cloudfoundry_space.space_479                                           204ms
  cloudfoundry_space.space_48                                            187ms
  cloudfoundry_space.space_480                                           211ms
  cloudfoundry_space.space_481                                           176ms
  cloudfoundry_space.space_482                                           190ms
  cloudfoundry_space.space_483                                           220ms
  cloudfoundry_space.space_484                                           192ms
  cloudfoundry_space.space_485                                           204ms
  cloudfoundry_space.space_486                                           188ms
  cloudfoundry_space.space_487                                           193ms
  cloudfoundry_space.space_488                                           199ms
  cloudfoundry_space.space_489                                           238ms
  cloudfoundry_space.space_49                                            156ms
  cloudfoundry_space.space_490                                           199ms
  cloudfoundry_space.space_491                                           224ms
  cloudfoundry_space.space_492                                           174ms
  cloudfoundry_space.space_493                                           239ms
  cloudfoundry_space.space_494                                           225ms
  cloudfoundry_space.space_495                                           189ms
  cloudfoundry_space.space_496                                           192ms
  cloudfoundry_space.space_497                                           190ms
  cloudfoundry_space.space_498                                           209ms
  cloudfoundry_space.space_499                                           208ms
  cloudfoundry_space.space_5                                             218ms
  cloudfoundry_space.space_50                                            179ms
  cloudfoundry_space.space_500                                           187ms
  cloudfoundry_space.space_51                                            225ms
  cloudfoundry_space.space_52                                            214ms
  cloudfoundry_space.space_53                                            173ms
  cloudfoundry_space.space_54                                            198ms
  cloudfoundry_space.space_55                                            189ms
  cloudfoundry_space.space_56                                            190ms
  cloudfoundry_space.space_57                                            205ms
  cloudfoundry_space.space_58                                            219ms
  cloudfoundry_space.space_59                                            253ms
  cloudfoundry_space.space_6                                             215ms
  cloudfoundry_space.space_60                                            193ms
  cloudfoundry_space.space_61                                            174ms
  cloudfoundry_space.space_62                                            192ms
  cloudfoundry_space.space_63                                            206ms
  cloudfoundry_space.space_64                                            177ms
  cloudfoundry_space.space_65                                            201ms
  cloudfoundry_space.space_66                                            210ms
  cloudfoundry_space.space_67                                            211ms
  cloudfoundry_space.space_68                                            194ms
  cloudfoundry_space.space_69                                            224ms
  cloudfoundry_space.space_7                                             196ms
  cloudfoundry_space.space_70                                            189ms
  cloudfoundry_space.space_71                                            185ms
  cloudfoundry_space.space_72                                            197ms
  cloudfoundry_space.space_73                                            198ms
  cloudfoundry_space.space_74                                            184ms
  cloudfoundry_space.space_75                                            212ms
  cloudfoundry_space.space_76                                            204ms
  cloudfoundry_space.space_77                                            220ms
  cloudfoundry_space.space_78                                            180ms
  cloudfoundry_space.space_79                                            183ms
  cloudfoundry_space.space_8                                             200ms
  cloudfoundry_space.space_80                                            230ms
  cloudfoundry_space.space_81                                            186ms
  cloudfoundry_space.space_82                                            171ms
  cloudfoundry_space.space_83                                            214ms
  cloudfoundry_space.space_84                                            223ms
  cloudfoundry_space.space_85                                            212ms
  cloudfoundry_space.space_86                                            197ms
  cloudfoundry_space.space_87                                            190ms
  cloudfoundry_space.space_88                                            169ms
  cloudfoundry_space.space_89                                            178ms
  cloudfoundry_space.space_9                                             193ms
  cloudfoundry_space.space_90                                            221ms
  cloudfoundry_space.space_91                                            187ms
  cloudfoundry_space.space_92                                            195ms
  cloudfoundry_space.space_93                                            179ms
  cloudfoundry_space.space_94                                            190ms
  cloudfoundry_space.space_95                                            180ms
  cloudfoundry_space.space_96                                            232ms
  cloudfoundry_space.space_97                                            200ms
  cloudfoundry_space.space_98                                            185ms
  cloudfoundry_space.space_99                                            187ms


Run 8/10:
  Total run time: 6.561987s
  cloudfoundry_space.space_1                                             206ms
  cloudfoundry_space.space_10                                            228ms
  cloudfoundry_space.space_100                                           235ms
  cloudfoundry_space.space_101                                           187ms
  cloudfoundry_space.space_102                                           201ms
  cloudfoundry_space.space_103                                           263ms
  cloudfoundry_space.space_104                                           200ms
  cloudfoundry_space.space_105                                           216ms
  cloudfoundry_space.space_106                                           188ms
  cloudfoundry_space.space_107                                           229ms
  cloudfoundry_space.space_108                                           212ms
  cloudfoundry_space.space_109                                           218ms
  cloudfoundry_space.space_11                                            225ms
  cloudfoundry_space.space_110                                           188ms
  cloudfoundry_space.space_111                                           200ms
  cloudfoundry_space.space_112                                           198ms
  cloudfoundry_space.space_113                                           192ms
  cloudfoundry_space.space_114                                           254ms
  cloudfoundry_space.space_115                                           217ms
  cloudfoundry_space.space_116                                           185ms
  cloudfoundry_space.space_117                                           203ms
  cloudfoundry_space.space_118                                           218ms
  cloudfoundry_space.space_119                                           215ms
  cloudfoundry_space.space_12                                            226ms
  cloudfoundry_space.space_120                                           215ms
  cloudfoundry_space.space_121                                           196ms
  cloudfoundry_space.space_122                                           223ms
  cloudfoundry_space.space_123                                           181ms
  cloudfoundry_space.space_124                                           187ms
  cloudfoundry_space.space_125                                           220ms
  cloudfoundry_space.space_126                                           204ms
  cloudfoundry_space.space_127                                           181ms
  cloudfoundry_space.space_128                                           230ms
  cloudfoundry_space.space_129                                           154ms
  cloudfoundry_space.space_13                                            196ms
  cloudfoundry_space.space_130                                           215ms
  cloudfoundry_space.space_131                                           203ms
  cloudfoundry_space.space_132                                           164ms
  cloudfoundry_space.space_133                                           205ms
  cloudfoundry_space.space_134                                           195ms
  cloudfoundry_space.space_135                                           183ms
  cloudfoundry_space.space_136                                           202ms
  cloudfoundry_space.space_137                                           182ms
  cloudfoundry_space.space_138                                           214ms
  cloudfoundry_space.space_139                                           203ms
  cloudfoundry_space.space_14                                            177ms
  cloudfoundry_space.space_140                                           204ms
  cloudfoundry_space.space_141                                           183ms
  cloudfoundry_space.space_142                                           225ms
  cloudfoundry_space.space_143                                           180ms
  cloudfoundry_space.space_144                                           211ms
  cloudfoundry_space.space_145                                           222ms
  cloudfoundry_space.space_146                                           179ms
  cloudfoundry_space.space_147                                           225ms
  cloudfoundry_space.space_148                                           174ms
  cloudfoundry_space.space_149                                           159ms
  cloudfoundry_space.space_15                                            159ms
  cloudfoundry_space.space_150                                           193ms
  cloudfoundry_space.space_151                                           190ms
  cloudfoundry_space.space_152                                           206ms
  cloudfoundry_space.space_153                                           161ms
  cloudfoundry_space.space_154                                           200ms
  cloudfoundry_space.space_155                                           205ms
  cloudfoundry_space.space_156                                           210ms
  cloudfoundry_space.space_157                                           272ms
  cloudfoundry_space.space_158                                           182ms
  cloudfoundry_space.space_159                                           194ms
  cloudfoundry_space.space_16                                            199ms
  cloudfoundry_space.space_160                                           215ms
  cloudfoundry_space.space_161                                           223ms
  cloudfoundry_space.space_162                                           235ms
  cloudfoundry_space.space_163                                           209ms
  cloudfoundry_space.space_164                                           202ms
  cloudfoundry_space.space_165                                           246ms
  cloudfoundry_space.space_166                                           202ms
  cloudfoundry_space.space_167                                           221ms
  cloudfoundry_space.space_168                                           161ms
  cloudfoundry_space.space_169                                           222ms
  cloudfoundry_space.space_17                                            202ms
  cloudfoundry_space.space_170                                           209ms
  cloudfoundry_space.space_171                                           162ms
  cloudfoundry_space.space_172                                           193ms
  cloudfoundry_space.space_173                                           167ms
  cloudfoundry_space.space_174                                           178ms
  cloudfoundry_space.space_175                                           233ms
  cloudfoundry_space.space_176                                           232ms
  cloudfoundry_space.space_177                                           194ms
  cloudfoundry_space.space_178                                           203ms
  cloudfoundry_space.space_179                                           177ms
  cloudfoundry_space.space_18                                            235ms
  cloudfoundry_space.space_180                                           184ms
  cloudfoundry_space.space_181                                           218ms
  cloudfoundry_space.space_182                                           197ms
  cloudfoundry_space.space_183                                           177ms
  cloudfoundry_space.space_184                                           206ms
  cloudfoundry_space.space_185                                           210ms
  cloudfoundry_space.space_186                                           217ms
  cloudfoundry_space.space_187                                           220ms
  cloudfoundry_space.space_188                                           192ms
  cloudfoundry_space.space_189                                           248ms
  cloudfoundry_space.space_19                                            204ms
  cloudfoundry_space.space_190                                           190ms
  cloudfoundry_space.space_191                                           231ms
  cloudfoundry_space.space_192                                           174ms
  cloudfoundry_space.space_193                                           261ms
  cloudfoundry_space.space_194                                           215ms
  cloudfoundry_space.space_195                                           172ms
  cloudfoundry_space.space_196                                           220ms
  cloudfoundry_space.space_197                                           228ms
  cloudfoundry_space.space_198                                           177ms
  cloudfoundry_space.space_199                                           220ms
  cloudfoundry_space.space_2                                             232ms
  cloudfoundry_space.space_20                                            215ms
  cloudfoundry_space.space_200                                           175ms
  cloudfoundry_space.space_201                                           235ms
  cloudfoundry_space.space_202                                           164ms
  cloudfoundry_space.space_203                                           218ms
  cloudfoundry_space.space_204                                           202ms
  cloudfoundry_space.space_205                                           222ms
  cloudfoundry_space.space_206                                           215ms
  cloudfoundry_space.space_207                                           162ms
  cloudfoundry_space.space_208                                           208ms
  cloudfoundry_space.space_209                                           244ms
  cloudfoundry_space.space_21                                            158ms
  cloudfoundry_space.space_210                                           192ms
  cloudfoundry_space.space_211                                           172ms
  cloudfoundry_space.space_212                                           215ms
  cloudfoundry_space.space_213                                           220ms
  cloudfoundry_space.space_214                                           215ms
  cloudfoundry_space.space_215                                           204ms
  cloudfoundry_space.space_216                                           165ms
  cloudfoundry_space.space_217                                           246ms
  cloudfoundry_space.space_218                                           193ms
  cloudfoundry_space.space_219                                           180ms
  cloudfoundry_space.space_22                                            209ms
  cloudfoundry_space.space_220                                           182ms
  cloudfoundry_space.space_221                                           237ms
  cloudfoundry_space.space_222                                           242ms
  cloudfoundry_space.space_223                                           182ms
  cloudfoundry_space.space_224                                           189ms
  cloudfoundry_space.space_225                                           264ms
  cloudfoundry_space.space_226                                           193ms
  cloudfoundry_space.space_227                                           217ms
  cloudfoundry_space.space_228                                           226ms
  cloudfoundry_space.space_229                                           222ms
  cloudfoundry_space.space_23                                            157ms
  cloudfoundry_space.space_230                                           190ms
  cloudfoundry_space.space_231                                           169ms
  cloudfoundry_space.space_232                                           211ms
  cloudfoundry_space.space_233                                           186ms
  cloudfoundry_space.space_234                                           160ms
  cloudfoundry_space.space_235                                           243ms
  cloudfoundry_space.space_236                                           182ms
  cloudfoundry_space.space_237                                           207ms
  cloudfoundry_space.space_238                                           238ms
  cloudfoundry_space.space_239                                           231ms
  cloudfoundry_space.space_24                                            203ms
  cloudfoundry_space.space_240                                           190ms
  cloudfoundry_space.space_241                                           207ms
  cloudfoundry_space.space_242                                           222ms
  cloudfoundry_space.space_243                                           213ms
  cloudfoundry_space.space_244                                           173ms
  cloudfoundry_space.space_245                                           186ms
  cloudfoundry_space.space_246                                           188ms
  cloudfoundry_space.space_247                                           226ms
  cloudfoundry_space.space_248                                           210ms
  cloudfoundry_space.space_249                                           197ms
  cloudfoundry_space.space_25                                            235ms
  cloudfoundry_space.space_250                                           249ms
  cloudfoundry_space.space_251                                           228ms
  cloudfoundry_space.space_252                                           219ms
  cloudfoundry_space.space_253                                           197ms
  cloudfoundry_space.space_254                                           217ms
  cloudfoundry_space.space_255                                           220ms
  cloudfoundry_space.space_256                                           183ms
  cloudfoundry_space.space_257                                           189ms
  cloudfoundry_space.space_258                                           170ms
  cloudfoundry_space.space_259                                           194ms
  cloudfoundry_space.space_26                                            200ms
  cloudfoundry_space.space_260                                           171ms
  cloudfoundry_space.space_261                                           205ms
  cloudfoundry_space.space_262                                           179ms
  cloudfoundry_space.space_263                                           160ms
  cloudfoundry_space.space_264                                           200ms
  cloudfoundry_space.space_265                                           186ms
  cloudfoundry_space.space_266                                           232ms
  cloudfoundry_space.space_267                                           224ms
  cloudfoundry_space.space_268                                           202ms
  cloudfoundry_space.space_269                                           220ms
  cloudfoundry_space.space_27                                            175ms
  cloudfoundry_space.space_270                                           212ms
  cloudfoundry_space.space_271                                           168ms
  cloudfoundry_space.space_272                                           160ms
  cloudfoundry_space.space_273                                           196ms
  cloudfoundry_space.space_274                                           225ms
  cloudfoundry_space.space_275                                           216ms
  cloudfoundry_space.space_276                                           148ms
  cloudfoundry_space.space_277                                           228ms
  cloudfoundry_space.space_278                                           182ms
  cloudfoundry_space.space_279                                           204ms
  cloudfoundry_space.space_28                                            204ms
  cloudfoundry_space.space_280                                           176ms
  cloudfoundry_space.space_281                                           176ms
  cloudfoundry_space.space_282                                           206ms
  cloudfoundry_space.space_283                                           172ms
  cloudfoundry_space.space_284                                           223ms
  cloudfoundry_space.space_285                                           160ms
  cloudfoundry_space.space_286                                           197ms
  cloudfoundry_space.space_287                                           238ms
  cloudfoundry_space.space_288                                           179ms
  cloudfoundry_space.space_289                                           236ms
  cloudfoundry_space.space_29                                            190ms
  cloudfoundry_space.space_290                                           214ms
  cloudfoundry_space.space_291                                           207ms
  cloudfoundry_space.space_292                                           244ms
  cloudfoundry_space.space_293                                           124ms
  cloudfoundry_space.space_294                                           237ms
  cloudfoundry_space.space_295                                           195ms
  cloudfoundry_space.space_296                                           202ms
  cloudfoundry_space.space_297                                           204ms
  cloudfoundry_space.space_298                                           238ms
  cloudfoundry_space.space_299                                           159ms
  cloudfoundry_space.space_3                                             176ms
  cloudfoundry_space.space_30                                            182ms
  cloudfoundry_space.space_300                                           175ms
  cloudfoundry_space.space_301                                           168ms
  cloudfoundry_space.space_302                                           233ms
  cloudfoundry_space.space_303                                           228ms
  cloudfoundry_space.space_304                                           173ms
  cloudfoundry_space.space_305                                           159ms
  cloudfoundry_space.space_306                                           173ms
  cloudfoundry_space.space_307                                           199ms
  cloudfoundry_space.space_308                                           181ms
  cloudfoundry_space.space_309                                           215ms
  cloudfoundry_space.space_31                                            201ms
  cloudfoundry_space.space_310                                           194ms
  cloudfoundry_space.space_311                                           188ms
  cloudfoundry_space.space_312                                           170ms
  cloudfoundry_space.space_313                                           181ms
  cloudfoundry_space.space_314                                           202ms
  cloudfoundry_space.space_315                                           205ms
  cloudfoundry_space.space_316                                           233ms
  cloudfoundry_space.space_317                                           210ms
  cloudfoundry_space.space_318                                           225ms
  cloudfoundry_space.space_319                                           162ms
  cloudfoundry_space.space_32                                            264ms
  cloudfoundry_space.space_320                                           230ms
  cloudfoundry_space.space_321                                           179ms
  cloudfoundry_space.space_322                                           172ms
  cloudfoundry_space.space_323                                           202ms
  cloudfoundry_space.space_324                                           208ms
  cloudfoundry_space.space_325                                           209ms
  cloudfoundry_space.space_326                                           234ms
  cloudfoundry_space.space_327                                           210ms
  cloudfoundry_space.space_328                                           188ms
  cloudfoundry_space.space_329                                           178ms
  cloudfoundry_space.space_33                                            176ms
  cloudfoundry_space.space_330                                           195ms
  cloudfoundry_space.space_331                                           197ms
  cloudfoundry_space.space_332                                           268ms
  cloudfoundry_space.space_333                                           210ms
  cloudfoundry_space.space_334                                           181ms
  cloudfoundry_space.space_335                                           200ms
  cloudfoundry_space.space_336                                           171ms
  cloudfoundry_space.space_337                                           218ms
  cloudfoundry_space.space_338                                           201ms
  cloudfoundry_space.space_339                                           214ms
  cloudfoundry_space.space_34                                            201ms
  cloudfoundry_space.space_340                                           202ms
  cloudfoundry_space.space_341                                           191ms
  cloudfoundry_space.space_342                                           213ms
  cloudfoundry_space.space_343                                           214ms
  cloudfoundry_space.space_344                                           222ms
  cloudfoundry_space.space_345                                           230ms
  cloudfoundry_space.space_346                                           242ms
  cloudfoundry_space.space_347                                           162ms
  cloudfoundry_space.space_348                                           207ms
  cloudfoundry_space.space_349                                           191ms
  cloudfoundry_space.space_35                                            161ms
  cloudfoundry_space.space_350                                           229ms
  cloudfoundry_space.space_351                                           204ms
  cloudfoundry_space.space_352                                           187ms
  cloudfoundry_space.space_353                                           235ms
  cloudfoundry_space.space_354                                           222ms
  cloudfoundry_space.space_355                                           190ms
  cloudfoundry_space.space_356                                           208ms
  cloudfoundry_space.space_357                                           195ms
  cloudfoundry_space.space_358                                           202ms
  cloudfoundry_space.space_359                                           159ms
  cloudfoundry_space.space_36                                            185ms
  cloudfoundry_space.space_360                                           215ms
  cloudfoundry_space.space_361                                           211ms
  cloudfoundry_space.space_362                                           203ms
  cloudfoundry_space.space_363                                           230ms
  cloudfoundry_space.space_364                                           196ms
  cloudfoundry_space.space_365                                           182ms
  cloudfoundry_space.space_366                                           211ms
  cloudfoundry_space.space_367                                           223ms
  cloudfoundry_space.space_368                                           232ms
  cloudfoundry_space.space_369                                           177ms
  cloudfoundry_space.space_37                                            208ms
  cloudfoundry_space.space_370                                           236ms
  cloudfoundry_space.space_371                                           189ms
  cloudfoundry_space.space_372                                           230ms
  cloudfoundry_space.space_373                                           239ms
  cloudfoundry_space.space_374                                           235ms
  cloudfoundry_space.space_375                                           159ms
  cloudfoundry_space.space_376                                           227ms
  cloudfoundry_space.space_377                                           217ms
  cloudfoundry_space.space_378                                           227ms
  cloudfoundry_space.space_379                                           188ms
  cloudfoundry_space.space_38                                            218ms
  cloudfoundry_space.space_380                                           170ms
  cloudfoundry_space.space_381                                           227ms
  cloudfoundry_space.space_382                                           177ms
  cloudfoundry_space.space_383                                           178ms
  cloudfoundry_space.space_384                                           163ms
  cloudfoundry_space.space_385                                           225ms
  cloudfoundry_space.space_386                                           152ms
  cloudfoundry_space.space_387                                           153ms
  cloudfoundry_space.space_388                                           194ms
  cloudfoundry_space.space_389                                           207ms
  cloudfoundry_space.space_39                                            223ms
  cloudfoundry_space.space_390                                           200ms
  cloudfoundry_space.space_391                                           191ms
  cloudfoundry_space.space_392                                           179ms
  cloudfoundry_space.space_393                                           174ms
  cloudfoundry_space.space_394                                           169ms
  cloudfoundry_space.space_395                                           212ms
  cloudfoundry_space.space_396                                           159ms
  cloudfoundry_space.space_397                                           234ms
  cloudfoundry_space.space_398                                           172ms
  cloudfoundry_space.space_399                                           233ms
  cloudfoundry_space.space_4                                             209ms
  cloudfoundry_space.space_40                                            192ms
  cloudfoundry_space.space_400                                           227ms
  cloudfoundry_space.space_401                                           209ms
  cloudfoundry_space.space_402                                           174ms
  cloudfoundry_space.space_403                                           178ms
  cloudfoundry_space.space_404                                           201ms
  cloudfoundry_space.space_405                                           201ms
  cloudfoundry_space.space_406                                           173ms
  cloudfoundry_space.space_407                                           155ms
  cloudfoundry_space.space_408                                           231ms
  cloudfoundry_space.space_409                                           182ms
  cloudfoundry_space.space_41                                            230ms
  cloudfoundry_space.space_410                                           183ms
  cloudfoundry_space.space_411                                           210ms
  cloudfoundry_space.space_412                                           202ms
  cloudfoundry_space.space_413                                           204ms
  cloudfoundry_space.space_414                                           205ms
  cloudfoundry_space.space_415                                           180ms
  cloudfoundry_space.space_416                                           207ms
  cloudfoundry_space.space_417                                           200ms
  cloudfoundry_space.space_418                                           196ms
  cloudfoundry_space.space_419                                           196ms
  cloudfoundry_space.space_42                                            169ms
  cloudfoundry_space.space_420                                           199ms
  cloudfoundry_space.space_421                                           206ms
  cloudfoundry_space.space_422                                           232ms
  cloudfoundry_space.space_423                                           225ms
  cloudfoundry_space.space_424                                           210ms
  cloudfoundry_space.space_425                                           198ms
  cloudfoundry_space.space_426                                           205ms
  cloudfoundry_space.space_427                                           194ms
  cloudfoundry_space.space_428                                           201ms
  cloudfoundry_space.space_429                                           222ms
  cloudfoundry_space.space_43                                            195ms
  cloudfoundry_space.space_430                                           172ms
  cloudfoundry_space.space_431                                           208ms
  cloudfoundry_space.space_432                                           224ms
  cloudfoundry_space.space_433                                           244ms
  cloudfoundry_space.space_434                                           178ms
  cloudfoundry_space.space_435                                           200ms
  cloudfoundry_space.space_436                                           185ms
  cloudfoundry_space.space_437                                           206ms
  cloudfoundry_space.space_438                                           185ms
  cloudfoundry_space.space_439                                           189ms
  cloudfoundry_space.space_44                                            181ms
  cloudfoundry_space.space_440                                           227ms
  cloudfoundry_space.space_441                                           181ms
  cloudfoundry_space.space_442                                           210ms
  cloudfoundry_space.space_443                                           187ms
  cloudfoundry_space.space_444                                           170ms
  cloudfoundry_space.space_445                                           207ms
  cloudfoundry_space.space_446                                           229ms
  cloudfoundry_space.space_447                                           236ms
  cloudfoundry_space.space_448                                           173ms
  cloudfoundry_space.space_449                                           204ms
  cloudfoundry_space.space_45                                            207ms
  cloudfoundry_space.space_450                                           164ms
  cloudfoundry_space.space_451                                           183ms
  cloudfoundry_space.space_452                                           200ms
  cloudfoundry_space.space_453                                           249ms
  cloudfoundry_space.space_454                                           190ms
  cloudfoundry_space.space_455                                           169ms
  cloudfoundry_space.space_456                                           203ms
  cloudfoundry_space.space_457                                           203ms
  cloudfoundry_space.space_458                                           167ms
  cloudfoundry_space.space_459                                           206ms
  cloudfoundry_space.space_46                                            254ms
  cloudfoundry_space.space_460                                           182ms
  cloudfoundry_space.space_461                                           212ms
  cloudfoundry_space.space_462                                           210ms
  cloudfoundry_space.space_463                                           189ms
  cloudfoundry_space.space_464                                           199ms
  cloudfoundry_space.space_465                                           226ms
  cloudfoundry_space.space_466                                           186ms
  cloudfoundry_space.space_467                                           210ms
  cloudfoundry_space.space_468                                           229ms
  cloudfoundry_space.space_469                                           195ms
  cloudfoundry_space.space_47                                            233ms
  cloudfoundry_space.space_470                                           184ms
  cloudfoundry_space.space_471                                           162ms
  cloudfoundry_space.space_472                                           245ms
  cloudfoundry_space.space_473                                           191ms
  cloudfoundry_space.space_474                                           187ms
  cloudfoundry_space.space_475                                           169ms
  cloudfoundry_space.space_476                                           205ms
  cloudfoundry_space.space_477                                           202ms
  cloudfoundry_space.space_478                                           175ms
  cloudfoundry_space.space_479                                           173ms
  cloudfoundry_space.space_48                                            233ms
  cloudfoundry_space.space_480                                           176ms
  cloudfoundry_space.space_481                                           207ms
  cloudfoundry_space.space_482                                           201ms
  cloudfoundry_space.space_483                                           206ms
  cloudfoundry_space.space_484                                           205ms
  cloudfoundry_space.space_485                                           198ms
  cloudfoundry_space.space_486                                           231ms
  cloudfoundry_space.space_487                                           200ms
  cloudfoundry_space.space_488                                           173ms
  cloudfoundry_space.space_489                                           195ms
  cloudfoundry_space.space_49                                            204ms
  cloudfoundry_space.space_490                                           167ms
  cloudfoundry_space.space_491                                           202ms
  cloudfoundry_space.space_492                                           161ms
  cloudfoundry_space.space_493                                           200ms
  cloudfoundry_space.space_494                                           221ms
  cloudfoundry_space.space_495                                           174ms
  cloudfoundry_space.space_496                                           178ms
  cloudfoundry_space.space_497                                           188ms
  cloudfoundry_space.space_498                                           178ms
  cloudfoundry_space.space_499                                           182ms
  cloudfoundry_space.space_5                                             205ms
  cloudfoundry_space.space_50                                            197ms
  cloudfoundry_space.space_500                                           278ms
  cloudfoundry_space.space_51                                            185ms
  cloudfoundry_space.space_52                                            266ms
  cloudfoundry_space.space_53                                            187ms
  cloudfoundry_space.space_54                                            161ms
  cloudfoundry_space.space_55                                            168ms
  cloudfoundry_space.space_56                                            220ms
  cloudfoundry_space.space_57                                            151ms
  cloudfoundry_space.space_58                                            208ms
  cloudfoundry_space.space_59                                            209ms
  cloudfoundry_space.space_6                                             204ms
  cloudfoundry_space.space_60                                            191ms
  cloudfoundry_space.space_61                                            187ms
  cloudfoundry_space.space_62                                            202ms
  cloudfoundry_space.space_63                                            214ms
  cloudfoundry_space.space_64                                            210ms
  cloudfoundry_space.space_65                                            223ms
  cloudfoundry_space.space_66                                            216ms
  cloudfoundry_space.space_67                                            249ms
  cloudfoundry_space.space_68                                            186ms
  cloudfoundry_space.space_69                                            189ms
  cloudfoundry_space.space_7                                             185ms
  cloudfoundry_space.space_70                                            232ms
  cloudfoundry_space.space_71                                            216ms
  cloudfoundry_space.space_72                                            164ms
  cloudfoundry_space.space_73                                            233ms
  cloudfoundry_space.space_74                                            191ms
  cloudfoundry_space.space_75                                            206ms
  cloudfoundry_space.space_76                                            174ms
  cloudfoundry_space.space_77                                            219ms
  cloudfoundry_space.space_78                                            173ms
  cloudfoundry_space.space_79                                            163ms
  cloudfoundry_space.space_8                                             183ms
  cloudfoundry_space.space_80                                            212ms
  cloudfoundry_space.space_81                                            202ms
  cloudfoundry_space.space_82                                            201ms
  cloudfoundry_space.space_83                                            184ms
  cloudfoundry_space.space_84                                            249ms
  cloudfoundry_space.space_85                                            179ms
  cloudfoundry_space.space_86                                            216ms
  cloudfoundry_space.space_87                                            206ms
  cloudfoundry_space.space_88                                            180ms
  cloudfoundry_space.space_89                                            203ms
  cloudfoundry_space.space_9                                             237ms
  cloudfoundry_space.space_90                                            183ms
  cloudfoundry_space.space_91                                            195ms
  cloudfoundry_space.space_92                                            196ms
  cloudfoundry_space.space_93                                            206ms
  cloudfoundry_space.space_94                                            174ms
  cloudfoundry_space.space_95                                            176ms
  cloudfoundry_space.space_96                                            204ms
  cloudfoundry_space.space_97                                            224ms
  cloudfoundry_space.space_98                                            192ms
  cloudfoundry_space.space_99                                            263ms


Run 9/10:
  Total run time: 6.763235s
  cloudfoundry_space.space_1                                             182ms
  cloudfoundry_space.space_10                                            230ms
  cloudfoundry_space.space_100                                           172ms
  cloudfoundry_space.space_101                                           202ms
  cloudfoundry_space.space_102                                           235ms
  cloudfoundry_space.space_103                                           187ms
  cloudfoundry_space.space_104                                           245ms
  cloudfoundry_space.space_105                                           182ms
  cloudfoundry_space.space_106                                           154ms
  cloudfoundry_space.space_107                                           269ms
  cloudfoundry_space.space_108                                           205ms
  cloudfoundry_space.space_109                                           187ms
  cloudfoundry_space.space_11                                            192ms
  cloudfoundry_space.space_110                                           170ms
  cloudfoundry_space.space_111                                           237ms
  cloudfoundry_space.space_112                                           202ms
  cloudfoundry_space.space_113                                           236ms
  cloudfoundry_space.space_114                                           257ms
  cloudfoundry_space.space_115                                           235ms
  cloudfoundry_space.space_116                                           178ms
  cloudfoundry_space.space_117                                           208ms
  cloudfoundry_space.space_118                                           238ms
  cloudfoundry_space.space_119                                           235ms
  cloudfoundry_space.space_12                                            234ms
  cloudfoundry_space.space_120                                           202ms
  cloudfoundry_space.space_121                                           224ms
  cloudfoundry_space.space_122                                           198ms
  cloudfoundry_space.space_123                                           300ms
  cloudfoundry_space.space_124                                           214ms
  cloudfoundry_space.space_125                                           268ms
  cloudfoundry_space.space_126                                           235ms
  cloudfoundry_space.space_127                                           209ms
  cloudfoundry_space.space_128                                           191ms
  cloudfoundry_space.space_129                                           187ms
  cloudfoundry_space.space_13                                            228ms
  cloudfoundry_space.space_130                                           210ms
  cloudfoundry_space.space_131                                           213ms
  cloudfoundry_space.space_132                                           168ms
  cloudfoundry_space.space_133                                           283ms
  cloudfoundry_space.space_134                                           220ms
  cloudfoundry_space.space_135                                           238ms
  cloudfoundry_space.space_136                                           180ms
  cloudfoundry_space.space_137                                           252ms
  cloudfoundry_space.space_138                                           220ms
  cloudfoundry_space.space_139                                           184ms
  cloudfoundry_space.space_14                                            194ms
  cloudfoundry_space.space_140                                           271ms
  cloudfoundry_space.space_141                                           190ms
  cloudfoundry_space.space_142                                           216ms
  cloudfoundry_space.space_143                                           175ms
  cloudfoundry_space.space_144                                           248ms
  cloudfoundry_space.space_145                                           240ms
  cloudfoundry_space.space_146                                           226ms
  cloudfoundry_space.space_147                                           182ms
  cloudfoundry_space.space_148                                           177ms
  cloudfoundry_space.space_149                                           203ms
  cloudfoundry_space.space_15                                            204ms
  cloudfoundry_space.space_150                                           227ms
  cloudfoundry_space.space_151                                           170ms
  cloudfoundry_space.space_152                                           170ms
  cloudfoundry_space.space_153                                           160ms
  cloudfoundry_space.space_154                                           213ms
  cloudfoundry_space.space_155                                           235ms
  cloudfoundry_space.space_156                                           171ms
  cloudfoundry_space.space_157                                           213ms
  cloudfoundry_space.space_158                                           208ms
  cloudfoundry_space.space_159                                           260ms
  cloudfoundry_space.space_16                                            228ms
  cloudfoundry_space.space_160                                           216ms
  cloudfoundry_space.space_161                                           218ms
  cloudfoundry_space.space_162                                           201ms
  cloudfoundry_space.space_163                                           231ms
  cloudfoundry_space.space_164                                           223ms
  cloudfoundry_space.space_165                                           205ms
  cloudfoundry_space.space_166                                           232ms
  cloudfoundry_space.space_167                                           224ms
  cloudfoundry_space.space_168                                           254ms
  cloudfoundry_space.space_169                                           225ms
  cloudfoundry_space.space_17                                            220ms
  cloudfoundry_space.space_170                                           195ms
  cloudfoundry_space.space_171                                           253ms
  cloudfoundry_space.space_172                                           232ms
  cloudfoundry_space.space_173                                           204ms
  cloudfoundry_space.space_174                                           193ms
  cloudfoundry_space.space_175                                           243ms
  cloudfoundry_space.space_176                                           200ms
  cloudfoundry_space.space_177                                           186ms
  cloudfoundry_space.space_178                                           226ms
  cloudfoundry_space.space_179                                           207ms
  cloudfoundry_space.space_18                                            186ms
  cloudfoundry_space.space_180                                           288ms
  cloudfoundry_space.space_181                                           192ms
  cloudfoundry_space.space_182                                           190ms
  cloudfoundry_space.space_183                                           220ms
  cloudfoundry_space.space_184                                           159ms
  cloudfoundry_space.space_185                                           188ms
  cloudfoundry_space.space_186                                           202ms
  cloudfoundry_space.space_187                                           191ms
  cloudfoundry_space.space_188                                           168ms
  cloudfoundry_space.space_189                                           204ms
  cloudfoundry_space.space_19                                            207ms
  cloudfoundry_space.space_190                                           179ms
  cloudfoundry_space.space_191                                           199ms
  cloudfoundry_space.space_192                                           178ms
  cloudfoundry_space.space_193                                           217ms
  cloudfoundry_space.space_194                                           219ms
  cloudfoundry_space.space_195                                           153ms
  cloudfoundry_space.space_196                                           170ms
  cloudfoundry_space.space_197                                           261ms
  cloudfoundry_space.space_198                                           220ms
  cloudfoundry_space.space_199                                           185ms
  cloudfoundry_space.space_2                                             201ms
  cloudfoundry_space.space_20                                            230ms
  cloudfoundry_space.space_200                                           235ms
  cloudfoundry_space.space_201                                           195ms
  cloudfoundry_space.space_202                                           204ms
  cloudfoundry_space.space_203                                           221ms
  cloudfoundry_space.space_204                                           195ms
  cloudfoundry_space.space_205                                           201ms
  cloudfoundry_space.space_206                                           205ms
  cloudfoundry_space.space_207                                           182ms
  cloudfoundry_space.space_208                                           197ms
  cloudfoundry_space.space_209                                           228ms
  cloudfoundry_space.space_21                                            197ms
  cloudfoundry_space.space_210                                           193ms
  cloudfoundry_space.space_211                                           188ms
  cloudfoundry_space.space_212                                           204ms
  cloudfoundry_space.space_213                                           237ms
  cloudfoundry_space.space_214                                           191ms
  cloudfoundry_space.space_215                                           215ms
  cloudfoundry_space.space_216                                           203ms
  cloudfoundry_space.space_217                                           220ms
  cloudfoundry_space.space_218                                           183ms
  cloudfoundry_space.space_219                                           177ms
  cloudfoundry_space.space_22                                            229ms
  cloudfoundry_space.space_220                                           231ms
  cloudfoundry_space.space_221                                           236ms
  cloudfoundry_space.space_222                                           159ms
  cloudfoundry_space.space_223                                           201ms
  cloudfoundry_space.space_224                                           204ms
  cloudfoundry_space.space_225                                           241ms
  cloudfoundry_space.space_226                                           205ms
  cloudfoundry_space.space_227                                           167ms
  cloudfoundry_space.space_228                                           166ms
  cloudfoundry_space.space_229                                           178ms
  cloudfoundry_space.space_23                                            208ms
  cloudfoundry_space.space_230                                           260ms
  cloudfoundry_space.space_231                                           259ms
  cloudfoundry_space.space_232                                           248ms
  cloudfoundry_space.space_233                                           171ms
  cloudfoundry_space.space_234                                           240ms
  cloudfoundry_space.space_235                                           254ms
  cloudfoundry_space.space_236                                           187ms
  cloudfoundry_space.space_237                                           213ms
  cloudfoundry_space.space_238                                           184ms
  cloudfoundry_space.space_239                                           198ms
  cloudfoundry_space.space_24                                            234ms
  cloudfoundry_space.space_240                                           214ms
  cloudfoundry_space.space_241                                           204ms
  cloudfoundry_space.space_242                                           188ms
  cloudfoundry_space.space_243                                           197ms
  cloudfoundry_space.space_244                                           210ms
  cloudfoundry_space.space_245                                           181ms
  cloudfoundry_space.space_246                                           234ms
  cloudfoundry_space.space_247                                           202ms
  cloudfoundry_space.space_248                                           155ms
  cloudfoundry_space.space_249                                           178ms
  cloudfoundry_space.space_25                                            170ms
  cloudfoundry_space.space_250                                           245ms
  cloudfoundry_space.space_251                                           221ms
  cloudfoundry_space.space_252                                           224ms
  cloudfoundry_space.space_253                                           211ms
  cloudfoundry_space.space_254                                           222ms
  cloudfoundry_space.space_255                                           223ms
  cloudfoundry_space.space_256                                           263ms
  cloudfoundry_space.space_257                                           167ms
  cloudfoundry_space.space_258                                           190ms
  cloudfoundry_space.space_259                                           196ms
  cloudfoundry_space.space_26                                            282ms
  cloudfoundry_space.space_260                                           207ms
  cloudfoundry_space.space_261                                           221ms
  cloudfoundry_space.space_262                                           215ms
  cloudfoundry_space.space_263                                           210ms
  cloudfoundry_space.space_264                                           206ms
  cloudfoundry_space.space_265                                           253ms
  cloudfoundry_space.space_266                                           237ms
  cloudfoundry_space.space_267                                           167ms
  cloudfoundry_space.space_268                                           206ms
  cloudfoundry_space.space_269                                           237ms
  cloudfoundry_space.space_27                                            228ms
  cloudfoundry_space.space_270                                           185ms
  cloudfoundry_space.space_271                                           218ms
  cloudfoundry_space.space_272                                           176ms
  cloudfoundry_space.space_273                                           163ms
  cloudfoundry_space.space_274                                           248ms
  cloudfoundry_space.space_275                                           184ms
  cloudfoundry_space.space_276                                           205ms
  cloudfoundry_space.space_277                                           220ms
  cloudfoundry_space.space_278                                           219ms
  cloudfoundry_space.space_279                                           200ms
  cloudfoundry_space.space_28                                            203ms
  cloudfoundry_space.space_280                                           236ms
  cloudfoundry_space.space_281                                           178ms
  cloudfoundry_space.space_282                                           232ms
  cloudfoundry_space.space_283                                           240ms
  cloudfoundry_space.space_284                                           180ms
  cloudfoundry_space.space_285                                           215ms
  cloudfoundry_space.space_286                                           219ms
  cloudfoundry_space.space_287                                           269ms
  cloudfoundry_space.space_288                                           204ms
  cloudfoundry_space.space_289                                           190ms
  cloudfoundry_space.space_29                                            235ms
  cloudfoundry_space.space_290                                           210ms
  cloudfoundry_space.space_291                                           230ms
  cloudfoundry_space.space_292                                           202ms
  cloudfoundry_space.space_293                                           218ms
  cloudfoundry_space.space_294                                           177ms
  cloudfoundry_space.space_295                                           200ms
  cloudfoundry_space.space_296                                           307ms
  cloudfoundry_space.space_297                                           208ms
  cloudfoundry_space.space_298                                           175ms
  cloudfoundry_space.space_299                                           194ms
  cloudfoundry_space.space_3                                             209ms
  cloudfoundry_space.space_30                                            213ms
  cloudfoundry_space.space_300                                           226ms
  cloudfoundry_space.space_301                                           261ms
  cloudfoundry_space.space_302                                           204ms
  cloudfoundry_space.space_303                                           186ms
  cloudfoundry_space.space_304                                           248ms
  cloudfoundry_space.space_305                                           204ms
  cloudfoundry_space.space_306                                           264ms
  cloudfoundry_space.space_307                                           281ms
  cloudfoundry_space.space_308                                           195ms
  cloudfoundry_space.space_309                                           198ms
  cloudfoundry_space.space_31                                            219ms
  cloudfoundry_space.space_310                                           227ms
  cloudfoundry_space.space_311                                           218ms
  cloudfoundry_space.space_312                                           210ms
  cloudfoundry_space.space_313                                           293ms
  cloudfoundry_space.space_314                                           218ms
  cloudfoundry_space.space_315                                           217ms
  cloudfoundry_space.space_316                                           186ms
  cloudfoundry_space.space_317                                           236ms
  cloudfoundry_space.space_318                                           170ms
  cloudfoundry_space.space_319                                           198ms
  cloudfoundry_space.space_32                                            177ms
  cloudfoundry_space.space_320                                           190ms
  cloudfoundry_space.space_321                                           191ms
  cloudfoundry_space.space_322                                           177ms
  cloudfoundry_space.space_323                                           162ms
  cloudfoundry_space.space_324                                           173ms
  cloudfoundry_space.space_325                                           163ms
  cloudfoundry_space.space_326                                           223ms
  cloudfoundry_space.space_327                                           177ms
  cloudfoundry_space.space_328                                           196ms
  cloudfoundry_space.space_329                                           211ms
  cloudfoundry_space.space_33                                            247ms
  cloudfoundry_space.space_330                                           233ms
  cloudfoundry_space.space_331                                           195ms
  cloudfoundry_space.space_332                                           240ms
  cloudfoundry_space.space_333                                           195ms
  cloudfoundry_space.space_334                                           199ms
  cloudfoundry_space.space_335                                           226ms
  cloudfoundry_space.space_336                                           269ms
  cloudfoundry_space.space_337                                           227ms
  cloudfoundry_space.space_338                                           208ms
  cloudfoundry_space.space_339                                           213ms
  cloudfoundry_space.space_34                                            163ms
  cloudfoundry_space.space_340                                           172ms
  cloudfoundry_space.space_341                                           217ms
  cloudfoundry_space.space_342                                           186ms
  cloudfoundry_space.space_343                                           238ms
  cloudfoundry_space.space_344                                           227ms
  cloudfoundry_space.space_345                                           184ms
  cloudfoundry_space.space_346                                           191ms
  cloudfoundry_space.space_347                                           188ms
  cloudfoundry_space.space_348                                           196ms
  cloudfoundry_space.space_349                                           227ms
  cloudfoundry_space.space_35                                            217ms
  cloudfoundry_space.space_350                                           183ms
  cloudfoundry_space.space_351                                           264ms
  cloudfoundry_space.space_352                                           239ms
  cloudfoundry_space.space_353                                           185ms
  cloudfoundry_space.space_354                                           230ms
  cloudfoundry_space.space_355                                           191ms
  cloudfoundry_space.space_356                                           204ms
  cloudfoundry_space.space_357                                           200ms
  cloudfoundry_space.space_358                                           244ms
  cloudfoundry_space.space_359                                           270ms
  cloudfoundry_space.space_36                                            216ms
  cloudfoundry_space.space_360                                           259ms
  cloudfoundry_space.space_361                                           172ms
  cloudfoundry_space.space_362                                           228ms
  cloudfoundry_space.space_363                                           205ms
  cloudfoundry_space.space_364                                           199ms
  cloudfoundry_space.space_365                                           190ms
  cloudfoundry_space.space_366                                           161ms
  cloudfoundry_space.space_367                                           196ms
  cloudfoundry_space.space_368                                           207ms
  cloudfoundry_space.space_369                                           180ms
  cloudfoundry_space.space_37                                            205ms
  cloudfoundry_space.space_370                                           219ms
  cloudfoundry_space.space_371                                           259ms
  cloudfoundry_space.space_372                                           263ms
  cloudfoundry_space.space_373                                           187ms
  cloudfoundry_space.space_374                                           233ms
  cloudfoundry_space.space_375                                           205ms
  cloudfoundry_space.space_376                                           226ms
  cloudfoundry_space.space_377                                           178ms
  cloudfoundry_space.space_378                                           238ms
  cloudfoundry_space.space_379                                           201ms
  cloudfoundry_space.space_38                                            215ms
  cloudfoundry_space.space_380                                           274ms
  cloudfoundry_space.space_381                                           209ms
  cloudfoundry_space.space_382                                           206ms
  cloudfoundry_space.space_383                                           242ms
  cloudfoundry_space.space_384                                           182ms
  cloudfoundry_space.space_385                                           247ms
  cloudfoundry_space.space_386                                           193ms
  cloudfoundry_space.space_387                                           207ms
  cloudfoundry_space.space_388                                           280ms
  cloudfoundry_space.space_389                                           195ms
  cloudfoundry_space.space_39                                            236ms
  cloudfoundry_space.space_390                                           217ms
  cloudfoundry_space.space_391                                           192ms
  cloudfoundry_space.space_392                                           229ms
  cloudfoundry_space.space_393                                           210ms
  cloudfoundry_space.space_394                                           203ms
  cloudfoundry_space.space_395                                           226ms
  cloudfoundry_space.space_396                                           170ms
  cloudfoundry_space.space_397                                           200ms
  cloudfoundry_space.space_398                                           234ms
  cloudfoundry_space.space_399                                           206ms
  cloudfoundry_space.space_4                                             208ms
  cloudfoundry_space.space_40                                            188ms
  cloudfoundry_space.space_400                                           220ms
  cloudfoundry_space.space_401                                           180ms
  cloudfoundry_space.space_402                                           214ms
  cloudfoundry_space.space_403                                           229ms
  cloudfoundry_space.space_404                                           205ms
  cloudfoundry_space.space_405                                           253ms
  cloudfoundry_space.space_406                                           224ms
  cloudfoundry_space.space_407                                           218ms
  cloudfoundry_space.space_408                                           182ms
  cloudfoundry_space.space_409                                           198ms
  cloudfoundry_space.space_41                                            241ms
  cloudfoundry_space.space_410                                           171ms
  cloudfoundry_space.space_411                                           190ms
  cloudfoundry_space.space_412                                           187ms
  cloudfoundry_space.space_413                                           224ms
  cloudfoundry_space.space_414                                           211ms
  cloudfoundry_space.space_415                                           213ms
  cloudfoundry_space.space_416                                           190ms
  cloudfoundry_space.space_417                                           206ms
  cloudfoundry_space.space_418                                           205ms
  cloudfoundry_space.space_419                                           204ms
  cloudfoundry_space.space_42                                            249ms
  cloudfoundry_space.space_420                                           192ms
  cloudfoundry_space.space_421                                           215ms
  cloudfoundry_space.space_422                                           241ms
  cloudfoundry_space.space_423                                           220ms
  cloudfoundry_space.space_424                                           239ms
  cloudfoundry_space.space_425                                           165ms
  cloudfoundry_space.space_426                                           180ms
  cloudfoundry_space.space_427                                           203ms
  cloudfoundry_space.space_428                                           226ms
  cloudfoundry_space.space_429                                           217ms
  cloudfoundry_space.space_43                                            224ms
  cloudfoundry_space.space_430                                           226ms
  cloudfoundry_space.space_431                                           278ms
  cloudfoundry_space.space_432                                           194ms
  cloudfoundry_space.space_433                                           244ms
  cloudfoundry_space.space_434                                           205ms
  cloudfoundry_space.space_435                                           188ms
  cloudfoundry_space.space_436                                           196ms
  cloudfoundry_space.space_437                                           236ms
  cloudfoundry_space.space_438                                           225ms
  cloudfoundry_space.space_439                                           209ms
  cloudfoundry_space.space_44                                            167ms
  cloudfoundry_space.space_440                                           231ms
  cloudfoundry_space.space_441                                           213ms
  cloudfoundry_space.space_442                                           244ms
  cloudfoundry_space.space_443                                           264ms
  cloudfoundry_space.space_444                                           229ms
  cloudfoundry_space.space_445                                           190ms
  cloudfoundry_space.space_446                                           232ms
  cloudfoundry_space.space_447                                           205ms
  cloudfoundry_space.space_448                                           229ms
  cloudfoundry_space.space_449                                           176ms
  cloudfoundry_space.space_45                                            226ms
  cloudfoundry_space.space_450                                           197ms
  cloudfoundry_space.space_451                                           182ms
  cloudfoundry_space.space_452                                           254ms
  cloudfoundry_space.space_453                                           175ms
  cloudfoundry_space.space_454                                           181ms
  cloudfoundry_space.space_455                                           230ms
  cloudfoundry_space.space_456                                           259ms
  cloudfoundry_space.space_457                                           195ms
  cloudfoundry_space.space_458                                           161ms
  cloudfoundry_space.space_459                                           177ms
  cloudfoundry_space.space_46                                            192ms
  cloudfoundry_space.space_460                                           199ms
  cloudfoundry_space.space_461                                           227ms
  cloudfoundry_space.space_462                                           225ms
  cloudfoundry_space.space_463                                           215ms
  cloudfoundry_space.space_464                                           249ms
  cloudfoundry_space.space_465                                           170ms
  cloudfoundry_space.space_466                                           275ms
  cloudfoundry_space.space_467                                           207ms
  cloudfoundry_space.space_468                                           208ms
  cloudfoundry_space.space_469                                           274ms
  cloudfoundry_space.space_47                                            251ms
  cloudfoundry_space.space_470                                           213ms
  cloudfoundry_space.space_471                                           197ms
  cloudfoundry_space.space_472                                           259ms
  cloudfoundry_space.space_473                                           188ms
  cloudfoundry_space.space_474                                           239ms
  cloudfoundry_space.space_475                                           234ms
  cloudfoundry_space.space_476                                           201ms
  cloudfoundry_space.space_477                                           174ms
  cloudfoundry_space.space_478                                           184ms
  cloudfoundry_space.space_479                                           271ms
  cloudfoundry_space.space_48                                            210ms
  cloudfoundry_space.space_480                                           221ms
  cloudfoundry_space.space_481                                           177ms
  cloudfoundry_space.space_482                                           207ms
  cloudfoundry_space.space_483                                           249ms
  cloudfoundry_space.space_484                                           239ms
  cloudfoundry_space.space_485                                           225ms
  cloudfoundry_space.space_486                                           253ms
  cloudfoundry_space.space_487                                           217ms
  cloudfoundry_space.space_488                                           209ms
  cloudfoundry_space.space_489                                           179ms
  cloudfoundry_space.space_49                                            231ms
  cloudfoundry_space.space_490                                           210ms
  cloudfoundry_space.space_491                                           163ms
  cloudfoundry_space.space_492                                           195ms
  cloudfoundry_space.space_493                                           265ms
  cloudfoundry_space.space_494                                           198ms
  cloudfoundry_space.space_495                                           245ms
  cloudfoundry_space.space_496                                           215ms
  cloudfoundry_space.space_497                                           210ms
  cloudfoundry_space.space_498                                           194ms
  cloudfoundry_space.space_499                                           181ms
  cloudfoundry_space.space_5                                             228ms
  cloudfoundry_space.space_50                                            178ms
  cloudfoundry_space.space_500                                           215ms
  cloudfoundry_space.space_51                                            201ms
  cloudfoundry_space.space_52                                            221ms
  cloudfoundry_space.space_53                                            180ms
  cloudfoundry_space.space_54                                            206ms
  cloudfoundry_space.space_55                                            237ms
  cloudfoundry_space.space_56                                            176ms
  cloudfoundry_space.space_57                                            201ms
  cloudfoundry_space.space_58                                            178ms
  cloudfoundry_space.space_59                                            217ms
  cloudfoundry_space.space_6                                             231ms
  cloudfoundry_space.space_60                                            220ms
  cloudfoundry_space.space_61                                            234ms
  cloudfoundry_space.space_62                                            281ms
  cloudfoundry_space.space_63                                            223ms
  cloudfoundry_space.space_64                                            241ms
  cloudfoundry_space.space_65                                            188ms
  cloudfoundry_space.space_66                                            185ms
  cloudfoundry_space.space_67                                            177ms
  cloudfoundry_space.space_68                                            181ms
  cloudfoundry_space.space_69                                            173ms
  cloudfoundry_space.space_7                                             230ms
  cloudfoundry_space.space_70                                            191ms
  cloudfoundry_space.space_71                                            192ms
  cloudfoundry_space.space_72                                            214ms
  cloudfoundry_space.space_73                                            200ms
  cloudfoundry_space.space_74                                            186ms
  cloudfoundry_space.space_75                                            228ms
  cloudfoundry_space.space_76                                            206ms
  cloudfoundry_space.space_77                                            205ms
  cloudfoundry_space.space_78                                            209ms
  cloudfoundry_space.space_79                                            229ms
  cloudfoundry_space.space_8                                             275ms
  cloudfoundry_space.space_80                                            234ms
  cloudfoundry_space.space_81                                            219ms
  cloudfoundry_space.space_82                                            210ms
  cloudfoundry_space.space_83                                            249ms
  cloudfoundry_space.space_84                                            201ms
  cloudfoundry_space.space_85                                            170ms
  cloudfoundry_space.space_86                                            172ms
  cloudfoundry_space.space_87                                            188ms
  cloudfoundry_space.space_88                                            213ms
  cloudfoundry_space.space_89                                            253ms
  cloudfoundry_space.space_9                                             174ms
  cloudfoundry_space.space_90                                            171ms
  cloudfoundry_space.space_91                                            260ms
  cloudfoundry_space.space_92                                            230ms
  cloudfoundry_space.space_93                                            204ms
  cloudfoundry_space.space_94                                            205ms
  cloudfoundry_space.space_95                                            227ms
  cloudfoundry_space.space_96                                            192ms
  cloudfoundry_space.space_97                                            168ms
  cloudfoundry_space.space_98                                            219ms
  cloudfoundry_space.space_99                                            205ms


Run 10/10:
  Total run time: 7.223929s
  cloudfoundry_space.space_1                                             201ms
  cloudfoundry_space.space_10                                            185ms
  cloudfoundry_space.space_100                                           181ms
  cloudfoundry_space.space_101                                           177ms
  cloudfoundry_space.space_102                                           180ms
  cloudfoundry_space.space_103                                           196ms
  cloudfoundry_space.space_104                                           202ms
  cloudfoundry_space.space_105                                           199ms
  cloudfoundry_space.space_106                                           191ms
  cloudfoundry_space.space_107                                           155ms
  cloudfoundry_space.space_108                                           254ms
  cloudfoundry_space.space_109                                           172ms
  cloudfoundry_space.space_11                                            244ms
  cloudfoundry_space.space_110                                           170ms
  cloudfoundry_space.space_111                                           230ms
  cloudfoundry_space.space_112                                           189ms
  cloudfoundry_space.space_113                                           216ms
  cloudfoundry_space.space_114                                           199ms
  cloudfoundry_space.space_115                                           219ms
  cloudfoundry_space.space_116                                           185ms
  cloudfoundry_space.space_117                                           239ms
  cloudfoundry_space.space_118                                           154ms
  cloudfoundry_space.space_119                                           172ms
  cloudfoundry_space.space_12                                            201ms
  cloudfoundry_space.space_120                                           308ms
  cloudfoundry_space.space_121                                           250ms
  cloudfoundry_space.space_122                                           217ms
  cloudfoundry_space.space_123                                           260ms
  cloudfoundry_space.space_124                                           217ms
  cloudfoundry_space.space_125                                           177ms
  cloudfoundry_space.space_126                                           205ms
  cloudfoundry_space.space_127                                           183ms
  cloudfoundry_space.space_128                                           165ms
  cloudfoundry_space.space_129                                           170ms
  cloudfoundry_space.space_13                                            207ms
  cloudfoundry_space.space_130                                           214ms
  cloudfoundry_space.space_131                                           177ms
  cloudfoundry_space.space_132                                           243ms
  cloudfoundry_space.space_133                                           198ms
  cloudfoundry_space.space_134                                           177ms
  cloudfoundry_space.space_135                                           231ms
  cloudfoundry_space.space_136                                           218ms
  cloudfoundry_space.space_137                                           161ms
  cloudfoundry_space.space_138                                           185ms
  cloudfoundry_space.space_139                                           199ms
  cloudfoundry_space.space_14                                            220ms
  cloudfoundry_space.space_140                                           297ms
  cloudfoundry_space.space_141                                           227ms
  cloudfoundry_space.space_142                                           203ms
  cloudfoundry_space.space_143                                           175ms
  cloudfoundry_space.space_144                                           192ms
  cloudfoundry_space.space_145                                           207ms
  cloudfoundry_space.space_146                                           229ms
  cloudfoundry_space.space_147                                           250ms
  cloudfoundry_space.space_148                                           177ms
  cloudfoundry_space.space_149                                           192ms
  cloudfoundry_space.space_15                                            195ms
  cloudfoundry_space.space_150                                           182ms
  cloudfoundry_space.space_151                                           193ms
  cloudfoundry_space.space_152                                           202ms
  cloudfoundry_space.space_153                                           176ms
  cloudfoundry_space.space_154                                           198ms
  cloudfoundry_space.space_155                                           187ms
  cloudfoundry_space.space_156                                           236ms
  cloudfoundry_space.space_157                                           217ms
  cloudfoundry_space.space_158                                           161ms
  cloudfoundry_space.space_159                                           191ms
  cloudfoundry_space.space_16                                            213ms
  cloudfoundry_space.space_160                                           148ms
  cloudfoundry_space.space_161                                           172ms
  cloudfoundry_space.space_162                                           186ms
  cloudfoundry_space.space_163                                           265ms
  cloudfoundry_space.space_164                                           178ms
  cloudfoundry_space.space_165                                           161ms
  cloudfoundry_space.space_166                                           216ms
  cloudfoundry_space.space_167                                           213ms
  cloudfoundry_space.space_168                                           192ms
  cloudfoundry_space.space_169                                           210ms
  cloudfoundry_space.space_17                                            228ms
  cloudfoundry_space.space_170                                           273ms
  cloudfoundry_space.space_171                                           174ms
  cloudfoundry_space.space_172                                           253ms
  cloudfoundry_space.space_173                                           195ms
  cloudfoundry_space.space_174                                           183ms
  cloudfoundry_space.space_175                                           181ms
  cloudfoundry_space.space_176                                           184ms
  cloudfoundry_space.space_177                                           183ms
  cloudfoundry_space.space_178                                           294ms
  cloudfoundry_space.space_179                                           173ms
  cloudfoundry_space.space_18                                            161ms
  cloudfoundry_space.space_180                                           189ms
  cloudfoundry_space.space_181                                           169ms
  cloudfoundry_space.space_182                                           281ms
  cloudfoundry_space.space_183                                           241ms
  cloudfoundry_space.space_184                                           225ms
  cloudfoundry_space.space_185                                           168ms
  cloudfoundry_space.space_186                                           169ms
  cloudfoundry_space.space_187                                           186ms
  cloudfoundry_space.space_188                                           207ms
  cloudfoundry_space.space_189                                           180ms
  cloudfoundry_space.space_19                                            173ms
  cloudfoundry_space.space_190                                           180ms
  cloudfoundry_space.space_191                                           204ms
  cloudfoundry_space.space_192                                           216ms
  cloudfoundry_space.space_193                                           262ms
  cloudfoundry_space.space_194                                           204ms
  cloudfoundry_space.space_195                                           216ms
  cloudfoundry_space.space_196                                           200ms
  cloudfoundry_space.space_197                                           220ms
  cloudfoundry_space.space_198                                           201ms
  cloudfoundry_space.space_199                                           216ms
  cloudfoundry_space.space_2                                             226ms
  cloudfoundry_space.space_20                                            189ms
  cloudfoundry_space.space_200                                           203ms
  cloudfoundry_space.space_201                                           207ms
  cloudfoundry_space.space_202                                           200ms
  cloudfoundry_space.space_203                                           213ms
  cloudfoundry_space.space_204                                           187ms
  cloudfoundry_space.space_205                                           193ms
  cloudfoundry_space.space_206                                           214ms
  cloudfoundry_space.space_207                                           164ms
  cloudfoundry_space.space_208                                           168ms
  cloudfoundry_space.space_209                                           202ms
  cloudfoundry_space.space_21                                            261ms
  cloudfoundry_space.space_210                                           169ms
  cloudfoundry_space.space_211                                           218ms
  cloudfoundry_space.space_212                                           225ms
  cloudfoundry_space.space_213                                           218ms
  cloudfoundry_space.space_214                                           231ms
  cloudfoundry_space.space_215                                           186ms
  cloudfoundry_space.space_216                                           205ms
  cloudfoundry_space.space_217                                           209ms
  cloudfoundry_space.space_218                                           184ms
  cloudfoundry_space.space_219                                           176ms
  cloudfoundry_space.space_22                                            236ms
  cloudfoundry_space.space_220                                           188ms
  cloudfoundry_space.space_221                                           188ms
  cloudfoundry_space.space_222                                           220ms
  cloudfoundry_space.space_223                                           169ms
  cloudfoundry_space.space_224                                           212ms
  cloudfoundry_space.space_225                                           192ms
  cloudfoundry_space.space_226                                           278ms
  cloudfoundry_space.space_227                                           239ms
  cloudfoundry_space.space_228                                           249ms
  cloudfoundry_space.space_229                                           171ms
  cloudfoundry_space.space_23                                            183ms
  cloudfoundry_space.space_230                                           199ms
  cloudfoundry_space.space_231                                           231ms
  cloudfoundry_space.space_232                                           178ms
  cloudfoundry_space.space_233                                           196ms
  cloudfoundry_space.space_234                                           235ms
  cloudfoundry_space.space_235                                           214ms
  cloudfoundry_space.space_236                                           162ms
  cloudfoundry_space.space_237                                           207ms
  cloudfoundry_space.space_238                                           202ms
  cloudfoundry_space.space_239                                           190ms
  cloudfoundry_space.space_24                                            169ms
  cloudfoundry_space.space_240                                           158ms
  cloudfoundry_space.space_241                                           243ms
  cloudfoundry_space.space_242                                           198ms
  cloudfoundry_space.space_243                                           530ms
  cloudfoundry_space.space_244                                           188ms
  cloudfoundry_space.space_245                                           241ms
  cloudfoundry_space.space_246                                           211ms
  cloudfoundry_space.space_247                                           258ms
  cloudfoundry_space.space_248                                           160ms
  cloudfoundry_space.space_249                                           183ms
  cloudfoundry_space.space_25                                            196ms
  cloudfoundry_space.space_250                                           220ms
  cloudfoundry_space.space_251                                           211ms
  cloudfoundry_space.space_252                                           208ms
  cloudfoundry_space.space_253                                           186ms
  cloudfoundry_space.space_254                                           241ms
  cloudfoundry_space.space_255                                           238ms
  cloudfoundry_space.space_256                                           213ms
  cloudfoundry_space.space_257                                           180ms
  cloudfoundry_space.space_258                                           191ms
  cloudfoundry_space.space_259                                           173ms
  cloudfoundry_space.space_26                                            239ms
  cloudfoundry_space.space_260                                           211ms
  cloudfoundry_space.space_261                                           165ms
  cloudfoundry_space.space_262                                           212ms
  cloudfoundry_space.space_263                                           194ms
  cloudfoundry_space.space_264                                           326ms
  cloudfoundry_space.space_265                                           204ms
  cloudfoundry_space.space_266                                           233ms
  cloudfoundry_space.space_267                                           166ms
  cloudfoundry_space.space_268                                           274ms
  cloudfoundry_space.space_269                                           237ms
  cloudfoundry_space.space_27                                            266ms
  cloudfoundry_space.space_270                                           180ms
  cloudfoundry_space.space_271                                           184ms
  cloudfoundry_space.space_272                                           193ms
  cloudfoundry_space.space_273                                           223ms
  cloudfoundry_space.space_274                                           233ms
  cloudfoundry_space.space_275                                           206ms
  cloudfoundry_space.space_276                                           176ms
  cloudfoundry_space.space_277                                           178ms
  cloudfoundry_space.space_278                                           216ms
  cloudfoundry_space.space_279                                           211ms
  cloudfoundry_space.space_28                                            206ms
  cloudfoundry_space.space_280                                           160ms
  cloudfoundry_space.space_281                                           194ms
  cloudfoundry_space.space_282                                           203ms
  cloudfoundry_space.space_283                                           206ms
  cloudfoundry_space.space_284                                           198ms
  cloudfoundry_space.space_285                                           214ms
  cloudfoundry_space.space_286                                           183ms
  cloudfoundry_space.space_287                                           194ms
  cloudfoundry_space.space_288                                           196ms
  cloudfoundry_space.space_289                                           178ms
  cloudfoundry_space.space_29                                            248ms
  cloudfoundry_space.space_290                                           212ms
  cloudfoundry_space.space_291                                           148ms
  cloudfoundry_space.space_292                                           215ms
  cloudfoundry_space.space_293                                           321ms
  cloudfoundry_space.space_294                                           196ms
  cloudfoundry_space.space_295                                           202ms
  cloudfoundry_space.space_296                                           230ms
  cloudfoundry_space.space_297                                           182ms
  cloudfoundry_space.space_298                                           180ms
  cloudfoundry_space.space_299                                           180ms
  cloudfoundry_space.space_3                                             217ms
  cloudfoundry_space.space_30                                            324ms
  cloudfoundry_space.space_300                                           282ms
  cloudfoundry_space.space_301                                           190ms
  cloudfoundry_space.space_302                                           176ms
  cloudfoundry_space.space_303                                           194ms
  cloudfoundry_space.space_304                                           182ms
  cloudfoundry_space.space_305                                           167ms
  cloudfoundry_space.space_306                                           201ms
  cloudfoundry_space.space_307                                           195ms
  cloudfoundry_space.space_308                                           171ms
  cloudfoundry_space.space_309                                           157ms
  cloudfoundry_space.space_31                                            188ms
  cloudfoundry_space.space_310                                           222ms
  cloudfoundry_space.space_311                                           170ms
  cloudfoundry_space.space_312                                           216ms
  cloudfoundry_space.space_313                                           217ms
  cloudfoundry_space.space_314                                           191ms
  cloudfoundry_space.space_315                                           255ms
  cloudfoundry_space.space_316                                           217ms
  cloudfoundry_space.space_317                                           167ms
  cloudfoundry_space.space_318                                           204ms
  cloudfoundry_space.space_319                                           206ms
  cloudfoundry_space.space_32                                            202ms
  cloudfoundry_space.space_320                                           214ms
  cloudfoundry_space.space_321                                           212ms
  cloudfoundry_space.space_322                                           229ms
  cloudfoundry_space.space_323                                           295ms
  cloudfoundry_space.space_324                                           211ms
  cloudfoundry_space.space_325                                           231ms
  cloudfoundry_space.space_326                                           183ms
  cloudfoundry_space.space_327                                           240ms
  cloudfoundry_space.space_328                                           218ms
  cloudfoundry_space.space_329                                           208ms
  cloudfoundry_space.space_33                                            214ms
  cloudfoundry_space.space_330                                           150ms
  cloudfoundry_space.space_331                                           219ms
  cloudfoundry_space.space_332                                           204ms
  cloudfoundry_space.space_333                                           196ms
  cloudfoundry_space.space_334                                           247ms
  cloudfoundry_space.space_335                                           184ms
  cloudfoundry_space.space_336                                           230ms
  cloudfoundry_space.space_337                                           229ms
  cloudfoundry_space.space_338                                           3348ms
  cloudfoundry_space.space_339                                           224ms
  cloudfoundry_space.space_34                                            183ms
  cloudfoundry_space.space_340                                           196ms
  cloudfoundry_space.space_341                                           210ms
  cloudfoundry_space.space_342                                           204ms
  cloudfoundry_space.space_343                                           208ms
  cloudfoundry_space.space_344                                           312ms
  cloudfoundry_space.space_345                                           213ms
  cloudfoundry_space.space_346                                           208ms
  cloudfoundry_space.space_347                                           159ms
  cloudfoundry_space.space_348                                           304ms
  cloudfoundry_space.space_349                                           175ms
  cloudfoundry_space.space_35                                            198ms
  cloudfoundry_space.space_350                                           188ms
  cloudfoundry_space.space_351                                           187ms
  cloudfoundry_space.space_352                                           208ms
  cloudfoundry_space.space_353                                           181ms
  cloudfoundry_space.space_354                                           215ms
  cloudfoundry_space.space_355                                           209ms
  cloudfoundry_space.space_356                                           204ms
  cloudfoundry_space.space_357                                           191ms
  cloudfoundry_space.space_358                                           185ms
  cloudfoundry_space.space_359                                           250ms
  cloudfoundry_space.space_36                                            199ms
  cloudfoundry_space.space_360                                           217ms
  cloudfoundry_space.space_361                                           199ms
  cloudfoundry_space.space_362                                           166ms
  cloudfoundry_space.space_363                                           248ms
  cloudfoundry_space.space_364                                           193ms
  cloudfoundry_space.space_365                                           206ms
  cloudfoundry_space.space_366                                           213ms
  cloudfoundry_space.space_367                                           172ms
  cloudfoundry_space.space_368                                           197ms
  cloudfoundry_space.space_369                                           203ms
  cloudfoundry_space.space_37                                            206ms
  cloudfoundry_space.space_370                                           163ms
  cloudfoundry_space.space_371                                           151ms
  cloudfoundry_space.space_372                                           180ms
  cloudfoundry_space.space_373                                           169ms
  cloudfoundry_space.space_374                                           228ms
  cloudfoundry_space.space_375                                           190ms
  cloudfoundry_space.space_376                                           220ms
  cloudfoundry_space.space_377                                           173ms
  cloudfoundry_space.space_378                                           198ms
  cloudfoundry_space.space_379                                           184ms
  cloudfoundry_space.space_38                                            230ms
  cloudfoundry_space.space_380                                           206ms
  cloudfoundry_space.space_381                                           230ms
  cloudfoundry_space.space_382                                           248ms
  cloudfoundry_space.space_383                                           173ms
  cloudfoundry_space.space_384                                           215ms
  cloudfoundry_space.space_385                                           232ms
  cloudfoundry_space.space_386                                           201ms
  cloudfoundry_space.space_387                                           186ms
  cloudfoundry_space.space_388                                           189ms
  cloudfoundry_space.space_389                                           162ms
  cloudfoundry_space.space_39                                            198ms
  cloudfoundry_space.space_390                                           195ms
  cloudfoundry_space.space_391                                           154ms
  cloudfoundry_space.space_392                                           180ms
  cloudfoundry_space.space_393                                           216ms
  cloudfoundry_space.space_394                                           3072ms
  cloudfoundry_space.space_395                                           171ms
  cloudfoundry_space.space_396                                           248ms
  cloudfoundry_space.space_397                                           207ms
  cloudfoundry_space.space_398                                           190ms
  cloudfoundry_space.space_399                                           164ms
  cloudfoundry_space.space_4                                             188ms
  cloudfoundry_space.space_40                                            226ms
  cloudfoundry_space.space_400                                           188ms
  cloudfoundry_space.space_401                                           236ms
  cloudfoundry_space.space_402                                           242ms
  cloudfoundry_space.space_403                                           173ms
  cloudfoundry_space.space_404                                           213ms
  cloudfoundry_space.space_405                                           243ms
  cloudfoundry_space.space_406                                           228ms
  cloudfoundry_space.space_407                                           306ms
  cloudfoundry_space.space_408                                           170ms
  cloudfoundry_space.space_409                                           221ms
  cloudfoundry_space.space_41                                            243ms
  cloudfoundry_space.space_410                                           201ms
  cloudfoundry_space.space_411                                           202ms
  cloudfoundry_space.space_412                                           257ms
  cloudfoundry_space.space_413                                           169ms
  cloudfoundry_space.space_414                                           199ms
  cloudfoundry_space.space_415                                           184ms
  cloudfoundry_space.space_416                                           187ms
  cloudfoundry_space.space_417                                           220ms
  cloudfoundry_space.space_418                                           249ms
  cloudfoundry_space.space_419                                           261ms
  cloudfoundry_space.space_42                                            3501ms
  cloudfoundry_space.space_420                                           249ms
  cloudfoundry_space.space_421                                           223ms
  cloudfoundry_space.space_422                                           222ms
  cloudfoundry_space.space_423                                           165ms
  cloudfoundry_space.space_424                                           213ms
  cloudfoundry_space.space_425                                           194ms
  cloudfoundry_space.space_426                                           218ms
  cloudfoundry_space.space_427                                           214ms
  cloudfoundry_space.space_428                                           191ms
  cloudfoundry_space.space_429                                           205ms
  cloudfoundry_space.space_43                                            161ms
  cloudfoundry_space.space_430                                           177ms
  cloudfoundry_space.space_431                                           231ms
  cloudfoundry_space.space_432                                           178ms
  cloudfoundry_space.space_433                                           164ms
  cloudfoundry_space.space_434                                           200ms
  cloudfoundry_space.space_435                                           208ms
  cloudfoundry_space.space_436                                           193ms
  cloudfoundry_space.space_437                                           187ms
  cloudfoundry_space.space_438                                           318ms
  cloudfoundry_space.space_439                                           223ms
  cloudfoundry_space.space_44                                            203ms
  cloudfoundry_space.space_440                                           206ms
  cloudfoundry_space.space_441                                           173ms
  cloudfoundry_space.space_442                                           219ms
  cloudfoundry_space.space_443                                           167ms
  cloudfoundry_space.space_444                                           182ms
  cloudfoundry_space.space_445                                           243ms
  cloudfoundry_space.space_446                                           241ms
  cloudfoundry_space.space_447                                           168ms
  cloudfoundry_space.space_448                                           192ms
  cloudfoundry_space.space_449                                           201ms
  cloudfoundry_space.space_45                                            209ms
  cloudfoundry_space.space_450                                           171ms
  cloudfoundry_space.space_451                                           177ms
  cloudfoundry_space.space_452                                           160ms
  cloudfoundry_space.space_453                                           217ms
  cloudfoundry_space.space_454                                           219ms
  cloudfoundry_space.space_455                                           188ms
  cloudfoundry_space.space_456                                           196ms
  cloudfoundry_space.space_457                                           207ms
  cloudfoundry_space.space_458                                           247ms
  cloudfoundry_space.space_459                                           214ms
  cloudfoundry_space.space_46                                            251ms
  cloudfoundry_space.space_460                                           186ms
  cloudfoundry_space.space_461                                           241ms
  cloudfoundry_space.space_462                                           196ms
  cloudfoundry_space.space_463                                           223ms
  cloudfoundry_space.space_464                                           220ms
  cloudfoundry_space.space_465                                           202ms
  cloudfoundry_space.space_466                                           178ms
  cloudfoundry_space.space_467                                           206ms
  cloudfoundry_space.space_468                                           166ms
  cloudfoundry_space.space_469                                           193ms
  cloudfoundry_space.space_47                                            184ms
  cloudfoundry_space.space_470                                           199ms
  cloudfoundry_space.space_471                                           266ms
  cloudfoundry_space.space_472                                           218ms
  cloudfoundry_space.space_473                                           190ms
  cloudfoundry_space.space_474                                           192ms
  cloudfoundry_space.space_475                                           160ms
  cloudfoundry_space.space_476                                           323ms
  cloudfoundry_space.space_477                                           217ms
  cloudfoundry_space.space_478                                           170ms
  cloudfoundry_space.space_479                                           180ms
  cloudfoundry_space.space_48                                            183ms
  cloudfoundry_space.space_480                                           178ms
  cloudfoundry_space.space_481                                           199ms
  cloudfoundry_space.space_482                                           215ms
  cloudfoundry_space.space_483                                           237ms
  cloudfoundry_space.space_484                                           211ms
  cloudfoundry_space.space_485                                           322ms
  cloudfoundry_space.space_486                                           252ms
  cloudfoundry_space.space_487                                           242ms
  cloudfoundry_space.space_488                                           196ms
  cloudfoundry_space.space_489                                           177ms
  cloudfoundry_space.space_49                                            254ms
  cloudfoundry_space.space_490                                           189ms
  cloudfoundry_space.space_491                                           186ms
  cloudfoundry_space.space_492                                           204ms
  cloudfoundry_space.space_493                                           253ms
  cloudfoundry_space.space_494                                           219ms
  cloudfoundry_space.space_495                                           181ms
  cloudfoundry_space.space_496                                           163ms
  cloudfoundry_space.space_497                                           244ms
  cloudfoundry_space.space_498                                           237ms
  cloudfoundry_space.space_499                                           222ms
  cloudfoundry_space.space_5                                             183ms
  cloudfoundry_space.space_50                                            193ms
  cloudfoundry_space.space_500                                           162ms
  cloudfoundry_space.space_51                                            219ms
  cloudfoundry_space.space_52                                            249ms
  cloudfoundry_space.space_53                                            217ms
  cloudfoundry_space.space_54                                            239ms
  cloudfoundry_space.space_55                                            207ms
  cloudfoundry_space.space_56                                            202ms
  cloudfoundry_space.space_57                                            193ms
  cloudfoundry_space.space_58                                            204ms
  cloudfoundry_space.space_59                                            303ms
  cloudfoundry_space.space_6                                             330ms
  cloudfoundry_space.space_60                                            199ms
  cloudfoundry_space.space_61                                            171ms
  cloudfoundry_space.space_62                                            217ms
  cloudfoundry_space.space_63                                            212ms
  cloudfoundry_space.space_64                                            197ms
  cloudfoundry_space.space_65                                            195ms
  cloudfoundry_space.space_66                                            211ms
  cloudfoundry_space.space_67                                            215ms
  cloudfoundry_space.space_68                                            235ms
  cloudfoundry_space.space_69                                            170ms
  cloudfoundry_space.space_7                                             217ms
  cloudfoundry_space.space_70                                            218ms
  cloudfoundry_space.space_71                                            174ms
  cloudfoundry_space.space_72                                            183ms
  cloudfoundry_space.space_73                                            189ms
  cloudfoundry_space.space_74                                            218ms
  cloudfoundry_space.space_75                                            236ms
  cloudfoundry_space.space_76                                            175ms
  cloudfoundry_space.space_77                                            176ms
  cloudfoundry_space.space_78                                            232ms
  cloudfoundry_space.space_79                                            187ms
  cloudfoundry_space.space_8                                             187ms
  cloudfoundry_space.space_80                                            182ms
  cloudfoundry_space.space_81                                            170ms
  cloudfoundry_space.space_82                                            200ms
  cloudfoundry_space.space_83                                            220ms
  cloudfoundry_space.space_84                                            234ms
  cloudfoundry_space.space_85                                            199ms
  cloudfoundry_space.space_86                                            182ms
  cloudfoundry_space.space_87                                            271ms
  cloudfoundry_space.space_88                                            254ms
  cloudfoundry_space.space_89                                            222ms
  cloudfoundry_space.space_9                                             216ms
  cloudfoundry_space.space_90                                            227ms
  cloudfoundry_space.space_91                                            189ms
  cloudfoundry_space.space_92                                            178ms
  cloudfoundry_space.space_93                                            190ms
  cloudfoundry_space.space_94                                            177ms
  cloudfoundry_space.space_95                                            193ms
  cloudfoundry_space.space_96                                            174ms
  cloudfoundry_space.space_97                                            223ms
  cloudfoundry_space.space_98                                            200ms
  cloudfoundry_space.space_99                                            186ms


Final results:
-------                                ------------    -----------    -----------
Element                                Average (ms)   Minimum (ms)   Maximum (ms)
cloudfoundry_space.space_1                   221.30            179            263
cloudfoundry_space.space_10                  201.80            183            230
cloudfoundry_space.space_100                 195.90            163            250
cloudfoundry_space.space_101                 203.50            177            250
cloudfoundry_space.space_102                 213.40            178            262
cloudfoundry_space.space_103                 204.70            175            263
cloudfoundry_space.space_104                 219.40            170            259
cloudfoundry_space.space_105                 195.70            178            216
cloudfoundry_space.space_106                 199.70            154            269
cloudfoundry_space.space_107                 223.00            155            292
cloudfoundry_space.space_108                 223.20            173            268
cloudfoundry_space.space_109                 210.60            171            284
cloudfoundry_space.space_11                  200.40            180            244
cloudfoundry_space.space_110                 191.70            170            222
cloudfoundry_space.space_111                 215.60            173            237
cloudfoundry_space.space_112                 206.70            178            272
cloudfoundry_space.space_113                 201.30            162            265
cloudfoundry_space.space_114                 233.50            187            279
cloudfoundry_space.space_115                 214.10            162            279
cloudfoundry_space.space_116                 202.80            166            264
cloudfoundry_space.space_117                 201.00            154            239
cloudfoundry_space.space_118                 215.20            154            251
cloudfoundry_space.space_119                 202.40            169            235
cloudfoundry_space.space_12                  216.80            143            297
cloudfoundry_space.space_120                 207.00            154            308
cloudfoundry_space.space_121                 218.20            188            250
cloudfoundry_space.space_122                 212.30            183            287
cloudfoundry_space.space_123                 214.00            164            300
cloudfoundry_space.space_124                 209.10            181            257
cloudfoundry_space.space_125                 220.20            177            268
cloudfoundry_space.space_126                 244.80            200            449
cloudfoundry_space.space_127                 202.40            158            270
cloudfoundry_space.space_128                 194.10            165            230
cloudfoundry_space.space_129                 204.40            154            288
cloudfoundry_space.space_13                  215.80            176            289
cloudfoundry_space.space_130                 195.40            176            215
cloudfoundry_space.space_131                 215.70            177            265
cloudfoundry_space.space_132                 194.30            164            243
cloudfoundry_space.space_133                 301.50            196           1079
cloudfoundry_space.space_134                 202.10            174            242
cloudfoundry_space.space_135                 208.80            174            274
cloudfoundry_space.space_136                 206.10            159            264
cloudfoundry_space.space_137                 211.70            161            259
cloudfoundry_space.space_138                 200.70            175            253
cloudfoundry_space.space_139                 292.50            163           1149
cloudfoundry_space.space_14                  203.30            165            267
cloudfoundry_space.space_140                 221.50            161            297
cloudfoundry_space.space_141                 203.70            180            241
cloudfoundry_space.space_142                 225.70            173            313
cloudfoundry_space.space_143                 207.10            175            273
cloudfoundry_space.space_144                 211.40            172            249
cloudfoundry_space.space_145                 204.30            163            257
cloudfoundry_space.space_146                 200.10            179            229
cloudfoundry_space.space_147                 210.90            175            267
cloudfoundry_space.space_148                 202.00            169            250
cloudfoundry_space.space_149                 194.20            159            234
cloudfoundry_space.space_15                  188.00            159            212
cloudfoundry_space.space_150                 212.30            162            260
cloudfoundry_space.space_151                 198.50            158            272
cloudfoundry_space.space_152                 200.70            168            253
cloudfoundry_space.space_153                 192.10            160            239
cloudfoundry_space.space_154                 202.00            179            228
cloudfoundry_space.space_155                 206.50            184            277
cloudfoundry_space.space_156                 200.10            170            236
cloudfoundry_space.space_157                 226.90            191            272
cloudfoundry_space.space_158                 195.60            161            254
cloudfoundry_space.space_159                 209.90            177            260
cloudfoundry_space.space_16                  223.20            192            285
cloudfoundry_space.space_160                 200.70            148            260
cloudfoundry_space.space_161                 214.80            172            279
cloudfoundry_space.space_162                 198.90            163            241
cloudfoundry_space.space_163                 251.10            170            505
cloudfoundry_space.space_164                 210.20            168            280
cloudfoundry_space.space_165                 217.40            161            279
cloudfoundry_space.space_166                 224.60            181            269
cloudfoundry_space.space_167                 204.80            163            231
cloudfoundry_space.space_168                 214.70            161            289
cloudfoundry_space.space_169                 212.90            190            244
cloudfoundry_space.space_17                  219.70            174            267
cloudfoundry_space.space_170                 212.20            193            273
cloudfoundry_space.space_171                 204.50            162            253
cloudfoundry_space.space_172                 220.00            173            289
cloudfoundry_space.space_173                 201.90            167            261
cloudfoundry_space.space_174                 202.70            178            249
cloudfoundry_space.space_175                 215.20            164            274
cloudfoundry_space.space_176                 200.60            175            252
cloudfoundry_space.space_177                 205.60            177            285
cloudfoundry_space.space_178                 220.20            188            294
cloudfoundry_space.space_179                 203.30            172            243
cloudfoundry_space.space_18                  206.50            161            304
cloudfoundry_space.space_180                 209.40            157            288
cloudfoundry_space.space_181                 205.70            169            226
cloudfoundry_space.space_182                 211.80            174            281
cloudfoundry_space.space_183                 212.00            175            252
cloudfoundry_space.space_184                 212.40            159            264
cloudfoundry_space.space_185                 193.50            164            238
cloudfoundry_space.space_186                 201.10            169            220
cloudfoundry_space.space_187                 211.20            184            266
cloudfoundry_space.space_188                 195.90            168            217
cloudfoundry_space.space_189                 200.40            177            248
cloudfoundry_space.space_19                  207.90            173            251
cloudfoundry_space.space_190                 203.70            179            246
cloudfoundry_space.space_191                 210.00            170            260
cloudfoundry_space.space_192                 201.20            174            245
cloudfoundry_space.space_193                 211.40            163            262
cloudfoundry_space.space_194                 203.60            165            252
cloudfoundry_space.space_195                 196.80            153            287
cloudfoundry_space.space_196                 199.60            170            220
cloudfoundry_space.space_197                 214.80            155            261
cloudfoundry_space.space_198                 207.70            144            259
cloudfoundry_space.space_199                 210.90            160            265
cloudfoundry_space.space_2                   213.40            181            248
cloudfoundry_space.space_20                  207.30            180            262
cloudfoundry_space.space_200                 218.40            175            277
cloudfoundry_space.space_201                 212.50            176            281
cloudfoundry_space.space_202                 200.70            164            241
cloudfoundry_space.space_203                 222.80            160            322
cloudfoundry_space.space_204                 186.30            160            229
cloudfoundry_space.space_205                 201.20            162            256
cloudfoundry_space.space_206                 202.30            167            226
cloudfoundry_space.space_207                 191.30            162            218
cloudfoundry_space.space_208                 209.80            168            245
cloudfoundry_space.space_209                 208.00            187            244
cloudfoundry_space.space_21                  203.50            158            261
cloudfoundry_space.space_210                 201.50            169            252
cloudfoundry_space.space_211                 209.00            172            258
cloudfoundry_space.space_212                 206.20            186            226
cloudfoundry_space.space_213                 207.10            164            237
cloudfoundry_space.space_214                 216.70            175            323
cloudfoundry_space.space_215                 200.70            170            215
cloudfoundry_space.space_216                 212.00            165            281
cloudfoundry_space.space_217                 221.50            172            257
cloudfoundry_space.space_218                 197.00            162            233
cloudfoundry_space.space_219                 187.80            150            220
cloudfoundry_space.space_22                  203.70            160            236
cloudfoundry_space.space_220                 198.40            159            278
cloudfoundry_space.space_221                 209.20            173            237
cloudfoundry_space.space_222                 207.10            159            242
cloudfoundry_space.space_223                 224.90            169            297
cloudfoundry_space.space_224                 210.90            180            241
cloudfoundry_space.space_225                 208.20            178            264
cloudfoundry_space.space_226                 211.70            176            278
cloudfoundry_space.space_227                 207.80            158            264
cloudfoundry_space.space_228                 207.90            158            265
cloudfoundry_space.space_229                 200.80            161            237
cloudfoundry_space.space_23                  192.80            157            227
cloudfoundry_space.space_230                 204.40            183            260
cloudfoundry_space.space_231                 213.70            169            259
cloudfoundry_space.space_232                 213.30            178            262
cloudfoundry_space.space_233                 194.50            163            237
cloudfoundry_space.space_234                 209.50            160            275
cloudfoundry_space.space_235                 214.00            178            254
cloudfoundry_space.space_236                 190.70            162            220
cloudfoundry_space.space_237                 212.90            184            254
cloudfoundry_space.space_238                 209.90            183            250
cloudfoundry_space.space_239                 216.10            178            276
cloudfoundry_space.space_24                  204.40            169            236
cloudfoundry_space.space_240                 203.50            158            242
cloudfoundry_space.space_241                 209.50            167            256
cloudfoundry_space.space_242                 207.50            148            255
cloudfoundry_space.space_243                 236.30            178            530
cloudfoundry_space.space_244                 200.40            168            255
cloudfoundry_space.space_245                 197.80            166            241
cloudfoundry_space.space_246                 210.90            155            252
cloudfoundry_space.space_247                 201.10            158            258
cloudfoundry_space.space_248                 203.30            155            254
cloudfoundry_space.space_249                 198.30            173            276
cloudfoundry_space.space_25                  200.80            170            235
cloudfoundry_space.space_250                 228.40            181            262
cloudfoundry_space.space_251                 217.60            194            269
cloudfoundry_space.space_252                 212.20            170            247
cloudfoundry_space.space_253                 200.20            167            221
cloudfoundry_space.space_254                 212.20            172            252
cloudfoundry_space.space_255                 200.90            174            238
cloudfoundry_space.space_256                 207.30            163            267
cloudfoundry_space.space_257                 214.80            167            325
cloudfoundry_space.space_258                 197.00            170            245
cloudfoundry_space.space_259                 197.10            173            238
cloudfoundry_space.space_26                  211.20            184            282
cloudfoundry_space.space_260                 207.70            171            242
cloudfoundry_space.space_261                 194.90            165            221
cloudfoundry_space.space_262                 218.30            171            290
cloudfoundry_space.space_263                 200.90            160            239
cloudfoundry_space.space_264                 209.00            159            326
cloudfoundry_space.space_265                 216.20            176            276
cloudfoundry_space.space_266                 216.90            167            250
cloudfoundry_space.space_267                 196.00            166            228
cloudfoundry_space.space_268                 215.50            181            274
cloudfoundry_space.space_269                 208.10            164            237
cloudfoundry_space.space_27                  216.50            170            275
cloudfoundry_space.space_270                 207.10            180            250
cloudfoundry_space.space_271                 190.30            160            221
cloudfoundry_space.space_272                 190.50            160            257
cloudfoundry_space.space_273                 199.30            163            250
cloudfoundry_space.space_274                 209.50            166            248
cloudfoundry_space.space_275                 191.10            172            216
cloudfoundry_space.space_276                 201.70            148            229
cloudfoundry_space.space_277                 211.70            164            263
cloudfoundry_space.space_278                 213.10            182            244
cloudfoundry_space.space_279                 198.60            157            248
cloudfoundry_space.space_28                  391.80            196           2005
cloudfoundry_space.space_280                 193.20            160            236
cloudfoundry_space.space_281                 202.10            176            240
cloudfoundry_space.space_282                 213.00            179            232
cloudfoundry_space.space_283                 214.40            171            264
cloudfoundry_space.space_284                 208.30            180            248
cloudfoundry_space.space_285                 201.90            160            248
cloudfoundry_space.space_286                 210.30            174            264
cloudfoundry_space.space_287                 220.70            150            269
cloudfoundry_space.space_288                 207.80            177            266
cloudfoundry_space.space_289                 209.90            178            256
cloudfoundry_space.space_29                  212.80            158            248
cloudfoundry_space.space_290                 208.70            186            250
cloudfoundry_space.space_291                 205.70            148            240
cloudfoundry_space.space_292                 208.90            168            249
cloudfoundry_space.space_293                 213.90            124            321
cloudfoundry_space.space_294                 204.60            176            252
cloudfoundry_space.space_295                 252.30            195            623
cloudfoundry_space.space_296                 204.50            158            307
cloudfoundry_space.space_297                 198.80            169            252
cloudfoundry_space.space_298                 208.40            154            254
cloudfoundry_space.space_299                 195.20            159            234
cloudfoundry_space.space_3                   205.90            147            268
cloudfoundry_space.space_30                  215.50            182            324
cloudfoundry_space.space_300                 209.60            175            282
cloudfoundry_space.space_301                 216.10            168            268
cloudfoundry_space.space_302                 206.20            170            236
cloudfoundry_space.space_303                 205.80            172            250
cloudfoundry_space.space_304                 207.80            173            261
cloudfoundry_space.space_305                 199.30            159            241
cloudfoundry_space.space_306                 263.50            173            464
cloudfoundry_space.space_307                 204.50            186            281
cloudfoundry_space.space_308                 198.60            171            223
cloudfoundry_space.space_309                 198.10            157            255
cloudfoundry_space.space_31                  209.50            182            247
cloudfoundry_space.space_310                 205.20            174            227
cloudfoundry_space.space_311                 198.80            170            235
cloudfoundry_space.space_312                 210.40            170            283
cloudfoundry_space.space_313                 218.40            181            293
cloudfoundry_space.space_314                 211.60            180            296
cloudfoundry_space.space_315                 209.90            176            255
cloudfoundry_space.space_316                 206.20            168            269
cloudfoundry_space.space_317                 213.20            167            252
cloudfoundry_space.space_318                 197.20            170            225
cloudfoundry_space.space_319                 197.90            162            232
cloudfoundry_space.space_32                  206.00            172            264
cloudfoundry_space.space_320                 205.00            178            230
cloudfoundry_space.space_321                 203.50            179            241
cloudfoundry_space.space_322                 210.60            172            264
cloudfoundry_space.space_323                 213.70            162            295
cloudfoundry_space.space_324                 192.10            152            223
cloudfoundry_space.space_325                 200.30            163            231
cloudfoundry_space.space_326                 243.00            183            570
cloudfoundry_space.space_327                 191.10            169            240
cloudfoundry_space.space_328                 200.50            167            241
cloudfoundry_space.space_329                 198.80            172            222
cloudfoundry_space.space_33                  214.80            176            247
cloudfoundry_space.space_330                 198.60            150            256
cloudfoundry_space.space_331                 205.40            178            240
cloudfoundry_space.space_332                 209.70            173            268
cloudfoundry_space.space_333                 204.60            161            268
cloudfoundry_space.space_334                 216.50            178            270
cloudfoundry_space.space_335                 202.10            169            248
cloudfoundry_space.space_336                 216.90            171            278
cloudfoundry_space.space_337                 222.90            183            311
cloudfoundry_space.space_338                 532.80            189           3348
cloudfoundry_space.space_339                 217.30            166            271
cloudfoundry_space.space_34                  185.70            163            216
cloudfoundry_space.space_340                 202.30            172            239
cloudfoundry_space.space_341                 218.50            181            321
cloudfoundry_space.space_342                 215.70            186            270
cloudfoundry_space.space_343                 194.80            155            238
cloudfoundry_space.space_344                 218.90            180            312
cloudfoundry_space.space_345                 193.10            152            252
cloudfoundry_space.space_346                 209.00            151            264
cloudfoundry_space.space_347                 197.60            159            226
cloudfoundry_space.space_348                 209.00            177            304
cloudfoundry_space.space_349                 201.20            175            229
cloudfoundry_space.space_35                  199.40            161            226
cloudfoundry_space.space_350                 194.00            173            229
cloudfoundry_space.space_351                 261.80            158            744
cloudfoundry_space.space_352                 199.80            172            239
cloudfoundry_space.space_353                 210.40            169            307
cloudfoundry_space.space_354                 207.80            172            246
cloudfoundry_space.space_355                 285.70            168           1117
cloudfoundry_space.space_356                 195.00            172            216
cloudfoundry_space.space_357                 195.40            165            237
cloudfoundry_space.space_358                 201.20            161            244
cloudfoundry_space.space_359                 218.00            159            270
cloudfoundry_space.space_36                  198.40            172            232
cloudfoundry_space.space_360                 228.30            167            259
cloudfoundry_space.space_361                 208.50            159            306
cloudfoundry_space.space_362                 203.30            160            258
cloudfoundry_space.space_363                 208.30            160            248
cloudfoundry_space.space_364                 205.20            189            228
cloudfoundry_space.space_365                 203.10            149            263
cloudfoundry_space.space_366                 205.70            161            259
cloudfoundry_space.space_367                 207.00            172            254
cloudfoundry_space.space_368                 217.30            174            261
cloudfoundry_space.space_369                 196.00            155            242
cloudfoundry_space.space_37                  224.40            183            288
cloudfoundry_space.space_370                 205.60            162            258
cloudfoundry_space.space_371                 212.20            151            260
cloudfoundry_space.space_372                 210.40            164            263
cloudfoundry_space.space_373                 210.80            169            241
cloudfoundry_space.space_374                 221.10            176            260
cloudfoundry_space.space_375                 207.70            159            272
cloudfoundry_space.space_376                 206.10            180            227
cloudfoundry_space.space_377                 205.00            167            271
cloudfoundry_space.space_378                 215.60            176            265
cloudfoundry_space.space_379                 194.40            160            249
cloudfoundry_space.space_38                  207.90            182            230
cloudfoundry_space.space_380                 197.70            144            274
cloudfoundry_space.space_381                 210.00            168            276
cloudfoundry_space.space_382                 207.60            177            248
cloudfoundry_space.space_383                 211.10            155            297
cloudfoundry_space.space_384                 194.00            163            215
cloudfoundry_space.space_385                 216.40            172            267
cloudfoundry_space.space_386                 200.50            152            242
cloudfoundry_space.space_387                 223.20            153            308
cloudfoundry_space.space_388                 225.50            189            283
cloudfoundry_space.space_389                 205.40            162            243
cloudfoundry_space.space_39                  220.50            180            284
cloudfoundry_space.space_390                 190.70            152            220
cloudfoundry_space.space_391                 205.70            154            256
cloudfoundry_space.space_392                 187.40            177            229
cloudfoundry_space.space_393                 204.60            167            240
cloudfoundry_space.space_394                 486.60            167           3072
cloudfoundry_space.space_395                 208.90            169            249
cloudfoundry_space.space_396                 194.50            158            248
cloudfoundry_space.space_397                 210.00            181            253
cloudfoundry_space.space_398                 198.70            167            258
cloudfoundry_space.space_399                 203.00            164            255
cloudfoundry_space.space_4                   208.20            158            256
cloudfoundry_space.space_40                  204.10            176            277
cloudfoundry_space.space_400                 216.70            180            264
cloudfoundry_space.space_401                 200.60            170            236
cloudfoundry_space.space_402                 207.20            162            242
cloudfoundry_space.space_403                 199.50            153            302
cloudfoundry_space.space_404                 217.80            170            316
cloudfoundry_space.space_405                 226.30            183            284
cloudfoundry_space.space_406                 211.70            173            232
cloudfoundry_space.space_407                 209.60            155            306
cloudfoundry_space.space_408                 202.40            149            231
cloudfoundry_space.space_409                 210.80            182            264
cloudfoundry_space.space_41                  228.90            170            303
cloudfoundry_space.space_410                 216.00            171            300
cloudfoundry_space.space_411                 202.70            173            232
cloudfoundry_space.space_412                 211.50            155            272
cloudfoundry_space.space_413                 201.30            169            250
cloudfoundry_space.space_414                 210.50            170            267
cloudfoundry_space.space_415                 214.00            169            274
cloudfoundry_space.space_416                 211.80            181            260
cloudfoundry_space.space_417                 206.80            170            246
cloudfoundry_space.space_418                 200.90            174            249
cloudfoundry_space.space_419                 208.90            161            263
cloudfoundry_space.space_42                  539.70            169           3501
cloudfoundry_space.space_420                 208.40            174            267
cloudfoundry_space.space_421                 218.30            177            260
cloudfoundry_space.space_422                 199.50            169            241
cloudfoundry_space.space_423                 213.60            165            268
cloudfoundry_space.space_424                 214.50            171            271
cloudfoundry_space.space_425                 206.70            165            287
cloudfoundry_space.space_426                 203.30            157            251
cloudfoundry_space.space_427                 206.70            186            232
cloudfoundry_space.space_428                 214.20            168            277
cloudfoundry_space.space_429                 209.90            186            242
cloudfoundry_space.space_43                  204.80            161            258
cloudfoundry_space.space_430                 215.50            172            264
cloudfoundry_space.space_431                 222.10            188            278
cloudfoundry_space.space_432                 233.40            168            517
cloudfoundry_space.space_433                 224.10            164            283
cloudfoundry_space.space_434                 205.70            170            277
cloudfoundry_space.space_435                 215.30            185            304
cloudfoundry_space.space_436                 202.40            175            241
cloudfoundry_space.space_437                 206.10            165            257
cloudfoundry_space.space_438                 205.00            166            318
cloudfoundry_space.space_439                 198.10            177            223
cloudfoundry_space.space_44                  213.30            166            285
cloudfoundry_space.space_440                 215.10            198            238
cloudfoundry_space.space_441                 202.60            173            234
cloudfoundry_space.space_442                 208.70            173            244
cloudfoundry_space.space_443                 198.80            154            264
cloudfoundry_space.space_444                 208.40            170            250
cloudfoundry_space.space_445                 208.20            183            243
cloudfoundry_space.space_446                 217.70            184            245
cloudfoundry_space.space_447                 208.90            168            242
cloudfoundry_space.space_448                 202.70            171            235
cloudfoundry_space.space_449                 222.60            176            272
cloudfoundry_space.space_45                  203.90            169            235
cloudfoundry_space.space_450                 200.20            164            234
cloudfoundry_space.space_451                 208.10            177            259
cloudfoundry_space.space_452                 209.50            160            270
cloudfoundry_space.space_453                 213.70            172            263
cloudfoundry_space.space_454                 203.00            175            242
cloudfoundry_space.space_455                 199.50            169            274
cloudfoundry_space.space_456                 207.30            162            259
cloudfoundry_space.space_457                 200.00            154            254
cloudfoundry_space.space_458                 210.70            161            247
cloudfoundry_space.space_459                 197.00            160            271
cloudfoundry_space.space_46                  212.40            165            254
cloudfoundry_space.space_460                 196.50            170            238
cloudfoundry_space.space_461                 236.30            186            323
cloudfoundry_space.space_462                 210.30            179            260
cloudfoundry_space.space_463                 211.70            184            265
cloudfoundry_space.space_464                 207.00            171            249
cloudfoundry_space.space_465                 332.90            170           1497
cloudfoundry_space.space_466                 215.70            178            275
cloudfoundry_space.space_467                 199.60            161            241
cloudfoundry_space.space_468                 215.50            166            271
cloudfoundry_space.space_469                 210.50            168            274
cloudfoundry_space.space_47                  207.00            184            251
cloudfoundry_space.space_470                 203.50            170            226
cloudfoundry_space.space_471                 204.70            162            266
cloudfoundry_space.space_472                 219.40            191            259
cloudfoundry_space.space_473                 211.60            187            281
cloudfoundry_space.space_474                 203.40            184            239
cloudfoundry_space.space_475                 197.40            160            243
cloudfoundry_space.space_476                 225.20            176            323
cloudfoundry_space.space_477                 193.60            174            217
cloudfoundry_space.space_478                 202.10            170            264
cloudfoundry_space.space_479                 196.60            163            271
cloudfoundry_space.space_48                  199.80            173            233
cloudfoundry_space.space_480                 208.70            176            256
cloudfoundry_space.space_481                 198.20            176            224
cloudfoundry_space.space_482                 207.30            162            240
cloudfoundry_space.space_483                 215.30            177            249
cloudfoundry_space.space_484                 211.50            173            266
cloudfoundry_space.space_485                 219.80            169            322
cloudfoundry_space.space_486                 216.90            179            254
cloudfoundry_space.space_487                 207.30            177            253
cloudfoundry_space.space_488                 199.90            154            279
cloudfoundry_space.space_489                 191.80            168            238
cloudfoundry_space.space_49                  216.10            156            263
cloudfoundry_space.space_490                 200.90            167            312
cloudfoundry_space.space_491                 208.10            163            262
cloudfoundry_space.space_492                 197.80            161            247
cloudfoundry_space.space_493                 218.00            179            265
cloudfoundry_space.space_494                 200.30            180            225
cloudfoundry_space.space_495                 201.20            171            245
cloudfoundry_space.space_496                 208.00            163            279
cloudfoundry_space.space_497                 193.70            151            244
cloudfoundry_space.space_498                 211.50            178            256
cloudfoundry_space.space_499                 197.90            181            222
cloudfoundry_space.space_5                   203.70            161            243
cloudfoundry_space.space_50                  212.60            165            313
cloudfoundry_space.space_500                 219.60            162            280
cloudfoundry_space.space_51                  208.90            176            242
cloudfoundry_space.space_52                  206.40            159            266
cloudfoundry_space.space_53                  195.30            163            231
cloudfoundry_space.space_54                  202.90            161            239
cloudfoundry_space.space_55                  203.10            168            240
cloudfoundry_space.space_56                  203.10            176            225
cloudfoundry_space.space_57                  198.50            151            236
cloudfoundry_space.space_58                  204.50            167            225
cloudfoundry_space.space_59                  226.70            204            303
cloudfoundry_space.space_6                   219.10            179            330
cloudfoundry_space.space_60                  202.10            186            224
cloudfoundry_space.space_61                  197.50            171            241
cloudfoundry_space.space_62                  223.90            186            281
cloudfoundry_space.space_63                  204.70            164            241
cloudfoundry_space.space_64                  215.80            177            251
cloudfoundry_space.space_65                  213.80            183            250
cloudfoundry_space.space_66                  196.10            182            216
cloudfoundry_space.space_67                  197.50            170            249
cloudfoundry_space.space_68                  228.90            161            492
cloudfoundry_space.space_69                  196.50            166            251
cloudfoundry_space.space_7                   203.70            181            230
cloudfoundry_space.space_70                  205.10            166            237
cloudfoundry_space.space_71                  203.40            170            251
cloudfoundry_space.space_72                  206.70            164            258
cloudfoundry_space.space_73                  191.60            151            233
cloudfoundry_space.space_74                  206.20            184            256
cloudfoundry_space.space_75                  212.00            193            251
cloudfoundry_space.space_76                  207.80            170            288
cloudfoundry_space.space_77                  201.30            168            235
cloudfoundry_space.space_78                  201.90            168            272
cloudfoundry_space.space_79                  199.80            163            251
cloudfoundry_space.space_8                   202.20            181            275
cloudfoundry_space.space_80                  210.20            171            274
cloudfoundry_space.space_81                  210.00            170            235
cloudfoundry_space.space_82                  209.00            171            275
cloudfoundry_space.space_83                  207.50            166            249
cloudfoundry_space.space_84                  216.70            186            250
cloudfoundry_space.space_85                  195.70            170            218
cloudfoundry_space.space_86                  194.30            172            216
cloudfoundry_space.space_87                  217.80            188            271
cloudfoundry_space.space_88                  220.80            169            298
cloudfoundry_space.space_89                  207.70            172            253
cloudfoundry_space.space_9                   196.00            170            237
cloudfoundry_space.space_90                  217.80            171            271
cloudfoundry_space.space_91                  211.80            187            260
cloudfoundry_space.space_92                  211.40            169            285
cloudfoundry_space.space_93                  199.10            179            243
cloudfoundry_space.space_94                  202.40            171            236
cloudfoundry_space.space_95                  208.40            176            273
cloudfoundry_space.space_96                  208.70            174            250
cloudfoundry_space.space_97                  204.40            163            236
cloudfoundry_space.space_98                  203.10            185            223
cloudfoundry_space.space_99                  212.50            186            263

Grouped results:
-------                                ------------    -----------    -----------
Element                                Average (ms)   Minimum (ms)   Maximum (ms)
cloudfoundry_space.*                         210.80            124           3501

Total wall-clock time: 68.620710s
Average wall-clock time: 6.862071s
Minimum wall-clock time: 6.506825s
Maximum wall-clock time: 7.267935s
Total Ressources: 500
