Running terraform plan -refresh-only 10 time(s)

Run 1/10:
  Total run time: 133.209922s
  btp_directory.directory_1                                              849ms
  btp_directory.directory_10                                             759ms
  btp_directory.directory_2                                              1082ms
  btp_directory.directory_3                                              897ms
  btp_directory.directory_4                                              1183ms
  btp_directory.directory_5                                              1011ms
  btp_directory.directory_6                                              1044ms
  btp_directory.directory_7                                              814ms
  btp_directory.directory_8                                              963ms
  btp_directory.directory_9                                              1132ms
  btp_subaccount.subaccount_1                                            556ms
  btp_subaccount.subaccount_10                                           554ms
  btp_subaccount.subaccount_2                                            493ms
  btp_subaccount.subaccount_3                                            546ms
  btp_subaccount.subaccount_4                                            491ms
  btp_subaccount.subaccount_5                                            513ms
  btp_subaccount.subaccount_6                                            501ms
  btp_subaccount.subaccount_7                                            553ms
  btp_subaccount.subaccount_8                                            518ms
  btp_subaccount.subaccount_9                                            490ms
  btp_subaccount_destination_generic.destination_1                       169ms
  btp_subaccount_destination_generic.destination_10                      1559ms
  btp_subaccount_destination_generic.destination_11                      1233ms
  btp_subaccount_destination_generic.destination_12                      5308ms
  btp_subaccount_destination_generic.destination_13                      7882ms
  btp_subaccount_destination_generic.destination_14                      1800ms
  btp_subaccount_destination_generic.destination_15                      1637ms
  btp_subaccount_destination_generic.destination_16                      397ms
  btp_subaccount_destination_generic.destination_17                      1527ms
  btp_subaccount_destination_generic.destination_18                      1371ms
  btp_subaccount_destination_generic.destination_19                      1665ms
  btp_subaccount_destination_generic.destination_2                       1108ms
  btp_subaccount_destination_generic.destination_20                      801ms
  btp_subaccount_destination_generic.destination_3                       1750ms
  btp_subaccount_destination_generic.destination_4                       891ms
  btp_subaccount_destination_generic.destination_5                       854ms
  btp_subaccount_destination_generic.destination_6                       459ms
  btp_subaccount_destination_generic.destination_7                       959ms
  btp_subaccount_destination_generic.destination_8                       616ms
  btp_subaccount_destination_generic.destination_9                       1757ms
  btp_subaccount_entitlement.entitlement_1                               12891ms
  btp_subaccount_entitlement.entitlement_10                              14762ms
  btp_subaccount_entitlement.entitlement_11                              14810ms
  btp_subaccount_entitlement.entitlement_12                              13241ms
  btp_subaccount_entitlement.entitlement_13                              17412ms
  btp_subaccount_entitlement.entitlement_14                              18174ms
  btp_subaccount_entitlement.entitlement_15                              17320ms
  btp_subaccount_entitlement.entitlement_16                              12926ms
  btp_subaccount_entitlement.entitlement_17                              20431ms
  btp_subaccount_entitlement.entitlement_18                              17328ms
  btp_subaccount_entitlement.entitlement_19                              17647ms
  btp_subaccount_entitlement.entitlement_2                               11791ms
  btp_subaccount_entitlement.entitlement_20                              21310ms
  btp_subaccount_entitlement.entitlement_21                              17577ms
  btp_subaccount_entitlement.entitlement_22                              25646ms
  btp_subaccount_entitlement.entitlement_23                              16942ms
  btp_subaccount_entitlement.entitlement_24                              21336ms
  btp_subaccount_entitlement.entitlement_25                              13799ms
  btp_subaccount_entitlement.entitlement_26                              13969ms
  btp_subaccount_entitlement.entitlement_27                              14135ms
  btp_subaccount_entitlement.entitlement_28                              14712ms
  btp_subaccount_entitlement.entitlement_29                              17953ms
  btp_subaccount_entitlement.entitlement_3                               14423ms
  btp_subaccount_entitlement.entitlement_30                              11896ms
  btp_subaccount_entitlement.entitlement_31                              17870ms
  btp_subaccount_entitlement.entitlement_32                              11955ms
  btp_subaccount_entitlement.entitlement_33                              14282ms
  btp_subaccount_entitlement.entitlement_34                              14174ms
  btp_subaccount_entitlement.entitlement_35                              20741ms
  btp_subaccount_entitlement.entitlement_36                              20581ms
  btp_subaccount_entitlement.entitlement_37                              23523ms
  btp_subaccount_entitlement.entitlement_38                              23106ms
  btp_subaccount_entitlement.entitlement_39                              23800ms
  btp_subaccount_entitlement.entitlement_4                               12028ms
  btp_subaccount_entitlement.entitlement_40                              23334ms
  btp_subaccount_entitlement.entitlement_5                               16951ms
  btp_subaccount_entitlement.entitlement_6                               17363ms
  btp_subaccount_entitlement.entitlement_7                               14458ms
  btp_subaccount_entitlement.entitlement_8                               17295ms
  btp_subaccount_entitlement.entitlement_9                               13152ms
  btp_subaccount_environment_instance.cloudfoundry_1                     1169ms
  btp_subaccount_environment_instance.cloudfoundry_10                    5135ms
  btp_subaccount_environment_instance.cloudfoundry_2                     2432ms
  btp_subaccount_environment_instance.cloudfoundry_3                     599ms
  btp_subaccount_environment_instance.cloudfoundry_4                     1341ms
  btp_subaccount_environment_instance.cloudfoundry_5                     1993ms
  btp_subaccount_environment_instance.cloudfoundry_6                     3510ms
  btp_subaccount_environment_instance.cloudfoundry_7                     9216ms
  btp_subaccount_environment_instance.cloudfoundry_8                     681ms
  btp_subaccount_environment_instance.cloudfoundry_9                     2142ms
  btp_subaccount_role.role_1                                             1393ms
  btp_subaccount_role.role_10                                            1785ms
  btp_subaccount_role.role_11                                            1620ms
  btp_subaccount_role.role_12                                            4349ms
  btp_subaccount_role.role_13                                            9304ms
  btp_subaccount_role.role_14                                            1981ms
  btp_subaccount_role.role_15                                            657ms
  btp_subaccount_role.role_16                                            720ms
  btp_subaccount_role.role_17                                            6521ms
  btp_subaccount_role.role_18                                            1119ms
  btp_subaccount_role.role_19                                            5141ms
  btp_subaccount_role.role_2                                             658ms
  btp_subaccount_role.role_20                                            4744ms
  btp_subaccount_role.role_3                                             1079ms
  btp_subaccount_role.role_4                                             3941ms
  btp_subaccount_role.role_5                                             508ms
  btp_subaccount_role.role_6                                             282ms
  btp_subaccount_role.role_7                                             1073ms
  btp_subaccount_role.role_8                                             5886ms
  btp_subaccount_role.role_9                                             1520ms
  btp_subaccount_role_collection.collection_1                            1266ms
  btp_subaccount_role_collection.collection_10                           6021ms
  btp_subaccount_role_collection.collection_11                           1444ms
  btp_subaccount_role_collection.collection_12                           777ms
  btp_subaccount_role_collection.collection_13                           6495ms
  btp_subaccount_role_collection.collection_14                           1363ms
  btp_subaccount_role_collection.collection_15                           6660ms
  btp_subaccount_role_collection.collection_16                           5885ms
  btp_subaccount_role_collection.collection_17                           1226ms
  btp_subaccount_role_collection.collection_18                           5437ms
  btp_subaccount_role_collection.collection_19                           2710ms
  btp_subaccount_role_collection.collection_2                            678ms
  btp_subaccount_role_collection.collection_20                           2315ms
  btp_subaccount_role_collection.collection_21                           7938ms
  btp_subaccount_role_collection.collection_22                           185ms
  btp_subaccount_role_collection.collection_23                           352ms
  btp_subaccount_role_collection.collection_24                           581ms
  btp_subaccount_role_collection.collection_25                           1859ms
  btp_subaccount_role_collection.collection_26                           1343ms
  btp_subaccount_role_collection.collection_27                           1341ms
  btp_subaccount_role_collection.collection_28                           583ms
  btp_subaccount_role_collection.collection_29                           702ms
  btp_subaccount_role_collection.collection_3                            479ms
  btp_subaccount_role_collection.collection_30                           1237ms
  btp_subaccount_role_collection.collection_4                            1345ms
  btp_subaccount_role_collection.collection_5                            1507ms
  btp_subaccount_role_collection.collection_6                            4237ms
  btp_subaccount_role_collection.collection_7                            1082ms
  btp_subaccount_role_collection.collection_8                            575ms
  btp_subaccount_role_collection.collection_9                            440ms
  btp_subaccount_service_instance.instance_1                             3902ms
  btp_subaccount_service_instance.instance_10                            11479ms
  btp_subaccount_service_instance.instance_11                            11205ms
  btp_subaccount_service_instance.instance_12                            7452ms
  btp_subaccount_service_instance.instance_13                            4810ms
  btp_subaccount_service_instance.instance_14                            4803ms
  btp_subaccount_service_instance.instance_15                            6844ms
  btp_subaccount_service_instance.instance_16                            7401ms
  btp_subaccount_service_instance.instance_17                            8909ms
  btp_subaccount_service_instance.instance_18                            9287ms
  btp_subaccount_service_instance.instance_19                            7475ms
  btp_subaccount_service_instance.instance_2                             3818ms
  btp_subaccount_service_instance.instance_20                            18849ms
  btp_subaccount_service_instance.instance_3                             8010ms
  btp_subaccount_service_instance.instance_4                             4813ms
  btp_subaccount_service_instance.instance_5                             1499ms
  btp_subaccount_service_instance.instance_6                             1543ms
  btp_subaccount_service_instance.instance_7                             3358ms
  btp_subaccount_service_instance.instance_8                             7324ms
  btp_subaccount_service_instance.instance_9                             10349ms
  btp_subaccount_subscription.subscription_1                             833ms
  btp_subaccount_subscription.subscription_10                            2552ms
  btp_subaccount_subscription.subscription_11                            7395ms
  btp_subaccount_subscription.subscription_12                            2629ms
  btp_subaccount_subscription.subscription_13                            8386ms
  btp_subaccount_subscription.subscription_14                            8365ms
  btp_subaccount_subscription.subscription_15                            8498ms
  btp_subaccount_subscription.subscription_16                            13538ms
  btp_subaccount_subscription.subscription_17                            9424ms
  btp_subaccount_subscription.subscription_18                            7026ms
  btp_subaccount_subscription.subscription_19                            17385ms
  btp_subaccount_subscription.subscription_2                             2860ms
  btp_subaccount_subscription.subscription_20                            17200ms
  btp_subaccount_subscription.subscription_21                            3275ms
  btp_subaccount_subscription.subscription_22                            908ms
  btp_subaccount_subscription.subscription_23                            1612ms
  btp_subaccount_subscription.subscription_24                            1506ms
  btp_subaccount_subscription.subscription_25                            3371ms
  btp_subaccount_subscription.subscription_26                            8651ms
  btp_subaccount_subscription.subscription_27                            3626ms
  btp_subaccount_subscription.subscription_28                            6083ms
  btp_subaccount_subscription.subscription_29                            6363ms
  btp_subaccount_subscription.subscription_3                             2060ms
  btp_subaccount_subscription.subscription_30                            16134ms
  btp_subaccount_subscription.subscription_4                             5613ms
  btp_subaccount_subscription.subscription_5                             5823ms
  btp_subaccount_subscription.subscription_6                             3569ms
  btp_subaccount_subscription.subscription_7                             1645ms
  btp_subaccount_subscription.subscription_8                             1646ms
  btp_subaccount_subscription.subscription_9                             1179ms
  btp_subaccount_trust_configuration.trust_1                             1184ms
  btp_subaccount_trust_configuration.trust_10                            1238ms
  btp_subaccount_trust_configuration.trust_2                             1316ms
  btp_subaccount_trust_configuration.trust_3                             496ms
  btp_subaccount_trust_configuration.trust_4                             961ms
  btp_subaccount_trust_configuration.trust_5                             1688ms
  btp_subaccount_trust_configuration.trust_6                             1762ms
  btp_subaccount_trust_configuration.trust_7                             2265ms
  btp_subaccount_trust_configuration.trust_8                             224ms
  btp_subaccount_trust_configuration.trust_9                             4433ms
  cloudfoundry_service_instance.instance_1                               36ms
  cloudfoundry_service_instance.instance_10                              37ms
  cloudfoundry_service_instance.instance_11                              49ms
  cloudfoundry_service_instance.instance_12                              43ms
  cloudfoundry_service_instance.instance_13                              45ms
  cloudfoundry_service_instance.instance_14                              35ms
  cloudfoundry_service_instance.instance_15                              36ms
  cloudfoundry_service_instance.instance_16                              45ms
  cloudfoundry_service_instance.instance_17                              34ms
  cloudfoundry_service_instance.instance_18                              33ms
  cloudfoundry_service_instance.instance_19                              36ms
  cloudfoundry_service_instance.instance_2                               44ms
  cloudfoundry_service_instance.instance_20                              36ms
  cloudfoundry_service_instance.instance_21                              44ms
  cloudfoundry_service_instance.instance_22                              40ms
  cloudfoundry_service_instance.instance_23                              45ms
  cloudfoundry_service_instance.instance_24                              52ms
  cloudfoundry_service_instance.instance_25                              35ms
  cloudfoundry_service_instance.instance_26                              40ms
  cloudfoundry_service_instance.instance_27                              56ms
  cloudfoundry_service_instance.instance_28                              39ms
  cloudfoundry_service_instance.instance_29                              33ms
  cloudfoundry_service_instance.instance_3                               34ms
  cloudfoundry_service_instance.instance_30                              36ms
  cloudfoundry_service_instance.instance_31                              59ms
  cloudfoundry_service_instance.instance_32                              35ms
  cloudfoundry_service_instance.instance_33                              39ms
  cloudfoundry_service_instance.instance_34                              34ms
  cloudfoundry_service_instance.instance_35                              52ms
  cloudfoundry_service_instance.instance_36                              65ms
  cloudfoundry_service_instance.instance_37                              46ms
  cloudfoundry_service_instance.instance_38                              36ms
  cloudfoundry_service_instance.instance_39                              46ms
  cloudfoundry_service_instance.instance_4                               51ms
  cloudfoundry_service_instance.instance_40                              45ms
  cloudfoundry_service_instance.instance_5                               36ms
  cloudfoundry_service_instance.instance_6                               37ms
  cloudfoundry_service_instance.instance_7                               33ms
  cloudfoundry_service_instance.instance_8                               35ms
  cloudfoundry_service_instance.instance_9                               38ms
  cloudfoundry_space.space_1                                             135ms
  cloudfoundry_space.space_10                                            100ms
  cloudfoundry_space.space_11                                            108ms
  cloudfoundry_space.space_12                                            88ms
  cloudfoundry_space.space_13                                            106ms
  cloudfoundry_space.space_14                                            109ms
  cloudfoundry_space.space_15                                            140ms
  cloudfoundry_space.space_16                                            102ms
  cloudfoundry_space.space_17                                            85ms
  cloudfoundry_space.space_18                                            97ms
  cloudfoundry_space.space_19                                            152ms
  cloudfoundry_space.space_2                                             92ms
  cloudfoundry_space.space_20                                            98ms
  cloudfoundry_space.space_3                                             87ms
  cloudfoundry_space.space_4                                             89ms
  cloudfoundry_space.space_5                                             120ms
  cloudfoundry_space.space_6                                             89ms
  cloudfoundry_space.space_7                                             94ms
  cloudfoundry_space.space_8                                             92ms
  cloudfoundry_space.space_9                                             94ms
  scc_subaccount.subaccount_1                                            566ms
  scc_subaccount.subaccount_10                                           616ms
  scc_subaccount.subaccount_2                                            597ms
  scc_subaccount.subaccount_3                                            5418ms
  scc_subaccount.subaccount_4                                            528ms
  scc_subaccount.subaccount_5                                            782ms
  scc_subaccount.subaccount_6                                            671ms
  scc_subaccount.subaccount_7                                            556ms
  scc_subaccount.subaccount_8                                            6413ms
  scc_subaccount.subaccount_9                                            480ms
  scc_system_mapping.system_1                                            53ms
  scc_system_mapping.system_10                                           57ms
  scc_system_mapping.system_11                                           54ms
  scc_system_mapping.system_12                                           54ms
  scc_system_mapping.system_13                                           55ms
  scc_system_mapping.system_14                                           88ms
  scc_system_mapping.system_15                                           54ms
  scc_system_mapping.system_16                                           55ms
  scc_system_mapping.system_17                                           53ms
  scc_system_mapping.system_18                                           54ms
  scc_system_mapping.system_19                                           63ms
  scc_system_mapping.system_2                                            54ms
  scc_system_mapping.system_20                                           55ms
  scc_system_mapping.system_3                                            90ms
  scc_system_mapping.system_4                                            57ms
  scc_system_mapping.system_5                                            81ms
  scc_system_mapping.system_6                                            55ms
  scc_system_mapping.system_7                                            71ms
  scc_system_mapping.system_8                                            66ms
  scc_system_mapping.system_9                                            58ms
  scc_system_mapping_resource.resource_1                                 82ms
  scc_system_mapping_resource.resource_10                                57ms
  scc_system_mapping_resource.resource_11                                87ms
  scc_system_mapping_resource.resource_12                                94ms
  scc_system_mapping_resource.resource_13                                107ms
  scc_system_mapping_resource.resource_14                                64ms
  scc_system_mapping_resource.resource_15                                55ms
  scc_system_mapping_resource.resource_16                                58ms
  scc_system_mapping_resource.resource_17                                83ms
  scc_system_mapping_resource.resource_18                                54ms
  scc_system_mapping_resource.resource_19                                58ms
  scc_system_mapping_resource.resource_2                                 54ms
  scc_system_mapping_resource.resource_20                                55ms
  scc_system_mapping_resource.resource_21                                89ms
  scc_system_mapping_resource.resource_22                                58ms
  scc_system_mapping_resource.resource_23                                55ms
  scc_system_mapping_resource.resource_24                                54ms
  scc_system_mapping_resource.resource_25                                50ms
  scc_system_mapping_resource.resource_26                                71ms
  scc_system_mapping_resource.resource_27                                53ms
  scc_system_mapping_resource.resource_28                                54ms
  scc_system_mapping_resource.resource_29                                53ms
  scc_system_mapping_resource.resource_3                                 57ms
  scc_system_mapping_resource.resource_30                                54ms
  scc_system_mapping_resource.resource_31                                56ms
  scc_system_mapping_resource.resource_32                                58ms
  scc_system_mapping_resource.resource_33                                56ms
  scc_system_mapping_resource.resource_34                                61ms
  scc_system_mapping_resource.resource_35                                63ms
  scc_system_mapping_resource.resource_36                                57ms
  scc_system_mapping_resource.resource_37                                56ms
  scc_system_mapping_resource.resource_38                                51ms
  scc_system_mapping_resource.resource_39                                58ms
  scc_system_mapping_resource.resource_4                                 55ms
  scc_system_mapping_resource.resource_40                                53ms
  scc_system_mapping_resource.resource_5                                 74ms
  scc_system_mapping_resource.resource_6                                 57ms
  scc_system_mapping_resource.resource_7                                 70ms
  scc_system_mapping_resource.resource_8                                 56ms
  scc_system_mapping_resource.resource_9                                 55ms
  sci_application.app_1                                                  129ms
  sci_application.app_10                                                 134ms
  sci_application.app_11                                                 122ms
  sci_application.app_12                                                 118ms
  sci_application.app_13                                                 114ms
  sci_application.app_14                                                 121ms
  sci_application.app_15                                                 122ms
  sci_application.app_16                                                 176ms
  sci_application.app_17                                                 115ms
  sci_application.app_18                                                 169ms
  sci_application.app_19                                                 127ms
  sci_application.app_2                                                  132ms
  sci_application.app_20                                                 178ms
  sci_application.app_3                                                  134ms
  sci_application.app_4                                                  125ms
  sci_application.app_5                                                  113ms
  sci_application.app_6                                                  116ms
  sci_application.app_7                                                  116ms
  sci_application.app_8                                                  117ms
  sci_application.app_9                                                  120ms
  sci_group_base.group_1                                                 98ms
  sci_group_base.group_10                                                93ms
  sci_group_base.group_11                                                97ms
  sci_group_base.group_12                                                95ms
  sci_group_base.group_13                                                87ms
  sci_group_base.group_14                                                95ms
  sci_group_base.group_15                                                92ms
  sci_group_base.group_16                                                75ms
  sci_group_base.group_17                                                90ms
  sci_group_base.group_18                                                97ms
  sci_group_base.group_19                                                98ms
  sci_group_base.group_2                                                 96ms
  sci_group_base.group_20                                                80ms
  sci_group_base.group_21                                                93ms
  sci_group_base.group_22                                                98ms
  sci_group_base.group_23                                                95ms
  sci_group_base.group_24                                                90ms
  sci_group_base.group_25                                                83ms
  sci_group_base.group_26                                                84ms
  sci_group_base.group_27                                                85ms
  sci_group_base.group_28                                                89ms
  sci_group_base.group_29                                                90ms
  sci_group_base.group_3                                                 82ms
  sci_group_base.group_30                                                87ms
  sci_group_base.group_4                                                 89ms
  sci_group_base.group_5                                                 89ms
  sci_group_base.group_6                                                 91ms
  sci_group_base.group_7                                                 92ms
  sci_group_base.group_8                                                 84ms
  sci_group_base.group_9                                                 97ms
  sci_user.user_1                                                        91ms
  sci_user.user_10                                                       103ms
  sci_user.user_11                                                       83ms
  sci_user.user_12                                                       95ms
  sci_user.user_13                                                       85ms
  sci_user.user_14                                                       80ms
  sci_user.user_15                                                       86ms
  sci_user.user_16                                                       148ms
  sci_user.user_17                                                       93ms
  sci_user.user_18                                                       78ms
  sci_user.user_19                                                       78ms
  sci_user.user_2                                                        100ms
  sci_user.user_20                                                       106ms
  sci_user.user_21                                                       174ms
  sci_user.user_22                                                       79ms
  sci_user.user_23                                                       91ms
  sci_user.user_24                                                       77ms
  sci_user.user_25                                                       87ms
  sci_user.user_26                                                       101ms
  sci_user.user_27                                                       149ms
  sci_user.user_28                                                       81ms
  sci_user.user_29                                                       96ms
  sci_user.user_3                                                        83ms
  sci_user.user_30                                                       301ms
  sci_user.user_31                                                       90ms
  sci_user.user_32                                                       89ms
  sci_user.user_33                                                       81ms
  sci_user.user_34                                                       97ms
  sci_user.user_35                                                       84ms
  sci_user.user_36                                                       88ms
  sci_user.user_37                                                       149ms
  sci_user.user_38                                                       93ms
  sci_user.user_39                                                       87ms
  sci_user.user_4                                                        99ms
  sci_user.user_40                                                       84ms
  sci_user.user_41                                                       95ms
  sci_user.user_42                                                       123ms
  sci_user.user_43                                                       85ms
  sci_user.user_44                                                       91ms
  sci_user.user_45                                                       86ms
  sci_user.user_46                                                       85ms
  sci_user.user_47                                                       80ms
  sci_user.user_48                                                       90ms
  sci_user.user_49                                                       98ms
  sci_user.user_5                                                        89ms
  sci_user.user_50                                                       88ms
  sci_user.user_6                                                        95ms
  sci_user.user_7                                                        80ms
  sci_user.user_8                                                        90ms
  sci_user.user_9                                                        87ms


Run 2/10:
  Total run time: 136.143496s
  btp_directory.directory_1                                              1096ms
  btp_directory.directory_10                                             1046ms
  btp_directory.directory_2                                              867ms
  btp_directory.directory_3                                              1003ms
  btp_directory.directory_4                                              915ms
  btp_directory.directory_5                                              1107ms
  btp_directory.directory_6                                              958ms
  btp_directory.directory_7                                              811ms
  btp_directory.directory_8                                              753ms
  btp_directory.directory_9                                              928ms
  btp_subaccount.subaccount_1                                            484ms
  btp_subaccount.subaccount_10                                           485ms
  btp_subaccount.subaccount_2                                            489ms
  btp_subaccount.subaccount_3                                            484ms
  btp_subaccount.subaccount_4                                            486ms
  btp_subaccount.subaccount_5                                            475ms
  btp_subaccount.subaccount_6                                            484ms
  btp_subaccount.subaccount_7                                            512ms
  btp_subaccount.subaccount_8                                            512ms
  btp_subaccount.subaccount_9                                            489ms
  btp_subaccount_destination_generic.destination_1                       1646ms
  btp_subaccount_destination_generic.destination_10                      742ms
  btp_subaccount_destination_generic.destination_11                      1010ms
  btp_subaccount_destination_generic.destination_12                      1059ms
  btp_subaccount_destination_generic.destination_13                      1777ms
  btp_subaccount_destination_generic.destination_14                      1100ms
  btp_subaccount_destination_generic.destination_15                      1503ms
  btp_subaccount_destination_generic.destination_16                      1598ms
  btp_subaccount_destination_generic.destination_17                      2151ms
  btp_subaccount_destination_generic.destination_18                      1667ms
  btp_subaccount_destination_generic.destination_19                      605ms
  btp_subaccount_destination_generic.destination_2                       883ms
  btp_subaccount_destination_generic.destination_20                      1794ms
  btp_subaccount_destination_generic.destination_3                       1339ms
  btp_subaccount_destination_generic.destination_4                       2044ms
  btp_subaccount_destination_generic.destination_5                       1034ms
  btp_subaccount_destination_generic.destination_6                       553ms
  btp_subaccount_destination_generic.destination_7                       1053ms
  btp_subaccount_destination_generic.destination_8                       1012ms
  btp_subaccount_destination_generic.destination_9                       1415ms
  btp_subaccount_entitlement.entitlement_1                               12066ms
  btp_subaccount_entitlement.entitlement_10                              15052ms
  btp_subaccount_entitlement.entitlement_11                              15188ms
  btp_subaccount_entitlement.entitlement_12                              15320ms
  btp_subaccount_entitlement.entitlement_13                              14650ms
  btp_subaccount_entitlement.entitlement_14                              14577ms
  btp_subaccount_entitlement.entitlement_15                              14584ms
  btp_subaccount_entitlement.entitlement_16                              18017ms
  btp_subaccount_entitlement.entitlement_17                              14845ms
  btp_subaccount_entitlement.entitlement_18                              13585ms
  btp_subaccount_entitlement.entitlement_19                              13523ms
  btp_subaccount_entitlement.entitlement_2                               12177ms
  btp_subaccount_entitlement.entitlement_20                              14054ms
  btp_subaccount_entitlement.entitlement_21                              13970ms
  btp_subaccount_entitlement.entitlement_22                              13374ms
  btp_subaccount_entitlement.entitlement_23                              18439ms
  btp_subaccount_entitlement.entitlement_24                              14469ms
  btp_subaccount_entitlement.entitlement_25                              18183ms
  btp_subaccount_entitlement.entitlement_26                              17546ms
  btp_subaccount_entitlement.entitlement_27                              15995ms
  btp_subaccount_entitlement.entitlement_28                              16569ms
  btp_subaccount_entitlement.entitlement_29                              16554ms
  btp_subaccount_entitlement.entitlement_3                               14059ms
  btp_subaccount_entitlement.entitlement_30                              16360ms
  btp_subaccount_entitlement.entitlement_31                              16148ms
  btp_subaccount_entitlement.entitlement_32                              17289ms
  btp_subaccount_entitlement.entitlement_33                              17628ms
  btp_subaccount_entitlement.entitlement_34                              17617ms
  btp_subaccount_entitlement.entitlement_35                              22880ms
  btp_subaccount_entitlement.entitlement_36                              23241ms
  btp_subaccount_entitlement.entitlement_37                              18486ms
  btp_subaccount_entitlement.entitlement_38                              20091ms
  btp_subaccount_entitlement.entitlement_39                              13750ms
  btp_subaccount_entitlement.entitlement_4                               12313ms
  btp_subaccount_entitlement.entitlement_40                              21027ms
  btp_subaccount_entitlement.entitlement_5                               23832ms
  btp_subaccount_entitlement.entitlement_6                               24178ms
  btp_subaccount_entitlement.entitlement_7                               19944ms
  btp_subaccount_entitlement.entitlement_8                               23152ms
  btp_subaccount_entitlement.entitlement_9                               14704ms
  btp_subaccount_environment_instance.cloudfoundry_1                     1878ms
  btp_subaccount_environment_instance.cloudfoundry_10                    4215ms
  btp_subaccount_environment_instance.cloudfoundry_2                     6034ms
  btp_subaccount_environment_instance.cloudfoundry_3                     787ms
  btp_subaccount_environment_instance.cloudfoundry_4                     1138ms
  btp_subaccount_environment_instance.cloudfoundry_5                     2109ms
  btp_subaccount_environment_instance.cloudfoundry_6                     1297ms
  btp_subaccount_environment_instance.cloudfoundry_7                     1189ms
  btp_subaccount_environment_instance.cloudfoundry_8                     4556ms
  btp_subaccount_environment_instance.cloudfoundry_9                     1369ms
  btp_subaccount_role.role_1                                             486ms
  btp_subaccount_role.role_10                                            1893ms
  btp_subaccount_role.role_11                                            1063ms
  btp_subaccount_role.role_12                                            6073ms
  btp_subaccount_role.role_13                                            1109ms
  btp_subaccount_role.role_14                                            2197ms
  btp_subaccount_role.role_15                                            4342ms
  btp_subaccount_role.role_16                                            1623ms
  btp_subaccount_role.role_17                                            5964ms
  btp_subaccount_role.role_18                                            2104ms
  btp_subaccount_role.role_19                                            1186ms
  btp_subaccount_role.role_2                                             1684ms
  btp_subaccount_role.role_20                                            757ms
  btp_subaccount_role.role_3                                             4227ms
  btp_subaccount_role.role_4                                             5040ms
  btp_subaccount_role.role_5                                             449ms
  btp_subaccount_role.role_6                                             1060ms
  btp_subaccount_role.role_7                                             802ms
  btp_subaccount_role.role_8                                             1286ms
  btp_subaccount_role.role_9                                             795ms
  btp_subaccount_role_collection.collection_1                            752ms
  btp_subaccount_role_collection.collection_10                           2012ms
  btp_subaccount_role_collection.collection_11                           5426ms
  btp_subaccount_role_collection.collection_12                           1055ms
  btp_subaccount_role_collection.collection_13                           1401ms
  btp_subaccount_role_collection.collection_14                           1675ms
  btp_subaccount_role_collection.collection_15                           1687ms
  btp_subaccount_role_collection.collection_16                           849ms
  btp_subaccount_role_collection.collection_17                           1538ms
  btp_subaccount_role_collection.collection_18                           1186ms
  btp_subaccount_role_collection.collection_19                           6653ms
  btp_subaccount_role_collection.collection_2                            498ms
  btp_subaccount_role_collection.collection_20                           1432ms
  btp_subaccount_role_collection.collection_21                           1408ms
  btp_subaccount_role_collection.collection_22                           1411ms
  btp_subaccount_role_collection.collection_23                           1187ms
  btp_subaccount_role_collection.collection_24                           4384ms
  btp_subaccount_role_collection.collection_25                           6590ms
  btp_subaccount_role_collection.collection_26                           6469ms
  btp_subaccount_role_collection.collection_27                           6949ms
  btp_subaccount_role_collection.collection_28                           769ms
  btp_subaccount_role_collection.collection_29                           6093ms
  btp_subaccount_role_collection.collection_3                            1502ms
  btp_subaccount_role_collection.collection_30                           2594ms
  btp_subaccount_role_collection.collection_4                            6575ms
  btp_subaccount_role_collection.collection_5                            1222ms
  btp_subaccount_role_collection.collection_6                            4810ms
  btp_subaccount_role_collection.collection_7                            1030ms
  btp_subaccount_role_collection.collection_8                            279ms
  btp_subaccount_role_collection.collection_9                            374ms
  btp_subaccount_service_instance.instance_1                             7369ms
  btp_subaccount_service_instance.instance_10                            4652ms
  btp_subaccount_service_instance.instance_11                            2651ms
  btp_subaccount_service_instance.instance_12                            4030ms
  btp_subaccount_service_instance.instance_13                            10189ms
  btp_subaccount_service_instance.instance_14                            4305ms
  btp_subaccount_service_instance.instance_15                            6669ms
  btp_subaccount_service_instance.instance_16                            7317ms
  btp_subaccount_service_instance.instance_17                            9500ms
  btp_subaccount_service_instance.instance_18                            10875ms
  btp_subaccount_service_instance.instance_19                            10282ms
  btp_subaccount_service_instance.instance_2                             6125ms
  btp_subaccount_service_instance.instance_20                            9885ms
  btp_subaccount_service_instance.instance_3                             17933ms
  btp_subaccount_service_instance.instance_4                             13491ms
  btp_subaccount_service_instance.instance_5                             2388ms
  btp_subaccount_service_instance.instance_6                             2933ms
  btp_subaccount_service_instance.instance_7                             8072ms
  btp_subaccount_service_instance.instance_8                             8256ms
  btp_subaccount_service_instance.instance_9                             2535ms
  btp_subaccount_subscription.subscription_1                             1569ms
  btp_subaccount_subscription.subscription_10                            8188ms
  btp_subaccount_subscription.subscription_11                            3225ms
  btp_subaccount_subscription.subscription_12                            11759ms
  btp_subaccount_subscription.subscription_13                            1826ms
  btp_subaccount_subscription.subscription_14                            3232ms
  btp_subaccount_subscription.subscription_15                            3757ms
  btp_subaccount_subscription.subscription_16                            3416ms
  btp_subaccount_subscription.subscription_17                            2975ms
  btp_subaccount_subscription.subscription_18                            2092ms
  btp_subaccount_subscription.subscription_19                            8065ms
  btp_subaccount_subscription.subscription_2                             6498ms
  btp_subaccount_subscription.subscription_20                            9041ms
  btp_subaccount_subscription.subscription_21                            2821ms
  btp_subaccount_subscription.subscription_22                            8129ms
  btp_subaccount_subscription.subscription_23                            2415ms
  btp_subaccount_subscription.subscription_24                            2592ms
  btp_subaccount_subscription.subscription_25                            7697ms
  btp_subaccount_subscription.subscription_26                            2743ms
  btp_subaccount_subscription.subscription_27                            12970ms
  btp_subaccount_subscription.subscription_28                            7960ms
  btp_subaccount_subscription.subscription_29                            8347ms
  btp_subaccount_subscription.subscription_3                             3888ms
  btp_subaccount_subscription.subscription_30                            10681ms
  btp_subaccount_subscription.subscription_4                             11390ms
  btp_subaccount_subscription.subscription_5                             11474ms
  btp_subaccount_subscription.subscription_6                             11667ms
  btp_subaccount_subscription.subscription_7                             1960ms
  btp_subaccount_subscription.subscription_8                             961ms
  btp_subaccount_subscription.subscription_9                             1012ms
  btp_subaccount_trust_configuration.trust_1                             496ms
  btp_subaccount_trust_configuration.trust_10                            685ms
  btp_subaccount_trust_configuration.trust_2                             5067ms
  btp_subaccount_trust_configuration.trust_3                             832ms
  btp_subaccount_trust_configuration.trust_4                             1972ms
  btp_subaccount_trust_configuration.trust_5                             1148ms
  btp_subaccount_trust_configuration.trust_6                             767ms
  btp_subaccount_trust_configuration.trust_7                             6446ms
  btp_subaccount_trust_configuration.trust_8                             4500ms
  btp_subaccount_trust_configuration.trust_9                             6459ms
  cloudfoundry_service_instance.instance_1                               75ms
  cloudfoundry_service_instance.instance_10                              43ms
  cloudfoundry_service_instance.instance_11                              36ms
  cloudfoundry_service_instance.instance_12                              36ms
  cloudfoundry_service_instance.instance_13                              37ms
  cloudfoundry_service_instance.instance_14                              46ms
  cloudfoundry_service_instance.instance_15                              46ms
  cloudfoundry_service_instance.instance_16                              48ms
  cloudfoundry_service_instance.instance_17                              65ms
  cloudfoundry_service_instance.instance_18                              63ms
  cloudfoundry_service_instance.instance_19                              51ms
  cloudfoundry_service_instance.instance_2                               62ms
  cloudfoundry_service_instance.instance_20                              40ms
  cloudfoundry_service_instance.instance_21                              64ms
  cloudfoundry_service_instance.instance_22                              35ms
  cloudfoundry_service_instance.instance_23                              40ms
  cloudfoundry_service_instance.instance_24                              47ms
  cloudfoundry_service_instance.instance_25                              48ms
  cloudfoundry_service_instance.instance_26                              37ms
  cloudfoundry_service_instance.instance_27                              35ms
  cloudfoundry_service_instance.instance_28                              62ms
  cloudfoundry_service_instance.instance_29                              43ms
  cloudfoundry_service_instance.instance_3                               53ms
  cloudfoundry_service_instance.instance_30                              35ms
  cloudfoundry_service_instance.instance_31                              78ms
  cloudfoundry_service_instance.instance_32                              39ms
  cloudfoundry_service_instance.instance_33                              42ms
  cloudfoundry_service_instance.instance_34                              36ms
  cloudfoundry_service_instance.instance_35                              51ms
  cloudfoundry_service_instance.instance_36                              39ms
  cloudfoundry_service_instance.instance_37                              39ms
  cloudfoundry_service_instance.instance_38                              74ms
  cloudfoundry_service_instance.instance_39                              70ms
  cloudfoundry_service_instance.instance_4                               44ms
  cloudfoundry_service_instance.instance_40                              37ms
  cloudfoundry_service_instance.instance_5                               39ms
  cloudfoundry_service_instance.instance_6                               60ms
  cloudfoundry_service_instance.instance_7                               36ms
  cloudfoundry_service_instance.instance_8                               57ms
  cloudfoundry_service_instance.instance_9                               37ms
  cloudfoundry_space.space_1                                             124ms
  cloudfoundry_space.space_10                                            132ms
  cloudfoundry_space.space_11                                            92ms
  cloudfoundry_space.space_12                                            90ms
  cloudfoundry_space.space_13                                            89ms
  cloudfoundry_space.space_14                                            136ms
  cloudfoundry_space.space_15                                            157ms
  cloudfoundry_space.space_16                                            107ms
  cloudfoundry_space.space_17                                            135ms
  cloudfoundry_space.space_18                                            127ms
  cloudfoundry_space.space_19                                            166ms
  cloudfoundry_space.space_2                                             138ms
  cloudfoundry_space.space_20                                            151ms
  cloudfoundry_space.space_3                                             116ms
  cloudfoundry_space.space_4                                             105ms
  cloudfoundry_space.space_5                                             164ms
  cloudfoundry_space.space_6                                             99ms
  cloudfoundry_space.space_7                                             147ms
  cloudfoundry_space.space_8                                             103ms
  cloudfoundry_space.space_9                                             97ms
  scc_subaccount.subaccount_1                                            567ms
  scc_subaccount.subaccount_10                                           4852ms
  scc_subaccount.subaccount_2                                            6974ms
  scc_subaccount.subaccount_3                                            5668ms
  scc_subaccount.subaccount_4                                            612ms
  scc_subaccount.subaccount_5                                            462ms
  scc_subaccount.subaccount_6                                            601ms
  scc_subaccount.subaccount_7                                            5599ms
  scc_subaccount.subaccount_8                                            1693ms
  scc_subaccount.subaccount_9                                            565ms
  scc_system_mapping.system_1                                            80ms
  scc_system_mapping.system_10                                           52ms
  scc_system_mapping.system_11                                           77ms
  scc_system_mapping.system_12                                           53ms
  scc_system_mapping.system_13                                           53ms
  scc_system_mapping.system_14                                           56ms
  scc_system_mapping.system_15                                           52ms
  scc_system_mapping.system_16                                           54ms
  scc_system_mapping.system_17                                           53ms
  scc_system_mapping.system_18                                           53ms
  scc_system_mapping.system_19                                           69ms
  scc_system_mapping.system_2                                            52ms
  scc_system_mapping.system_20                                           67ms
  scc_system_mapping.system_3                                            52ms
  scc_system_mapping.system_4                                            53ms
  scc_system_mapping.system_5                                            54ms
  scc_system_mapping.system_6                                            53ms
  scc_system_mapping.system_7                                            52ms
  scc_system_mapping.system_8                                            52ms
  scc_system_mapping.system_9                                            53ms
  scc_system_mapping_resource.resource_1                                 108ms
  scc_system_mapping_resource.resource_10                                54ms
  scc_system_mapping_resource.resource_11                                55ms
  scc_system_mapping_resource.resource_12                                65ms
  scc_system_mapping_resource.resource_13                                57ms
  scc_system_mapping_resource.resource_14                                57ms
  scc_system_mapping_resource.resource_15                                55ms
  scc_system_mapping_resource.resource_16                                52ms
  scc_system_mapping_resource.resource_17                                58ms
  scc_system_mapping_resource.resource_18                                52ms
  scc_system_mapping_resource.resource_19                                52ms
  scc_system_mapping_resource.resource_2                                 90ms
  scc_system_mapping_resource.resource_20                                93ms
  scc_system_mapping_resource.resource_21                                55ms
  scc_system_mapping_resource.resource_22                                58ms
  scc_system_mapping_resource.resource_23                                77ms
  scc_system_mapping_resource.resource_24                                57ms
  scc_system_mapping_resource.resource_25                                102ms
  scc_system_mapping_resource.resource_26                                81ms
  scc_system_mapping_resource.resource_27                                68ms
  scc_system_mapping_resource.resource_28                                52ms
  scc_system_mapping_resource.resource_29                                53ms
  scc_system_mapping_resource.resource_3                                 106ms
  scc_system_mapping_resource.resource_30                                55ms
  scc_system_mapping_resource.resource_31                                67ms
  scc_system_mapping_resource.resource_32                                79ms
  scc_system_mapping_resource.resource_33                                63ms
  scc_system_mapping_resource.resource_34                                52ms
  scc_system_mapping_resource.resource_35                                56ms
  scc_system_mapping_resource.resource_36                                55ms
  scc_system_mapping_resource.resource_37                                76ms
  scc_system_mapping_resource.resource_38                                77ms
  scc_system_mapping_resource.resource_39                                96ms
  scc_system_mapping_resource.resource_4                                 95ms
  scc_system_mapping_resource.resource_40                                99ms
  scc_system_mapping_resource.resource_5                                 119ms
  scc_system_mapping_resource.resource_6                                 109ms
  scc_system_mapping_resource.resource_7                                 120ms
  scc_system_mapping_resource.resource_8                                 96ms
  scc_system_mapping_resource.resource_9                                 85ms
  sci_application.app_1                                                  126ms
  sci_application.app_10                                                 138ms
  sci_application.app_11                                                 126ms
  sci_application.app_12                                                 154ms
  sci_application.app_13                                                 145ms
  sci_application.app_14                                                 134ms
  sci_application.app_15                                                 123ms
  sci_application.app_16                                                 123ms
  sci_application.app_17                                                 116ms
  sci_application.app_18                                                 131ms
  sci_application.app_19                                                 126ms
  sci_application.app_2                                                  136ms
  sci_application.app_20                                                 147ms
  sci_application.app_3                                                  137ms
  sci_application.app_4                                                  122ms
  sci_application.app_5                                                  111ms
  sci_application.app_6                                                  132ms
  sci_application.app_7                                                  146ms
  sci_application.app_8                                                  132ms
  sci_application.app_9                                                  132ms
  sci_group_base.group_1                                                 89ms
  sci_group_base.group_10                                                85ms
  sci_group_base.group_11                                                110ms
  sci_group_base.group_12                                                101ms
  sci_group_base.group_13                                                96ms
  sci_group_base.group_14                                                86ms
  sci_group_base.group_15                                                100ms
  sci_group_base.group_16                                                114ms
  sci_group_base.group_17                                                98ms
  sci_group_base.group_18                                                87ms
  sci_group_base.group_19                                                113ms
  sci_group_base.group_2                                                 167ms
  sci_group_base.group_20                                                89ms
  sci_group_base.group_21                                                99ms
  sci_group_base.group_22                                                89ms
  sci_group_base.group_23                                                105ms
  sci_group_base.group_24                                                158ms
  sci_group_base.group_25                                                111ms
  sci_group_base.group_26                                                102ms
  sci_group_base.group_27                                                93ms
  sci_group_base.group_28                                                301ms
  sci_group_base.group_29                                                94ms
  sci_group_base.group_3                                                 97ms
  sci_group_base.group_30                                                104ms
  sci_group_base.group_4                                                 102ms
  sci_group_base.group_5                                                 93ms
  sci_group_base.group_6                                                 143ms
  sci_group_base.group_7                                                 98ms
  sci_group_base.group_8                                                 92ms
  sci_group_base.group_9                                                 95ms
  sci_user.user_1                                                        97ms
  sci_user.user_10                                                       84ms
  sci_user.user_11                                                       100ms
  sci_user.user_12                                                       107ms
  sci_user.user_13                                                       172ms
  sci_user.user_14                                                       83ms
  sci_user.user_15                                                       96ms
  sci_user.user_16                                                       157ms
  sci_user.user_17                                                       114ms
  sci_user.user_18                                                       97ms
  sci_user.user_19                                                       97ms
  sci_user.user_2                                                        173ms
  sci_user.user_20                                                       83ms
  sci_user.user_21                                                       93ms
  sci_user.user_22                                                       82ms
  sci_user.user_23                                                       94ms
  sci_user.user_24                                                       93ms
  sci_user.user_25                                                       98ms
  sci_user.user_26                                                       104ms
  sci_user.user_27                                                       84ms
  sci_user.user_28                                                       89ms
  sci_user.user_29                                                       106ms
  sci_user.user_3                                                        193ms
  sci_user.user_30                                                       92ms
  sci_user.user_31                                                       94ms
  sci_user.user_32                                                       89ms
  sci_user.user_33                                                       85ms
  sci_user.user_34                                                       155ms
  sci_user.user_35                                                       99ms
  sci_user.user_36                                                       168ms
  sci_user.user_37                                                       91ms
  sci_user.user_38                                                       87ms
  sci_user.user_39                                                       193ms
  sci_user.user_4                                                        96ms
  sci_user.user_40                                                       116ms
  sci_user.user_41                                                       91ms
  sci_user.user_42                                                       97ms
  sci_user.user_43                                                       85ms
  sci_user.user_44                                                       91ms
  sci_user.user_45                                                       90ms
  sci_user.user_46                                                       102ms
  sci_user.user_47                                                       88ms
  sci_user.user_48                                                       78ms
  sci_user.user_49                                                       86ms
  sci_user.user_5                                                        117ms
  sci_user.user_50                                                       312ms
  sci_user.user_6                                                        171ms
  sci_user.user_7                                                        98ms
  sci_user.user_8                                                        96ms
  sci_user.user_9                                                        108ms


Run 3/10:
  Total run time: 103.528855s
  btp_directory.directory_1                                              1175ms
  btp_directory.directory_10                                             1048ms
  btp_directory.directory_2                                              769ms
  btp_directory.directory_3                                              959ms
  btp_directory.directory_4                                              928ms
  btp_directory.directory_5                                              1017ms
  btp_directory.directory_6                                              882ms
  btp_directory.directory_7                                              1126ms
  btp_directory.directory_8                                              1096ms
  btp_directory.directory_9                                              828ms
  btp_subaccount.subaccount_1                                            471ms
  btp_subaccount.subaccount_10                                           490ms
  btp_subaccount.subaccount_2                                            531ms
  btp_subaccount.subaccount_3                                            514ms
  btp_subaccount.subaccount_4                                            521ms
  btp_subaccount.subaccount_5                                            496ms
  btp_subaccount.subaccount_6                                            525ms
  btp_subaccount.subaccount_7                                            478ms
  btp_subaccount.subaccount_8                                            485ms
  btp_subaccount.subaccount_9                                            532ms
  btp_subaccount_destination_generic.destination_1                       1145ms
  btp_subaccount_destination_generic.destination_10                      6347ms
  btp_subaccount_destination_generic.destination_11                      482ms
  btp_subaccount_destination_generic.destination_12                      5109ms
  btp_subaccount_destination_generic.destination_13                      977ms
  btp_subaccount_destination_generic.destination_14                      1176ms
  btp_subaccount_destination_generic.destination_15                      308ms
  btp_subaccount_destination_generic.destination_16                      533ms
  btp_subaccount_destination_generic.destination_17                      1196ms
  btp_subaccount_destination_generic.destination_18                      1257ms
  btp_subaccount_destination_generic.destination_19                      1118ms
  btp_subaccount_destination_generic.destination_2                       623ms
  btp_subaccount_destination_generic.destination_20                      1354ms
  btp_subaccount_destination_generic.destination_3                       1375ms
  btp_subaccount_destination_generic.destination_4                       3938ms
  btp_subaccount_destination_generic.destination_5                       421ms
  btp_subaccount_destination_generic.destination_6                       659ms
  btp_subaccount_destination_generic.destination_7                       937ms
  btp_subaccount_destination_generic.destination_8                       793ms
  btp_subaccount_destination_generic.destination_9                       735ms
  btp_subaccount_entitlement.entitlement_1                               18605ms
  btp_subaccount_entitlement.entitlement_10                              12494ms
  btp_subaccount_entitlement.entitlement_11                              15474ms
  btp_subaccount_entitlement.entitlement_12                              15012ms
  btp_subaccount_entitlement.entitlement_13                              12680ms
  btp_subaccount_entitlement.entitlement_14                              13001ms
  btp_subaccount_entitlement.entitlement_15                              12773ms
  btp_subaccount_entitlement.entitlement_16                              13067ms
  btp_subaccount_entitlement.entitlement_17                              18456ms
  btp_subaccount_entitlement.entitlement_18                              13668ms
  btp_subaccount_entitlement.entitlement_19                              13848ms
  btp_subaccount_entitlement.entitlement_2                               17472ms
  btp_subaccount_entitlement.entitlement_20                              13082ms
  btp_subaccount_entitlement.entitlement_21                              18472ms
  btp_subaccount_entitlement.entitlement_22                              18284ms
  btp_subaccount_entitlement.entitlement_23                              14138ms
  btp_subaccount_entitlement.entitlement_24                              17669ms
  btp_subaccount_entitlement.entitlement_25                              16373ms
  btp_subaccount_entitlement.entitlement_26                              18356ms
  btp_subaccount_entitlement.entitlement_27                              19345ms
  btp_subaccount_entitlement.entitlement_28                              14973ms
  btp_subaccount_entitlement.entitlement_29                              13649ms
  btp_subaccount_entitlement.entitlement_3                               12503ms
  btp_subaccount_entitlement.entitlement_30                              13699ms
  btp_subaccount_entitlement.entitlement_31                              13435ms
  btp_subaccount_entitlement.entitlement_32                              16648ms
  btp_subaccount_entitlement.entitlement_33                              17131ms
  btp_subaccount_entitlement.entitlement_34                              13808ms
  btp_subaccount_entitlement.entitlement_35                              14776ms
  btp_subaccount_entitlement.entitlement_36                              16918ms
  btp_subaccount_entitlement.entitlement_37                              18264ms
  btp_subaccount_entitlement.entitlement_38                              14087ms
  btp_subaccount_entitlement.entitlement_39                              18424ms
  btp_subaccount_entitlement.entitlement_4                               18664ms
  btp_subaccount_entitlement.entitlement_40                              18666ms
  btp_subaccount_entitlement.entitlement_5                               15665ms
  btp_subaccount_entitlement.entitlement_6                               21034ms
  btp_subaccount_entitlement.entitlement_7                               16029ms
  btp_subaccount_entitlement.entitlement_8                               15127ms
  btp_subaccount_entitlement.entitlement_9                               12897ms
  btp_subaccount_environment_instance.cloudfoundry_1                     1236ms
  btp_subaccount_environment_instance.cloudfoundry_10                    1173ms
  btp_subaccount_environment_instance.cloudfoundry_2                     1844ms
  btp_subaccount_environment_instance.cloudfoundry_3                     579ms
  btp_subaccount_environment_instance.cloudfoundry_4                     1734ms
  btp_subaccount_environment_instance.cloudfoundry_5                     418ms
  btp_subaccount_environment_instance.cloudfoundry_6                     838ms
  btp_subaccount_environment_instance.cloudfoundry_7                     1843ms
  btp_subaccount_environment_instance.cloudfoundry_8                     364ms
  btp_subaccount_environment_instance.cloudfoundry_9                     566ms
  btp_subaccount_role.role_1                                             1328ms
  btp_subaccount_role.role_10                                            601ms
  btp_subaccount_role.role_11                                            1463ms
  btp_subaccount_role.role_12                                            1363ms
  btp_subaccount_role.role_13                                            630ms
  btp_subaccount_role.role_14                                            1926ms
  btp_subaccount_role.role_15                                            497ms
  btp_subaccount_role.role_16                                            780ms
  btp_subaccount_role.role_17                                            490ms
  btp_subaccount_role.role_18                                            904ms
  btp_subaccount_role.role_19                                            1156ms
  btp_subaccount_role.role_2                                             1162ms
  btp_subaccount_role.role_20                                            5889ms
  btp_subaccount_role.role_3                                             4148ms
  btp_subaccount_role.role_4                                             3924ms
  btp_subaccount_role.role_5                                             688ms
  btp_subaccount_role.role_6                                             683ms
  btp_subaccount_role.role_7                                             770ms
  btp_subaccount_role.role_8                                             844ms
  btp_subaccount_role.role_9                                             780ms
  btp_subaccount_role_collection.collection_1                            1035ms
  btp_subaccount_role_collection.collection_10                           1491ms
  btp_subaccount_role_collection.collection_11                           1749ms
  btp_subaccount_role_collection.collection_12                           1705ms
  btp_subaccount_role_collection.collection_13                           904ms
  btp_subaccount_role_collection.collection_14                           784ms
  btp_subaccount_role_collection.collection_15                           866ms
  btp_subaccount_role_collection.collection_16                           5326ms
  btp_subaccount_role_collection.collection_17                           5416ms
  btp_subaccount_role_collection.collection_18                           1585ms
  btp_subaccount_role_collection.collection_19                           791ms
  btp_subaccount_role_collection.collection_2                            1315ms
  btp_subaccount_role_collection.collection_20                           1734ms
  btp_subaccount_role_collection.collection_21                           997ms
  btp_subaccount_role_collection.collection_22                           1145ms
  btp_subaccount_role_collection.collection_23                           213ms
  btp_subaccount_role_collection.collection_24                           672ms
  btp_subaccount_role_collection.collection_25                           1651ms
  btp_subaccount_role_collection.collection_26                           508ms
  btp_subaccount_role_collection.collection_27                           662ms
  btp_subaccount_role_collection.collection_28                           1308ms
  btp_subaccount_role_collection.collection_29                           1098ms
  btp_subaccount_role_collection.collection_3                            3071ms
  btp_subaccount_role_collection.collection_30                           1802ms
  btp_subaccount_role_collection.collection_4                            1838ms
  btp_subaccount_role_collection.collection_5                            732ms
  btp_subaccount_role_collection.collection_6                            832ms
  btp_subaccount_role_collection.collection_7                            789ms
  btp_subaccount_role_collection.collection_8                            488ms
  btp_subaccount_role_collection.collection_9                            431ms
  btp_subaccount_service_instance.instance_1                             8161ms
  btp_subaccount_service_instance.instance_10                            3140ms
  btp_subaccount_service_instance.instance_11                            12800ms
  btp_subaccount_service_instance.instance_12                            4746ms
  btp_subaccount_service_instance.instance_13                            8963ms
  btp_subaccount_service_instance.instance_14                            4163ms
  btp_subaccount_service_instance.instance_15                            3895ms
  btp_subaccount_service_instance.instance_16                            2479ms
  btp_subaccount_service_instance.instance_17                            3738ms
  btp_subaccount_service_instance.instance_18                            1612ms
  btp_subaccount_service_instance.instance_19                            4672ms
  btp_subaccount_service_instance.instance_2                             8894ms
  btp_subaccount_service_instance.instance_20                            4008ms
  btp_subaccount_service_instance.instance_3                             4735ms
  btp_subaccount_service_instance.instance_4                             7067ms
  btp_subaccount_service_instance.instance_5                             1683ms
  btp_subaccount_service_instance.instance_6                             1600ms
  btp_subaccount_service_instance.instance_7                             3344ms
  btp_subaccount_service_instance.instance_8                             3161ms
  btp_subaccount_service_instance.instance_9                             2206ms
  btp_subaccount_subscription.subscription_1                             7008ms
  btp_subaccount_subscription.subscription_10                            1866ms
  btp_subaccount_subscription.subscription_11                            2341ms
  btp_subaccount_subscription.subscription_12                            3023ms
  btp_subaccount_subscription.subscription_13                            8202ms
  btp_subaccount_subscription.subscription_14                            2331ms
  btp_subaccount_subscription.subscription_15                            1980ms
  btp_subaccount_subscription.subscription_16                            11269ms
  btp_subaccount_subscription.subscription_17                            3074ms
  btp_subaccount_subscription.subscription_18                            1121ms
  btp_subaccount_subscription.subscription_19                            2019ms
  btp_subaccount_subscription.subscription_2                             3678ms
  btp_subaccount_subscription.subscription_20                            1888ms
  btp_subaccount_subscription.subscription_21                            8024ms
  btp_subaccount_subscription.subscription_22                            2717ms
  btp_subaccount_subscription.subscription_23                            1304ms
  btp_subaccount_subscription.subscription_24                            2758ms
  btp_subaccount_subscription.subscription_25                            2462ms
  btp_subaccount_subscription.subscription_26                            2792ms
  btp_subaccount_subscription.subscription_27                            1842ms
  btp_subaccount_subscription.subscription_28                            2728ms
  btp_subaccount_subscription.subscription_29                            2769ms
  btp_subaccount_subscription.subscription_3                             7253ms
  btp_subaccount_subscription.subscription_30                            2727ms
  btp_subaccount_subscription.subscription_4                             5784ms
  btp_subaccount_subscription.subscription_5                             5249ms
  btp_subaccount_subscription.subscription_6                             5659ms
  btp_subaccount_subscription.subscription_7                             1102ms
  btp_subaccount_subscription.subscription_8                             1196ms
  btp_subaccount_subscription.subscription_9                             1135ms
  btp_subaccount_trust_configuration.trust_1                             798ms
  btp_subaccount_trust_configuration.trust_10                            1306ms
  btp_subaccount_trust_configuration.trust_2                             605ms
  btp_subaccount_trust_configuration.trust_3                             461ms
  btp_subaccount_trust_configuration.trust_4                             1099ms
  btp_subaccount_trust_configuration.trust_5                             961ms
  btp_subaccount_trust_configuration.trust_6                             1588ms
  btp_subaccount_trust_configuration.trust_7                             1680ms
  btp_subaccount_trust_configuration.trust_8                             1253ms
  btp_subaccount_trust_configuration.trust_9                             1115ms
  cloudfoundry_service_instance.instance_1                               42ms
  cloudfoundry_service_instance.instance_10                              35ms
  cloudfoundry_service_instance.instance_11                              63ms
  cloudfoundry_service_instance.instance_12                              40ms
  cloudfoundry_service_instance.instance_13                              49ms
  cloudfoundry_service_instance.instance_14                              41ms
  cloudfoundry_service_instance.instance_15                              38ms
  cloudfoundry_service_instance.instance_16                              50ms
  cloudfoundry_service_instance.instance_17                              57ms
  cloudfoundry_service_instance.instance_18                              68ms
  cloudfoundry_service_instance.instance_19                              67ms
  cloudfoundry_service_instance.instance_2                               46ms
  cloudfoundry_service_instance.instance_20                              45ms
  cloudfoundry_service_instance.instance_21                              46ms
  cloudfoundry_service_instance.instance_22                              37ms
  cloudfoundry_service_instance.instance_23                              37ms
  cloudfoundry_service_instance.instance_24                              36ms
  cloudfoundry_service_instance.instance_25                              44ms
  cloudfoundry_service_instance.instance_26                              45ms
  cloudfoundry_service_instance.instance_27                              34ms
  cloudfoundry_service_instance.instance_28                              33ms
  cloudfoundry_service_instance.instance_29                              47ms
  cloudfoundry_service_instance.instance_3                               40ms
  cloudfoundry_service_instance.instance_30                              39ms
  cloudfoundry_service_instance.instance_31                              35ms
  cloudfoundry_service_instance.instance_32                              46ms
  cloudfoundry_service_instance.instance_33                              49ms
  cloudfoundry_service_instance.instance_34                              38ms
  cloudfoundry_service_instance.instance_35                              47ms
  cloudfoundry_service_instance.instance_36                              44ms
  cloudfoundry_service_instance.instance_37                              38ms
  cloudfoundry_service_instance.instance_38                              34ms
  cloudfoundry_service_instance.instance_39                              56ms
  cloudfoundry_service_instance.instance_4                               46ms
  cloudfoundry_service_instance.instance_40                              35ms
  cloudfoundry_service_instance.instance_5                               37ms
  cloudfoundry_service_instance.instance_6                               52ms
  cloudfoundry_service_instance.instance_7                               36ms
  cloudfoundry_service_instance.instance_8                               41ms
  cloudfoundry_service_instance.instance_9                               45ms
  cloudfoundry_space.space_1                                             98ms
  cloudfoundry_space.space_10                                            106ms
  cloudfoundry_space.space_11                                            87ms
  cloudfoundry_space.space_12                                            96ms
  cloudfoundry_space.space_13                                            109ms
  cloudfoundry_space.space_14                                            111ms
  cloudfoundry_space.space_15                                            92ms
  cloudfoundry_space.space_16                                            100ms
  cloudfoundry_space.space_17                                            97ms
  cloudfoundry_space.space_18                                            99ms
  cloudfoundry_space.space_19                                            95ms
  cloudfoundry_space.space_2                                             92ms
  cloudfoundry_space.space_20                                            87ms
  cloudfoundry_space.space_3                                             145ms
  cloudfoundry_space.space_4                                             154ms
  cloudfoundry_space.space_5                                             87ms
  cloudfoundry_space.space_6                                             100ms
  cloudfoundry_space.space_7                                             102ms
  cloudfoundry_space.space_8                                             100ms
  cloudfoundry_space.space_9                                             90ms
  scc_subaccount.subaccount_1                                            574ms
  scc_subaccount.subaccount_10                                           552ms
  scc_subaccount.subaccount_2                                            734ms
  scc_subaccount.subaccount_3                                            547ms
  scc_subaccount.subaccount_4                                            554ms
  scc_subaccount.subaccount_5                                            555ms
  scc_subaccount.subaccount_6                                            579ms
  scc_subaccount.subaccount_7                                            5606ms
  scc_subaccount.subaccount_8                                            544ms
  scc_subaccount.subaccount_9                                            546ms
  scc_system_mapping.system_1                                            58ms
  scc_system_mapping.system_10                                           54ms
  scc_system_mapping.system_11                                           55ms
  scc_system_mapping.system_12                                           56ms
  scc_system_mapping.system_13                                           57ms
  scc_system_mapping.system_14                                           53ms
  scc_system_mapping.system_15                                           61ms
  scc_system_mapping.system_16                                           108ms
  scc_system_mapping.system_17                                           54ms
  scc_system_mapping.system_18                                           55ms
  scc_system_mapping.system_19                                           56ms
  scc_system_mapping.system_2                                            54ms
  scc_system_mapping.system_20                                           55ms
  scc_system_mapping.system_3                                            55ms
  scc_system_mapping.system_4                                            55ms
  scc_system_mapping.system_5                                            54ms
  scc_system_mapping.system_6                                            55ms
  scc_system_mapping.system_7                                            56ms
  scc_system_mapping.system_8                                            57ms
  scc_system_mapping.system_9                                            55ms
  scc_system_mapping_resource.resource_1                                 52ms
  scc_system_mapping_resource.resource_10                                53ms
  scc_system_mapping_resource.resource_11                                51ms
  scc_system_mapping_resource.resource_12                                95ms
  scc_system_mapping_resource.resource_13                                54ms
  scc_system_mapping_resource.resource_14                                99ms
  scc_system_mapping_resource.resource_15                                58ms
  scc_system_mapping_resource.resource_16                                87ms
  scc_system_mapping_resource.resource_17                                107ms
  scc_system_mapping_resource.resource_18                                62ms
  scc_system_mapping_resource.resource_19                                60ms
  scc_system_mapping_resource.resource_2                                 58ms
  scc_system_mapping_resource.resource_20                                55ms
  scc_system_mapping_resource.resource_21                                64ms
  scc_system_mapping_resource.resource_22                                69ms
  scc_system_mapping_resource.resource_23                                52ms
  scc_system_mapping_resource.resource_24                                53ms
  scc_system_mapping_resource.resource_25                                52ms
  scc_system_mapping_resource.resource_26                                63ms
  scc_system_mapping_resource.resource_27                                53ms
  scc_system_mapping_resource.resource_28                                55ms
  scc_system_mapping_resource.resource_29                                64ms
  scc_system_mapping_resource.resource_3                                 51ms
  scc_system_mapping_resource.resource_30                                92ms
  scc_system_mapping_resource.resource_31                                53ms
  scc_system_mapping_resource.resource_32                                103ms
  scc_system_mapping_resource.resource_33                                82ms
  scc_system_mapping_resource.resource_34                                52ms
  scc_system_mapping_resource.resource_35                                54ms
  scc_system_mapping_resource.resource_36                                98ms
  scc_system_mapping_resource.resource_37                                72ms
  scc_system_mapping_resource.resource_38                                71ms
  scc_system_mapping_resource.resource_39                                64ms
  scc_system_mapping_resource.resource_4                                 53ms
  scc_system_mapping_resource.resource_40                                117ms
  scc_system_mapping_resource.resource_5                                 55ms
  scc_system_mapping_resource.resource_6                                 53ms
  scc_system_mapping_resource.resource_7                                 93ms
  scc_system_mapping_resource.resource_8                                 62ms
  scc_system_mapping_resource.resource_9                                 98ms
  sci_application.app_1                                                  111ms
  sci_application.app_10                                                 114ms
  sci_application.app_11                                                 129ms
  sci_application.app_12                                                 108ms
  sci_application.app_13                                                 111ms
  sci_application.app_14                                                 198ms
  sci_application.app_15                                                 121ms
  sci_application.app_16                                                 114ms
  sci_application.app_17                                                 126ms
  sci_application.app_18                                                 122ms
  sci_application.app_19                                                 191ms
  sci_application.app_2                                                  107ms
  sci_application.app_20                                                 123ms
  sci_application.app_3                                                  116ms
  sci_application.app_4                                                  129ms
  sci_application.app_5                                                  115ms
  sci_application.app_6                                                  117ms
  sci_application.app_7                                                  118ms
  sci_application.app_8                                                  200ms
  sci_application.app_9                                                  129ms
  sci_group_base.group_1                                                 87ms
  sci_group_base.group_10                                                79ms
  sci_group_base.group_11                                                84ms
  sci_group_base.group_12                                                82ms
  sci_group_base.group_13                                                84ms
  sci_group_base.group_14                                                96ms
  sci_group_base.group_15                                                86ms
  sci_group_base.group_16                                                111ms
  sci_group_base.group_17                                                100ms
  sci_group_base.group_18                                                91ms
  sci_group_base.group_19                                                112ms
  sci_group_base.group_2                                                 112ms
  sci_group_base.group_20                                                97ms
  sci_group_base.group_21                                                95ms
  sci_group_base.group_22                                                88ms
  sci_group_base.group_23                                                89ms
  sci_group_base.group_24                                                87ms
  sci_group_base.group_25                                                95ms
  sci_group_base.group_26                                                96ms
  sci_group_base.group_27                                                88ms
  sci_group_base.group_28                                                88ms
  sci_group_base.group_29                                                87ms
  sci_group_base.group_3                                                 87ms
  sci_group_base.group_30                                                84ms
  sci_group_base.group_4                                                 96ms
  sci_group_base.group_5                                                 81ms
  sci_group_base.group_6                                                 102ms
  sci_group_base.group_7                                                 90ms
  sci_group_base.group_8                                                 88ms
  sci_group_base.group_9                                                 93ms
  sci_user.user_1                                                        86ms
  sci_user.user_10                                                       304ms
  sci_user.user_11                                                       86ms
  sci_user.user_12                                                       120ms
  sci_user.user_13                                                       85ms
  sci_user.user_14                                                       169ms
  sci_user.user_15                                                       90ms
  sci_user.user_16                                                       93ms
  sci_user.user_17                                                       86ms
  sci_user.user_18                                                       88ms
  sci_user.user_19                                                       76ms
  sci_user.user_2                                                        92ms
  sci_user.user_20                                                       95ms
  sci_user.user_21                                                       90ms
  sci_user.user_22                                                       84ms
  sci_user.user_23                                                       90ms
  sci_user.user_24                                                       85ms
  sci_user.user_25                                                       83ms
  sci_user.user_26                                                       89ms
  sci_user.user_27                                                       89ms
  sci_user.user_28                                                       180ms
  sci_user.user_29                                                       117ms
  sci_user.user_3                                                        79ms
  sci_user.user_30                                                       96ms
  sci_user.user_31                                                       80ms
  sci_user.user_32                                                       94ms
  sci_user.user_33                                                       85ms
  sci_user.user_34                                                       104ms
  sci_user.user_35                                                       80ms
  sci_user.user_36                                                       81ms
  sci_user.user_37                                                       189ms
  sci_user.user_38                                                       85ms
  sci_user.user_39                                                       97ms
  sci_user.user_4                                                        84ms
  sci_user.user_40                                                       88ms
  sci_user.user_41                                                       84ms
  sci_user.user_42                                                       288ms
  sci_user.user_43                                                       86ms
  sci_user.user_44                                                       80ms
  sci_user.user_45                                                       85ms
  sci_user.user_46                                                       88ms
  sci_user.user_47                                                       86ms
  sci_user.user_48                                                       87ms
  sci_user.user_49                                                       92ms
  sci_user.user_5                                                        90ms
  sci_user.user_50                                                       174ms
  sci_user.user_6                                                        86ms
  sci_user.user_7                                                        85ms
  sci_user.user_8                                                        88ms
  sci_user.user_9                                                        97ms


Run 4/10:
  Total run time: 146.433165s
  btp_directory.directory_1                                              689ms
  btp_directory.directory_10                                             961ms
  btp_directory.directory_2                                              942ms
  btp_directory.directory_3                                              727ms
  btp_directory.directory_4                                              899ms
  btp_directory.directory_5                                              854ms
  btp_directory.directory_6                                              1056ms
  btp_directory.directory_7                                              779ms
  btp_directory.directory_8                                              1112ms
  btp_directory.directory_9                                              1019ms
  btp_subaccount.subaccount_1                                            549ms
  btp_subaccount.subaccount_10                                           515ms
  btp_subaccount.subaccount_2                                            512ms
  btp_subaccount.subaccount_3                                            557ms
  btp_subaccount.subaccount_4                                            514ms
  btp_subaccount.subaccount_5                                            529ms
  btp_subaccount.subaccount_6                                            490ms
  btp_subaccount.subaccount_7                                            549ms
  btp_subaccount.subaccount_8                                            481ms
  btp_subaccount.subaccount_9                                            502ms
  btp_subaccount_destination_generic.destination_1                       1435ms
  btp_subaccount_destination_generic.destination_10                      5831ms
  btp_subaccount_destination_generic.destination_11                      1408ms
  btp_subaccount_destination_generic.destination_12                      5713ms
  btp_subaccount_destination_generic.destination_13                      1344ms
  btp_subaccount_destination_generic.destination_14                      1257ms
  btp_subaccount_destination_generic.destination_15                      1129ms
  btp_subaccount_destination_generic.destination_16                      1479ms
  btp_subaccount_destination_generic.destination_17                      4593ms
  btp_subaccount_destination_generic.destination_18                      3376ms
  btp_subaccount_destination_generic.destination_19                      6959ms
  btp_subaccount_destination_generic.destination_2                       871ms
  btp_subaccount_destination_generic.destination_20                      11082ms
  btp_subaccount_destination_generic.destination_3                       520ms
  btp_subaccount_destination_generic.destination_4                       1032ms
  btp_subaccount_destination_generic.destination_5                       1284ms
  btp_subaccount_destination_generic.destination_6                       954ms
  btp_subaccount_destination_generic.destination_7                       1623ms
  btp_subaccount_destination_generic.destination_8                       1567ms
  btp_subaccount_destination_generic.destination_9                       2122ms
  btp_subaccount_entitlement.entitlement_1                               17787ms
  btp_subaccount_entitlement.entitlement_10                              25394ms
  btp_subaccount_entitlement.entitlement_11                              13545ms
  btp_subaccount_entitlement.entitlement_12                              19050ms
  btp_subaccount_entitlement.entitlement_13                              18962ms
  btp_subaccount_entitlement.entitlement_14                              17911ms
  btp_subaccount_entitlement.entitlement_15                              15045ms
  btp_subaccount_entitlement.entitlement_16                              15187ms
  btp_subaccount_entitlement.entitlement_17                              19243ms
  btp_subaccount_entitlement.entitlement_18                              19131ms
  btp_subaccount_entitlement.entitlement_19                              25401ms
  btp_subaccount_entitlement.entitlement_2                               18218ms
  btp_subaccount_entitlement.entitlement_20                              16685ms
  btp_subaccount_entitlement.entitlement_21                              13932ms
  btp_subaccount_entitlement.entitlement_22                              14035ms
  btp_subaccount_entitlement.entitlement_23                              14121ms
  btp_subaccount_entitlement.entitlement_24                              17588ms
  btp_subaccount_entitlement.entitlement_25                              25396ms
  btp_subaccount_entitlement.entitlement_26                              17090ms
  btp_subaccount_entitlement.entitlement_27                              23670ms
  btp_subaccount_entitlement.entitlement_28                              21510ms
  btp_subaccount_entitlement.entitlement_29                              12341ms
  btp_subaccount_entitlement.entitlement_3                               17990ms
  btp_subaccount_entitlement.entitlement_30                              12615ms
  btp_subaccount_entitlement.entitlement_31                              12723ms
  btp_subaccount_entitlement.entitlement_32                              12661ms
  btp_subaccount_entitlement.entitlement_33                              16415ms
  btp_subaccount_entitlement.entitlement_34                              21093ms
  btp_subaccount_entitlement.entitlement_35                              17732ms
  btp_subaccount_entitlement.entitlement_36                              19193ms
  btp_subaccount_entitlement.entitlement_37                              29119ms
  btp_subaccount_entitlement.entitlement_38                              24178ms
  btp_subaccount_entitlement.entitlement_39                              34668ms
  btp_subaccount_entitlement.entitlement_4                               17877ms
  btp_subaccount_entitlement.entitlement_40                              29168ms
  btp_subaccount_entitlement.entitlement_5                               19086ms
  btp_subaccount_entitlement.entitlement_6                               17258ms
  btp_subaccount_entitlement.entitlement_7                               18144ms
  btp_subaccount_entitlement.entitlement_8                               26525ms
  btp_subaccount_entitlement.entitlement_9                               13901ms
  btp_subaccount_environment_instance.cloudfoundry_1                     1537ms
  btp_subaccount_environment_instance.cloudfoundry_10                    6878ms
  btp_subaccount_environment_instance.cloudfoundry_2                     1080ms
  btp_subaccount_environment_instance.cloudfoundry_3                     1328ms
  btp_subaccount_environment_instance.cloudfoundry_4                     1611ms
  btp_subaccount_environment_instance.cloudfoundry_5                     6099ms
  btp_subaccount_environment_instance.cloudfoundry_6                     1760ms
  btp_subaccount_environment_instance.cloudfoundry_7                     5967ms
  btp_subaccount_environment_instance.cloudfoundry_8                     1285ms
  btp_subaccount_environment_instance.cloudfoundry_9                     1793ms
  btp_subaccount_role.role_1                                             1107ms
  btp_subaccount_role.role_10                                            5918ms
  btp_subaccount_role.role_11                                            1214ms
  btp_subaccount_role.role_12                                            1011ms
  btp_subaccount_role.role_13                                            5573ms
  btp_subaccount_role.role_14                                            1216ms
  btp_subaccount_role.role_15                                            737ms
  btp_subaccount_role.role_16                                            1410ms
  btp_subaccount_role.role_17                                            1592ms
  btp_subaccount_role.role_18                                            1608ms
  btp_subaccount_role.role_19                                            1664ms
  btp_subaccount_role.role_2                                             1591ms
  btp_subaccount_role.role_20                                            11013ms
  btp_subaccount_role.role_3                                             886ms
  btp_subaccount_role.role_4                                             880ms
  btp_subaccount_role.role_5                                             1757ms
  btp_subaccount_role.role_6                                             5855ms
  btp_subaccount_role.role_7                                             1608ms
  btp_subaccount_role.role_8                                             1504ms
  btp_subaccount_role.role_9                                             1922ms
  btp_subaccount_role_collection.collection_1                            4071ms
  btp_subaccount_role_collection.collection_10                           1830ms
  btp_subaccount_role_collection.collection_11                           1408ms
  btp_subaccount_role_collection.collection_12                           1441ms
  btp_subaccount_role_collection.collection_13                           3039ms
  btp_subaccount_role_collection.collection_14                           10367ms
  btp_subaccount_role_collection.collection_15                           1821ms
  btp_subaccount_role_collection.collection_16                           1454ms
  btp_subaccount_role_collection.collection_17                           1660ms
  btp_subaccount_role_collection.collection_18                           1294ms
  btp_subaccount_role_collection.collection_19                           1166ms
  btp_subaccount_role_collection.collection_2                            1327ms
  btp_subaccount_role_collection.collection_20                           1127ms
  btp_subaccount_role_collection.collection_21                           1395ms
  btp_subaccount_role_collection.collection_22                           1288ms
  btp_subaccount_role_collection.collection_23                           955ms
  btp_subaccount_role_collection.collection_24                           1667ms
  btp_subaccount_role_collection.collection_25                           11027ms
  btp_subaccount_role_collection.collection_26                           1551ms
  btp_subaccount_role_collection.collection_27                           1701ms
  btp_subaccount_role_collection.collection_28                           5906ms
  btp_subaccount_role_collection.collection_29                           6755ms
  btp_subaccount_role_collection.collection_3                            1423ms
  btp_subaccount_role_collection.collection_30                           10861ms
  btp_subaccount_role_collection.collection_4                            323ms
  btp_subaccount_role_collection.collection_5                            333ms
  btp_subaccount_role_collection.collection_6                            682ms
  btp_subaccount_role_collection.collection_7                            987ms
  btp_subaccount_role_collection.collection_8                            1036ms
  btp_subaccount_role_collection.collection_9                            2046ms
  btp_subaccount_service_instance.instance_1                             6841ms
  btp_subaccount_service_instance.instance_10                            9556ms
  btp_subaccount_service_instance.instance_11                            7831ms
  btp_subaccount_service_instance.instance_12                            8328ms
  btp_subaccount_service_instance.instance_13                            8364ms
  btp_subaccount_service_instance.instance_14                            4521ms
  btp_subaccount_service_instance.instance_15                            2180ms
  btp_subaccount_service_instance.instance_16                            3758ms
  btp_subaccount_service_instance.instance_17                            9839ms
  btp_subaccount_service_instance.instance_18                            4277ms
  btp_subaccount_service_instance.instance_19                            13601ms
  btp_subaccount_service_instance.instance_2                             7420ms
  btp_subaccount_service_instance.instance_20                            23604ms
  btp_subaccount_service_instance.instance_3                             3084ms
  btp_subaccount_service_instance.instance_4                             2416ms
  btp_subaccount_service_instance.instance_5                             3161ms
  btp_subaccount_service_instance.instance_6                             8796ms
  btp_subaccount_service_instance.instance_7                             4721ms
  btp_subaccount_service_instance.instance_8                             4161ms
  btp_subaccount_service_instance.instance_9                             14918ms
  btp_subaccount_subscription.subscription_1                             5902ms
  btp_subaccount_subscription.subscription_10                            3073ms
  btp_subaccount_subscription.subscription_11                            3655ms
  btp_subaccount_subscription.subscription_12                            2961ms
  btp_subaccount_subscription.subscription_13                            7814ms
  btp_subaccount_subscription.subscription_14                            8065ms
  btp_subaccount_subscription.subscription_15                            4550ms
  btp_subaccount_subscription.subscription_16                            7005ms
  btp_subaccount_subscription.subscription_17                            2927ms
  btp_subaccount_subscription.subscription_18                            2929ms
  btp_subaccount_subscription.subscription_19                            7492ms
  btp_subaccount_subscription.subscription_2                             2097ms
  btp_subaccount_subscription.subscription_20                            7303ms
  btp_subaccount_subscription.subscription_21                            2821ms
  btp_subaccount_subscription.subscription_22                            1579ms
  btp_subaccount_subscription.subscription_23                            3357ms
  btp_subaccount_subscription.subscription_24                            2783ms
  btp_subaccount_subscription.subscription_25                            5371ms
  btp_subaccount_subscription.subscription_26                            6493ms
  btp_subaccount_subscription.subscription_27                            5178ms
  btp_subaccount_subscription.subscription_28                            22328ms
  btp_subaccount_subscription.subscription_29                            17986ms
  btp_subaccount_subscription.subscription_3                             5744ms
  btp_subaccount_subscription.subscription_30                            22310ms
  btp_subaccount_subscription.subscription_4                             1876ms
  btp_subaccount_subscription.subscription_5                             2007ms
  btp_subaccount_subscription.subscription_6                             1900ms
  btp_subaccount_subscription.subscription_7                             2451ms
  btp_subaccount_subscription.subscription_8                             2486ms
  btp_subaccount_subscription.subscription_9                             7876ms
  btp_subaccount_trust_configuration.trust_1                             1002ms
  btp_subaccount_trust_configuration.trust_10                            6678ms
  btp_subaccount_trust_configuration.trust_2                             1134ms
  btp_subaccount_trust_configuration.trust_3                             1285ms
  btp_subaccount_trust_configuration.trust_4                             1144ms
  btp_subaccount_trust_configuration.trust_5                             5967ms
  btp_subaccount_trust_configuration.trust_6                             1358ms
  btp_subaccount_trust_configuration.trust_7                             1279ms
  btp_subaccount_trust_configuration.trust_8                             1393ms
  btp_subaccount_trust_configuration.trust_9                             1335ms
  cloudfoundry_service_instance.instance_1                               45ms
  cloudfoundry_service_instance.instance_10                              37ms
  cloudfoundry_service_instance.instance_11                              43ms
  cloudfoundry_service_instance.instance_12                              35ms
  cloudfoundry_service_instance.instance_13                              44ms
  cloudfoundry_service_instance.instance_14                              42ms
  cloudfoundry_service_instance.instance_15                              39ms
  cloudfoundry_service_instance.instance_16                              54ms
  cloudfoundry_service_instance.instance_17                              45ms
  cloudfoundry_service_instance.instance_18                              37ms
  cloudfoundry_service_instance.instance_19                              40ms
  cloudfoundry_service_instance.instance_2                               45ms
  cloudfoundry_service_instance.instance_20                              41ms
  cloudfoundry_service_instance.instance_21                              50ms
  cloudfoundry_service_instance.instance_22                              38ms
  cloudfoundry_service_instance.instance_23                              45ms
  cloudfoundry_service_instance.instance_24                              45ms
  cloudfoundry_service_instance.instance_25                              38ms
  cloudfoundry_service_instance.instance_26                              43ms
  cloudfoundry_service_instance.instance_27                              56ms
  cloudfoundry_service_instance.instance_28                              49ms
  cloudfoundry_service_instance.instance_29                              53ms
  cloudfoundry_service_instance.instance_3                               78ms
  cloudfoundry_service_instance.instance_30                              38ms
  cloudfoundry_service_instance.instance_31                              39ms
  cloudfoundry_service_instance.instance_32                              57ms
  cloudfoundry_service_instance.instance_33                              37ms
  cloudfoundry_service_instance.instance_34                              38ms
  cloudfoundry_service_instance.instance_35                              38ms
  cloudfoundry_service_instance.instance_36                              47ms
  cloudfoundry_service_instance.instance_37                              39ms
  cloudfoundry_service_instance.instance_38                              50ms
  cloudfoundry_service_instance.instance_39                              39ms
  cloudfoundry_service_instance.instance_4                               47ms
  cloudfoundry_service_instance.instance_40                              36ms
  cloudfoundry_service_instance.instance_5                               50ms
  cloudfoundry_service_instance.instance_6                               49ms
  cloudfoundry_service_instance.instance_7                               58ms
  cloudfoundry_service_instance.instance_8                               43ms
  cloudfoundry_service_instance.instance_9                               39ms
  cloudfoundry_space.space_1                                             101ms
  cloudfoundry_space.space_10                                            99ms
  cloudfoundry_space.space_11                                            111ms
  cloudfoundry_space.space_12                                            110ms
  cloudfoundry_space.space_13                                            94ms
  cloudfoundry_space.space_14                                            104ms
  cloudfoundry_space.space_15                                            106ms
  cloudfoundry_space.space_16                                            108ms
  cloudfoundry_space.space_17                                            90ms
  cloudfoundry_space.space_18                                            110ms
  cloudfoundry_space.space_19                                            93ms
  cloudfoundry_space.space_2                                             158ms
  cloudfoundry_space.space_20                                            114ms
  cloudfoundry_space.space_3                                             128ms
  cloudfoundry_space.space_4                                             104ms
  cloudfoundry_space.space_5                                             115ms
  cloudfoundry_space.space_6                                             104ms
  cloudfoundry_space.space_7                                             104ms
  cloudfoundry_space.space_8                                             121ms
  cloudfoundry_space.space_9                                             104ms
  scc_subaccount.subaccount_1                                            5671ms
  scc_subaccount.subaccount_10                                           788ms
  scc_subaccount.subaccount_2                                            557ms
  scc_subaccount.subaccount_3                                            523ms
  scc_subaccount.subaccount_4                                            590ms
  scc_subaccount.subaccount_5                                            12253ms
  scc_subaccount.subaccount_6                                            553ms
  scc_subaccount.subaccount_7                                            587ms
  scc_subaccount.subaccount_8                                            612ms
  scc_subaccount.subaccount_9                                            5633ms
  scc_system_mapping.system_1                                            60ms
  scc_system_mapping.system_10                                           104ms
  scc_system_mapping.system_11                                           106ms
  scc_system_mapping.system_12                                           129ms
  scc_system_mapping.system_13                                           156ms
  scc_system_mapping.system_14                                           131ms
  scc_system_mapping.system_15                                           97ms
  scc_system_mapping.system_16                                           106ms
  scc_system_mapping.system_17                                           66ms
  scc_system_mapping.system_18                                           54ms
  scc_system_mapping.system_19                                           54ms
  scc_system_mapping.system_2                                            55ms
  scc_system_mapping.system_20                                           60ms
  scc_system_mapping.system_3                                            54ms
  scc_system_mapping.system_4                                            67ms
  scc_system_mapping.system_5                                            107ms
  scc_system_mapping.system_6                                            56ms
  scc_system_mapping.system_7                                            66ms
  scc_system_mapping.system_8                                            58ms
  scc_system_mapping.system_9                                            62ms
  scc_system_mapping_resource.resource_1                                 92ms
  scc_system_mapping_resource.resource_10                                50ms
  scc_system_mapping_resource.resource_11                                90ms
  scc_system_mapping_resource.resource_12                                53ms
  scc_system_mapping_resource.resource_13                                74ms
  scc_system_mapping_resource.resource_14                                107ms
  scc_system_mapping_resource.resource_15                                56ms
  scc_system_mapping_resource.resource_16                                55ms
  scc_system_mapping_resource.resource_17                                51ms
  scc_system_mapping_resource.resource_18                                52ms
  scc_system_mapping_resource.resource_19                                57ms
  scc_system_mapping_resource.resource_2                                 108ms
  scc_system_mapping_resource.resource_20                                55ms
  scc_system_mapping_resource.resource_21                                80ms
  scc_system_mapping_resource.resource_22                                90ms
  scc_system_mapping_resource.resource_23                                85ms
  scc_system_mapping_resource.resource_24                                90ms
  scc_system_mapping_resource.resource_25                                54ms
  scc_system_mapping_resource.resource_26                                94ms
  scc_system_mapping_resource.resource_27                                62ms
  scc_system_mapping_resource.resource_28                                92ms
  scc_system_mapping_resource.resource_29                                52ms
  scc_system_mapping_resource.resource_3                                 105ms
  scc_system_mapping_resource.resource_30                                53ms
  scc_system_mapping_resource.resource_31                                55ms
  scc_system_mapping_resource.resource_32                                56ms
  scc_system_mapping_resource.resource_33                                58ms
  scc_system_mapping_resource.resource_34                                52ms
  scc_system_mapping_resource.resource_35                                90ms
  scc_system_mapping_resource.resource_36                                55ms
  scc_system_mapping_resource.resource_37                                55ms
  scc_system_mapping_resource.resource_38                                55ms
  scc_system_mapping_resource.resource_39                                58ms
  scc_system_mapping_resource.resource_4                                 103ms
  scc_system_mapping_resource.resource_40                                55ms
  scc_system_mapping_resource.resource_5                                 72ms
  scc_system_mapping_resource.resource_6                                 54ms
  scc_system_mapping_resource.resource_7                                 53ms
  scc_system_mapping_resource.resource_8                                 57ms
  scc_system_mapping_resource.resource_9                                 76ms
  sci_application.app_1                                                  117ms
  sci_application.app_10                                                 126ms
  sci_application.app_11                                                 126ms
  sci_application.app_12                                                 107ms
  sci_application.app_13                                                 118ms
  sci_application.app_14                                                 119ms
  sci_application.app_15                                                 114ms
  sci_application.app_16                                                 116ms
  sci_application.app_17                                                 117ms
  sci_application.app_18                                                 106ms
  sci_application.app_19                                                 122ms
  sci_application.app_2                                                  139ms
  sci_application.app_20                                                 114ms
  sci_application.app_3                                                  126ms
  sci_application.app_4                                                  113ms
  sci_application.app_5                                                  126ms
  sci_application.app_6                                                  172ms
  sci_application.app_7                                                  110ms
  sci_application.app_8                                                  108ms
  sci_application.app_9                                                  172ms
  sci_group_base.group_1                                                 86ms
  sci_group_base.group_10                                                93ms
  sci_group_base.group_11                                                96ms
  sci_group_base.group_12                                                87ms
  sci_group_base.group_13                                                200ms
  sci_group_base.group_14                                                94ms
  sci_group_base.group_15                                                90ms
  sci_group_base.group_16                                                98ms
  sci_group_base.group_17                                                173ms
  sci_group_base.group_18                                                88ms
  sci_group_base.group_19                                                97ms
  sci_group_base.group_2                                                 142ms
  sci_group_base.group_20                                                111ms
  sci_group_base.group_21                                                91ms
  sci_group_base.group_22                                                84ms
  sci_group_base.group_23                                                93ms
  sci_group_base.group_24                                                85ms
  sci_group_base.group_25                                                89ms
  sci_group_base.group_26                                                102ms
  sci_group_base.group_27                                                88ms
  sci_group_base.group_28                                                92ms
  sci_group_base.group_29                                                92ms
  sci_group_base.group_3                                                 84ms
  sci_group_base.group_30                                                96ms
  sci_group_base.group_4                                                 133ms
  sci_group_base.group_5                                                 90ms
  sci_group_base.group_6                                                 81ms
  sci_group_base.group_7                                                 95ms
  sci_group_base.group_8                                                 88ms
  sci_group_base.group_9                                                 93ms
  sci_user.user_1                                                        89ms
  sci_user.user_10                                                       84ms
  sci_user.user_11                                                       92ms
  sci_user.user_12                                                       100ms
  sci_user.user_13                                                       143ms
  sci_user.user_14                                                       82ms
  sci_user.user_15                                                       83ms
  sci_user.user_16                                                       82ms
  sci_user.user_17                                                       90ms
  sci_user.user_18                                                       93ms
  sci_user.user_19                                                       90ms
  sci_user.user_2                                                        98ms
  sci_user.user_20                                                       84ms
  sci_user.user_21                                                       82ms
  sci_user.user_22                                                       82ms
  sci_user.user_23                                                       84ms
  sci_user.user_24                                                       90ms
  sci_user.user_25                                                       82ms
  sci_user.user_26                                                       146ms
  sci_user.user_27                                                       91ms
  sci_user.user_28                                                       99ms
  sci_user.user_29                                                       93ms
  sci_user.user_3                                                        99ms
  sci_user.user_30                                                       94ms
  sci_user.user_31                                                       78ms
  sci_user.user_32                                                       95ms
  sci_user.user_33                                                       83ms
  sci_user.user_34                                                       94ms
  sci_user.user_35                                                       89ms
  sci_user.user_36                                                       83ms
  sci_user.user_37                                                       92ms
  sci_user.user_38                                                       78ms
  sci_user.user_39                                                       101ms
  sci_user.user_4                                                        108ms
  sci_user.user_40                                                       86ms
  sci_user.user_41                                                       89ms
  sci_user.user_42                                                       76ms
  sci_user.user_43                                                       93ms
  sci_user.user_44                                                       141ms
  sci_user.user_45                                                       89ms
  sci_user.user_46                                                       110ms
  sci_user.user_47                                                       94ms
  sci_user.user_48                                                       83ms
  sci_user.user_49                                                       83ms
  sci_user.user_5                                                        91ms
  sci_user.user_50                                                       86ms
  sci_user.user_6                                                        78ms
  sci_user.user_7                                                        88ms
  sci_user.user_8                                                        84ms
  sci_user.user_9                                                        94ms


Run 5/10:
  Total run time: 146.553929s
  btp_directory.directory_1                                              1013ms
  btp_directory.directory_10                                             865ms
  btp_directory.directory_2                                              1113ms
  btp_directory.directory_3                                              740ms
  btp_directory.directory_4                                              1163ms
  btp_directory.directory_5                                              1059ms
  btp_directory.directory_6                                              1073ms
  btp_directory.directory_7                                              910ms
  btp_directory.directory_8                                              824ms
  btp_directory.directory_9                                              955ms
  btp_subaccount.subaccount_1                                            490ms
  btp_subaccount.subaccount_10                                           515ms
  btp_subaccount.subaccount_2                                            468ms
  btp_subaccount.subaccount_3                                            554ms
  btp_subaccount.subaccount_4                                            461ms
  btp_subaccount.subaccount_5                                            482ms
  btp_subaccount.subaccount_6                                            477ms
  btp_subaccount.subaccount_7                                            515ms
  btp_subaccount.subaccount_8                                            522ms
  btp_subaccount.subaccount_9                                            497ms
  btp_subaccount_destination_generic.destination_1                       1400ms
  btp_subaccount_destination_generic.destination_10                      1757ms
  btp_subaccount_destination_generic.destination_11                      2569ms
  btp_subaccount_destination_generic.destination_12                      1672ms
  btp_subaccount_destination_generic.destination_13                      1242ms
  btp_subaccount_destination_generic.destination_14                      6442ms
  btp_subaccount_destination_generic.destination_15                      1841ms
  btp_subaccount_destination_generic.destination_16                      1488ms
  btp_subaccount_destination_generic.destination_17                      1279ms
  btp_subaccount_destination_generic.destination_18                      5674ms
  btp_subaccount_destination_generic.destination_19                      2127ms
  btp_subaccount_destination_generic.destination_2                       1178ms
  btp_subaccount_destination_generic.destination_20                      1364ms
  btp_subaccount_destination_generic.destination_3                       6434ms
  btp_subaccount_destination_generic.destination_4                       1101ms
  btp_subaccount_destination_generic.destination_5                       1604ms
  btp_subaccount_destination_generic.destination_6                       1657ms
  btp_subaccount_destination_generic.destination_7                       1311ms
  btp_subaccount_destination_generic.destination_8                       1097ms
  btp_subaccount_destination_generic.destination_9                       1416ms
  btp_subaccount_entitlement.entitlement_1                               18732ms
  btp_subaccount_entitlement.entitlement_10                              16315ms
  btp_subaccount_entitlement.entitlement_11                              17484ms
  btp_subaccount_entitlement.entitlement_12                              17749ms
  btp_subaccount_entitlement.entitlement_13                              13321ms
  btp_subaccount_entitlement.entitlement_14                              13158ms
  btp_subaccount_entitlement.entitlement_15                              12567ms
  btp_subaccount_entitlement.entitlement_16                              12955ms
  btp_subaccount_entitlement.entitlement_17                              16690ms
  btp_subaccount_entitlement.entitlement_18                              22525ms
  btp_subaccount_entitlement.entitlement_19                              20475ms
  btp_subaccount_entitlement.entitlement_2                               17445ms
  btp_subaccount_entitlement.entitlement_20                              22331ms
  btp_subaccount_entitlement.entitlement_21                              20342ms
  btp_subaccount_entitlement.entitlement_22                              14600ms
  btp_subaccount_entitlement.entitlement_23                              20594ms
  btp_subaccount_entitlement.entitlement_24                              21171ms
  btp_subaccount_entitlement.entitlement_25                              23167ms
  btp_subaccount_entitlement.entitlement_26                              23299ms
  btp_subaccount_entitlement.entitlement_27                              23260ms
  btp_subaccount_entitlement.entitlement_28                              23198ms
  btp_subaccount_entitlement.entitlement_29                              25734ms
  btp_subaccount_entitlement.entitlement_3                               18511ms
  btp_subaccount_entitlement.entitlement_30                              19214ms
  btp_subaccount_entitlement.entitlement_31                              14943ms
  btp_subaccount_entitlement.entitlement_32                              18813ms
  btp_subaccount_entitlement.entitlement_33                              24267ms
  btp_subaccount_entitlement.entitlement_34                              16144ms
  btp_subaccount_entitlement.entitlement_35                              18042ms
  btp_subaccount_entitlement.entitlement_36                              19483ms
  btp_subaccount_entitlement.entitlement_37                              16784ms
  btp_subaccount_entitlement.entitlement_38                              17999ms
  btp_subaccount_entitlement.entitlement_39                              18479ms
  btp_subaccount_entitlement.entitlement_4                               18512ms
  btp_subaccount_entitlement.entitlement_40                              16974ms
  btp_subaccount_entitlement.entitlement_5                               17277ms
  btp_subaccount_entitlement.entitlement_6                               13802ms
  btp_subaccount_entitlement.entitlement_7                               13651ms
  btp_subaccount_entitlement.entitlement_8                               13663ms
  btp_subaccount_entitlement.entitlement_9                               17750ms
  btp_subaccount_environment_instance.cloudfoundry_1                     1509ms
  btp_subaccount_environment_instance.cloudfoundry_10                    2318ms
  btp_subaccount_environment_instance.cloudfoundry_2                     1221ms
  btp_subaccount_environment_instance.cloudfoundry_3                     1507ms
  btp_subaccount_environment_instance.cloudfoundry_4                     1267ms
  btp_subaccount_environment_instance.cloudfoundry_5                     1626ms
  btp_subaccount_environment_instance.cloudfoundry_6                     1733ms
  btp_subaccount_environment_instance.cloudfoundry_7                     1287ms
  btp_subaccount_environment_instance.cloudfoundry_8                     1962ms
  btp_subaccount_environment_instance.cloudfoundry_9                     6386ms
  btp_subaccount_role.role_1                                             1936ms
  btp_subaccount_role.role_10                                            5765ms
  btp_subaccount_role.role_11                                            1766ms
  btp_subaccount_role.role_12                                            2401ms
  btp_subaccount_role.role_13                                            1503ms
  btp_subaccount_role.role_14                                            6302ms
  btp_subaccount_role.role_15                                            1258ms
  btp_subaccount_role.role_16                                            1533ms
  btp_subaccount_role.role_17                                            6531ms
  btp_subaccount_role.role_18                                            2022ms
  btp_subaccount_role.role_19                                            6670ms
  btp_subaccount_role.role_2                                             1488ms
  btp_subaccount_role.role_20                                            1709ms
  btp_subaccount_role.role_3                                             1282ms
  btp_subaccount_role.role_4                                             1121ms
  btp_subaccount_role.role_5                                             1765ms
  btp_subaccount_role.role_6                                             1240ms
  btp_subaccount_role.role_7                                             1417ms
  btp_subaccount_role.role_8                                             1184ms
  btp_subaccount_role.role_9                                             1270ms
  btp_subaccount_role_collection.collection_1                            1244ms
  btp_subaccount_role_collection.collection_10                           1563ms
  btp_subaccount_role_collection.collection_11                           1145ms
  btp_subaccount_role_collection.collection_12                           1524ms
  btp_subaccount_role_collection.collection_13                           6055ms
  btp_subaccount_role_collection.collection_14                           1692ms
  btp_subaccount_role_collection.collection_15                           11796ms
  btp_subaccount_role_collection.collection_16                           1696ms
  btp_subaccount_role_collection.collection_17                           1820ms
  btp_subaccount_role_collection.collection_18                           2250ms
  btp_subaccount_role_collection.collection_19                           2842ms
  btp_subaccount_role_collection.collection_2                            1548ms
  btp_subaccount_role_collection.collection_20                           7248ms
  btp_subaccount_role_collection.collection_21                           5445ms
  btp_subaccount_role_collection.collection_22                           5052ms
  btp_subaccount_role_collection.collection_23                           2074ms
  btp_subaccount_role_collection.collection_24                           6473ms
  btp_subaccount_role_collection.collection_25                           5664ms
  btp_subaccount_role_collection.collection_26                           1328ms
  btp_subaccount_role_collection.collection_27                           1614ms
  btp_subaccount_role_collection.collection_28                           1650ms
  btp_subaccount_role_collection.collection_29                           1872ms
  btp_subaccount_role_collection.collection_3                            844ms
  btp_subaccount_role_collection.collection_30                           1258ms
  btp_subaccount_role_collection.collection_4                            1324ms
  btp_subaccount_role_collection.collection_5                            1131ms
  btp_subaccount_role_collection.collection_6                            1526ms
  btp_subaccount_role_collection.collection_7                            873ms
  btp_subaccount_role_collection.collection_8                            1112ms
  btp_subaccount_role_collection.collection_9                            1718ms
  btp_subaccount_service_instance.instance_1                             13620ms
  btp_subaccount_service_instance.instance_10                            12080ms
  btp_subaccount_service_instance.instance_11                            9293ms
  btp_subaccount_service_instance.instance_12                            9704ms
  btp_subaccount_service_instance.instance_13                            12314ms
  btp_subaccount_service_instance.instance_14                            18831ms
  btp_subaccount_service_instance.instance_15                            13865ms
  btp_subaccount_service_instance.instance_16                            10173ms
  btp_subaccount_service_instance.instance_17                            9239ms
  btp_subaccount_service_instance.instance_18                            3905ms
  btp_subaccount_service_instance.instance_19                            10823ms
  btp_subaccount_service_instance.instance_2                             8378ms
  btp_subaccount_service_instance.instance_20                            9661ms
  btp_subaccount_service_instance.instance_3                             3256ms
  btp_subaccount_service_instance.instance_4                             9106ms
  btp_subaccount_service_instance.instance_5                             10147ms
  btp_subaccount_service_instance.instance_6                             10017ms
  btp_subaccount_service_instance.instance_7                             2959ms
  btp_subaccount_service_instance.instance_8                             3980ms
  btp_subaccount_service_instance.instance_9                             15774ms
  btp_subaccount_subscription.subscription_1                             3505ms
  btp_subaccount_subscription.subscription_10                            2197ms
  btp_subaccount_subscription.subscription_11                            2376ms
  btp_subaccount_subscription.subscription_12                            2854ms
  btp_subaccount_subscription.subscription_13                            13511ms
  btp_subaccount_subscription.subscription_14                            14596ms
  btp_subaccount_subscription.subscription_15                            8163ms
  btp_subaccount_subscription.subscription_16                            4290ms
  btp_subaccount_subscription.subscription_17                            7943ms
  btp_subaccount_subscription.subscription_18                            7976ms
  btp_subaccount_subscription.subscription_19                            10862ms
  btp_subaccount_subscription.subscription_2                             7800ms
  btp_subaccount_subscription.subscription_20                            10995ms
  btp_subaccount_subscription.subscription_21                            7223ms
  btp_subaccount_subscription.subscription_22                            3069ms
  btp_subaccount_subscription.subscription_23                            7329ms
  btp_subaccount_subscription.subscription_24                            8538ms
  btp_subaccount_subscription.subscription_25                            3018ms
  btp_subaccount_subscription.subscription_26                            11844ms
  btp_subaccount_subscription.subscription_27                            2929ms
  btp_subaccount_subscription.subscription_28                            8193ms
  btp_subaccount_subscription.subscription_29                            6822ms
  btp_subaccount_subscription.subscription_3                             7316ms
  btp_subaccount_subscription.subscription_30                            8785ms
  btp_subaccount_subscription.subscription_4                             7967ms
  btp_subaccount_subscription.subscription_5                             7878ms
  btp_subaccount_subscription.subscription_6                             2301ms
  btp_subaccount_subscription.subscription_7                             3296ms
  btp_subaccount_subscription.subscription_8                             3409ms
  btp_subaccount_subscription.subscription_9                             2484ms
  btp_subaccount_trust_configuration.trust_1                             1040ms
  btp_subaccount_trust_configuration.trust_10                            1619ms
  btp_subaccount_trust_configuration.trust_2                             5777ms
  btp_subaccount_trust_configuration.trust_3                             1004ms
  btp_subaccount_trust_configuration.trust_4                             1272ms
  btp_subaccount_trust_configuration.trust_5                             11535ms
  btp_subaccount_trust_configuration.trust_6                             2588ms
  btp_subaccount_trust_configuration.trust_7                             5275ms
  btp_subaccount_trust_configuration.trust_8                             1762ms
  btp_subaccount_trust_configuration.trust_9                             1459ms
  cloudfoundry_service_instance.instance_1                               51ms
  cloudfoundry_service_instance.instance_10                              58ms
  cloudfoundry_service_instance.instance_11                              50ms
  cloudfoundry_service_instance.instance_12                              42ms
  cloudfoundry_service_instance.instance_13                              45ms
  cloudfoundry_service_instance.instance_14                              35ms
  cloudfoundry_service_instance.instance_15                              38ms
  cloudfoundry_service_instance.instance_16                              69ms
  cloudfoundry_service_instance.instance_17                              43ms
  cloudfoundry_service_instance.instance_18                              48ms
  cloudfoundry_service_instance.instance_19                              33ms
  cloudfoundry_service_instance.instance_2                               36ms
  cloudfoundry_service_instance.instance_20                              38ms
  cloudfoundry_service_instance.instance_21                              38ms
  cloudfoundry_service_instance.instance_22                              49ms
  cloudfoundry_service_instance.instance_23                              36ms
  cloudfoundry_service_instance.instance_24                              38ms
  cloudfoundry_service_instance.instance_25                              48ms
  cloudfoundry_service_instance.instance_26                              36ms
  cloudfoundry_service_instance.instance_27                              73ms
  cloudfoundry_service_instance.instance_28                              36ms
  cloudfoundry_service_instance.instance_29                              74ms
  cloudfoundry_service_instance.instance_3                               40ms
  cloudfoundry_service_instance.instance_30                              33ms
  cloudfoundry_service_instance.instance_31                              48ms
  cloudfoundry_service_instance.instance_32                              48ms
  cloudfoundry_service_instance.instance_33                              55ms
  cloudfoundry_service_instance.instance_34                              37ms
  cloudfoundry_service_instance.instance_35                              52ms
  cloudfoundry_service_instance.instance_36                              36ms
  cloudfoundry_service_instance.instance_37                              73ms
  cloudfoundry_service_instance.instance_38                              46ms
  cloudfoundry_service_instance.instance_39                              38ms
  cloudfoundry_service_instance.instance_4                               37ms
  cloudfoundry_service_instance.instance_40                              36ms
  cloudfoundry_service_instance.instance_5                               55ms
  cloudfoundry_service_instance.instance_6                               37ms
  cloudfoundry_service_instance.instance_7                               49ms
  cloudfoundry_service_instance.instance_8                               39ms
  cloudfoundry_service_instance.instance_9                               34ms
  cloudfoundry_space.space_1                                             103ms
  cloudfoundry_space.space_10                                            95ms
  cloudfoundry_space.space_11                                            104ms
  cloudfoundry_space.space_12                                            114ms
  cloudfoundry_space.space_13                                            135ms
  cloudfoundry_space.space_14                                            102ms
  cloudfoundry_space.space_15                                            112ms
  cloudfoundry_space.space_16                                            117ms
  cloudfoundry_space.space_17                                            94ms
  cloudfoundry_space.space_18                                            97ms
  cloudfoundry_space.space_19                                            91ms
  cloudfoundry_space.space_2                                             122ms
  cloudfoundry_space.space_20                                            96ms
  cloudfoundry_space.space_3                                             93ms
  cloudfoundry_space.space_4                                             118ms
  cloudfoundry_space.space_5                                             187ms
  cloudfoundry_space.space_6                                             93ms
  cloudfoundry_space.space_7                                             125ms
  cloudfoundry_space.space_8                                             120ms
  cloudfoundry_space.space_9                                             154ms
  scc_subaccount.subaccount_1                                            561ms
  scc_subaccount.subaccount_10                                           573ms
  scc_subaccount.subaccount_2                                            624ms
  scc_subaccount.subaccount_3                                            646ms
  scc_subaccount.subaccount_4                                            554ms
  scc_subaccount.subaccount_5                                            5638ms
  scc_subaccount.subaccount_6                                            569ms
  scc_subaccount.subaccount_7                                            611ms
  scc_subaccount.subaccount_8                                            492ms
  scc_subaccount.subaccount_9                                            5647ms
  scc_system_mapping.system_1                                            128ms
  scc_system_mapping.system_10                                           57ms
  scc_system_mapping.system_11                                           102ms
  scc_system_mapping.system_12                                           134ms
  scc_system_mapping.system_13                                           56ms
  scc_system_mapping.system_14                                           55ms
  scc_system_mapping.system_15                                           106ms
  scc_system_mapping.system_16                                           111ms
  scc_system_mapping.system_17                                           79ms
  scc_system_mapping.system_18                                           56ms
  scc_system_mapping.system_19                                           55ms
  scc_system_mapping.system_2                                            106ms
  scc_system_mapping.system_20                                           61ms
  scc_system_mapping.system_3                                            105ms
  scc_system_mapping.system_4                                            105ms
  scc_system_mapping.system_5                                            55ms
  scc_system_mapping.system_6                                            98ms
  scc_system_mapping.system_7                                            107ms
  scc_system_mapping.system_8                                            96ms
  scc_system_mapping.system_9                                            72ms
  scc_system_mapping_resource.resource_1                                 89ms
  scc_system_mapping_resource.resource_10                                102ms
  scc_system_mapping_resource.resource_11                                57ms
  scc_system_mapping_resource.resource_12                                70ms
  scc_system_mapping_resource.resource_13                                54ms
  scc_system_mapping_resource.resource_14                                52ms
  scc_system_mapping_resource.resource_15                                61ms
  scc_system_mapping_resource.resource_16                                52ms
  scc_system_mapping_resource.resource_17                                54ms
  scc_system_mapping_resource.resource_18                                53ms
  scc_system_mapping_resource.resource_19                                58ms
  scc_system_mapping_resource.resource_2                                 63ms
  scc_system_mapping_resource.resource_20                                58ms
  scc_system_mapping_resource.resource_21                                52ms
  scc_system_mapping_resource.resource_22                                64ms
  scc_system_mapping_resource.resource_23                                112ms
  scc_system_mapping_resource.resource_24                                60ms
  scc_system_mapping_resource.resource_25                                53ms
  scc_system_mapping_resource.resource_26                                93ms
  scc_system_mapping_resource.resource_27                                52ms
  scc_system_mapping_resource.resource_28                                83ms
  scc_system_mapping_resource.resource_29                                62ms
  scc_system_mapping_resource.resource_3                                 74ms
  scc_system_mapping_resource.resource_30                                57ms
  scc_system_mapping_resource.resource_31                                84ms
  scc_system_mapping_resource.resource_32                                100ms
  scc_system_mapping_resource.resource_33                                61ms
  scc_system_mapping_resource.resource_34                                77ms
  scc_system_mapping_resource.resource_35                                54ms
  scc_system_mapping_resource.resource_36                                54ms
  scc_system_mapping_resource.resource_37                                53ms
  scc_system_mapping_resource.resource_38                                52ms
  scc_system_mapping_resource.resource_39                                55ms
  scc_system_mapping_resource.resource_4                                 103ms
  scc_system_mapping_resource.resource_40                                58ms
  scc_system_mapping_resource.resource_5                                 59ms
  scc_system_mapping_resource.resource_6                                 55ms
  scc_system_mapping_resource.resource_7                                 53ms
  scc_system_mapping_resource.resource_8                                 54ms
  scc_system_mapping_resource.resource_9                                 54ms
  sci_application.app_1                                                  137ms
  sci_application.app_10                                                 118ms
  sci_application.app_11                                                 140ms
  sci_application.app_12                                                 137ms
  sci_application.app_13                                                 139ms
  sci_application.app_14                                                 123ms
  sci_application.app_15                                                 132ms
  sci_application.app_16                                                 140ms
  sci_application.app_17                                                 134ms
  sci_application.app_18                                                 128ms
  sci_application.app_19                                                 116ms
  sci_application.app_2                                                  131ms
  sci_application.app_20                                                 120ms
  sci_application.app_3                                                  111ms
  sci_application.app_4                                                  131ms
  sci_application.app_5                                                  205ms
  sci_application.app_6                                                  124ms
  sci_application.app_7                                                  220ms
  sci_application.app_8                                                  156ms
  sci_application.app_9                                                  134ms
  sci_group_base.group_1                                                 97ms
  sci_group_base.group_10                                                97ms
  sci_group_base.group_11                                                103ms
  sci_group_base.group_12                                                94ms
  sci_group_base.group_13                                                84ms
  sci_group_base.group_14                                                86ms
  sci_group_base.group_15                                                104ms
  sci_group_base.group_16                                                119ms
  sci_group_base.group_17                                                93ms
  sci_group_base.group_18                                                99ms
  sci_group_base.group_19                                                95ms
  sci_group_base.group_2                                                 94ms
  sci_group_base.group_20                                                90ms
  sci_group_base.group_21                                                129ms
  sci_group_base.group_22                                                107ms
  sci_group_base.group_23                                                102ms
  sci_group_base.group_24                                                94ms
  sci_group_base.group_25                                                153ms
  sci_group_base.group_26                                                87ms
  sci_group_base.group_27                                                90ms
  sci_group_base.group_28                                                84ms
  sci_group_base.group_29                                                91ms
  sci_group_base.group_3                                                 91ms
  sci_group_base.group_30                                                84ms
  sci_group_base.group_4                                                 97ms
  sci_group_base.group_5                                                 86ms
  sci_group_base.group_6                                                 178ms
  sci_group_base.group_7                                                 93ms
  sci_group_base.group_8                                                 95ms
  sci_group_base.group_9                                                 87ms
  sci_user.user_1                                                        85ms
  sci_user.user_10                                                       93ms
  sci_user.user_11                                                       80ms
  sci_user.user_12                                                       221ms
  sci_user.user_13                                                       110ms
  sci_user.user_14                                                       96ms
  sci_user.user_15                                                       99ms
  sci_user.user_16                                                       83ms
  sci_user.user_17                                                       89ms
  sci_user.user_18                                                       94ms
  sci_user.user_19                                                       84ms
  sci_user.user_2                                                        88ms
  sci_user.user_20                                                       80ms
  sci_user.user_21                                                       87ms
  sci_user.user_22                                                       92ms
  sci_user.user_23                                                       96ms
  sci_user.user_24                                                       87ms
  sci_user.user_25                                                       110ms
  sci_user.user_26                                                       79ms
  sci_user.user_27                                                       201ms
  sci_user.user_28                                                       73ms
  sci_user.user_29                                                       93ms
  sci_user.user_3                                                        84ms
  sci_user.user_30                                                       99ms
  sci_user.user_31                                                       97ms
  sci_user.user_32                                                       86ms
  sci_user.user_33                                                       94ms
  sci_user.user_34                                                       90ms
  sci_user.user_35                                                       99ms
  sci_user.user_36                                                       99ms
  sci_user.user_37                                                       91ms
  sci_user.user_38                                                       161ms
  sci_user.user_39                                                       96ms
  sci_user.user_4                                                        80ms
  sci_user.user_40                                                       93ms
  sci_user.user_41                                                       90ms
  sci_user.user_42                                                       91ms
  sci_user.user_43                                                       89ms
  sci_user.user_44                                                       81ms
  sci_user.user_45                                                       88ms
  sci_user.user_46                                                       97ms
  sci_user.user_47                                                       87ms
  sci_user.user_48                                                       75ms
  sci_user.user_49                                                       102ms
  sci_user.user_5                                                        91ms
  sci_user.user_50                                                       103ms
  sci_user.user_6                                                        99ms
  sci_user.user_7                                                        181ms
  sci_user.user_8                                                        92ms
  sci_user.user_9                                                        89ms


Run 6/10:
  Total run time: 111.826929s
  btp_directory.directory_1                                              1000ms
  btp_directory.directory_10                                             810ms
  btp_directory.directory_2                                              1087ms
  btp_directory.directory_3                                              766ms
  btp_directory.directory_4                                              1041ms
  btp_directory.directory_5                                              1133ms
  btp_directory.directory_6                                              911ms
  btp_directory.directory_7                                              968ms
  btp_directory.directory_8                                              865ms
  btp_directory.directory_9                                              947ms
  btp_subaccount.subaccount_1                                            474ms
  btp_subaccount.subaccount_10                                           490ms
  btp_subaccount.subaccount_2                                            460ms
  btp_subaccount.subaccount_3                                            488ms
  btp_subaccount.subaccount_4                                            464ms
  btp_subaccount.subaccount_5                                            460ms
  btp_subaccount.subaccount_6                                            477ms
  btp_subaccount.subaccount_7                                            473ms
  btp_subaccount.subaccount_8                                            483ms
  btp_subaccount.subaccount_9                                            475ms
  btp_subaccount_destination_generic.destination_1                       1479ms
  btp_subaccount_destination_generic.destination_10                      5072ms
  btp_subaccount_destination_generic.destination_11                      1465ms
  btp_subaccount_destination_generic.destination_12                      889ms
  btp_subaccount_destination_generic.destination_13                      6768ms
  btp_subaccount_destination_generic.destination_14                      1704ms
  btp_subaccount_destination_generic.destination_15                      1004ms
  btp_subaccount_destination_generic.destination_16                      569ms
  btp_subaccount_destination_generic.destination_17                      409ms
  btp_subaccount_destination_generic.destination_18                      973ms
  btp_subaccount_destination_generic.destination_19                      1359ms
  btp_subaccount_destination_generic.destination_2                       951ms
  btp_subaccount_destination_generic.destination_20                      5668ms
  btp_subaccount_destination_generic.destination_3                       1438ms
  btp_subaccount_destination_generic.destination_4                       657ms
  btp_subaccount_destination_generic.destination_5                       6374ms
  btp_subaccount_destination_generic.destination_6                       565ms
  btp_subaccount_destination_generic.destination_7                       377ms
  btp_subaccount_destination_generic.destination_8                       461ms
  btp_subaccount_destination_generic.destination_9                       1248ms
  btp_subaccount_entitlement.entitlement_1                               13662ms
  btp_subaccount_entitlement.entitlement_10                              17847ms
  btp_subaccount_entitlement.entitlement_11                              23329ms
  btp_subaccount_entitlement.entitlement_12                              22744ms
  btp_subaccount_entitlement.entitlement_13                              12480ms
  btp_subaccount_entitlement.entitlement_14                              11442ms
  btp_subaccount_entitlement.entitlement_15                              11952ms
  btp_subaccount_entitlement.entitlement_16                              12278ms
  btp_subaccount_entitlement.entitlement_17                              15593ms
  btp_subaccount_entitlement.entitlement_18                              13632ms
  btp_subaccount_entitlement.entitlement_19                              16651ms
  btp_subaccount_entitlement.entitlement_2                               12824ms
  btp_subaccount_entitlement.entitlement_20                              13800ms
  btp_subaccount_entitlement.entitlement_21                              12948ms
  btp_subaccount_entitlement.entitlement_22                              13639ms
  btp_subaccount_entitlement.entitlement_23                              16729ms
  btp_subaccount_entitlement.entitlement_24                              22173ms
  btp_subaccount_entitlement.entitlement_25                              19929ms
  btp_subaccount_entitlement.entitlement_26                              13755ms
  btp_subaccount_entitlement.entitlement_27                              14542ms
  btp_subaccount_entitlement.entitlement_28                              13765ms
  btp_subaccount_entitlement.entitlement_29                              17603ms
  btp_subaccount_entitlement.entitlement_3                               12351ms
  btp_subaccount_entitlement.entitlement_30                              15651ms
  btp_subaccount_entitlement.entitlement_31                              13497ms
  btp_subaccount_entitlement.entitlement_32                              17609ms
  btp_subaccount_entitlement.entitlement_33                              13555ms
  btp_subaccount_entitlement.entitlement_34                              17513ms
  btp_subaccount_entitlement.entitlement_35                              16756ms
  btp_subaccount_entitlement.entitlement_36                              17910ms
  btp_subaccount_entitlement.entitlement_37                              17693ms
  btp_subaccount_entitlement.entitlement_38                              13440ms
  btp_subaccount_entitlement.entitlement_39                              12701ms
  btp_subaccount_entitlement.entitlement_4                               13493ms
  btp_subaccount_entitlement.entitlement_40                              12941ms
  btp_subaccount_entitlement.entitlement_5                               13885ms
  btp_subaccount_entitlement.entitlement_6                               14246ms
  btp_subaccount_entitlement.entitlement_7                               15191ms
  btp_subaccount_entitlement.entitlement_8                               14296ms
  btp_subaccount_entitlement.entitlement_9                               18959ms
  btp_subaccount_environment_instance.cloudfoundry_1                     644ms
  btp_subaccount_environment_instance.cloudfoundry_10                    1052ms
  btp_subaccount_environment_instance.cloudfoundry_2                     1428ms
  btp_subaccount_environment_instance.cloudfoundry_3                     1245ms
  btp_subaccount_environment_instance.cloudfoundry_4                     726ms
  btp_subaccount_environment_instance.cloudfoundry_5                     1355ms
  btp_subaccount_environment_instance.cloudfoundry_6                     1777ms
  btp_subaccount_environment_instance.cloudfoundry_7                     2499ms
  btp_subaccount_environment_instance.cloudfoundry_8                     1249ms
  btp_subaccount_environment_instance.cloudfoundry_9                     1953ms
  btp_subaccount_role.role_1                                             1501ms
  btp_subaccount_role.role_10                                            962ms
  btp_subaccount_role.role_11                                            5931ms
  btp_subaccount_role.role_12                                            1138ms
  btp_subaccount_role.role_13                                            7083ms
  btp_subaccount_role.role_14                                            6731ms
  btp_subaccount_role.role_15                                            815ms
  btp_subaccount_role.role_16                                            917ms
  btp_subaccount_role.role_17                                            540ms
  btp_subaccount_role.role_18                                            6096ms
  btp_subaccount_role.role_19                                            974ms
  btp_subaccount_role.role_2                                             1486ms
  btp_subaccount_role.role_20                                            839ms
  btp_subaccount_role.role_3                                             373ms
  btp_subaccount_role.role_4                                             412ms
  btp_subaccount_role.role_5                                             719ms
  btp_subaccount_role.role_6                                             5940ms
  btp_subaccount_role.role_7                                             223ms
  btp_subaccount_role.role_8                                             442ms
  btp_subaccount_role.role_9                                             664ms
  btp_subaccount_role_collection.collection_1                            1095ms
  btp_subaccount_role_collection.collection_10                           322ms
  btp_subaccount_role_collection.collection_11                           604ms
  btp_subaccount_role_collection.collection_12                           520ms
  btp_subaccount_role_collection.collection_13                           2371ms
  btp_subaccount_role_collection.collection_14                           990ms
  btp_subaccount_role_collection.collection_15                           5371ms
  btp_subaccount_role_collection.collection_16                           1393ms
  btp_subaccount_role_collection.collection_17                           1560ms
  btp_subaccount_role_collection.collection_18                           2132ms
  btp_subaccount_role_collection.collection_19                           2613ms
  btp_subaccount_role_collection.collection_2                            1058ms
  btp_subaccount_role_collection.collection_20                           2298ms
  btp_subaccount_role_collection.collection_21                           1952ms
  btp_subaccount_role_collection.collection_22                           433ms
  btp_subaccount_role_collection.collection_23                           776ms
  btp_subaccount_role_collection.collection_24                           441ms
  btp_subaccount_role_collection.collection_25                           515ms
  btp_subaccount_role_collection.collection_26                           715ms
  btp_subaccount_role_collection.collection_27                           790ms
  btp_subaccount_role_collection.collection_28                           633ms
  btp_subaccount_role_collection.collection_29                           988ms
  btp_subaccount_role_collection.collection_3                            544ms
  btp_subaccount_role_collection.collection_30                           1144ms
  btp_subaccount_role_collection.collection_4                            1036ms
  btp_subaccount_role_collection.collection_5                            529ms
  btp_subaccount_role_collection.collection_6                            732ms
  btp_subaccount_role_collection.collection_7                            1529ms
  btp_subaccount_role_collection.collection_8                            1652ms
  btp_subaccount_role_collection.collection_9                            1639ms
  btp_subaccount_service_instance.instance_1                             3643ms
  btp_subaccount_service_instance.instance_10                            7874ms
  btp_subaccount_service_instance.instance_11                            3414ms
  btp_subaccount_service_instance.instance_12                            9654ms
  btp_subaccount_service_instance.instance_13                            5029ms
  btp_subaccount_service_instance.instance_14                            11349ms
  btp_subaccount_service_instance.instance_15                            2661ms
  btp_subaccount_service_instance.instance_16                            9802ms
  btp_subaccount_service_instance.instance_17                            1031ms
  btp_subaccount_service_instance.instance_18                            8096ms
  btp_subaccount_service_instance.instance_19                            3246ms
  btp_subaccount_service_instance.instance_2                             2044ms
  btp_subaccount_service_instance.instance_20                            3289ms
  btp_subaccount_service_instance.instance_3                             3882ms
  btp_subaccount_service_instance.instance_4                             3625ms
  btp_subaccount_service_instance.instance_5                             8316ms
  btp_subaccount_service_instance.instance_6                             13169ms
  btp_subaccount_service_instance.instance_7                             1599ms
  btp_subaccount_service_instance.instance_8                             1607ms
  btp_subaccount_service_instance.instance_9                             5330ms
  btp_subaccount_subscription.subscription_1                             3543ms
  btp_subaccount_subscription.subscription_10                            1271ms
  btp_subaccount_subscription.subscription_11                            1204ms
  btp_subaccount_subscription.subscription_12                            1225ms
  btp_subaccount_subscription.subscription_13                            2841ms
  btp_subaccount_subscription.subscription_14                            6590ms
  btp_subaccount_subscription.subscription_15                            3743ms
  btp_subaccount_subscription.subscription_16                            3294ms
  btp_subaccount_subscription.subscription_17                            3145ms
  btp_subaccount_subscription.subscription_18                            2920ms
  btp_subaccount_subscription.subscription_19                            4812ms
  btp_subaccount_subscription.subscription_2                             2949ms
  btp_subaccount_subscription.subscription_20                            4351ms
  btp_subaccount_subscription.subscription_21                            9663ms
  btp_subaccount_subscription.subscription_22                            1568ms
  btp_subaccount_subscription.subscription_23                            1784ms
  btp_subaccount_subscription.subscription_24                            1879ms
  btp_subaccount_subscription.subscription_25                            1087ms
  btp_subaccount_subscription.subscription_26                            9676ms
  btp_subaccount_subscription.subscription_27                            6825ms
  btp_subaccount_subscription.subscription_28                            2006ms
  btp_subaccount_subscription.subscription_29                            1710ms
  btp_subaccount_subscription.subscription_3                             3111ms
  btp_subaccount_subscription.subscription_30                            1505ms
  btp_subaccount_subscription.subscription_4                             2786ms
  btp_subaccount_subscription.subscription_5                             2254ms
  btp_subaccount_subscription.subscription_6                             3210ms
  btp_subaccount_subscription.subscription_7                             12105ms
  btp_subaccount_subscription.subscription_8                             12152ms
  btp_subaccount_subscription.subscription_9                             11982ms
  btp_subaccount_trust_configuration.trust_1                             1472ms
  btp_subaccount_trust_configuration.trust_10                            957ms
  btp_subaccount_trust_configuration.trust_2                             796ms
  btp_subaccount_trust_configuration.trust_3                             930ms
  btp_subaccount_trust_configuration.trust_4                             419ms
  btp_subaccount_trust_configuration.trust_5                             1598ms
  btp_subaccount_trust_configuration.trust_6                             1565ms
  btp_subaccount_trust_configuration.trust_7                             2448ms
  btp_subaccount_trust_configuration.trust_8                             673ms
  btp_subaccount_trust_configuration.trust_9                             848ms
  cloudfoundry_service_instance.instance_1                               53ms
  cloudfoundry_service_instance.instance_10                              34ms
  cloudfoundry_service_instance.instance_11                              33ms
  cloudfoundry_service_instance.instance_12                              34ms
  cloudfoundry_service_instance.instance_13                              35ms
  cloudfoundry_service_instance.instance_14                              33ms
  cloudfoundry_service_instance.instance_15                              33ms
  cloudfoundry_service_instance.instance_16                              37ms
  cloudfoundry_service_instance.instance_17                              65ms
  cloudfoundry_service_instance.instance_18                              34ms
  cloudfoundry_service_instance.instance_19                              65ms
  cloudfoundry_service_instance.instance_2                               46ms
  cloudfoundry_service_instance.instance_20                              34ms
  cloudfoundry_service_instance.instance_21                              46ms
  cloudfoundry_service_instance.instance_22                              36ms
  cloudfoundry_service_instance.instance_23                              34ms
  cloudfoundry_service_instance.instance_24                              35ms
  cloudfoundry_service_instance.instance_25                              37ms
  cloudfoundry_service_instance.instance_26                              45ms
  cloudfoundry_service_instance.instance_27                              51ms
  cloudfoundry_service_instance.instance_28                              38ms
  cloudfoundry_service_instance.instance_29                              35ms
  cloudfoundry_service_instance.instance_3                               50ms
  cloudfoundry_service_instance.instance_30                              39ms
  cloudfoundry_service_instance.instance_31                              34ms
  cloudfoundry_service_instance.instance_32                              34ms
  cloudfoundry_service_instance.instance_33                              50ms
  cloudfoundry_service_instance.instance_34                              50ms
  cloudfoundry_service_instance.instance_35                              36ms
  cloudfoundry_service_instance.instance_36                              33ms
  cloudfoundry_service_instance.instance_37                              45ms
  cloudfoundry_service_instance.instance_38                              53ms
  cloudfoundry_service_instance.instance_39                              51ms
  cloudfoundry_service_instance.instance_4                               34ms
  cloudfoundry_service_instance.instance_40                              52ms
  cloudfoundry_service_instance.instance_5                               33ms
  cloudfoundry_service_instance.instance_6                               33ms
  cloudfoundry_service_instance.instance_7                               32ms
  cloudfoundry_service_instance.instance_8                               36ms
  cloudfoundry_service_instance.instance_9                               41ms
  cloudfoundry_space.space_1                                             83ms
  cloudfoundry_space.space_10                                            97ms
  cloudfoundry_space.space_11                                            103ms
  cloudfoundry_space.space_12                                            96ms
  cloudfoundry_space.space_13                                            91ms
  cloudfoundry_space.space_14                                            88ms
  cloudfoundry_space.space_15                                            97ms
  cloudfoundry_space.space_16                                            93ms
  cloudfoundry_space.space_17                                            94ms
  cloudfoundry_space.space_18                                            95ms
  cloudfoundry_space.space_19                                            99ms
  cloudfoundry_space.space_2                                             104ms
  cloudfoundry_space.space_20                                            105ms
  cloudfoundry_space.space_3                                             108ms
  cloudfoundry_space.space_4                                             123ms
  cloudfoundry_space.space_5                                             135ms
  cloudfoundry_space.space_6                                             112ms
  cloudfoundry_space.space_7                                             83ms
  cloudfoundry_space.space_8                                             127ms
  cloudfoundry_space.space_9                                             90ms
  scc_subaccount.subaccount_1                                            471ms
  scc_subaccount.subaccount_10                                           651ms
  scc_subaccount.subaccount_2                                            491ms
  scc_subaccount.subaccount_3                                            719ms
  scc_subaccount.subaccount_4                                            575ms
  scc_subaccount.subaccount_5                                            592ms
  scc_subaccount.subaccount_6                                            608ms
  scc_subaccount.subaccount_7                                            826ms
  scc_subaccount.subaccount_8                                            5558ms
  scc_subaccount.subaccount_9                                            486ms
  scc_system_mapping.system_1                                            108ms
  scc_system_mapping.system_10                                           160ms
  scc_system_mapping.system_11                                           54ms
  scc_system_mapping.system_12                                           106ms
  scc_system_mapping.system_13                                           63ms
  scc_system_mapping.system_14                                           105ms
  scc_system_mapping.system_15                                           55ms
  scc_system_mapping.system_16                                           53ms
  scc_system_mapping.system_17                                           105ms
  scc_system_mapping.system_18                                           151ms
  scc_system_mapping.system_19                                           54ms
  scc_system_mapping.system_2                                            67ms
  scc_system_mapping.system_20                                           96ms
  scc_system_mapping.system_3                                            160ms
  scc_system_mapping.system_4                                            140ms
  scc_system_mapping.system_5                                            54ms
  scc_system_mapping.system_6                                            54ms
  scc_system_mapping.system_7                                            109ms
  scc_system_mapping.system_8                                            122ms
  scc_system_mapping.system_9                                            138ms
  scc_system_mapping_resource.resource_1                                 59ms
  scc_system_mapping_resource.resource_10                                139ms
  scc_system_mapping_resource.resource_11                                143ms
  scc_system_mapping_resource.resource_12                                100ms
  scc_system_mapping_resource.resource_13                                53ms
  scc_system_mapping_resource.resource_14                                61ms
  scc_system_mapping_resource.resource_15                                60ms
  scc_system_mapping_resource.resource_16                                54ms
  scc_system_mapping_resource.resource_17                                62ms
  scc_system_mapping_resource.resource_18                                55ms
  scc_system_mapping_resource.resource_19                                60ms
  scc_system_mapping_resource.resource_2                                 54ms
  scc_system_mapping_resource.resource_20                                57ms
  scc_system_mapping_resource.resource_21                                55ms
  scc_system_mapping_resource.resource_22                                57ms
  scc_system_mapping_resource.resource_23                                56ms
  scc_system_mapping_resource.resource_24                                53ms
  scc_system_mapping_resource.resource_25                                54ms
  scc_system_mapping_resource.resource_26                                56ms
  scc_system_mapping_resource.resource_27                                56ms
  scc_system_mapping_resource.resource_28                                57ms
  scc_system_mapping_resource.resource_29                                56ms
  scc_system_mapping_resource.resource_3                                 88ms
  scc_system_mapping_resource.resource_30                                70ms
  scc_system_mapping_resource.resource_31                                56ms
  scc_system_mapping_resource.resource_32                                58ms
  scc_system_mapping_resource.resource_33                                56ms
  scc_system_mapping_resource.resource_34                                52ms
  scc_system_mapping_resource.resource_35                                54ms
  scc_system_mapping_resource.resource_36                                56ms
  scc_system_mapping_resource.resource_37                                50ms
  scc_system_mapping_resource.resource_38                                59ms
  scc_system_mapping_resource.resource_39                                57ms
  scc_system_mapping_resource.resource_4                                 53ms
  scc_system_mapping_resource.resource_40                                62ms
  scc_system_mapping_resource.resource_5                                 76ms
  scc_system_mapping_resource.resource_6                                 70ms
  scc_system_mapping_resource.resource_7                                 88ms
  scc_system_mapping_resource.resource_8                                 81ms
  scc_system_mapping_resource.resource_9                                 136ms
  sci_application.app_1                                                  134ms
  sci_application.app_10                                                 117ms
  sci_application.app_11                                                 130ms
  sci_application.app_12                                                 127ms
  sci_application.app_13                                                 195ms
  sci_application.app_14                                                 114ms
  sci_application.app_15                                                 103ms
  sci_application.app_16                                                 120ms
  sci_application.app_17                                                 102ms
  sci_application.app_18                                                 120ms
  sci_application.app_19                                                 117ms
  sci_application.app_2                                                  122ms
  sci_application.app_20                                                 121ms
  sci_application.app_3                                                  232ms
  sci_application.app_4                                                  116ms
  sci_application.app_5                                                  121ms
  sci_application.app_6                                                  115ms
  sci_application.app_7                                                  196ms
  sci_application.app_8                                                  149ms
  sci_application.app_9                                                  113ms
  sci_group_base.group_1                                                 97ms
  sci_group_base.group_10                                                89ms
  sci_group_base.group_11                                                92ms
  sci_group_base.group_12                                                93ms
  sci_group_base.group_13                                                82ms
  sci_group_base.group_14                                                91ms
  sci_group_base.group_15                                                97ms
  sci_group_base.group_16                                                85ms
  sci_group_base.group_17                                                91ms
  sci_group_base.group_18                                                86ms
  sci_group_base.group_19                                                89ms
  sci_group_base.group_2                                                 94ms
  sci_group_base.group_20                                                92ms
  sci_group_base.group_21                                                92ms
  sci_group_base.group_22                                                105ms
  sci_group_base.group_23                                                87ms
  sci_group_base.group_24                                                118ms
  sci_group_base.group_25                                                89ms
  sci_group_base.group_26                                                92ms
  sci_group_base.group_27                                                89ms
  sci_group_base.group_28                                                89ms
  sci_group_base.group_29                                                87ms
  sci_group_base.group_3                                                 87ms
  sci_group_base.group_30                                                89ms
  sci_group_base.group_4                                                 88ms
  sci_group_base.group_5                                                 96ms
  sci_group_base.group_6                                                 98ms
  sci_group_base.group_7                                                 95ms
  sci_group_base.group_8                                                 85ms
  sci_group_base.group_9                                                 97ms
  sci_user.user_1                                                        87ms
  sci_user.user_10                                                       119ms
  sci_user.user_11                                                       88ms
  sci_user.user_12                                                       93ms
  sci_user.user_13                                                       79ms
  sci_user.user_14                                                       85ms
  sci_user.user_15                                                       85ms
  sci_user.user_16                                                       87ms
  sci_user.user_17                                                       85ms
  sci_user.user_18                                                       88ms
  sci_user.user_19                                                       87ms
  sci_user.user_2                                                        79ms
  sci_user.user_20                                                       82ms
  sci_user.user_21                                                       83ms
  sci_user.user_22                                                       82ms
  sci_user.user_23                                                       104ms
  sci_user.user_24                                                       76ms
  sci_user.user_25                                                       82ms
  sci_user.user_26                                                       111ms
  sci_user.user_27                                                       94ms
  sci_user.user_28                                                       92ms
  sci_user.user_29                                                       89ms
  sci_user.user_3                                                        91ms
  sci_user.user_30                                                       96ms
  sci_user.user_31                                                       88ms
  sci_user.user_32                                                       87ms
  sci_user.user_33                                                       86ms
  sci_user.user_34                                                       85ms
  sci_user.user_35                                                       83ms
  sci_user.user_36                                                       201ms
  sci_user.user_37                                                       80ms
  sci_user.user_38                                                       94ms
  sci_user.user_39                                                       84ms
  sci_user.user_4                                                        89ms
  sci_user.user_40                                                       84ms
  sci_user.user_41                                                       200ms
  sci_user.user_42                                                       165ms
  sci_user.user_43                                                       78ms
  sci_user.user_44                                                       96ms
  sci_user.user_45                                                       92ms
  sci_user.user_46                                                       90ms
  sci_user.user_47                                                       87ms
  sci_user.user_48                                                       85ms
  sci_user.user_49                                                       95ms
  sci_user.user_5                                                        168ms
  sci_user.user_50                                                       90ms
  sci_user.user_6                                                        128ms
  sci_user.user_7                                                        87ms
  sci_user.user_8                                                        90ms
  sci_user.user_9                                                        94ms


Run 7/10:
  Total run time: 122.095189s
  btp_directory.directory_1                                              859ms
  btp_directory.directory_10                                             1135ms
  btp_directory.directory_2                                              1210ms
  btp_directory.directory_3                                              986ms
  btp_directory.directory_4                                              1194ms
  btp_directory.directory_5                                              808ms
  btp_directory.directory_6                                              1091ms
  btp_directory.directory_7                                              1034ms
  btp_directory.directory_8                                              945ms
  btp_directory.directory_9                                              889ms
  btp_subaccount.subaccount_1                                            533ms
  btp_subaccount.subaccount_10                                           491ms
  btp_subaccount.subaccount_2                                            457ms
  btp_subaccount.subaccount_3                                            522ms
  btp_subaccount.subaccount_4                                            471ms
  btp_subaccount.subaccount_5                                            530ms
  btp_subaccount.subaccount_6                                            507ms
  btp_subaccount.subaccount_7                                            524ms
  btp_subaccount.subaccount_8                                            525ms
  btp_subaccount.subaccount_9                                            541ms
  btp_subaccount_destination_generic.destination_1                       1858ms
  btp_subaccount_destination_generic.destination_10                      1727ms
  btp_subaccount_destination_generic.destination_11                      7736ms
  btp_subaccount_destination_generic.destination_12                      10902ms
  btp_subaccount_destination_generic.destination_13                      874ms
  btp_subaccount_destination_generic.destination_14                      531ms
  btp_subaccount_destination_generic.destination_15                      1600ms
  btp_subaccount_destination_generic.destination_16                      1138ms
  btp_subaccount_destination_generic.destination_17                      1263ms
  btp_subaccount_destination_generic.destination_18                      375ms
  btp_subaccount_destination_generic.destination_19                      1672ms
  btp_subaccount_destination_generic.destination_2                       1291ms
  btp_subaccount_destination_generic.destination_20                      1472ms
  btp_subaccount_destination_generic.destination_3                       803ms
  btp_subaccount_destination_generic.destination_4                       547ms
  btp_subaccount_destination_generic.destination_5                       759ms
  btp_subaccount_destination_generic.destination_6                       904ms
  btp_subaccount_destination_generic.destination_7                       512ms
  btp_subaccount_destination_generic.destination_8                       553ms
  btp_subaccount_destination_generic.destination_9                       1870ms
  btp_subaccount_entitlement.entitlement_1                               13201ms
  btp_subaccount_entitlement.entitlement_10                              12210ms
  btp_subaccount_entitlement.entitlement_11                              12639ms
  btp_subaccount_entitlement.entitlement_12                              13055ms
  btp_subaccount_entitlement.entitlement_13                              19923ms
  btp_subaccount_entitlement.entitlement_14                              20807ms
  btp_subaccount_entitlement.entitlement_15                              17214ms
  btp_subaccount_entitlement.entitlement_16                              16475ms
  btp_subaccount_entitlement.entitlement_17                              19795ms
  btp_subaccount_entitlement.entitlement_18                              23369ms
  btp_subaccount_entitlement.entitlement_19                              14122ms
  btp_subaccount_entitlement.entitlement_2                               15801ms
  btp_subaccount_entitlement.entitlement_20                              23470ms
  btp_subaccount_entitlement.entitlement_21                              29906ms
  btp_subaccount_entitlement.entitlement_22                              20265ms
  btp_subaccount_entitlement.entitlement_23                              22220ms
  btp_subaccount_entitlement.entitlement_24                              21742ms
  btp_subaccount_entitlement.entitlement_25                              24634ms
  btp_subaccount_entitlement.entitlement_26                              28215ms
  btp_subaccount_entitlement.entitlement_27                              27192ms
  btp_subaccount_entitlement.entitlement_28                              28164ms
  btp_subaccount_entitlement.entitlement_29                              13603ms
  btp_subaccount_entitlement.entitlement_3                               15835ms
  btp_subaccount_entitlement.entitlement_30                              13088ms
  btp_subaccount_entitlement.entitlement_31                              14036ms
  btp_subaccount_entitlement.entitlement_32                              13666ms
  btp_subaccount_entitlement.entitlement_33                              13410ms
  btp_subaccount_entitlement.entitlement_34                              13319ms
  btp_subaccount_entitlement.entitlement_35                              12309ms
  btp_subaccount_entitlement.entitlement_36                              13264ms
  btp_subaccount_entitlement.entitlement_37                              14252ms
  btp_subaccount_entitlement.entitlement_38                              13814ms
  btp_subaccount_entitlement.entitlement_39                              18883ms
  btp_subaccount_entitlement.entitlement_4                               13563ms
  btp_subaccount_entitlement.entitlement_40                              21594ms
  btp_subaccount_entitlement.entitlement_5                               21637ms
  btp_subaccount_entitlement.entitlement_6                               18001ms
  btp_subaccount_entitlement.entitlement_7                               21706ms
  btp_subaccount_entitlement.entitlement_8                               18712ms
  btp_subaccount_entitlement.entitlement_9                               13082ms
  btp_subaccount_environment_instance.cloudfoundry_1                     1191ms
  btp_subaccount_environment_instance.cloudfoundry_10                    1863ms
  btp_subaccount_environment_instance.cloudfoundry_2                     568ms
  btp_subaccount_environment_instance.cloudfoundry_3                     647ms
  btp_subaccount_environment_instance.cloudfoundry_4                     817ms
  btp_subaccount_environment_instance.cloudfoundry_5                     1402ms
  btp_subaccount_environment_instance.cloudfoundry_6                     2318ms
  btp_subaccount_environment_instance.cloudfoundry_7                     1078ms
  btp_subaccount_environment_instance.cloudfoundry_8                     1581ms
  btp_subaccount_environment_instance.cloudfoundry_9                     1229ms
  btp_subaccount_role.role_1                                             938ms
  btp_subaccount_role.role_10                                            1961ms
  btp_subaccount_role.role_11                                            914ms
  btp_subaccount_role.role_12                                            1182ms
  btp_subaccount_role.role_13                                            1256ms
  btp_subaccount_role.role_14                                            542ms
  btp_subaccount_role.role_15                                            1374ms
  btp_subaccount_role.role_16                                            1107ms
  btp_subaccount_role.role_17                                            954ms
  btp_subaccount_role.role_18                                            366ms
  btp_subaccount_role.role_19                                            1875ms
  btp_subaccount_role.role_2                                             1613ms
  btp_subaccount_role.role_20                                            1775ms
  btp_subaccount_role.role_3                                             520ms
  btp_subaccount_role.role_4                                             10039ms
  btp_subaccount_role.role_5                                             511ms
  btp_subaccount_role.role_6                                             969ms
  btp_subaccount_role.role_7                                             557ms
  btp_subaccount_role.role_8                                             522ms
  btp_subaccount_role.role_9                                             861ms
  btp_subaccount_role_collection.collection_1                            1125ms
  btp_subaccount_role_collection.collection_10                           851ms
  btp_subaccount_role_collection.collection_11                           1036ms
  btp_subaccount_role_collection.collection_12                           981ms
  btp_subaccount_role_collection.collection_13                           983ms
  btp_subaccount_role_collection.collection_14                           7178ms
  btp_subaccount_role_collection.collection_15                           6844ms
  btp_subaccount_role_collection.collection_16                           1271ms
  btp_subaccount_role_collection.collection_17                           1060ms
  btp_subaccount_role_collection.collection_18                           1340ms
  btp_subaccount_role_collection.collection_19                           608ms
  btp_subaccount_role_collection.collection_2                            1591ms
  btp_subaccount_role_collection.collection_20                           857ms
  btp_subaccount_role_collection.collection_21                           658ms
  btp_subaccount_role_collection.collection_22                           1515ms
  btp_subaccount_role_collection.collection_23                           1717ms
  btp_subaccount_role_collection.collection_24                           1471ms
  btp_subaccount_role_collection.collection_25                           481ms
  btp_subaccount_role_collection.collection_26                           386ms
  btp_subaccount_role_collection.collection_27                           4895ms
  btp_subaccount_role_collection.collection_28                           1511ms
  btp_subaccount_role_collection.collection_29                           2173ms
  btp_subaccount_role_collection.collection_3                            1707ms
  btp_subaccount_role_collection.collection_30                           2059ms
  btp_subaccount_role_collection.collection_4                            573ms
  btp_subaccount_role_collection.collection_5                            5845ms
  btp_subaccount_role_collection.collection_6                            7010ms
  btp_subaccount_role_collection.collection_7                            1127ms
  btp_subaccount_role_collection.collection_8                            386ms
  btp_subaccount_role_collection.collection_9                            426ms
  btp_subaccount_service_instance.instance_1                             4201ms
  btp_subaccount_service_instance.instance_10                            9947ms
  btp_subaccount_service_instance.instance_11                            19532ms
  btp_subaccount_service_instance.instance_12                            13861ms
  btp_subaccount_service_instance.instance_13                            2511ms
  btp_subaccount_service_instance.instance_14                            2482ms
  btp_subaccount_service_instance.instance_15                            4516ms
  btp_subaccount_service_instance.instance_16                            3402ms
  btp_subaccount_service_instance.instance_17                            4116ms
  btp_subaccount_service_instance.instance_18                            1806ms
  btp_subaccount_service_instance.instance_19                            4945ms
  btp_subaccount_service_instance.instance_2                             4032ms
  btp_subaccount_service_instance.instance_20                            5507ms
  btp_subaccount_service_instance.instance_3                             16597ms
  btp_subaccount_service_instance.instance_4                             7580ms
  btp_subaccount_service_instance.instance_5                             3357ms
  btp_subaccount_service_instance.instance_6                             2467ms
  btp_subaccount_service_instance.instance_7                             1916ms
  btp_subaccount_service_instance.instance_8                             3321ms
  btp_subaccount_service_instance.instance_9                             10652ms
  btp_subaccount_subscription.subscription_1                             3023ms
  btp_subaccount_subscription.subscription_10                            1905ms
  btp_subaccount_subscription.subscription_11                            1530ms
  btp_subaccount_subscription.subscription_12                            1659ms
  btp_subaccount_subscription.subscription_13                            9176ms
  btp_subaccount_subscription.subscription_14                            2777ms
  btp_subaccount_subscription.subscription_15                            8827ms
  btp_subaccount_subscription.subscription_16                            2919ms
  btp_subaccount_subscription.subscription_17                            2855ms
  btp_subaccount_subscription.subscription_18                            2764ms
  btp_subaccount_subscription.subscription_19                            2045ms
  btp_subaccount_subscription.subscription_2                             2535ms
  btp_subaccount_subscription.subscription_20                            2041ms
  btp_subaccount_subscription.subscription_21                            1238ms
  btp_subaccount_subscription.subscription_22                            2966ms
  btp_subaccount_subscription.subscription_23                            3076ms
  btp_subaccount_subscription.subscription_24                            3008ms
  btp_subaccount_subscription.subscription_25                            2271ms
  btp_subaccount_subscription.subscription_26                            1091ms
  btp_subaccount_subscription.subscription_27                            4696ms
  btp_subaccount_subscription.subscription_28                            3100ms
  btp_subaccount_subscription.subscription_29                            3137ms
  btp_subaccount_subscription.subscription_3                             2390ms
  btp_subaccount_subscription.subscription_30                            3074ms
  btp_subaccount_subscription.subscription_4                             1589ms
  btp_subaccount_subscription.subscription_5                             7790ms
  btp_subaccount_subscription.subscription_6                             8062ms
  btp_subaccount_subscription.subscription_7                             2253ms
  btp_subaccount_subscription.subscription_8                             1890ms
  btp_subaccount_subscription.subscription_9                             2229ms
  btp_subaccount_trust_configuration.trust_1                             1107ms
  btp_subaccount_trust_configuration.trust_10                            1681ms
  btp_subaccount_trust_configuration.trust_2                             470ms
  btp_subaccount_trust_configuration.trust_3                             793ms
  btp_subaccount_trust_configuration.trust_4                             781ms
  btp_subaccount_trust_configuration.trust_5                             1801ms
  btp_subaccount_trust_configuration.trust_6                             2299ms
  btp_subaccount_trust_configuration.trust_7                             1049ms
  btp_subaccount_trust_configuration.trust_8                             1703ms
  btp_subaccount_trust_configuration.trust_9                             509ms
  cloudfoundry_service_instance.instance_1                               48ms
  cloudfoundry_service_instance.instance_10                              46ms
  cloudfoundry_service_instance.instance_11                              36ms
  cloudfoundry_service_instance.instance_12                              35ms
  cloudfoundry_service_instance.instance_13                              35ms
  cloudfoundry_service_instance.instance_14                              37ms
  cloudfoundry_service_instance.instance_15                              52ms
  cloudfoundry_service_instance.instance_16                              43ms
  cloudfoundry_service_instance.instance_17                              40ms
  cloudfoundry_service_instance.instance_18                              39ms
  cloudfoundry_service_instance.instance_19                              40ms
  cloudfoundry_service_instance.instance_2                               54ms
  cloudfoundry_service_instance.instance_20                              40ms
  cloudfoundry_service_instance.instance_21                              47ms
  cloudfoundry_service_instance.instance_22                              37ms
  cloudfoundry_service_instance.instance_23                              36ms
  cloudfoundry_service_instance.instance_24                              64ms
  cloudfoundry_service_instance.instance_25                              40ms
  cloudfoundry_service_instance.instance_26                              48ms
  cloudfoundry_service_instance.instance_27                              48ms
  cloudfoundry_service_instance.instance_28                              77ms
  cloudfoundry_service_instance.instance_29                              34ms
  cloudfoundry_service_instance.instance_3                               38ms
  cloudfoundry_service_instance.instance_30                              45ms
  cloudfoundry_service_instance.instance_31                              51ms
  cloudfoundry_service_instance.instance_32                              35ms
  cloudfoundry_service_instance.instance_33                              37ms
  cloudfoundry_service_instance.instance_34                              49ms
  cloudfoundry_service_instance.instance_35                              40ms
  cloudfoundry_service_instance.instance_36                              37ms
  cloudfoundry_service_instance.instance_37                              49ms
  cloudfoundry_service_instance.instance_38                              39ms
  cloudfoundry_service_instance.instance_39                              37ms
  cloudfoundry_service_instance.instance_4                               41ms
  cloudfoundry_service_instance.instance_40                              57ms
  cloudfoundry_service_instance.instance_5                               43ms
  cloudfoundry_service_instance.instance_6                               35ms
  cloudfoundry_service_instance.instance_7                               43ms
  cloudfoundry_service_instance.instance_8                               52ms
  cloudfoundry_service_instance.instance_9                               35ms
  cloudfoundry_space.space_1                                             126ms
  cloudfoundry_space.space_10                                            187ms
  cloudfoundry_space.space_11                                            88ms
  cloudfoundry_space.space_12                                            91ms
  cloudfoundry_space.space_13                                            102ms
  cloudfoundry_space.space_14                                            101ms
  cloudfoundry_space.space_15                                            106ms
  cloudfoundry_space.space_16                                            101ms
  cloudfoundry_space.space_17                                            97ms
  cloudfoundry_space.space_18                                            93ms
  cloudfoundry_space.space_19                                            101ms
  cloudfoundry_space.space_2                                             95ms
  cloudfoundry_space.space_20                                            91ms
  cloudfoundry_space.space_3                                             99ms
  cloudfoundry_space.space_4                                             96ms
  cloudfoundry_space.space_5                                             107ms
  cloudfoundry_space.space_6                                             90ms
  cloudfoundry_space.space_7                                             100ms
  cloudfoundry_space.space_8                                             102ms
  cloudfoundry_space.space_9                                             145ms
  scc_subaccount.subaccount_1                                            721ms
  scc_subaccount.subaccount_10                                           835ms
  scc_subaccount.subaccount_2                                            572ms
  scc_subaccount.subaccount_3                                            620ms
  scc_subaccount.subaccount_4                                            682ms
  scc_subaccount.subaccount_5                                            669ms
  scc_subaccount.subaccount_6                                            552ms
  scc_subaccount.subaccount_7                                            512ms
  scc_subaccount.subaccount_8                                            551ms
  scc_subaccount.subaccount_9                                            537ms
  scc_system_mapping.system_1                                            55ms
  scc_system_mapping.system_10                                           56ms
  scc_system_mapping.system_11                                           62ms
  scc_system_mapping.system_12                                           63ms
  scc_system_mapping.system_13                                           67ms
  scc_system_mapping.system_14                                           54ms
  scc_system_mapping.system_15                                           73ms
  scc_system_mapping.system_16                                           52ms
  scc_system_mapping.system_17                                           103ms
  scc_system_mapping.system_18                                           105ms
  scc_system_mapping.system_19                                           101ms
  scc_system_mapping.system_2                                            55ms
  scc_system_mapping.system_20                                           86ms
  scc_system_mapping.system_3                                            55ms
  scc_system_mapping.system_4                                            108ms
  scc_system_mapping.system_5                                            53ms
  scc_system_mapping.system_6                                            54ms
  scc_system_mapping.system_7                                            102ms
  scc_system_mapping.system_8                                            102ms
  scc_system_mapping.system_9                                            58ms
  scc_system_mapping_resource.resource_1                                 52ms
  scc_system_mapping_resource.resource_10                                55ms
  scc_system_mapping_resource.resource_11                                58ms
  scc_system_mapping_resource.resource_12                                56ms
  scc_system_mapping_resource.resource_13                                61ms
  scc_system_mapping_resource.resource_14                                53ms
  scc_system_mapping_resource.resource_15                                51ms
  scc_system_mapping_resource.resource_16                                55ms
  scc_system_mapping_resource.resource_17                                139ms
  scc_system_mapping_resource.resource_18                                192ms
  scc_system_mapping_resource.resource_19                                155ms
  scc_system_mapping_resource.resource_2                                 54ms
  scc_system_mapping_resource.resource_20                                202ms
  scc_system_mapping_resource.resource_21                                52ms
  scc_system_mapping_resource.resource_22                                52ms
  scc_system_mapping_resource.resource_23                                52ms
  scc_system_mapping_resource.resource_24                                53ms
  scc_system_mapping_resource.resource_25                                54ms
  scc_system_mapping_resource.resource_26                                68ms
  scc_system_mapping_resource.resource_27                                60ms
  scc_system_mapping_resource.resource_28                                60ms
  scc_system_mapping_resource.resource_29                                51ms
  scc_system_mapping_resource.resource_3                                 54ms
  scc_system_mapping_resource.resource_30                                58ms
  scc_system_mapping_resource.resource_31                                72ms
  scc_system_mapping_resource.resource_32                                54ms
  scc_system_mapping_resource.resource_33                                54ms
  scc_system_mapping_resource.resource_34                                71ms
  scc_system_mapping_resource.resource_35                                87ms
  scc_system_mapping_resource.resource_36                                87ms
  scc_system_mapping_resource.resource_37                                75ms
  scc_system_mapping_resource.resource_38                                54ms
  scc_system_mapping_resource.resource_39                                53ms
  scc_system_mapping_resource.resource_4                                 60ms
  scc_system_mapping_resource.resource_40                                54ms
  scc_system_mapping_resource.resource_5                                 55ms
  scc_system_mapping_resource.resource_6                                 53ms
  scc_system_mapping_resource.resource_7                                 70ms
  scc_system_mapping_resource.resource_8                                 53ms
  scc_system_mapping_resource.resource_9                                 53ms
  sci_application.app_1                                                  113ms
  sci_application.app_10                                                 125ms
  sci_application.app_11                                                 121ms
  sci_application.app_12                                                 120ms
  sci_application.app_13                                                 112ms
  sci_application.app_14                                                 118ms
  sci_application.app_15                                                 138ms
  sci_application.app_16                                                 136ms
  sci_application.app_17                                                 114ms
  sci_application.app_18                                                 118ms
  sci_application.app_19                                                 116ms
  sci_application.app_2                                                  117ms
  sci_application.app_20                                                 127ms
  sci_application.app_3                                                  109ms
  sci_application.app_4                                                  128ms
  sci_application.app_5                                                  104ms
  sci_application.app_6                                                  115ms
  sci_application.app_7                                                  113ms
  sci_application.app_8                                                  110ms
  sci_application.app_9                                                  110ms
  sci_group_base.group_1                                                 92ms
  sci_group_base.group_10                                                148ms
  sci_group_base.group_11                                                90ms
  sci_group_base.group_12                                                189ms
  sci_group_base.group_13                                                90ms
  sci_group_base.group_14                                                93ms
  sci_group_base.group_15                                                95ms
  sci_group_base.group_16                                                159ms
  sci_group_base.group_17                                                97ms
  sci_group_base.group_18                                                91ms
  sci_group_base.group_19                                                83ms
  sci_group_base.group_2                                                 92ms
  sci_group_base.group_20                                                89ms
  sci_group_base.group_21                                                104ms
  sci_group_base.group_22                                                89ms
  sci_group_base.group_23                                                87ms
  sci_group_base.group_24                                                94ms
  sci_group_base.group_25                                                85ms
  sci_group_base.group_26                                                92ms
  sci_group_base.group_27                                                95ms
  sci_group_base.group_28                                                93ms
  sci_group_base.group_29                                                91ms
  sci_group_base.group_3                                                 99ms
  sci_group_base.group_30                                                94ms
  sci_group_base.group_4                                                 87ms
  sci_group_base.group_5                                                 93ms
  sci_group_base.group_6                                                 95ms
  sci_group_base.group_7                                                 88ms
  sci_group_base.group_8                                                 95ms
  sci_group_base.group_9                                                 94ms
  sci_user.user_1                                                        91ms
  sci_user.user_10                                                       87ms
  sci_user.user_11                                                       80ms
  sci_user.user_12                                                       88ms
  sci_user.user_13                                                       88ms
  sci_user.user_14                                                       83ms
  sci_user.user_15                                                       82ms
  sci_user.user_16                                                       92ms
  sci_user.user_17                                                       86ms
  sci_user.user_18                                                       81ms
  sci_user.user_19                                                       90ms
  sci_user.user_2                                                        87ms
  sci_user.user_20                                                       126ms
  sci_user.user_21                                                       85ms
  sci_user.user_22                                                       89ms
  sci_user.user_23                                                       89ms
  sci_user.user_24                                                       91ms
  sci_user.user_25                                                       87ms
  sci_user.user_26                                                       144ms
  sci_user.user_27                                                       81ms
  sci_user.user_28                                                       82ms
  sci_user.user_29                                                       84ms
  sci_user.user_3                                                        78ms
  sci_user.user_30                                                       87ms
  sci_user.user_31                                                       154ms
  sci_user.user_32                                                       159ms
  sci_user.user_33                                                       126ms
  sci_user.user_34                                                       87ms
  sci_user.user_35                                                       92ms
  sci_user.user_36                                                       95ms
  sci_user.user_37                                                       99ms
  sci_user.user_38                                                       93ms
  sci_user.user_39                                                       88ms
  sci_user.user_4                                                        87ms
  sci_user.user_40                                                       90ms
  sci_user.user_41                                                       79ms
  sci_user.user_42                                                       88ms
  sci_user.user_43                                                       81ms
  sci_user.user_44                                                       92ms
  sci_user.user_45                                                       92ms
  sci_user.user_46                                                       79ms
  sci_user.user_47                                                       99ms
  sci_user.user_48                                                       154ms
  sci_user.user_49                                                       92ms
  sci_user.user_5                                                        81ms
  sci_user.user_50                                                       114ms
  sci_user.user_6                                                        94ms
  sci_user.user_7                                                        88ms
  sci_user.user_8                                                        85ms
  sci_user.user_9                                                        81ms


Run 8/10:
  Total run time: 129.733629s
  btp_directory.directory_1                                              792ms
  btp_directory.directory_10                                             852ms
  btp_directory.directory_2                                              1017ms
  btp_directory.directory_3                                              1110ms
  btp_directory.directory_4                                              892ms
  btp_directory.directory_5                                              1164ms
  btp_directory.directory_6                                              928ms
  btp_directory.directory_7                                              1172ms
  btp_directory.directory_8                                              983ms
  btp_directory.directory_9                                              1070ms
  btp_subaccount.subaccount_1                                            528ms
  btp_subaccount.subaccount_10                                           538ms
  btp_subaccount.subaccount_2                                            524ms
  btp_subaccount.subaccount_3                                            512ms
  btp_subaccount.subaccount_4                                            537ms
  btp_subaccount.subaccount_5                                            510ms
  btp_subaccount.subaccount_6                                            523ms
  btp_subaccount.subaccount_7                                            513ms
  btp_subaccount.subaccount_8                                            525ms
  btp_subaccount.subaccount_9                                            519ms
  btp_subaccount_destination_generic.destination_1                       6028ms
  btp_subaccount_destination_generic.destination_10                      2126ms
  btp_subaccount_destination_generic.destination_11                      1910ms
  btp_subaccount_destination_generic.destination_12                      1319ms
  btp_subaccount_destination_generic.destination_13                      1400ms
  btp_subaccount_destination_generic.destination_14                      1072ms
  btp_subaccount_destination_generic.destination_15                      1156ms
  btp_subaccount_destination_generic.destination_16                      656ms
  btp_subaccount_destination_generic.destination_17                      1413ms
  btp_subaccount_destination_generic.destination_18                      1247ms
  btp_subaccount_destination_generic.destination_19                      1726ms
  btp_subaccount_destination_generic.destination_2                       6271ms
  btp_subaccount_destination_generic.destination_20                      1337ms
  btp_subaccount_destination_generic.destination_3                       7278ms
  btp_subaccount_destination_generic.destination_4                       1275ms
  btp_subaccount_destination_generic.destination_5                       1539ms
  btp_subaccount_destination_generic.destination_6                       1298ms
  btp_subaccount_destination_generic.destination_7                       1433ms
  btp_subaccount_destination_generic.destination_8                       982ms
  btp_subaccount_destination_generic.destination_9                       2027ms
  btp_subaccount_entitlement.entitlement_1                               16055ms
  btp_subaccount_entitlement.entitlement_10                              13663ms
  btp_subaccount_entitlement.entitlement_11                              13140ms
  btp_subaccount_entitlement.entitlement_12                              12898ms
  btp_subaccount_entitlement.entitlement_13                              13732ms
  btp_subaccount_entitlement.entitlement_14                              14875ms
  btp_subaccount_entitlement.entitlement_15                              14256ms
  btp_subaccount_entitlement.entitlement_16                              18340ms
  btp_subaccount_entitlement.entitlement_17                              14841ms
  btp_subaccount_entitlement.entitlement_18                              14821ms
  btp_subaccount_entitlement.entitlement_19                              14896ms
  btp_subaccount_entitlement.entitlement_2                               16109ms
  btp_subaccount_entitlement.entitlement_20                              15083ms
  btp_subaccount_entitlement.entitlement_21                              16823ms
  btp_subaccount_entitlement.entitlement_22                              14772ms
  btp_subaccount_entitlement.entitlement_23                              14801ms
  btp_subaccount_entitlement.entitlement_24                              14182ms
  btp_subaccount_entitlement.entitlement_25                              16116ms
  btp_subaccount_entitlement.entitlement_26                              15604ms
  btp_subaccount_entitlement.entitlement_27                              22930ms
  btp_subaccount_entitlement.entitlement_28                              15882ms
  btp_subaccount_entitlement.entitlement_29                              17666ms
  btp_subaccount_entitlement.entitlement_3                               21044ms
  btp_subaccount_entitlement.entitlement_30                              13976ms
  btp_subaccount_entitlement.entitlement_31                              18137ms
  btp_subaccount_entitlement.entitlement_32                              24055ms
  btp_subaccount_entitlement.entitlement_33                              22601ms
  btp_subaccount_entitlement.entitlement_34                              15538ms
  btp_subaccount_entitlement.entitlement_35                              13715ms
  btp_subaccount_entitlement.entitlement_36                              15687ms
  btp_subaccount_entitlement.entitlement_37                              14967ms
  btp_subaccount_entitlement.entitlement_38                              19868ms
  btp_subaccount_entitlement.entitlement_39                              15116ms
  btp_subaccount_entitlement.entitlement_4                               21246ms
  btp_subaccount_entitlement.entitlement_40                              19830ms
  btp_subaccount_entitlement.entitlement_5                               28769ms
  btp_subaccount_entitlement.entitlement_6                               20276ms
  btp_subaccount_entitlement.entitlement_7                               23250ms
  btp_subaccount_entitlement.entitlement_8                               17441ms
  btp_subaccount_entitlement.entitlement_9                               15677ms
  btp_subaccount_environment_instance.cloudfoundry_1                     1827ms
  btp_subaccount_environment_instance.cloudfoundry_10                    2243ms
  btp_subaccount_environment_instance.cloudfoundry_2                     1503ms
  btp_subaccount_environment_instance.cloudfoundry_3                     1600ms
  btp_subaccount_environment_instance.cloudfoundry_4                     1134ms
  btp_subaccount_environment_instance.cloudfoundry_5                     2008ms
  btp_subaccount_environment_instance.cloudfoundry_6                     2204ms
  btp_subaccount_environment_instance.cloudfoundry_7                     1375ms
  btp_subaccount_environment_instance.cloudfoundry_8                     1494ms
  btp_subaccount_environment_instance.cloudfoundry_9                     970ms
  btp_subaccount_role.role_1                                             6429ms
  btp_subaccount_role.role_10                                            2066ms
  btp_subaccount_role.role_11                                            1572ms
  btp_subaccount_role.role_12                                            1847ms
  btp_subaccount_role.role_13                                            5848ms
  btp_subaccount_role.role_14                                            1771ms
  btp_subaccount_role.role_15                                            1601ms
  btp_subaccount_role.role_16                                            1062ms
  btp_subaccount_role.role_17                                            1441ms
  btp_subaccount_role.role_18                                            1520ms
  btp_subaccount_role.role_19                                            2217ms
  btp_subaccount_role.role_2                                             5866ms
  btp_subaccount_role.role_20                                            2420ms
  btp_subaccount_role.role_3                                             6483ms
  btp_subaccount_role.role_4                                             7288ms
  btp_subaccount_role.role_5                                             745ms
  btp_subaccount_role.role_6                                             249ms
  btp_subaccount_role.role_7                                             676ms
  btp_subaccount_role.role_8                                             920ms
  btp_subaccount_role.role_9                                             2231ms
  btp_subaccount_role_collection.collection_1                            6159ms
  btp_subaccount_role_collection.collection_10                           1117ms
  btp_subaccount_role_collection.collection_11                           1263ms
  btp_subaccount_role_collection.collection_12                           1250ms
  btp_subaccount_role_collection.collection_13                           1344ms
  btp_subaccount_role_collection.collection_14                           2098ms
  btp_subaccount_role_collection.collection_15                           1985ms
  btp_subaccount_role_collection.collection_16                           1684ms
  btp_subaccount_role_collection.collection_17                           1423ms
  btp_subaccount_role_collection.collection_18                           1731ms
  btp_subaccount_role_collection.collection_19                           999ms
  btp_subaccount_role_collection.collection_2                            1984ms
  btp_subaccount_role_collection.collection_20                           1429ms
  btp_subaccount_role_collection.collection_21                           1182ms
  btp_subaccount_role_collection.collection_22                           1179ms
  btp_subaccount_role_collection.collection_23                           1216ms
  btp_subaccount_role_collection.collection_24                           1144ms
  btp_subaccount_role_collection.collection_25                           1306ms
  btp_subaccount_role_collection.collection_26                           6555ms
  btp_subaccount_role_collection.collection_27                           1287ms
  btp_subaccount_role_collection.collection_28                           1710ms
  btp_subaccount_role_collection.collection_29                           6681ms
  btp_subaccount_role_collection.collection_3                            1433ms
  btp_subaccount_role_collection.collection_30                           1587ms
  btp_subaccount_role_collection.collection_4                            6366ms
  btp_subaccount_role_collection.collection_5                            6547ms
  btp_subaccount_role_collection.collection_6                            4114ms
  btp_subaccount_role_collection.collection_7                            1225ms
  btp_subaccount_role_collection.collection_8                            255ms
  btp_subaccount_role_collection.collection_9                            1108ms
  btp_subaccount_service_instance.instance_1                             5325ms
  btp_subaccount_service_instance.instance_10                            4961ms
  btp_subaccount_service_instance.instance_11                            5136ms
  btp_subaccount_service_instance.instance_12                            4904ms
  btp_subaccount_service_instance.instance_13                            3918ms
  btp_subaccount_service_instance.instance_14                            3968ms
  btp_subaccount_service_instance.instance_15                            6998ms
  btp_subaccount_service_instance.instance_16                            3690ms
  btp_subaccount_service_instance.instance_17                            4128ms
  btp_subaccount_service_instance.instance_18                            9535ms
  btp_subaccount_service_instance.instance_19                            9801ms
  btp_subaccount_service_instance.instance_2                             4889ms
  btp_subaccount_service_instance.instance_20                            10864ms
  btp_subaccount_service_instance.instance_3                             14694ms
  btp_subaccount_service_instance.instance_4                             20739ms
  btp_subaccount_service_instance.instance_5                             5537ms
  btp_subaccount_service_instance.instance_6                             5054ms
  btp_subaccount_service_instance.instance_7                             7530ms
  btp_subaccount_service_instance.instance_8                             7479ms
  btp_subaccount_service_instance.instance_9                             8858ms
  btp_subaccount_subscription.subscription_1                             7179ms
  btp_subaccount_subscription.subscription_10                            6810ms
  btp_subaccount_subscription.subscription_11                            2213ms
  btp_subaccount_subscription.subscription_12                            2564ms
  btp_subaccount_subscription.subscription_13                            3435ms
  btp_subaccount_subscription.subscription_14                            4373ms
  btp_subaccount_subscription.subscription_15                            3529ms
  btp_subaccount_subscription.subscription_16                            3448ms
  btp_subaccount_subscription.subscription_17                            2617ms
  btp_subaccount_subscription.subscription_18                            3065ms
  btp_subaccount_subscription.subscription_19                            2083ms
  btp_subaccount_subscription.subscription_2                             3571ms
  btp_subaccount_subscription.subscription_20                            7721ms
  btp_subaccount_subscription.subscription_21                            1934ms
  btp_subaccount_subscription.subscription_22                            2191ms
  btp_subaccount_subscription.subscription_23                            2473ms
  btp_subaccount_subscription.subscription_24                            7267ms
  btp_subaccount_subscription.subscription_25                            2862ms
  btp_subaccount_subscription.subscription_26                            3076ms
  btp_subaccount_subscription.subscription_27                            2056ms
  btp_subaccount_subscription.subscription_28                            3180ms
  btp_subaccount_subscription.subscription_29                            3096ms
  btp_subaccount_subscription.subscription_3                             3671ms
  btp_subaccount_subscription.subscription_30                            3414ms
  btp_subaccount_subscription.subscription_4                             8223ms
  btp_subaccount_subscription.subscription_5                             8971ms
  btp_subaccount_subscription.subscription_6                             7718ms
  btp_subaccount_subscription.subscription_7                             5904ms
  btp_subaccount_subscription.subscription_8                             1957ms
  btp_subaccount_subscription.subscription_9                             1700ms
  btp_subaccount_trust_configuration.trust_1                             5756ms
  btp_subaccount_trust_configuration.trust_10                            6718ms
  btp_subaccount_trust_configuration.trust_2                             6780ms
  btp_subaccount_trust_configuration.trust_3                             1349ms
  btp_subaccount_trust_configuration.trust_4                             1545ms
  btp_subaccount_trust_configuration.trust_5                             1428ms
  btp_subaccount_trust_configuration.trust_6                             2044ms
  btp_subaccount_trust_configuration.trust_7                             4041ms
  btp_subaccount_trust_configuration.trust_8                             754ms
  btp_subaccount_trust_configuration.trust_9                             1215ms
  cloudfoundry_service_instance.instance_1                               40ms
  cloudfoundry_service_instance.instance_10                              47ms
  cloudfoundry_service_instance.instance_11                              73ms
  cloudfoundry_service_instance.instance_12                              40ms
  cloudfoundry_service_instance.instance_13                              41ms
  cloudfoundry_service_instance.instance_14                              38ms
  cloudfoundry_service_instance.instance_15                              48ms
  cloudfoundry_service_instance.instance_16                              49ms
  cloudfoundry_service_instance.instance_17                              44ms
  cloudfoundry_service_instance.instance_18                              40ms
  cloudfoundry_service_instance.instance_19                              39ms
  cloudfoundry_service_instance.instance_2                               48ms
  cloudfoundry_service_instance.instance_20                              43ms
  cloudfoundry_service_instance.instance_21                              44ms
  cloudfoundry_service_instance.instance_22                              63ms
  cloudfoundry_service_instance.instance_23                              37ms
  cloudfoundry_service_instance.instance_24                              50ms
  cloudfoundry_service_instance.instance_25                              49ms
  cloudfoundry_service_instance.instance_26                              48ms
  cloudfoundry_service_instance.instance_27                              38ms
  cloudfoundry_service_instance.instance_28                              38ms
  cloudfoundry_service_instance.instance_29                              65ms
  cloudfoundry_service_instance.instance_3                               41ms
  cloudfoundry_service_instance.instance_30                              38ms
  cloudfoundry_service_instance.instance_31                              40ms
  cloudfoundry_service_instance.instance_32                              50ms
  cloudfoundry_service_instance.instance_33                              39ms
  cloudfoundry_service_instance.instance_34                              41ms
  cloudfoundry_service_instance.instance_35                              36ms
  cloudfoundry_service_instance.instance_36                              40ms
  cloudfoundry_service_instance.instance_37                              43ms
  cloudfoundry_service_instance.instance_38                              53ms
  cloudfoundry_service_instance.instance_39                              57ms
  cloudfoundry_service_instance.instance_4                               41ms
  cloudfoundry_service_instance.instance_40                              66ms
  cloudfoundry_service_instance.instance_5                               39ms
  cloudfoundry_service_instance.instance_6                               37ms
  cloudfoundry_service_instance.instance_7                               50ms
  cloudfoundry_service_instance.instance_8                               50ms
  cloudfoundry_service_instance.instance_9                               44ms
  cloudfoundry_space.space_1                                             173ms
  cloudfoundry_space.space_10                                            121ms
  cloudfoundry_space.space_11                                            97ms
  cloudfoundry_space.space_12                                            101ms
  cloudfoundry_space.space_13                                            125ms
  cloudfoundry_space.space_14                                            109ms
  cloudfoundry_space.space_15                                            107ms
  cloudfoundry_space.space_16                                            115ms
  cloudfoundry_space.space_17                                            133ms
  cloudfoundry_space.space_18                                            102ms
  cloudfoundry_space.space_19                                            133ms
  cloudfoundry_space.space_2                                             190ms
  cloudfoundry_space.space_20                                            111ms
  cloudfoundry_space.space_3                                             110ms
  cloudfoundry_space.space_4                                             113ms
  cloudfoundry_space.space_5                                             105ms
  cloudfoundry_space.space_6                                             100ms
  cloudfoundry_space.space_7                                             131ms
  cloudfoundry_space.space_8                                             100ms
  cloudfoundry_space.space_9                                             129ms
  scc_subaccount.subaccount_1                                            5695ms
  scc_subaccount.subaccount_10                                           531ms
  scc_subaccount.subaccount_2                                            5593ms
  scc_subaccount.subaccount_3                                            485ms
  scc_subaccount.subaccount_4                                            611ms
  scc_subaccount.subaccount_5                                            5636ms
  scc_subaccount.subaccount_6                                            637ms
  scc_subaccount.subaccount_7                                            504ms
  scc_subaccount.subaccount_8                                            772ms
  scc_subaccount.subaccount_9                                            657ms
  scc_system_mapping.system_1                                            55ms
  scc_system_mapping.system_10                                           168ms
  scc_system_mapping.system_11                                           59ms
  scc_system_mapping.system_12                                           55ms
  scc_system_mapping.system_13                                           208ms
  scc_system_mapping.system_14                                           180ms
  scc_system_mapping.system_15                                           54ms
  scc_system_mapping.system_16                                           54ms
  scc_system_mapping.system_17                                           164ms
  scc_system_mapping.system_18                                           187ms
  scc_system_mapping.system_19                                           97ms
  scc_system_mapping.system_2                                            60ms
  scc_system_mapping.system_20                                           71ms
  scc_system_mapping.system_3                                            118ms
  scc_system_mapping.system_4                                            66ms
  scc_system_mapping.system_5                                            162ms
  scc_system_mapping.system_6                                            166ms
  scc_system_mapping.system_7                                            56ms
  scc_system_mapping.system_8                                            60ms
  scc_system_mapping.system_9                                            116ms
  scc_system_mapping_resource.resource_1                                 168ms
  scc_system_mapping_resource.resource_10                                56ms
  scc_system_mapping_resource.resource_11                                57ms
  scc_system_mapping_resource.resource_12                                58ms
  scc_system_mapping_resource.resource_13                                57ms
  scc_system_mapping_resource.resource_14                                54ms
  scc_system_mapping_resource.resource_15                                54ms
  scc_system_mapping_resource.resource_16                                57ms
  scc_system_mapping_resource.resource_17                                55ms
  scc_system_mapping_resource.resource_18                                69ms
  scc_system_mapping_resource.resource_19                                54ms
  scc_system_mapping_resource.resource_2                                 166ms
  scc_system_mapping_resource.resource_20                                53ms
  scc_system_mapping_resource.resource_21                                55ms
  scc_system_mapping_resource.resource_22                                57ms
  scc_system_mapping_resource.resource_23                                56ms
  scc_system_mapping_resource.resource_24                                67ms
  scc_system_mapping_resource.resource_25                                56ms
  scc_system_mapping_resource.resource_26                                56ms
  scc_system_mapping_resource.resource_27                                66ms
  scc_system_mapping_resource.resource_28                                66ms
  scc_system_mapping_resource.resource_29                                73ms
  scc_system_mapping_resource.resource_3                                 213ms
  scc_system_mapping_resource.resource_30                                80ms
  scc_system_mapping_resource.resource_31                                53ms
  scc_system_mapping_resource.resource_32                                54ms
  scc_system_mapping_resource.resource_33                                55ms
  scc_system_mapping_resource.resource_34                                53ms
  scc_system_mapping_resource.resource_35                                54ms
  scc_system_mapping_resource.resource_36                                66ms
  scc_system_mapping_resource.resource_37                                55ms
  scc_system_mapping_resource.resource_38                                97ms
  scc_system_mapping_resource.resource_39                                88ms
  scc_system_mapping_resource.resource_4                                 227ms
  scc_system_mapping_resource.resource_40                                66ms
  scc_system_mapping_resource.resource_5                                 55ms
  scc_system_mapping_resource.resource_6                                 53ms
  scc_system_mapping_resource.resource_7                                 56ms
  scc_system_mapping_resource.resource_8                                 54ms
  scc_system_mapping_resource.resource_9                                 72ms
  sci_application.app_1                                                  123ms
  sci_application.app_10                                                 256ms
  sci_application.app_11                                                 221ms
  sci_application.app_12                                                 119ms
  sci_application.app_13                                                 122ms
  sci_application.app_14                                                 135ms
  sci_application.app_15                                                 123ms
  sci_application.app_16                                                 118ms
  sci_application.app_17                                                 114ms
  sci_application.app_18                                                 142ms
  sci_application.app_19                                                 121ms
  sci_application.app_2                                                  139ms
  sci_application.app_20                                                 115ms
  sci_application.app_3                                                  121ms
  sci_application.app_4                                                  116ms
  sci_application.app_5                                                  133ms
  sci_application.app_6                                                  130ms
  sci_application.app_7                                                  129ms
  sci_application.app_8                                                  114ms
  sci_application.app_9                                                  131ms
  sci_group_base.group_1                                                 96ms
  sci_group_base.group_10                                                87ms
  sci_group_base.group_11                                                89ms
  sci_group_base.group_12                                                87ms
  sci_group_base.group_13                                                181ms
  sci_group_base.group_14                                                134ms
  sci_group_base.group_15                                                86ms
  sci_group_base.group_16                                                87ms
  sci_group_base.group_17                                                88ms
  sci_group_base.group_18                                                97ms
  sci_group_base.group_19                                                127ms
  sci_group_base.group_2                                                 91ms
  sci_group_base.group_20                                                94ms
  sci_group_base.group_21                                                89ms
  sci_group_base.group_22                                                96ms
  sci_group_base.group_23                                                99ms
  sci_group_base.group_24                                                176ms
  sci_group_base.group_25                                                84ms
  sci_group_base.group_26                                                100ms
  sci_group_base.group_27                                                87ms
  sci_group_base.group_28                                                97ms
  sci_group_base.group_29                                                94ms
  sci_group_base.group_3                                                 98ms
  sci_group_base.group_30                                                97ms
  sci_group_base.group_4                                                 96ms
  sci_group_base.group_5                                                 165ms
  sci_group_base.group_6                                                 99ms
  sci_group_base.group_7                                                 100ms
  sci_group_base.group_8                                                 99ms
  sci_group_base.group_9                                                 89ms
  sci_user.user_1                                                        92ms
  sci_user.user_10                                                       85ms
  sci_user.user_11                                                       248ms
  sci_user.user_12                                                       86ms
  sci_user.user_13                                                       85ms
  sci_user.user_14                                                       93ms
  sci_user.user_15                                                       91ms
  sci_user.user_16                                                       111ms
  sci_user.user_17                                                       76ms
  sci_user.user_18                                                       91ms
  sci_user.user_19                                                       85ms
  sci_user.user_2                                                        154ms
  sci_user.user_20                                                       84ms
  sci_user.user_21                                                       86ms
  sci_user.user_22                                                       96ms
  sci_user.user_23                                                       86ms
  sci_user.user_24                                                       80ms
  sci_user.user_25                                                       81ms
  sci_user.user_26                                                       128ms
  sci_user.user_27                                                       80ms
  sci_user.user_28                                                       90ms
  sci_user.user_29                                                       85ms
  sci_user.user_3                                                        79ms
  sci_user.user_30                                                       140ms
  sci_user.user_31                                                       164ms
  sci_user.user_32                                                       82ms
  sci_user.user_33                                                       82ms
  sci_user.user_34                                                       91ms
  sci_user.user_35                                                       85ms
  sci_user.user_36                                                       90ms
  sci_user.user_37                                                       91ms
  sci_user.user_38                                                       90ms
  sci_user.user_39                                                       78ms
  sci_user.user_4                                                        91ms
  sci_user.user_40                                                       88ms
  sci_user.user_41                                                       98ms
  sci_user.user_42                                                       89ms
  sci_user.user_43                                                       80ms
  sci_user.user_44                                                       93ms
  sci_user.user_45                                                       84ms
  sci_user.user_46                                                       81ms
  sci_user.user_47                                                       91ms
  sci_user.user_48                                                       92ms
  sci_user.user_49                                                       83ms
  sci_user.user_5                                                        92ms
  sci_user.user_50                                                       86ms
  sci_user.user_6                                                        81ms
  sci_user.user_7                                                        82ms
  sci_user.user_8                                                        106ms
  sci_user.user_9                                                        88ms


Run 9/10:
  Total run time: 148.243462s
  btp_directory.directory_1                                              1044ms
  btp_directory.directory_10                                             1168ms
  btp_directory.directory_2                                              853ms
  btp_directory.directory_3                                              1006ms
  btp_directory.directory_4                                              1102ms
  btp_directory.directory_5                                              1208ms
  btp_directory.directory_6                                              1096ms
  btp_directory.directory_7                                              1134ms
  btp_directory.directory_8                                              804ms
  btp_directory.directory_9                                              963ms
  btp_subaccount.subaccount_1                                            519ms
  btp_subaccount.subaccount_10                                           492ms
  btp_subaccount.subaccount_2                                            520ms
  btp_subaccount.subaccount_3                                            515ms
  btp_subaccount.subaccount_4                                            1827ms
  btp_subaccount.subaccount_5                                            512ms
  btp_subaccount.subaccount_6                                            505ms
  btp_subaccount.subaccount_7                                            497ms
  btp_subaccount.subaccount_8                                            514ms
  btp_subaccount.subaccount_9                                            515ms
  btp_subaccount_destination_generic.destination_1                       6323ms
  btp_subaccount_destination_generic.destination_10                      1606ms
  btp_subaccount_destination_generic.destination_11                      1847ms
  btp_subaccount_destination_generic.destination_12                      1248ms
  btp_subaccount_destination_generic.destination_13                      1555ms
  btp_subaccount_destination_generic.destination_14                      1605ms
  btp_subaccount_destination_generic.destination_15                      818ms
  btp_subaccount_destination_generic.destination_16                      5297ms
  btp_subaccount_destination_generic.destination_17                      1090ms
  btp_subaccount_destination_generic.destination_18                      1557ms
  btp_subaccount_destination_generic.destination_19                      1686ms
  btp_subaccount_destination_generic.destination_2                       2209ms
  btp_subaccount_destination_generic.destination_20                      1927ms
  btp_subaccount_destination_generic.destination_3                       2126ms
  btp_subaccount_destination_generic.destination_4                       1499ms
  btp_subaccount_destination_generic.destination_5                       2039ms
  btp_subaccount_destination_generic.destination_6                       809ms
  btp_subaccount_destination_generic.destination_7                       3262ms
  btp_subaccount_destination_generic.destination_8                       5908ms
  btp_subaccount_destination_generic.destination_9                       1888ms
  btp_subaccount_entitlement.entitlement_1                               14928ms
  btp_subaccount_entitlement.entitlement_10                              16016ms
  btp_subaccount_entitlement.entitlement_11                              13355ms
  btp_subaccount_entitlement.entitlement_12                              13864ms
  btp_subaccount_entitlement.entitlement_13                              15825ms
  btp_subaccount_entitlement.entitlement_14                              17676ms
  btp_subaccount_entitlement.entitlement_15                              16062ms
  btp_subaccount_entitlement.entitlement_16                              13073ms
  btp_subaccount_entitlement.entitlement_17                              17404ms
  btp_subaccount_entitlement.entitlement_18                              17205ms
  btp_subaccount_entitlement.entitlement_19                              17268ms
  btp_subaccount_entitlement.entitlement_2                               20337ms
  btp_subaccount_entitlement.entitlement_20                              18014ms
  btp_subaccount_entitlement.entitlement_21                              25068ms
  btp_subaccount_entitlement.entitlement_22                              19305ms
  btp_subaccount_entitlement.entitlement_23                              14186ms
  btp_subaccount_entitlement.entitlement_24                              25167ms
  btp_subaccount_entitlement.entitlement_25                              15854ms
  btp_subaccount_entitlement.entitlement_26                              28952ms
  btp_subaccount_entitlement.entitlement_27                              19607ms
  btp_subaccount_entitlement.entitlement_28                              28898ms
  btp_subaccount_entitlement.entitlement_29                              33285ms
  btp_subaccount_entitlement.entitlement_3                               20514ms
  btp_subaccount_entitlement.entitlement_30                              21879ms
  btp_subaccount_entitlement.entitlement_31                              27310ms
  btp_subaccount_entitlement.entitlement_32                              21636ms
  btp_subaccount_entitlement.entitlement_33                              16481ms
  btp_subaccount_entitlement.entitlement_34                              16571ms
  btp_subaccount_entitlement.entitlement_35                              16913ms
  btp_subaccount_entitlement.entitlement_36                              15673ms
  btp_subaccount_entitlement.entitlement_37                              14683ms
  btp_subaccount_entitlement.entitlement_38                              14593ms
  btp_subaccount_entitlement.entitlement_39                              17569ms
  btp_subaccount_entitlement.entitlement_4                               15361ms
  btp_subaccount_entitlement.entitlement_40                              14743ms
  btp_subaccount_entitlement.entitlement_5                               24425ms
  btp_subaccount_entitlement.entitlement_6                               28463ms
  btp_subaccount_entitlement.entitlement_7                               20792ms
  btp_subaccount_entitlement.entitlement_8                               20115ms
  btp_subaccount_entitlement.entitlement_9                               15498ms
  btp_subaccount_environment_instance.cloudfoundry_1                     6405ms
  btp_subaccount_environment_instance.cloudfoundry_10                    1943ms
  btp_subaccount_environment_instance.cloudfoundry_2                     1742ms
  btp_subaccount_environment_instance.cloudfoundry_3                     591ms
  btp_subaccount_environment_instance.cloudfoundry_4                     3260ms
  btp_subaccount_environment_instance.cloudfoundry_5                     853ms
  btp_subaccount_environment_instance.cloudfoundry_6                     6353ms
  btp_subaccount_environment_instance.cloudfoundry_7                     2065ms
  btp_subaccount_environment_instance.cloudfoundry_8                     10856ms
  btp_subaccount_environment_instance.cloudfoundry_9                     1020ms
  btp_subaccount_role.role_1                                             1764ms
  btp_subaccount_role.role_10                                            850ms
  btp_subaccount_role.role_11                                            1368ms
  btp_subaccount_role.role_12                                            950ms
  btp_subaccount_role.role_13                                            1611ms
  btp_subaccount_role.role_14                                            1792ms
  btp_subaccount_role.role_15                                            1399ms
  btp_subaccount_role.role_16                                            1517ms
  btp_subaccount_role.role_17                                            1572ms
  btp_subaccount_role.role_18                                            1731ms
  btp_subaccount_role.role_19                                            1722ms
  btp_subaccount_role.role_2                                             6456ms
  btp_subaccount_role.role_20                                            2050ms
  btp_subaccount_role.role_3                                             1547ms
  btp_subaccount_role.role_4                                             6920ms
  btp_subaccount_role.role_5                                             989ms
  btp_subaccount_role.role_6                                             733ms
  btp_subaccount_role.role_7                                             728ms
  btp_subaccount_role.role_8                                             6060ms
  btp_subaccount_role.role_9                                             1399ms
  btp_subaccount_role_collection.collection_1                            1150ms
  btp_subaccount_role_collection.collection_10                           2678ms
  btp_subaccount_role_collection.collection_11                           514ms
  btp_subaccount_role_collection.collection_12                           543ms
  btp_subaccount_role_collection.collection_13                           877ms
  btp_subaccount_role_collection.collection_14                           1835ms
  btp_subaccount_role_collection.collection_15                           5986ms
  btp_subaccount_role_collection.collection_16                           1739ms
  btp_subaccount_role_collection.collection_17                           2342ms
  btp_subaccount_role_collection.collection_18                           908ms
  btp_subaccount_role_collection.collection_19                           6444ms
  btp_subaccount_role_collection.collection_2                            1122ms
  btp_subaccount_role_collection.collection_20                           1829ms
  btp_subaccount_role_collection.collection_21                           1455ms
  btp_subaccount_role_collection.collection_22                           7230ms
  btp_subaccount_role_collection.collection_23                           5280ms
  btp_subaccount_role_collection.collection_24                           675ms
  btp_subaccount_role_collection.collection_25                           1578ms
  btp_subaccount_role_collection.collection_26                           1568ms
  btp_subaccount_role_collection.collection_27                           1467ms
  btp_subaccount_role_collection.collection_28                           1099ms
  btp_subaccount_role_collection.collection_29                           1395ms
  btp_subaccount_role_collection.collection_3                            2431ms
  btp_subaccount_role_collection.collection_30                           1880ms
  btp_subaccount_role_collection.collection_4                            2117ms
  btp_subaccount_role_collection.collection_5                            2278ms
  btp_subaccount_role_collection.collection_6                            5628ms
  btp_subaccount_role_collection.collection_7                            2397ms
  btp_subaccount_role_collection.collection_8                            748ms
  btp_subaccount_role_collection.collection_9                            368ms
  btp_subaccount_service_instance.instance_1                             10811ms
  btp_subaccount_service_instance.instance_10                            8415ms
  btp_subaccount_service_instance.instance_11                            10474ms
  btp_subaccount_service_instance.instance_12                            4229ms
  btp_subaccount_service_instance.instance_13                            14720ms
  btp_subaccount_service_instance.instance_14                            3645ms
  btp_subaccount_service_instance.instance_15                            13453ms
  btp_subaccount_service_instance.instance_16                            10406ms
  btp_subaccount_service_instance.instance_17                            4857ms
  btp_subaccount_service_instance.instance_18                            5174ms
  btp_subaccount_service_instance.instance_19                            3619ms
  btp_subaccount_service_instance.instance_2                             3193ms
  btp_subaccount_service_instance.instance_20                            4362ms
  btp_subaccount_service_instance.instance_3                             19365ms
  btp_subaccount_service_instance.instance_4                             13850ms
  btp_subaccount_service_instance.instance_5                             11613ms
  btp_subaccount_service_instance.instance_6                             11007ms
  btp_subaccount_service_instance.instance_7                             4527ms
  btp_subaccount_service_instance.instance_8                             7792ms
  btp_subaccount_service_instance.instance_9                             4886ms
  btp_subaccount_subscription.subscription_1                             4097ms
  btp_subaccount_subscription.subscription_10                            3281ms
  btp_subaccount_subscription.subscription_11                            7573ms
  btp_subaccount_subscription.subscription_12                            2849ms
  btp_subaccount_subscription.subscription_13                            3290ms
  btp_subaccount_subscription.subscription_14                            7822ms
  btp_subaccount_subscription.subscription_15                            1674ms
  btp_subaccount_subscription.subscription_16                            8395ms
  btp_subaccount_subscription.subscription_17                            8179ms
  btp_subaccount_subscription.subscription_18                            3671ms
  btp_subaccount_subscription.subscription_19                            13212ms
  btp_subaccount_subscription.subscription_2                             3092ms
  btp_subaccount_subscription.subscription_20                            7959ms
  btp_subaccount_subscription.subscription_21                            3398ms
  btp_subaccount_subscription.subscription_22                            11903ms
  btp_subaccount_subscription.subscription_23                            12602ms
  btp_subaccount_subscription.subscription_24                            12944ms
  btp_subaccount_subscription.subscription_25                            3174ms
  btp_subaccount_subscription.subscription_26                            3360ms
  btp_subaccount_subscription.subscription_27                            3205ms
  btp_subaccount_subscription.subscription_28                            3268ms
  btp_subaccount_subscription.subscription_29                            3522ms
  btp_subaccount_subscription.subscription_3                             1982ms
  btp_subaccount_subscription.subscription_30                            2371ms
  btp_subaccount_subscription.subscription_4                             13870ms
  btp_subaccount_subscription.subscription_5                             3359ms
  btp_subaccount_subscription.subscription_6                             17850ms
  btp_subaccount_subscription.subscription_7                             9221ms
  btp_subaccount_subscription.subscription_8                             4991ms
  btp_subaccount_subscription.subscription_9                             1786ms
  btp_subaccount_trust_configuration.trust_1                             1629ms
  btp_subaccount_trust_configuration.trust_10                            1085ms
  btp_subaccount_trust_configuration.trust_2                             1279ms
  btp_subaccount_trust_configuration.trust_3                             824ms
  btp_subaccount_trust_configuration.trust_4                             1572ms
  btp_subaccount_trust_configuration.trust_5                             983ms
  btp_subaccount_trust_configuration.trust_6                             6873ms
  btp_subaccount_trust_configuration.trust_7                             1482ms
  btp_subaccount_trust_configuration.trust_8                             1063ms
  btp_subaccount_trust_configuration.trust_9                             1679ms
  cloudfoundry_service_instance.instance_1                               42ms
  cloudfoundry_service_instance.instance_10                              35ms
  cloudfoundry_service_instance.instance_11                              34ms
  cloudfoundry_service_instance.instance_12                              44ms
  cloudfoundry_service_instance.instance_13                              34ms
  cloudfoundry_service_instance.instance_14                              35ms
  cloudfoundry_service_instance.instance_15                              47ms
  cloudfoundry_service_instance.instance_16                              36ms
  cloudfoundry_service_instance.instance_17                              46ms
  cloudfoundry_service_instance.instance_18                              44ms
  cloudfoundry_service_instance.instance_19                              41ms
  cloudfoundry_service_instance.instance_2                               37ms
  cloudfoundry_service_instance.instance_20                              34ms
  cloudfoundry_service_instance.instance_21                              48ms
  cloudfoundry_service_instance.instance_22                              32ms
  cloudfoundry_service_instance.instance_23                              49ms
  cloudfoundry_service_instance.instance_24                              61ms
  cloudfoundry_service_instance.instance_25                              48ms
  cloudfoundry_service_instance.instance_26                              40ms
  cloudfoundry_service_instance.instance_27                              34ms
  cloudfoundry_service_instance.instance_28                              53ms
  cloudfoundry_service_instance.instance_29                              38ms
  cloudfoundry_service_instance.instance_3                               45ms
  cloudfoundry_service_instance.instance_30                              45ms
  cloudfoundry_service_instance.instance_31                              52ms
  cloudfoundry_service_instance.instance_32                              47ms
  cloudfoundry_service_instance.instance_33                              48ms
  cloudfoundry_service_instance.instance_34                              36ms
  cloudfoundry_service_instance.instance_35                              36ms
  cloudfoundry_service_instance.instance_36                              34ms
  cloudfoundry_service_instance.instance_37                              53ms
  cloudfoundry_service_instance.instance_38                              48ms
  cloudfoundry_service_instance.instance_39                              47ms
  cloudfoundry_service_instance.instance_4                               39ms
  cloudfoundry_service_instance.instance_40                              58ms
  cloudfoundry_service_instance.instance_5                               49ms
  cloudfoundry_service_instance.instance_6                               48ms
  cloudfoundry_service_instance.instance_7                               37ms
  cloudfoundry_service_instance.instance_8                               40ms
  cloudfoundry_service_instance.instance_9                               33ms
  cloudfoundry_space.space_1                                             94ms
  cloudfoundry_space.space_10                                            89ms
  cloudfoundry_space.space_11                                            98ms
  cloudfoundry_space.space_12                                            122ms
  cloudfoundry_space.space_13                                            109ms
  cloudfoundry_space.space_14                                            115ms
  cloudfoundry_space.space_15                                            98ms
  cloudfoundry_space.space_16                                            157ms
  cloudfoundry_space.space_17                                            101ms
  cloudfoundry_space.space_18                                            93ms
  cloudfoundry_space.space_19                                            94ms
  cloudfoundry_space.space_2                                             100ms
  cloudfoundry_space.space_20                                            95ms
  cloudfoundry_space.space_3                                             107ms
  cloudfoundry_space.space_4                                             140ms
  cloudfoundry_space.space_5                                             96ms
  cloudfoundry_space.space_6                                             92ms
  cloudfoundry_space.space_7                                             109ms
  cloudfoundry_space.space_8                                             110ms
  cloudfoundry_space.space_9                                             91ms
  scc_subaccount.subaccount_1                                            696ms
  scc_subaccount.subaccount_10                                           735ms
  scc_subaccount.subaccount_2                                            6587ms
  scc_subaccount.subaccount_3                                            534ms
  scc_subaccount.subaccount_4                                            5736ms
  scc_subaccount.subaccount_5                                            525ms
  scc_subaccount.subaccount_6                                            629ms
  scc_subaccount.subaccount_7                                            636ms
  scc_subaccount.subaccount_8                                            647ms
  scc_subaccount.subaccount_9                                            561ms
  scc_system_mapping.system_1                                            55ms
  scc_system_mapping.system_10                                           309ms
  scc_system_mapping.system_11                                           54ms
  scc_system_mapping.system_12                                           74ms
  scc_system_mapping.system_13                                           52ms
  scc_system_mapping.system_14                                           74ms
  scc_system_mapping.system_15                                           53ms
  scc_system_mapping.system_16                                           53ms
  scc_system_mapping.system_17                                           57ms
  scc_system_mapping.system_18                                           54ms
  scc_system_mapping.system_19                                           52ms
  scc_system_mapping.system_2                                            87ms
  scc_system_mapping.system_20                                           244ms
  scc_system_mapping.system_3                                            54ms
  scc_system_mapping.system_4                                            53ms
  scc_system_mapping.system_5                                            56ms
  scc_system_mapping.system_6                                            55ms
  scc_system_mapping.system_7                                            134ms
  scc_system_mapping.system_8                                            95ms
  scc_system_mapping.system_9                                            289ms
  scc_system_mapping_resource.resource_1                                 82ms
  scc_system_mapping_resource.resource_10                                53ms
  scc_system_mapping_resource.resource_11                                97ms
  scc_system_mapping_resource.resource_12                                56ms
  scc_system_mapping_resource.resource_13                                59ms
  scc_system_mapping_resource.resource_14                                58ms
  scc_system_mapping_resource.resource_15                                60ms
  scc_system_mapping_resource.resource_16                                54ms
  scc_system_mapping_resource.resource_17                                107ms
  scc_system_mapping_resource.resource_18                                124ms
  scc_system_mapping_resource.resource_19                                133ms
  scc_system_mapping_resource.resource_2                                 50ms
  scc_system_mapping_resource.resource_20                                95ms
  scc_system_mapping_resource.resource_21                                54ms
  scc_system_mapping_resource.resource_22                                55ms
  scc_system_mapping_resource.resource_23                                51ms
  scc_system_mapping_resource.resource_24                                59ms
  scc_system_mapping_resource.resource_25                                57ms
  scc_system_mapping_resource.resource_26                                63ms
  scc_system_mapping_resource.resource_27                                63ms
  scc_system_mapping_resource.resource_28                                64ms
  scc_system_mapping_resource.resource_29                                260ms
  scc_system_mapping_resource.resource_3                                 52ms
  scc_system_mapping_resource.resource_30                                225ms
  scc_system_mapping_resource.resource_31                                154ms
  scc_system_mapping_resource.resource_32                                206ms
  scc_system_mapping_resource.resource_33                                54ms
  scc_system_mapping_resource.resource_34                                86ms
  scc_system_mapping_resource.resource_35                                89ms
  scc_system_mapping_resource.resource_36                                53ms
  scc_system_mapping_resource.resource_37                                53ms
  scc_system_mapping_resource.resource_38                                57ms
  scc_system_mapping_resource.resource_39                                117ms
  scc_system_mapping_resource.resource_4                                 84ms
  scc_system_mapping_resource.resource_40                                60ms
  scc_system_mapping_resource.resource_5                                 122ms
  scc_system_mapping_resource.resource_6                                 190ms
  scc_system_mapping_resource.resource_7                                 160ms
  scc_system_mapping_resource.resource_8                                 178ms
  scc_system_mapping_resource.resource_9                                 58ms
  sci_application.app_1                                                  205ms
  sci_application.app_10                                                 120ms
  sci_application.app_11                                                 116ms
  sci_application.app_12                                                 134ms
  sci_application.app_13                                                 138ms
  sci_application.app_14                                                 120ms
  sci_application.app_15                                                 144ms
  sci_application.app_16                                                 146ms
  sci_application.app_17                                                 123ms
  sci_application.app_18                                                 123ms
  sci_application.app_19                                                 133ms
  sci_application.app_2                                                  140ms
  sci_application.app_20                                                 351ms
  sci_application.app_3                                                  118ms
  sci_application.app_4                                                  128ms
  sci_application.app_5                                                  119ms
  sci_application.app_6                                                  142ms
  sci_application.app_7                                                  213ms
  sci_application.app_8                                                  123ms
  sci_application.app_9                                                  135ms
  sci_group_base.group_1                                                 90ms
  sci_group_base.group_10                                                85ms
  sci_group_base.group_11                                                132ms
  sci_group_base.group_12                                                129ms
  sci_group_base.group_13                                                86ms
  sci_group_base.group_14                                                89ms
  sci_group_base.group_15                                                90ms
  sci_group_base.group_16                                                86ms
  sci_group_base.group_17                                                93ms
  sci_group_base.group_18                                                88ms
  sci_group_base.group_19                                                95ms
  sci_group_base.group_2                                                 89ms
  sci_group_base.group_20                                                89ms
  sci_group_base.group_21                                                91ms
  sci_group_base.group_22                                                95ms
  sci_group_base.group_23                                                136ms
  sci_group_base.group_24                                                93ms
  sci_group_base.group_25                                                83ms
  sci_group_base.group_26                                                188ms
  sci_group_base.group_27                                                152ms
  sci_group_base.group_28                                                88ms
  sci_group_base.group_29                                                97ms
  sci_group_base.group_3                                                 92ms
  sci_group_base.group_30                                                83ms
  sci_group_base.group_4                                                 91ms
  sci_group_base.group_5                                                 138ms
  sci_group_base.group_6                                                 89ms
  sci_group_base.group_7                                                 89ms
  sci_group_base.group_8                                                 94ms
  sci_group_base.group_9                                                 95ms
  sci_user.user_1                                                        92ms
  sci_user.user_10                                                       79ms
  sci_user.user_11                                                       93ms
  sci_user.user_12                                                       87ms
  sci_user.user_13                                                       84ms
  sci_user.user_14                                                       184ms
  sci_user.user_15                                                       92ms
  sci_user.user_16                                                       87ms
  sci_user.user_17                                                       84ms
  sci_user.user_18                                                       161ms
  sci_user.user_19                                                       88ms
  sci_user.user_2                                                        78ms
  sci_user.user_20                                                       83ms
  sci_user.user_21                                                       91ms
  sci_user.user_22                                                       85ms
  sci_user.user_23                                                       86ms
  sci_user.user_24                                                       122ms
  sci_user.user_25                                                       92ms
  sci_user.user_26                                                       125ms
  sci_user.user_27                                                       87ms
  sci_user.user_28                                                       93ms
  sci_user.user_29                                                       87ms
  sci_user.user_3                                                        89ms
  sci_user.user_30                                                       83ms
  sci_user.user_31                                                       88ms
  sci_user.user_32                                                       81ms
  sci_user.user_33                                                       85ms
  sci_user.user_34                                                       106ms
  sci_user.user_35                                                       82ms
  sci_user.user_36                                                       81ms
  sci_user.user_37                                                       87ms
  sci_user.user_38                                                       132ms
  sci_user.user_39                                                       90ms
  sci_user.user_4                                                        101ms
  sci_user.user_40                                                       84ms
  sci_user.user_41                                                       88ms
  sci_user.user_42                                                       149ms
  sci_user.user_43                                                       80ms
  sci_user.user_44                                                       92ms
  sci_user.user_45                                                       125ms
  sci_user.user_46                                                       91ms
  sci_user.user_47                                                       82ms
  sci_user.user_48                                                       90ms
  sci_user.user_49                                                       179ms
  sci_user.user_5                                                        82ms
  sci_user.user_50                                                       90ms
  sci_user.user_6                                                        223ms
  sci_user.user_7                                                        80ms
  sci_user.user_8                                                        84ms
  sci_user.user_9                                                        85ms


Run 10/10:
  Total run time: 129.551085s
  btp_directory.directory_1                                              1025ms
  btp_directory.directory_10                                             933ms
  btp_directory.directory_2                                              980ms
  btp_directory.directory_3                                              899ms
  btp_directory.directory_4                                              1076ms
  btp_directory.directory_5                                              755ms
  btp_directory.directory_6                                              1148ms
  btp_directory.directory_7                                              1122ms
  btp_directory.directory_8                                              787ms
  btp_directory.directory_9                                              844ms
  btp_subaccount.subaccount_1                                            501ms
  btp_subaccount.subaccount_10                                           504ms
  btp_subaccount.subaccount_2                                            508ms
  btp_subaccount.subaccount_3                                            504ms
  btp_subaccount.subaccount_4                                            487ms
  btp_subaccount.subaccount_5                                            527ms
  btp_subaccount.subaccount_6                                            479ms
  btp_subaccount.subaccount_7                                            480ms
  btp_subaccount.subaccount_8                                            517ms
  btp_subaccount.subaccount_9                                            510ms
  btp_subaccount_destination_generic.destination_1                       6507ms
  btp_subaccount_destination_generic.destination_10                      574ms
  btp_subaccount_destination_generic.destination_11                      691ms
  btp_subaccount_destination_generic.destination_12                      2759ms
  btp_subaccount_destination_generic.destination_13                      1183ms
  btp_subaccount_destination_generic.destination_14                      1303ms
  btp_subaccount_destination_generic.destination_15                      1627ms
  btp_subaccount_destination_generic.destination_16                      1810ms
  btp_subaccount_destination_generic.destination_17                      474ms
  btp_subaccount_destination_generic.destination_18                      474ms
  btp_subaccount_destination_generic.destination_19                      717ms
  btp_subaccount_destination_generic.destination_2                       1767ms
  btp_subaccount_destination_generic.destination_20                      1651ms
  btp_subaccount_destination_generic.destination_3                       479ms
  btp_subaccount_destination_generic.destination_4                       2228ms
  btp_subaccount_destination_generic.destination_5                       2345ms
  btp_subaccount_destination_generic.destination_6                       2595ms
  btp_subaccount_destination_generic.destination_7                       1714ms
  btp_subaccount_destination_generic.destination_8                       1405ms
  btp_subaccount_destination_generic.destination_9                       7167ms
  btp_subaccount_entitlement.entitlement_1                               21433ms
  btp_subaccount_entitlement.entitlement_10                              14643ms
  btp_subaccount_entitlement.entitlement_11                              14645ms
  btp_subaccount_entitlement.entitlement_12                              14594ms
  btp_subaccount_entitlement.entitlement_13                              15327ms
  btp_subaccount_entitlement.entitlement_14                              13540ms
  btp_subaccount_entitlement.entitlement_15                              14635ms
  btp_subaccount_entitlement.entitlement_16                              13606ms
  btp_subaccount_entitlement.entitlement_17                              14564ms
  btp_subaccount_entitlement.entitlement_18                              19024ms
  btp_subaccount_entitlement.entitlement_19                              19371ms
  btp_subaccount_entitlement.entitlement_2                               13383ms
  btp_subaccount_entitlement.entitlement_20                              14447ms
  btp_subaccount_entitlement.entitlement_21                              13893ms
  btp_subaccount_entitlement.entitlement_22                              11858ms
  btp_subaccount_entitlement.entitlement_23                              14348ms
  btp_subaccount_entitlement.entitlement_24                              12645ms
  btp_subaccount_entitlement.entitlement_25                              18361ms
  btp_subaccount_entitlement.entitlement_26                              15222ms
  btp_subaccount_entitlement.entitlement_27                              17667ms
  btp_subaccount_entitlement.entitlement_28                              17845ms
  btp_subaccount_entitlement.entitlement_29                              14597ms
  btp_subaccount_entitlement.entitlement_3                               21939ms
  btp_subaccount_entitlement.entitlement_30                              17977ms
  btp_subaccount_entitlement.entitlement_31                              18524ms
  btp_subaccount_entitlement.entitlement_32                              15169ms
  btp_subaccount_entitlement.entitlement_33                              18288ms
  btp_subaccount_entitlement.entitlement_34                              22855ms
  btp_subaccount_entitlement.entitlement_35                              21867ms
  btp_subaccount_entitlement.entitlement_36                              20887ms
  btp_subaccount_entitlement.entitlement_37                              22588ms
  btp_subaccount_entitlement.entitlement_38                              21870ms
  btp_subaccount_entitlement.entitlement_39                              20038ms
  btp_subaccount_entitlement.entitlement_4                               20149ms
  btp_subaccount_entitlement.entitlement_40                              19224ms
  btp_subaccount_entitlement.entitlement_5                               15340ms
  btp_subaccount_entitlement.entitlement_6                               25018ms
  btp_subaccount_entitlement.entitlement_7                               18135ms
  btp_subaccount_entitlement.entitlement_8                               18129ms
  btp_subaccount_entitlement.entitlement_9                               19845ms
  btp_subaccount_environment_instance.cloudfoundry_1                     1898ms
  btp_subaccount_environment_instance.cloudfoundry_10                    2064ms
  btp_subaccount_environment_instance.cloudfoundry_2                     399ms
  btp_subaccount_environment_instance.cloudfoundry_3                     11473ms
  btp_subaccount_environment_instance.cloudfoundry_4                     6335ms
  btp_subaccount_environment_instance.cloudfoundry_5                     7198ms
  btp_subaccount_environment_instance.cloudfoundry_6                     555ms
  btp_subaccount_environment_instance.cloudfoundry_7                     1478ms
  btp_subaccount_environment_instance.cloudfoundry_8                     1737ms
  btp_subaccount_environment_instance.cloudfoundry_9                     781ms
  btp_subaccount_role.role_1                                             1417ms
  btp_subaccount_role.role_10                                            1580ms
  btp_subaccount_role.role_11                                            501ms
  btp_subaccount_role.role_12                                            487ms
  btp_subaccount_role.role_13                                            1479ms
  btp_subaccount_role.role_14                                            1242ms
  btp_subaccount_role.role_15                                            1084ms
  btp_subaccount_role.role_16                                            1688ms
  btp_subaccount_role.role_17                                            528ms
  btp_subaccount_role.role_18                                            569ms
  btp_subaccount_role.role_19                                            1238ms
  btp_subaccount_role.role_2                                             1081ms
  btp_subaccount_role.role_20                                            1178ms
  btp_subaccount_role.role_3                                             6076ms
  btp_subaccount_role.role_4                                             586ms
  btp_subaccount_role.role_5                                             7030ms
  btp_subaccount_role.role_6                                             2214ms
  btp_subaccount_role.role_7                                             897ms
  btp_subaccount_role.role_8                                             1516ms
  btp_subaccount_role.role_9                                             1392ms
  btp_subaccount_role_collection.collection_1                            6557ms
  btp_subaccount_role_collection.collection_10                           1718ms
  btp_subaccount_role_collection.collection_11                           965ms
  btp_subaccount_role_collection.collection_12                           6216ms
  btp_subaccount_role_collection.collection_13                           1616ms
  btp_subaccount_role_collection.collection_14                           712ms
  btp_subaccount_role_collection.collection_15                           973ms
  btp_subaccount_role_collection.collection_16                           508ms
  btp_subaccount_role_collection.collection_17                           364ms
  btp_subaccount_role_collection.collection_18                           2425ms
  btp_subaccount_role_collection.collection_19                           1195ms
  btp_subaccount_role_collection.collection_2                            1450ms
  btp_subaccount_role_collection.collection_20                           1694ms
  btp_subaccount_role_collection.collection_21                           1279ms
  btp_subaccount_role_collection.collection_22                           1714ms
  btp_subaccount_role_collection.collection_23                           1728ms
  btp_subaccount_role_collection.collection_24                           895ms
  btp_subaccount_role_collection.collection_25                           259ms
  btp_subaccount_role_collection.collection_26                           658ms
  btp_subaccount_role_collection.collection_27                           705ms
  btp_subaccount_role_collection.collection_28                           358ms
  btp_subaccount_role_collection.collection_29                           783ms
  btp_subaccount_role_collection.collection_3                            1197ms
  btp_subaccount_role_collection.collection_30                           964ms
  btp_subaccount_role_collection.collection_4                            174ms
  btp_subaccount_role_collection.collection_5                            468ms
  btp_subaccount_role_collection.collection_6                            182ms
  btp_subaccount_role_collection.collection_7                            1770ms
  btp_subaccount_role_collection.collection_8                            2061ms
  btp_subaccount_role_collection.collection_9                            2367ms
  btp_subaccount_service_instance.instance_1                             3730ms
  btp_subaccount_service_instance.instance_10                            10043ms
  btp_subaccount_service_instance.instance_11                            8171ms
  btp_subaccount_service_instance.instance_12                            2012ms
  btp_subaccount_service_instance.instance_13                            5922ms
  btp_subaccount_service_instance.instance_14                            4403ms
  btp_subaccount_service_instance.instance_15                            5334ms
  btp_subaccount_service_instance.instance_16                            2974ms
  btp_subaccount_service_instance.instance_17                            15366ms
  btp_subaccount_service_instance.instance_18                            1890ms
  btp_subaccount_service_instance.instance_19                            1211ms
  btp_subaccount_service_instance.instance_2                             10314ms
  btp_subaccount_service_instance.instance_20                            1110ms
  btp_subaccount_service_instance.instance_3                             773ms
  btp_subaccount_service_instance.instance_4                             10809ms
  btp_subaccount_service_instance.instance_5                             6963ms
  btp_subaccount_service_instance.instance_6                             5789ms
  btp_subaccount_service_instance.instance_7                             5061ms
  btp_subaccount_service_instance.instance_8                             5667ms
  btp_subaccount_service_instance.instance_9                             10983ms
  btp_subaccount_subscription.subscription_1                             4115ms
  btp_subaccount_subscription.subscription_10                            2730ms
  btp_subaccount_subscription.subscription_11                            2646ms
  btp_subaccount_subscription.subscription_12                            8068ms
  btp_subaccount_subscription.subscription_13                            3231ms
  btp_subaccount_subscription.subscription_14                            8992ms
  btp_subaccount_subscription.subscription_15                            8856ms
  btp_subaccount_subscription.subscription_16                            1494ms
  btp_subaccount_subscription.subscription_17                            7467ms
  btp_subaccount_subscription.subscription_18                            1201ms
  btp_subaccount_subscription.subscription_19                            4506ms
  btp_subaccount_subscription.subscription_2                             2286ms
  btp_subaccount_subscription.subscription_20                            4022ms
  btp_subaccount_subscription.subscription_21                            2302ms
  btp_subaccount_subscription.subscription_22                            3613ms
  btp_subaccount_subscription.subscription_23                            1777ms
  btp_subaccount_subscription.subscription_24                            3366ms
  btp_subaccount_subscription.subscription_25                            1354ms
  btp_subaccount_subscription.subscription_26                            1137ms
  btp_subaccount_subscription.subscription_27                            776ms
  btp_subaccount_subscription.subscription_28                            2188ms
  btp_subaccount_subscription.subscription_29                            3694ms
  btp_subaccount_subscription.subscription_3                             9037ms
  btp_subaccount_subscription.subscription_30                            4165ms
  btp_subaccount_subscription.subscription_4                             14110ms
  btp_subaccount_subscription.subscription_5                             13649ms
  btp_subaccount_subscription.subscription_6                             678ms
  btp_subaccount_subscription.subscription_7                             4629ms
  btp_subaccount_subscription.subscription_8                             4342ms
  btp_subaccount_subscription.subscription_9                             14476ms
  btp_subaccount_trust_configuration.trust_1                             785ms
  btp_subaccount_trust_configuration.trust_10                            1997ms
  btp_subaccount_trust_configuration.trust_2                             7630ms
  btp_subaccount_trust_configuration.trust_3                             11067ms
  btp_subaccount_trust_configuration.trust_4                             6150ms
  btp_subaccount_trust_configuration.trust_5                             7017ms
  btp_subaccount_trust_configuration.trust_6                             370ms
  btp_subaccount_trust_configuration.trust_7                             1596ms
  btp_subaccount_trust_configuration.trust_8                             1528ms
  btp_subaccount_trust_configuration.trust_9                             708ms
  cloudfoundry_service_instance.instance_1                               35ms
  cloudfoundry_service_instance.instance_10                              48ms
  cloudfoundry_service_instance.instance_11                              43ms
  cloudfoundry_service_instance.instance_12                              36ms
  cloudfoundry_service_instance.instance_13                              50ms
  cloudfoundry_service_instance.instance_14                              41ms
  cloudfoundry_service_instance.instance_15                              41ms
  cloudfoundry_service_instance.instance_16                              49ms
  cloudfoundry_service_instance.instance_17                              34ms
  cloudfoundry_service_instance.instance_18                              44ms
  cloudfoundry_service_instance.instance_19                              41ms
  cloudfoundry_service_instance.instance_2                               38ms
  cloudfoundry_service_instance.instance_20                              47ms
  cloudfoundry_service_instance.instance_21                              45ms
  cloudfoundry_service_instance.instance_22                              59ms
  cloudfoundry_service_instance.instance_23                              34ms
  cloudfoundry_service_instance.instance_24                              40ms
  cloudfoundry_service_instance.instance_25                              41ms
  cloudfoundry_service_instance.instance_26                              51ms
  cloudfoundry_service_instance.instance_27                              54ms
  cloudfoundry_service_instance.instance_28                              55ms
  cloudfoundry_service_instance.instance_29                              41ms
  cloudfoundry_service_instance.instance_3                               36ms
  cloudfoundry_service_instance.instance_30                              56ms
  cloudfoundry_service_instance.instance_31                              40ms
  cloudfoundry_service_instance.instance_32                              47ms
  cloudfoundry_service_instance.instance_33                              39ms
  cloudfoundry_service_instance.instance_34                              37ms
  cloudfoundry_service_instance.instance_35                              42ms
  cloudfoundry_service_instance.instance_36                              52ms
  cloudfoundry_service_instance.instance_37                              49ms
  cloudfoundry_service_instance.instance_38                              41ms
  cloudfoundry_service_instance.instance_39                              50ms
  cloudfoundry_service_instance.instance_4                               37ms
  cloudfoundry_service_instance.instance_40                              40ms
  cloudfoundry_service_instance.instance_5                               38ms
  cloudfoundry_service_instance.instance_6                               40ms
  cloudfoundry_service_instance.instance_7                               39ms
  cloudfoundry_service_instance.instance_8                               46ms
  cloudfoundry_service_instance.instance_9                               65ms
  cloudfoundry_space.space_1                                             86ms
  cloudfoundry_space.space_10                                            139ms
  cloudfoundry_space.space_11                                            97ms
  cloudfoundry_space.space_12                                            94ms
  cloudfoundry_space.space_13                                            128ms
  cloudfoundry_space.space_14                                            101ms
  cloudfoundry_space.space_15                                            124ms
  cloudfoundry_space.space_16                                            142ms
  cloudfoundry_space.space_17                                            96ms
  cloudfoundry_space.space_18                                            91ms
  cloudfoundry_space.space_19                                            122ms
  cloudfoundry_space.space_2                                             92ms
  cloudfoundry_space.space_20                                            94ms
  cloudfoundry_space.space_3                                             137ms
  cloudfoundry_space.space_4                                             90ms
  cloudfoundry_space.space_5                                             97ms
  cloudfoundry_space.space_6                                             97ms
  cloudfoundry_space.space_7                                             120ms
  cloudfoundry_space.space_8                                             127ms
  cloudfoundry_space.space_9                                             156ms
  scc_subaccount.subaccount_1                                            595ms
  scc_subaccount.subaccount_10                                           575ms
  scc_subaccount.subaccount_2                                            584ms
  scc_subaccount.subaccount_3                                            582ms
  scc_subaccount.subaccount_4                                            479ms
  scc_subaccount.subaccount_5                                            674ms
  scc_subaccount.subaccount_6                                            5635ms
  scc_subaccount.subaccount_7                                            574ms
  scc_subaccount.subaccount_8                                            574ms
  scc_subaccount.subaccount_9                                            497ms
  scc_system_mapping.system_1                                            105ms
  scc_system_mapping.system_10                                           57ms
  scc_system_mapping.system_11                                           69ms
  scc_system_mapping.system_12                                           111ms
  scc_system_mapping.system_13                                           158ms
  scc_system_mapping.system_14                                           158ms
  scc_system_mapping.system_15                                           59ms
  scc_system_mapping.system_16                                           109ms
  scc_system_mapping.system_17                                           116ms
  scc_system_mapping.system_18                                           105ms
  scc_system_mapping.system_19                                           68ms
  scc_system_mapping.system_2                                            79ms
  scc_system_mapping.system_20                                           53ms
  scc_system_mapping.system_3                                            54ms
  scc_system_mapping.system_4                                            108ms
  scc_system_mapping.system_5                                            148ms
  scc_system_mapping.system_6                                            110ms
  scc_system_mapping.system_7                                            121ms
  scc_system_mapping.system_8                                            163ms
  scc_system_mapping.system_9                                            55ms
  scc_system_mapping_resource.resource_1                                 54ms
  scc_system_mapping_resource.resource_10                                55ms
  scc_system_mapping_resource.resource_11                                50ms
  scc_system_mapping_resource.resource_12                                56ms
  scc_system_mapping_resource.resource_13                                98ms
  scc_system_mapping_resource.resource_14                                51ms
  scc_system_mapping_resource.resource_15                                59ms
  scc_system_mapping_resource.resource_16                                76ms
  scc_system_mapping_resource.resource_17                                232ms
  scc_system_mapping_resource.resource_18                                242ms
  scc_system_mapping_resource.resource_19                                163ms
  scc_system_mapping_resource.resource_2                                 72ms
  scc_system_mapping_resource.resource_20                                236ms
  scc_system_mapping_resource.resource_21                                56ms
  scc_system_mapping_resource.resource_22                                53ms
  scc_system_mapping_resource.resource_23                                83ms
  scc_system_mapping_resource.resource_24                                60ms
  scc_system_mapping_resource.resource_25                                55ms
  scc_system_mapping_resource.resource_26                                72ms
  scc_system_mapping_resource.resource_27                                69ms
  scc_system_mapping_resource.resource_28                                60ms
  scc_system_mapping_resource.resource_29                                61ms
  scc_system_mapping_resource.resource_3                                 57ms
  scc_system_mapping_resource.resource_30                                53ms
  scc_system_mapping_resource.resource_31                                53ms
  scc_system_mapping_resource.resource_32                                53ms
  scc_system_mapping_resource.resource_33                                52ms
  scc_system_mapping_resource.resource_34                                61ms
  scc_system_mapping_resource.resource_35                                58ms
  scc_system_mapping_resource.resource_36                                59ms
  scc_system_mapping_resource.resource_37                                52ms
  scc_system_mapping_resource.resource_38                                55ms
  scc_system_mapping_resource.resource_39                                54ms
  scc_system_mapping_resource.resource_4                                 62ms
  scc_system_mapping_resource.resource_40                                57ms
  scc_system_mapping_resource.resource_5                                 56ms
  scc_system_mapping_resource.resource_6                                 57ms
  scc_system_mapping_resource.resource_7                                 55ms
  scc_system_mapping_resource.resource_8                                 59ms
  scc_system_mapping_resource.resource_9                                 54ms
  sci_application.app_1                                                  125ms
  sci_application.app_10                                                 135ms
  sci_application.app_11                                                 122ms
  sci_application.app_12                                                 116ms
  sci_application.app_13                                                 198ms
  sci_application.app_14                                                 130ms
  sci_application.app_15                                                 123ms
  sci_application.app_16                                                 116ms
  sci_application.app_17                                                 126ms
  sci_application.app_18                                                 219ms
  sci_application.app_19                                                 129ms
  sci_application.app_2                                                  107ms
  sci_application.app_20                                                 138ms
  sci_application.app_3                                                  133ms
  sci_application.app_4                                                  134ms
  sci_application.app_5                                                  135ms
  sci_application.app_6                                                  126ms
  sci_application.app_7                                                  137ms
  sci_application.app_8                                                  128ms
  sci_application.app_9                                                  127ms
  sci_group_base.group_1                                                 99ms
  sci_group_base.group_10                                                95ms
  sci_group_base.group_11                                                93ms
  sci_group_base.group_12                                                98ms
  sci_group_base.group_13                                                127ms
  sci_group_base.group_14                                                188ms
  sci_group_base.group_15                                                87ms
  sci_group_base.group_16                                                91ms
  sci_group_base.group_17                                                83ms
  sci_group_base.group_18                                                91ms
  sci_group_base.group_19                                                88ms
  sci_group_base.group_2                                                 107ms
  sci_group_base.group_20                                                97ms
  sci_group_base.group_21                                                84ms
  sci_group_base.group_22                                                84ms
  sci_group_base.group_23                                                106ms
  sci_group_base.group_24                                                91ms
  sci_group_base.group_25                                                92ms
  sci_group_base.group_26                                                96ms
  sci_group_base.group_27                                                98ms
  sci_group_base.group_28                                                119ms
  sci_group_base.group_29                                                83ms
  sci_group_base.group_3                                                 111ms
  sci_group_base.group_30                                                101ms
  sci_group_base.group_4                                                 79ms
  sci_group_base.group_5                                                 93ms
  sci_group_base.group_6                                                 96ms
  sci_group_base.group_7                                                 88ms
  sci_group_base.group_8                                                 87ms
  sci_group_base.group_9                                                 84ms
  sci_user.user_1                                                        80ms
  sci_user.user_10                                                       93ms
  sci_user.user_11                                                       92ms
  sci_user.user_12                                                       123ms
  sci_user.user_13                                                       88ms
  sci_user.user_14                                                       87ms
  sci_user.user_15                                                       104ms
  sci_user.user_16                                                       91ms
  sci_user.user_17                                                       167ms
  sci_user.user_18                                                       85ms
  sci_user.user_19                                                       83ms
  sci_user.user_2                                                        89ms
  sci_user.user_20                                                       85ms
  sci_user.user_21                                                       83ms
  sci_user.user_22                                                       96ms
  sci_user.user_23                                                       177ms
  sci_user.user_24                                                       83ms
  sci_user.user_25                                                       80ms
  sci_user.user_26                                                       79ms
  sci_user.user_27                                                       108ms
  sci_user.user_28                                                       79ms
  sci_user.user_29                                                       78ms
  sci_user.user_3                                                        88ms
  sci_user.user_30                                                       91ms
  sci_user.user_31                                                       85ms
  sci_user.user_32                                                       92ms
  sci_user.user_33                                                       88ms
  sci_user.user_34                                                       84ms
  sci_user.user_35                                                       87ms
  sci_user.user_36                                                       106ms
  sci_user.user_37                                                       80ms
  sci_user.user_38                                                       86ms
  sci_user.user_39                                                       80ms
  sci_user.user_4                                                        94ms
  sci_user.user_40                                                       81ms
  sci_user.user_41                                                       132ms
  sci_user.user_42                                                       170ms
  sci_user.user_43                                                       101ms
  sci_user.user_44                                                       162ms
  sci_user.user_45                                                       109ms
  sci_user.user_46                                                       104ms
  sci_user.user_47                                                       106ms
  sci_user.user_48                                                       167ms
  sci_user.user_49                                                       81ms
  sci_user.user_5                                                        86ms
  sci_user.user_50                                                       88ms
  sci_user.user_6                                                        85ms
  sci_user.user_7                                                        87ms
  sci_user.user_8                                                        84ms
  sci_user.user_9                                                        89ms


Final results:
-------                                               ------------    -----------    -----------
Element                                               Average (ms)   Minimum (ms)   Maximum (ms)
btp_directory.directory_1                                   954.20            689           1175
btp_directory.directory_10                                  957.70            759           1168
btp_directory.directory_2                                   992.00            769           1210
btp_directory.directory_3                                   909.30            727           1110
btp_directory.directory_4                                  1039.30            892           1194
btp_directory.directory_5                                  1011.60            755           1208
btp_directory.directory_6                                  1018.70            882           1148
btp_directory.directory_7                                   987.00            779           1172
btp_directory.directory_8                                   913.20            753           1112
btp_directory.directory_9                                   957.50            828           1132
btp_subaccount.subaccount_1                                 510.50            471            556
btp_subaccount.subaccount_10                                507.40            485            554
btp_subaccount.subaccount_2                                 496.20            457            531
btp_subaccount.subaccount_3                                 519.60            484            557
btp_subaccount.subaccount_4                                 625.90            461           1827
btp_subaccount.subaccount_5                                 503.40            460            530
btp_subaccount.subaccount_6                                 496.80            477            525
btp_subaccount.subaccount_7                                 509.40            473            553
btp_subaccount.subaccount_8                                 508.20            481            525
btp_subaccount.subaccount_9                                 507.00            475            541
btp_subaccount_destination_generic.destination_1           2799.00            169           6507
btp_subaccount_destination_generic.destination_10          2734.10            574           6347
btp_subaccount_destination_generic.destination_11          2035.10            482           7736
btp_subaccount_destination_generic.destination_12          3597.80            889          10902
btp_subaccount_destination_generic.destination_13          2500.20            874           7882
btp_subaccount_destination_generic.destination_14          1799.00            531           6442
btp_subaccount_destination_generic.destination_15          1262.30            308           1841
btp_subaccount_destination_generic.destination_16          1496.50            397           5297
btp_subaccount_destination_generic.destination_17          1539.50            409           4593
btp_subaccount_destination_generic.destination_18          1797.10            375           5674
btp_subaccount_destination_generic.destination_19          1963.40            605           6959
btp_subaccount_destination_generic.destination_2           1715.20            623           6271
btp_subaccount_destination_generic.destination_20          2845.00            801          11082
btp_subaccount_destination_generic.destination_3           2354.20            479           7278
btp_subaccount_destination_generic.destination_4           1521.20            547           3938
btp_subaccount_destination_generic.destination_5           1825.30            421           6374
btp_subaccount_destination_generic.destination_6           1045.30            459           2595
btp_subaccount_destination_generic.destination_7           1318.10            377           3262
btp_subaccount_destination_generic.destination_8           1439.40            461           5908
btp_subaccount_destination_generic.destination_9           2164.50            735           7167
btp_subaccount_entitlement.entitlement_1                  15936.00          12066          21433
btp_subaccount_entitlement.entitlement_10                 15839.60          12210          25394
btp_subaccount_entitlement.entitlement_11                 15360.90          12639          23329
btp_subaccount_entitlement.entitlement_12                 15752.70          12898          22744
btp_subaccount_entitlement.entitlement_13                 15431.20          12480          19923
btp_subaccount_entitlement.entitlement_14                 15516.10          11442          20807
btp_subaccount_entitlement.entitlement_15                 14640.80          11952          17320
btp_subaccount_entitlement.entitlement_16                 14592.40          12278          18340
btp_subaccount_entitlement.entitlement_17                 17186.20          14564          20431
btp_subaccount_entitlement.entitlement_18                 17428.80          13585          23369
btp_subaccount_entitlement.entitlement_19                 17320.20          13523          25401
btp_subaccount_entitlement.entitlement_2                  15555.70          11791          20337
btp_subaccount_entitlement.entitlement_20                 17227.60          13082          23470
btp_subaccount_entitlement.entitlement_21                 18293.10          12948          29906
btp_subaccount_entitlement.entitlement_22                 16577.80          11858          25646
btp_subaccount_entitlement.entitlement_23                 16651.80          14121          22220
btp_subaccount_entitlement.entitlement_24                 18814.20          12645          25167
btp_subaccount_entitlement.entitlement_25                 19181.20          13799          25396
btp_subaccount_entitlement.entitlement_26                 19200.80          13755          28952
btp_subaccount_entitlement.entitlement_27                 19834.30          14135          27192
btp_subaccount_entitlement.entitlement_28                 19551.60          13765          28898
btp_subaccount_entitlement.entitlement_29                 18298.50          12341          33285
btp_subaccount_entitlement.entitlement_3                  16916.90          12351          21939
btp_subaccount_entitlement.entitlement_30                 15635.50          11896          21879
btp_subaccount_entitlement.entitlement_31                 16662.30          12723          27310
btp_subaccount_entitlement.entitlement_32                 16950.10          11955          24055
btp_subaccount_entitlement.entitlement_33                 17405.80          13410          24267
btp_subaccount_entitlement.entitlement_34                 16863.20          13319          22855
btp_subaccount_entitlement.entitlement_35                 17573.10          12309          22880
btp_subaccount_entitlement.entitlement_36                 18283.70          13264          23241
btp_subaccount_entitlement.entitlement_37                 19035.90          14252          29119
btp_subaccount_entitlement.entitlement_38                 18304.60          13440          24178
btp_subaccount_entitlement.entitlement_39                 19342.80          12701          34668
btp_subaccount_entitlement.entitlement_4                  16320.60          12028          21246
btp_subaccount_entitlement.entitlement_40                 19750.10          12941          29168
btp_subaccount_entitlement.entitlement_5                  19686.70          13885          28769
btp_subaccount_entitlement.entitlement_6                  19963.90          13802          28463
btp_subaccount_entitlement.entitlement_7                  18130.00          13651          23250
btp_subaccount_entitlement.entitlement_8                  18445.50          13663          26525
btp_subaccount_entitlement.entitlement_9                  15546.50          12897          19845
btp_subaccount_environment_instance.cloudfoundry_1         1929.40            644           6405
btp_subaccount_environment_instance.cloudfoundry_10        2888.40           1052           6878
btp_subaccount_environment_instance.cloudfoundry_2         1825.10            399           6034
btp_subaccount_environment_instance.cloudfoundry_3         2035.60            579          11473
btp_subaccount_environment_instance.cloudfoundry_4         1936.30            726           6335
btp_subaccount_environment_instance.cloudfoundry_5         2506.10            418           7198
btp_subaccount_environment_instance.cloudfoundry_6         2234.50            555           6353
btp_subaccount_environment_instance.cloudfoundry_7         2799.70           1078           9216
btp_subaccount_environment_instance.cloudfoundry_8         2576.50            364          10856
btp_subaccount_environment_instance.cloudfoundry_9         1820.90            566           6386
btp_subaccount_role.role_1                                 1829.90            486           6429
btp_subaccount_role.role_10                                2338.10            601           5918
btp_subaccount_role.role_11                                1741.20            501           5931
btp_subaccount_role.role_12                                2080.10            487           6073
btp_subaccount_role.role_13                                3539.60            630           9304
btp_subaccount_role.role_14                                2570.00            542           6731
btp_subaccount_role.role_15                                1376.40            497           4342
btp_subaccount_role.role_16                                1235.70            720           1688
btp_subaccount_role.role_17                                2613.30            490           6531
btp_subaccount_role.role_18                                1803.90            366           6096
btp_subaccount_role.role_19                                2384.30            974           6670
btp_subaccount_role.role_2                                 2308.50            658           6456
btp_subaccount_role.role_20                                3237.40            757          11013
btp_subaccount_role.role_3                                 2662.10            373           6483
btp_subaccount_role.role_4                                 4015.10            412          10039
btp_subaccount_role.role_5                                 1516.10            449           7030
btp_subaccount_role.role_6                                 1922.50            249           5940
btp_subaccount_role.role_7                                  875.10            223           1608
btp_subaccount_role.role_8                                 2016.40            442           6060
btp_subaccount_role.role_9                                 1283.40            664           2231
btp_subaccount_role_collection.collection_1                2445.40            752           6557
btp_subaccount_role_collection.collection_10               1960.30            322           6021
btp_subaccount_role_collection.collection_11               1555.40            514           5426
btp_subaccount_role_collection.collection_12               1601.20            520           6216
btp_subaccount_role_collection.collection_13               2508.50            877           6495
btp_subaccount_role_collection.collection_14               2869.40            712          10367
btp_subaccount_role_collection.collection_15               4398.90            866          11796
btp_subaccount_role_collection.collection_16               2180.50            508           5885
btp_subaccount_role_collection.collection_17               1840.90            364           5416
btp_subaccount_role_collection.collection_18               2028.80            908           5437
btp_subaccount_role_collection.collection_19               2602.10            608           6653
btp_subaccount_role_collection.collection_2                1257.10            498           1984
btp_subaccount_role_collection.collection_20               2196.30            857           7248
btp_subaccount_role_collection.collection_21               2370.90            658           7938
btp_subaccount_role_collection.collection_22               2115.20            185           7230
btp_subaccount_role_collection.collection_23               1549.80            213           5280
btp_subaccount_role_collection.collection_24               1840.30            441           6473
btp_subaccount_role_collection.collection_25               3093.00            259          11027
btp_subaccount_role_collection.collection_26               2108.10            386           6555
btp_subaccount_role_collection.collection_27               2141.10            662           6949
btp_subaccount_role_collection.collection_28               1552.70            358           5906
btp_subaccount_role_collection.collection_29               2854.00            702           6755
btp_subaccount_role_collection.collection_3                1463.10            479           3071
btp_subaccount_role_collection.collection_30               2538.60            964          10861
btp_subaccount_role_collection.collection_4                2167.10            174           6575
btp_subaccount_role_collection.collection_5                2059.20            333           6547
btp_subaccount_role_collection.collection_6                2975.30            182           7010
btp_subaccount_role_collection.collection_7                1280.90            789           2397
btp_subaccount_role_collection.collection_8                 859.20            255           2061
btp_subaccount_role_collection.collection_9                1091.70            368           2367
btp_subaccount_service_instance.instance_1                 6760.30           3643          13620
btp_subaccount_service_instance.instance_10                8214.70           3140          12080
btp_subaccount_service_instance.instance_11                9050.70           2651          19532
btp_subaccount_service_instance.instance_12                6892.00           2012          13861
btp_subaccount_service_instance.instance_13                7674.00           2511          14720
btp_subaccount_service_instance.instance_14                6247.00           2482          18831
btp_subaccount_service_instance.instance_15                6641.50           2180          13865
btp_subaccount_service_instance.instance_16                6140.20           2479          10406
btp_subaccount_service_instance.instance_17                7072.30           1031          15366
btp_subaccount_service_instance.instance_18                5645.70           1612          10875
btp_subaccount_service_instance.instance_19                6967.50           1211          13601
btp_subaccount_service_instance.instance_2                 5910.70           2044          10314
btp_subaccount_service_instance.instance_20                9113.90           1110          23604
btp_subaccount_service_instance.instance_3                 9232.90            773          19365
btp_subaccount_service_instance.instance_4                 9349.60           2416          20739
btp_subaccount_service_instance.instance_5                 5466.40           1499          11613
btp_subaccount_service_instance.instance_6                 6237.50           1543          13169
btp_subaccount_service_instance.instance_7                 4308.70           1599           8072
btp_subaccount_service_instance.instance_8                 5274.80           1607           8256
btp_subaccount_service_instance.instance_9                 8649.10           2206          15774
btp_subaccount_subscription.subscription_1                 4077.40            833           7179
btp_subaccount_subscription.subscription_10                3387.30           1271           8188
btp_subaccount_subscription.subscription_11                3415.80           1204           7573
btp_subaccount_subscription.subscription_12                3959.10           1225          11759
btp_subaccount_subscription.subscription_13                6171.20           1826          13511
btp_subaccount_subscription.subscription_14                6714.30           2331          14596
btp_subaccount_subscription.subscription_15                5357.70           1674           8856
btp_subaccount_subscription.subscription_16                5906.80           1494          13538
btp_subaccount_subscription.subscription_17                5060.60           2617           9424
btp_subaccount_subscription.subscription_18                3476.50           1121           7976
btp_subaccount_subscription.subscription_19                7248.10           2019          17385
btp_subaccount_subscription.subscription_2                 3736.60           2097           7800
btp_subaccount_subscription.subscription_20                7252.10           1888          17200
btp_subaccount_subscription.subscription_21                4269.90           1238           9663
btp_subaccount_subscription.subscription_22                3864.30            908          11903
btp_subaccount_subscription.subscription_23                3772.90           1304          12602
btp_subaccount_subscription.subscription_24                4664.10           1506          12944
btp_subaccount_subscription.subscription_25                3266.70           1087           7697
btp_subaccount_subscription.subscription_26                5086.30           1091          11844
btp_subaccount_subscription.subscription_27                4410.30            776          12970
btp_subaccount_subscription.subscription_28                6103.40           2006          22328
btp_subaccount_subscription.subscription_29                5744.60           1710          17986
btp_subaccount_subscription.subscription_3                 4645.20           1982           9037
btp_subaccount_subscription.subscription_30                7516.60           1505          22310
btp_subaccount_subscription.subscription_4                 7320.80           1589          14110
btp_subaccount_subscription.subscription_5                 6845.40           2007          13649
btp_subaccount_subscription.subscription_6                 6261.40            678          17850
btp_subaccount_subscription.subscription_7                 4456.60           1102          12105
btp_subaccount_subscription.subscription_8                 3503.00            961          12152
btp_subaccount_subscription.subscription_9                 4585.90           1012          14476
btp_subaccount_trust_configuration.trust_1                 1526.90            496           5756
btp_subaccount_trust_configuration.trust_10                2396.40            685           6718
btp_subaccount_trust_configuration.trust_2                 3085.40            470           7630
btp_subaccount_trust_configuration.trust_3                 1904.10            461          11067
btp_subaccount_trust_configuration.trust_4                 1691.50            419           6150
btp_subaccount_trust_configuration.trust_5                 3412.60            961          11535
btp_subaccount_trust_configuration.trust_6                 2121.40            370           6873
btp_subaccount_trust_configuration.trust_7                 2756.10           1049           6446
btp_subaccount_trust_configuration.trust_8                 1485.30            224           4500
btp_subaccount_trust_configuration.trust_9                 1976.00            509           6459
cloudfoundry_service_instance.instance_1                     46.70             35             75
cloudfoundry_service_instance.instance_10                    42.00             34             58
cloudfoundry_service_instance.instance_11                    46.00             33             73
cloudfoundry_service_instance.instance_12                    38.50             34             44
cloudfoundry_service_instance.instance_13                    41.50             34             50
cloudfoundry_service_instance.instance_14                    38.30             33             46
cloudfoundry_service_instance.instance_15                    41.80             33             52
cloudfoundry_service_instance.instance_16                    48.00             36             69
cloudfoundry_service_instance.instance_17                    47.30             34             65
cloudfoundry_service_instance.instance_18                    45.00             33             68
cloudfoundry_service_instance.instance_19                    45.30             33             67
cloudfoundry_service_instance.instance_2                     45.60             36             62
cloudfoundry_service_instance.instance_20                    39.80             34             47
cloudfoundry_service_instance.instance_21                    47.20             38             64
cloudfoundry_service_instance.instance_22                    42.60             32             63
cloudfoundry_service_instance.instance_23                    39.30             34             49
cloudfoundry_service_instance.instance_24                    46.80             35             64
cloudfoundry_service_instance.instance_25                    42.80             35             49
cloudfoundry_service_instance.instance_26                    43.30             36             51
cloudfoundry_service_instance.instance_27                    47.90             34             73
cloudfoundry_service_instance.instance_28                    48.00             33             77
cloudfoundry_service_instance.instance_29                    46.30             33             74
cloudfoundry_service_instance.instance_3                     45.50             34             78
cloudfoundry_service_instance.instance_30                    40.40             33             56
cloudfoundry_service_instance.instance_31                    47.60             34             78
cloudfoundry_service_instance.instance_32                    43.80             34             57
cloudfoundry_service_instance.instance_33                    43.50             37             55
cloudfoundry_service_instance.instance_34                    39.60             34             50
cloudfoundry_service_instance.instance_35                    43.00             36             52
cloudfoundry_service_instance.instance_36                    42.70             33             65
cloudfoundry_service_instance.instance_37                    47.40             38             73
cloudfoundry_service_instance.instance_38                    47.40             34             74
cloudfoundry_service_instance.instance_39                    49.10             37             70
cloudfoundry_service_instance.instance_4                     41.70             34             51
cloudfoundry_service_instance.instance_40                    46.20             35             66
cloudfoundry_service_instance.instance_5                     41.90             33             55
cloudfoundry_service_instance.instance_6                     42.80             33             60
cloudfoundry_service_instance.instance_7                     41.30             32             58
cloudfoundry_service_instance.instance_8                     43.90             35             57
cloudfoundry_service_instance.instance_9                     41.10             33             65
cloudfoundry_space.space_1                                  112.30             83            173
cloudfoundry_space.space_10                                 116.50             89            187
cloudfoundry_space.space_11                                  98.50             87            111
cloudfoundry_space.space_12                                 100.20             88            122
cloudfoundry_space.space_13                                 108.80             89            135
cloudfoundry_space.space_14                                 107.60             88            136
cloudfoundry_space.space_15                                 113.90             92            157
cloudfoundry_space.space_16                                 114.20             93            157
cloudfoundry_space.space_17                                 102.20             85            135
cloudfoundry_space.space_18                                 100.40             91            127
cloudfoundry_space.space_19                                 114.60             91            166
cloudfoundry_space.space_2                                  118.30             92            190
cloudfoundry_space.space_20                                 104.20             87            151
cloudfoundry_space.space_3                                  113.00             87            145
cloudfoundry_space.space_4                                  113.20             89            154
cloudfoundry_space.space_5                                  121.30             87            187
cloudfoundry_space.space_6                                   97.60             89            112
cloudfoundry_space.space_7                                  111.50             83            147
cloudfoundry_space.space_8                                  110.20             92            127
cloudfoundry_space.space_9                                  115.00             90            156
scc_subaccount.subaccount_1                                1611.70            471           5695
scc_subaccount.subaccount_10                               1070.80            531           4852
scc_subaccount.subaccount_2                                2331.30            491           6974
scc_subaccount.subaccount_3                                1574.20            485           5668
scc_subaccount.subaccount_4                                1092.10            479           5736
scc_subaccount.subaccount_5                                2778.60            462          12253
scc_subaccount.subaccount_6                                1103.40            552           5635
scc_subaccount.subaccount_7                                1601.10            504           5606
scc_subaccount.subaccount_8                                1785.60            492           6413
scc_subaccount.subaccount_9                                1560.90            480           5647
scc_system_mapping.system_1                                  75.70             53            128
scc_system_mapping.system_10                                107.40             52            309
scc_system_mapping.system_11                                 69.20             54            106
scc_system_mapping.system_12                                 83.50             53            134
scc_system_mapping.system_13                                 92.50             52            208
scc_system_mapping.system_14                                 95.40             53            180
scc_system_mapping.system_15                                 66.40             52            106
scc_system_mapping.system_16                                 75.50             52            111
scc_system_mapping.system_17                                 85.00             53            164
scc_system_mapping.system_18                                 87.40             53            187
scc_system_mapping.system_19                                 66.90             52            101
scc_system_mapping.system_2                                  66.90             52            106
scc_system_mapping.system_20                                 84.80             53            244
scc_system_mapping.system_3                                  79.70             52            160
scc_system_mapping.system_4                                  81.20             53            140
scc_system_mapping.system_5                                  82.40             53            162
scc_system_mapping.system_6                                  75.60             53            166
scc_system_mapping.system_7                                  87.40             52            134
scc_system_mapping.system_8                                  87.10             52            163
scc_system_mapping.system_9                                  95.60             53            289
scc_system_mapping_resource.resource_1                       83.80             52            168
scc_system_mapping_resource.resource_10                      67.40             50            139
scc_system_mapping_resource.resource_11                      74.50             50            143
scc_system_mapping_resource.resource_12                      70.30             53            100
scc_system_mapping_resource.resource_13                      67.40             53            107
scc_system_mapping_resource.resource_14                      65.60             51            107
scc_system_mapping_resource.resource_15                      56.90             51             61
scc_system_mapping_resource.resource_16                      60.00             52             87
scc_system_mapping_resource.resource_17                      94.80             51            232
scc_system_mapping_resource.resource_18                      95.50             52            242
scc_system_mapping_resource.resource_19                      85.00             52            163
scc_system_mapping_resource.resource_2                       76.90             50            166
scc_system_mapping_resource.resource_20                      95.90             53            236
scc_system_mapping_resource.resource_21                      61.20             52             89
scc_system_mapping_resource.resource_22                      61.30             52             90
scc_system_mapping_resource.resource_23                      67.90             51            112
scc_system_mapping_resource.resource_24                      60.60             53             90
scc_system_mapping_resource.resource_25                      58.70             50            102
scc_system_mapping_resource.resource_26                      71.70             56             94
scc_system_mapping_resource.resource_27                      60.20             52             69
scc_system_mapping_resource.resource_28                      64.30             52             92
scc_system_mapping_resource.resource_29                      78.50             51            260
scc_system_mapping_resource.resource_3                       85.70             51            213
scc_system_mapping_resource.resource_30                      79.70             53            225
scc_system_mapping_resource.resource_31                      70.30             53            154
scc_system_mapping_resource.resource_32                      82.10             53            206
scc_system_mapping_resource.resource_33                      59.10             52             82
scc_system_mapping_resource.resource_34                      61.70             52             86
scc_system_mapping_resource.resource_35                      65.90             54             90
scc_system_mapping_resource.resource_36                      64.00             53             98
scc_system_mapping_resource.resource_37                      59.70             50             76
scc_system_mapping_resource.resource_38                      62.80             51             97
scc_system_mapping_resource.resource_39                      70.00             53            117
scc_system_mapping_resource.resource_4                       89.50             53            227
scc_system_mapping_resource.resource_40                      68.10             53            117
scc_system_mapping_resource.resource_5                       74.30             55            122
scc_system_mapping_resource.resource_6                       75.10             53            190
scc_system_mapping_resource.resource_7                       81.80             53            160
scc_system_mapping_resource.resource_8                       75.00             53            178
scc_system_mapping_resource.resource_9                       74.10             53            136
sci_application.app_1                                       132.00            111            205
sci_application.app_10                                      138.30            114            256
sci_application.app_11                                      135.30            116            221
sci_application.app_12                                      124.00            107            154
sci_application.app_13                                      139.20            111            198
sci_application.app_14                                      131.20            114            198
sci_application.app_15                                      124.30            103            144
sci_application.app_16                                      130.50            114            176
sci_application.app_17                                      118.70            102            134
sci_application.app_18                                      137.80            106            219
sci_application.app_19                                      129.80            116            191
sci_application.app_2                                       127.00            107            140
sci_application.app_20                                      153.40            114            351
sci_application.app_3                                       133.70            109            232
sci_application.app_4                                       124.20            113            134
sci_application.app_5                                       128.20            104            205
sci_application.app_6                                       128.90            115            172
sci_application.app_7                                       149.80            110            220
sci_application.app_8                                       133.70            108            200
sci_application.app_9                                       130.30            110            172
sci_group_base.group_1                                       93.10             86             99
sci_group_base.group_10                                      95.10             79            148
sci_group_base.group_11                                      98.60             84            132
sci_group_base.group_12                                     105.50             82            189
sci_group_base.group_13                                     111.70             82            200
sci_group_base.group_14                                     105.20             86            188
sci_group_base.group_15                                      92.70             86            104
sci_group_base.group_16                                     102.50             75            159
sci_group_base.group_17                                     100.60             83            173
sci_group_base.group_18                                      91.50             86             99
sci_group_base.group_19                                      99.70             83            127
sci_group_base.group_2                                      108.40             89            167
sci_group_base.group_20                                      92.80             80            111
sci_group_base.group_21                                      96.70             84            129
sci_group_base.group_22                                      93.50             84            107
sci_group_base.group_23                                      99.90             87            136
sci_group_base.group_24                                     108.60             85            176
sci_group_base.group_25                                      96.40             83            153
sci_group_base.group_26                                     103.90             84            188
sci_group_base.group_27                                      96.50             85            152
sci_group_base.group_28                                     114.00             84            301
sci_group_base.group_29                                      90.60             83             97
sci_group_base.group_3                                       92.80             82            111
sci_group_base.group_30                                      91.90             83            104
sci_group_base.group_4                                       95.80             79            133
sci_group_base.group_5                                      102.40             81            165
sci_group_base.group_6                                      107.20             81            178
sci_group_base.group_7                                       92.80             88            100
sci_group_base.group_8                                       90.70             84             99
sci_group_base.group_9                                       92.40             84             97
sci_user.user_1                                              89.00             80             97
sci_user.user_10                                            113.10             79            304
sci_user.user_11                                            104.20             80            248
sci_user.user_12                                            112.00             86            221
sci_user.user_13                                            101.90             79            172
sci_user.user_14                                            104.20             80            184
sci_user.user_15                                             90.80             82            104
sci_user.user_16                                            103.10             82            157
sci_user.user_17                                             97.00             76            167
sci_user.user_18                                             95.60             78            161
sci_user.user_19                                             85.80             76             97
sci_user.user_2                                             103.80             78            173
sci_user.user_20                                             90.80             80            126
sci_user.user_21                                             95.40             82            174
sci_user.user_22                                             86.70             79             96
sci_user.user_23                                             99.70             84            177
sci_user.user_24                                             88.40             76            122
sci_user.user_25                                             88.20             80            110
sci_user.user_26                                            110.60             79            146
sci_user.user_27                                            106.40             80            201
sci_user.user_28                                             95.80             73            180
sci_user.user_29                                             92.80             78            117
sci_user.user_3                                              96.30             78            193
sci_user.user_30                                            117.90             83            301
sci_user.user_31                                            101.80             78            164
sci_user.user_32                                             95.40             81            159
sci_user.user_33                                             89.50             81            126
sci_user.user_34                                             99.30             84            155
sci_user.user_35                                             88.00             80             99
sci_user.user_36                                            109.20             81            201
sci_user.user_37                                            104.90             80            189
sci_user.user_38                                             99.90             78            161
sci_user.user_39                                             99.40             78            193
sci_user.user_4                                              92.90             80            108
sci_user.user_40                                             89.40             81            116
sci_user.user_41                                            104.60             79            200
sci_user.user_42                                            133.60             76            288
sci_user.user_43                                             85.80             78            101
sci_user.user_44                                            101.90             80            162
sci_user.user_45                                             94.00             84            125
sci_user.user_46                                             92.70             79            110
sci_user.user_47                                             90.00             80            106
sci_user.user_48                                            100.10             75            167
sci_user.user_49                                             99.10             81            179
sci_user.user_5                                              98.70             81            168
sci_user.user_50                                            123.10             86            312
sci_user.user_6                                             114.00             78            223
sci_user.user_7                                              95.60             80            181
sci_user.user_8                                              89.90             84            106
sci_user.user_9                                              91.20             81            108

Grouped results:
-------                                 ------------    -----------    -----------
Element                                 Average (ms)   Minimum (ms)   Maximum (ms)
btp_directory.*                               974.05            689           1210
btp_subaccount.*                              518.44            457           1827
btp_subaccount_destination_generic.*         1987.61            169          11082
btp_subaccount_entitlement.*                17375.22          11442          34668
btp_subaccount_environment_instance.*        2255.25            364          11473
btp_subaccount_role.*                        2167.45            223          11013
btp_subaccount_role_collection.*             2116.83            174          11796
btp_subaccount_service_instance.*            7042.48            773          23604
btp_subaccount_subscription.*                5069.36            678          22328
btp_subaccount_trust_configuration.*         2235.57            224          11535
cloudfoundry_service_instance.*                43.97             32             78
cloudfoundry_space.*                          109.67             83            190
scc_subaccount.*                             1650.97            462          12253
scc_system_mapping.*                           82.28             52            309
scc_system_mapping_resource.*                  71.93             50            260
sci_application.*                             132.51            102            351
sci_group_base.*                               98.78             75            301
sci_user.*                                     99.07             73            312

Total wall-clock time: 1307.319661s
Average wall-clock time: 130.731966s
Minimum wall-clock time: 103.528855s
Maximum wall-clock time: 148.243462s
Total Ressources: 430
