Running terraform plan -refresh-only 3 time(s)
Using Terraform parallelism: 5

Run 1/3:
  Total run time: 610.726626s
  btp_directory.directory_1                                              1389ms
  btp_directory.directory_10                                             1261ms
  btp_directory.directory_11                                             113ms
  btp_directory.directory_12                                             104ms
  btp_directory.directory_13                                             111ms
  btp_directory.directory_14                                             965ms
  btp_directory.directory_15                                             331ms
  btp_directory.directory_16                                             120ms
  btp_directory.directory_17                                             115ms
  btp_directory.directory_18                                             885ms
  btp_directory.directory_19                                             1281ms
  btp_directory.directory_2                                              125ms
  btp_directory.directory_20                                             1559ms
  btp_directory.directory_21                                             567ms
  btp_directory.directory_22                                             103ms
  btp_directory.directory_23                                             119ms
  btp_directory.directory_24                                             1520ms
  btp_directory.directory_25                                             471ms
  btp_directory.directory_26                                             294ms
  btp_directory.directory_27                                             790ms
  btp_directory.directory_28                                             979ms
  btp_directory.directory_29                                             109ms
  btp_directory.directory_3                                              102ms
  btp_directory.directory_30                                             1187ms
  btp_directory.directory_31                                             101ms
  btp_directory.directory_32                                             193ms
  btp_directory.directory_33                                             732ms
  btp_directory.directory_34                                             465ms
  btp_directory.directory_35                                             744ms
  btp_directory.directory_36                                             2323ms
  btp_directory.directory_37                                             1231ms
  btp_directory.directory_38                                             115ms
  btp_directory.directory_39                                             337ms
  btp_directory.directory_4                                              103ms
  btp_directory.directory_40                                             114ms
  btp_directory.directory_41                                             1194ms
  btp_directory.directory_42                                             393ms
  btp_directory.directory_43                                             205ms
  btp_directory.directory_44                                             138ms
  btp_directory.directory_45                                             787ms
  btp_directory.directory_46                                             103ms
  btp_directory.directory_47                                             501ms
  btp_directory.directory_48                                             102ms
  btp_directory.directory_49                                             112ms
  btp_directory.directory_5                                              118ms
  btp_directory.directory_50                                             109ms
  btp_directory.directory_6                                              679ms
  btp_directory.directory_7                                              117ms
  btp_directory.directory_8                                              146ms
  btp_directory.directory_9                                              1078ms
  btp_subaccount.subaccount_1                                            89ms
  btp_subaccount.subaccount_10                                           960ms
  btp_subaccount.subaccount_11                                           52ms
  btp_subaccount.subaccount_12                                           57ms
  btp_subaccount.subaccount_13                                           219ms
  btp_subaccount.subaccount_14                                           610ms
  btp_subaccount.subaccount_15                                           904ms
  btp_subaccount.subaccount_16                                           583ms
  btp_subaccount.subaccount_17                                           56ms
  btp_subaccount.subaccount_18                                           59ms
  btp_subaccount.subaccount_19                                           411ms
  btp_subaccount.subaccount_2                                            48ms
  btp_subaccount.subaccount_20                                           45ms
  btp_subaccount.subaccount_21                                           44ms
  btp_subaccount.subaccount_22                                           365ms
  btp_subaccount.subaccount_23                                           1034ms
  btp_subaccount.subaccount_24                                           45ms
  btp_subaccount.subaccount_25                                           653ms
  btp_subaccount.subaccount_26                                           938ms
  btp_subaccount.subaccount_27                                           43ms
  btp_subaccount.subaccount_28                                           623ms
  btp_subaccount.subaccount_29                                           589ms
  btp_subaccount.subaccount_3                                            60ms
  btp_subaccount.subaccount_30                                           95ms
  btp_subaccount.subaccount_31                                           160ms
  btp_subaccount.subaccount_32                                           248ms
  btp_subaccount.subaccount_33                                           48ms
  btp_subaccount.subaccount_34                                           53ms
  btp_subaccount.subaccount_35                                           536ms
  btp_subaccount.subaccount_36                                           79ms
  btp_subaccount.subaccount_37                                           48ms
  btp_subaccount.subaccount_38                                           97ms
  btp_subaccount.subaccount_39                                           357ms
  btp_subaccount.subaccount_4                                            104ms
  btp_subaccount.subaccount_40                                           44ms
  btp_subaccount.subaccount_41                                           444ms
  btp_subaccount.subaccount_42                                           546ms
  btp_subaccount.subaccount_43                                           687ms
  btp_subaccount.subaccount_44                                           515ms
  btp_subaccount.subaccount_45                                           93ms
  btp_subaccount.subaccount_46                                           497ms
  btp_subaccount.subaccount_47                                           54ms
  btp_subaccount.subaccount_48                                           366ms
  btp_subaccount.subaccount_49                                           40ms
  btp_subaccount.subaccount_5                                            405ms
  btp_subaccount.subaccount_50                                           58ms
  btp_subaccount.subaccount_6                                            567ms
  btp_subaccount.subaccount_7                                            58ms
  btp_subaccount.subaccount_8                                            498ms
  btp_subaccount.subaccount_9                                            412ms
  btp_subaccount_destination_generic.destination_1                       191ms
  btp_subaccount_destination_generic.destination_10                      464ms
  btp_subaccount_destination_generic.destination_100                     358ms
  btp_subaccount_destination_generic.destination_11                      158ms
  btp_subaccount_destination_generic.destination_12                      502ms
  btp_subaccount_destination_generic.destination_13                      994ms
  btp_subaccount_destination_generic.destination_14                      316ms
  btp_subaccount_destination_generic.destination_15                      205ms
  btp_subaccount_destination_generic.destination_16                      347ms
  btp_subaccount_destination_generic.destination_17                      257ms
  btp_subaccount_destination_generic.destination_18                      515ms
  btp_subaccount_destination_generic.destination_19                      190ms
  btp_subaccount_destination_generic.destination_2                       216ms
  btp_subaccount_destination_generic.destination_20                      208ms
  btp_subaccount_destination_generic.destination_21                      793ms
  btp_subaccount_destination_generic.destination_22                      642ms
  btp_subaccount_destination_generic.destination_23                      705ms
  btp_subaccount_destination_generic.destination_24                      846ms
  btp_subaccount_destination_generic.destination_25                      1126ms
  btp_subaccount_destination_generic.destination_26                      654ms
  btp_subaccount_destination_generic.destination_27                      695ms
  btp_subaccount_destination_generic.destination_28                      617ms
  btp_subaccount_destination_generic.destination_29                      939ms
  btp_subaccount_destination_generic.destination_3                       204ms
  btp_subaccount_destination_generic.destination_30                      597ms
  btp_subaccount_destination_generic.destination_31                      988ms
  btp_subaccount_destination_generic.destination_32                      138ms
  btp_subaccount_destination_generic.destination_33                      868ms
  btp_subaccount_destination_generic.destination_34                      468ms
  btp_subaccount_destination_generic.destination_35                      441ms
  btp_subaccount_destination_generic.destination_36                      467ms
  btp_subaccount_destination_generic.destination_37                      278ms
  btp_subaccount_destination_generic.destination_38                      1146ms
  btp_subaccount_destination_generic.destination_39                      610ms
  btp_subaccount_destination_generic.destination_4                       140ms
  btp_subaccount_destination_generic.destination_40                      307ms
  btp_subaccount_destination_generic.destination_41                      533ms
  btp_subaccount_destination_generic.destination_42                      987ms
  btp_subaccount_destination_generic.destination_43                      471ms
  btp_subaccount_destination_generic.destination_44                      993ms
  btp_subaccount_destination_generic.destination_45                      157ms
  btp_subaccount_destination_generic.destination_46                      1144ms
  btp_subaccount_destination_generic.destination_47                      983ms
  btp_subaccount_destination_generic.destination_48                      191ms
  btp_subaccount_destination_generic.destination_49                      163ms
  btp_subaccount_destination_generic.destination_5                       1175ms
  btp_subaccount_destination_generic.destination_50                      340ms
  btp_subaccount_destination_generic.destination_51                      513ms
  btp_subaccount_destination_generic.destination_52                      330ms
  btp_subaccount_destination_generic.destination_53                      497ms
  btp_subaccount_destination_generic.destination_54                      936ms
  btp_subaccount_destination_generic.destination_55                      161ms
  btp_subaccount_destination_generic.destination_56                      358ms
  btp_subaccount_destination_generic.destination_57                      480ms
  btp_subaccount_destination_generic.destination_58                      267ms
  btp_subaccount_destination_generic.destination_59                      189ms
  btp_subaccount_destination_generic.destination_6                       786ms
  btp_subaccount_destination_generic.destination_60                      159ms
  btp_subaccount_destination_generic.destination_61                      847ms
  btp_subaccount_destination_generic.destination_62                      359ms
  btp_subaccount_destination_generic.destination_63                      765ms
  btp_subaccount_destination_generic.destination_64                      1067ms
  btp_subaccount_destination_generic.destination_65                      205ms
  btp_subaccount_destination_generic.destination_66                      140ms
  btp_subaccount_destination_generic.destination_67                      700ms
  btp_subaccount_destination_generic.destination_68                      484ms
  btp_subaccount_destination_generic.destination_69                      348ms
  btp_subaccount_destination_generic.destination_7                       510ms
  btp_subaccount_destination_generic.destination_70                      638ms
  btp_subaccount_destination_generic.destination_71                      861ms
  btp_subaccount_destination_generic.destination_72                      642ms
  btp_subaccount_destination_generic.destination_73                      184ms
  btp_subaccount_destination_generic.destination_74                      1506ms
  btp_subaccount_destination_generic.destination_75                      645ms
  btp_subaccount_destination_generic.destination_76                      218ms
  btp_subaccount_destination_generic.destination_77                      203ms
  btp_subaccount_destination_generic.destination_78                      1125ms
  btp_subaccount_destination_generic.destination_79                      767ms
  btp_subaccount_destination_generic.destination_8                       1353ms
  btp_subaccount_destination_generic.destination_80                      190ms
  btp_subaccount_destination_generic.destination_81                      379ms
  btp_subaccount_destination_generic.destination_82                      288ms
  btp_subaccount_destination_generic.destination_83                      458ms
  btp_subaccount_destination_generic.destination_84                      827ms
  btp_subaccount_destination_generic.destination_85                      142ms
  btp_subaccount_destination_generic.destination_86                      193ms
  btp_subaccount_destination_generic.destination_87                      776ms
  btp_subaccount_destination_generic.destination_88                      709ms
  btp_subaccount_destination_generic.destination_89                      196ms
  btp_subaccount_destination_generic.destination_9                       1055ms
  btp_subaccount_destination_generic.destination_90                      751ms
  btp_subaccount_destination_generic.destination_91                      545ms
  btp_subaccount_destination_generic.destination_92                      326ms
  btp_subaccount_destination_generic.destination_93                      710ms
  btp_subaccount_destination_generic.destination_94                      462ms
  btp_subaccount_destination_generic.destination_95                      532ms
  btp_subaccount_destination_generic.destination_96                      205ms
  btp_subaccount_destination_generic.destination_97                      969ms
  btp_subaccount_destination_generic.destination_98                      676ms
  btp_subaccount_destination_generic.destination_99                      872ms
  btp_subaccount_entitlement.entitlement_1                               10883ms
  btp_subaccount_entitlement.entitlement_10                              11593ms
  btp_subaccount_entitlement.entitlement_100                             10819ms
  btp_subaccount_entitlement.entitlement_101                             11049ms
  btp_subaccount_entitlement.entitlement_102                             10695ms
  btp_subaccount_entitlement.entitlement_103                             11155ms
  btp_subaccount_entitlement.entitlement_104                             11455ms
  btp_subaccount_entitlement.entitlement_105                             10532ms
  btp_subaccount_entitlement.entitlement_106                             11097ms
  btp_subaccount_entitlement.entitlement_107                             11563ms
  btp_subaccount_entitlement.entitlement_108                             10954ms
  btp_subaccount_entitlement.entitlement_109                             11674ms
  btp_subaccount_entitlement.entitlement_11                              11696ms
  btp_subaccount_entitlement.entitlement_110                             11050ms
  btp_subaccount_entitlement.entitlement_111                             11712ms
  btp_subaccount_entitlement.entitlement_112                             10997ms
  btp_subaccount_entitlement.entitlement_113                             11981ms
  btp_subaccount_entitlement.entitlement_114                             11433ms
  btp_subaccount_entitlement.entitlement_115                             11479ms
  btp_subaccount_entitlement.entitlement_116                             11874ms
  btp_subaccount_entitlement.entitlement_117                             12156ms
  btp_subaccount_entitlement.entitlement_118                             11830ms
  btp_subaccount_entitlement.entitlement_119                             11022ms
  btp_subaccount_entitlement.entitlement_12                              10875ms
  btp_subaccount_entitlement.entitlement_120                             12224ms
  btp_subaccount_entitlement.entitlement_121                             11944ms
  btp_subaccount_entitlement.entitlement_122                             11092ms
  btp_subaccount_entitlement.entitlement_123                             11186ms
  btp_subaccount_entitlement.entitlement_124                             12282ms
  btp_subaccount_entitlement.entitlement_125                             10803ms
  btp_subaccount_entitlement.entitlement_126                             11115ms
  btp_subaccount_entitlement.entitlement_127                             11541ms
  btp_subaccount_entitlement.entitlement_128                             11538ms
  btp_subaccount_entitlement.entitlement_129                             10652ms
  btp_subaccount_entitlement.entitlement_13                              11604ms
  btp_subaccount_entitlement.entitlement_130                             11472ms
  btp_subaccount_entitlement.entitlement_131                             10583ms
  btp_subaccount_entitlement.entitlement_132                             11701ms
  btp_subaccount_entitlement.entitlement_133                             10554ms
  btp_subaccount_entitlement.entitlement_134                             11243ms
  btp_subaccount_entitlement.entitlement_135                             13217ms
  btp_subaccount_entitlement.entitlement_136                             11597ms
  btp_subaccount_entitlement.entitlement_137                             10755ms
  btp_subaccount_entitlement.entitlement_138                             11436ms
  btp_subaccount_entitlement.entitlement_139                             10889ms
  btp_subaccount_entitlement.entitlement_14                              11610ms
  btp_subaccount_entitlement.entitlement_140                             11757ms
  btp_subaccount_entitlement.entitlement_141                             11372ms
  btp_subaccount_entitlement.entitlement_142                             10716ms
  btp_subaccount_entitlement.entitlement_143                             11683ms
  btp_subaccount_entitlement.entitlement_144                             10690ms
  btp_subaccount_entitlement.entitlement_145                             12074ms
  btp_subaccount_entitlement.entitlement_146                             11210ms
  btp_subaccount_entitlement.entitlement_147                             11029ms
  btp_subaccount_entitlement.entitlement_148                             10960ms
  btp_subaccount_entitlement.entitlement_149                             10813ms
  btp_subaccount_entitlement.entitlement_15                              11614ms
  btp_subaccount_entitlement.entitlement_150                             10847ms
  btp_subaccount_entitlement.entitlement_151                             12702ms
  btp_subaccount_entitlement.entitlement_152                             10735ms
  btp_subaccount_entitlement.entitlement_153                             12222ms
  btp_subaccount_entitlement.entitlement_154                             10962ms
  btp_subaccount_entitlement.entitlement_155                             10901ms
  btp_subaccount_entitlement.entitlement_156                             11304ms
  btp_subaccount_entitlement.entitlement_157                             10906ms
  btp_subaccount_entitlement.entitlement_158                             11312ms
  btp_subaccount_entitlement.entitlement_159                             12234ms
  btp_subaccount_entitlement.entitlement_16                              10738ms
  btp_subaccount_entitlement.entitlement_160                             11438ms
  btp_subaccount_entitlement.entitlement_161                             11474ms
  btp_subaccount_entitlement.entitlement_162                             10653ms
  btp_subaccount_entitlement.entitlement_163                             10595ms
  btp_subaccount_entitlement.entitlement_164                             10527ms
  btp_subaccount_entitlement.entitlement_165                             10677ms
  btp_subaccount_entitlement.entitlement_166                             10898ms
  btp_subaccount_entitlement.entitlement_167                             11066ms
  btp_subaccount_entitlement.entitlement_168                             11502ms
  btp_subaccount_entitlement.entitlement_169                             10883ms
  btp_subaccount_entitlement.entitlement_17                              10661ms
  btp_subaccount_entitlement.entitlement_170                             11494ms
  btp_subaccount_entitlement.entitlement_171                             10560ms
  btp_subaccount_entitlement.entitlement_172                             11201ms
  btp_subaccount_entitlement.entitlement_173                             11462ms
  btp_subaccount_entitlement.entitlement_174                             10650ms
  btp_subaccount_entitlement.entitlement_175                             11498ms
  btp_subaccount_entitlement.entitlement_176                             10692ms
  btp_subaccount_entitlement.entitlement_177                             11072ms
  btp_subaccount_entitlement.entitlement_178                             12525ms
  btp_subaccount_entitlement.entitlement_179                             11400ms
  btp_subaccount_entitlement.entitlement_18                              11013ms
  btp_subaccount_entitlement.entitlement_180                             11445ms
  btp_subaccount_entitlement.entitlement_181                             11093ms
  btp_subaccount_entitlement.entitlement_182                             10963ms
  btp_subaccount_entitlement.entitlement_183                             10866ms
  btp_subaccount_entitlement.entitlement_184                             10970ms
  btp_subaccount_entitlement.entitlement_185                             12111ms
  btp_subaccount_entitlement.entitlement_186                             11174ms
  btp_subaccount_entitlement.entitlement_187                             10507ms
  btp_subaccount_entitlement.entitlement_188                             10598ms
  btp_subaccount_entitlement.entitlement_189                             10625ms
  btp_subaccount_entitlement.entitlement_19                              10725ms
  btp_subaccount_entitlement.entitlement_190                             11296ms
  btp_subaccount_entitlement.entitlement_191                             11993ms
  btp_subaccount_entitlement.entitlement_192                             10685ms
  btp_subaccount_entitlement.entitlement_193                             11840ms
  btp_subaccount_entitlement.entitlement_194                             11330ms
  btp_subaccount_entitlement.entitlement_195                             11434ms
  btp_subaccount_entitlement.entitlement_196                             12055ms
  btp_subaccount_entitlement.entitlement_197                             11040ms
  btp_subaccount_entitlement.entitlement_198                             10568ms
  btp_subaccount_entitlement.entitlement_199                             12311ms
  btp_subaccount_entitlement.entitlement_2                               10973ms
  btp_subaccount_entitlement.entitlement_20                              10874ms
  btp_subaccount_entitlement.entitlement_200                             11825ms
  btp_subaccount_entitlement.entitlement_21                              11056ms
  btp_subaccount_entitlement.entitlement_22                              11502ms
  btp_subaccount_entitlement.entitlement_23                              11430ms
  btp_subaccount_entitlement.entitlement_24                              11335ms
  btp_subaccount_entitlement.entitlement_25                              10978ms
  btp_subaccount_entitlement.entitlement_26                              11390ms
  btp_subaccount_entitlement.entitlement_27                              11041ms
  btp_subaccount_entitlement.entitlement_28                              10950ms
  btp_subaccount_entitlement.entitlement_29                              10795ms
  btp_subaccount_entitlement.entitlement_3                               11323ms
  btp_subaccount_entitlement.entitlement_30                              10974ms
  btp_subaccount_entitlement.entitlement_31                              11373ms
  btp_subaccount_entitlement.entitlement_32                              11835ms
  btp_subaccount_entitlement.entitlement_33                              11815ms
  btp_subaccount_entitlement.entitlement_34                              10628ms
  btp_subaccount_entitlement.entitlement_35                              10648ms
  btp_subaccount_entitlement.entitlement_36                              11224ms
  btp_subaccount_entitlement.entitlement_37                              10563ms
  btp_subaccount_entitlement.entitlement_38                              11144ms
  btp_subaccount_entitlement.entitlement_39                              10665ms
  btp_subaccount_entitlement.entitlement_4                               10935ms
  btp_subaccount_entitlement.entitlement_40                              10874ms
  btp_subaccount_entitlement.entitlement_41                              11358ms
  btp_subaccount_entitlement.entitlement_42                              10524ms
  btp_subaccount_entitlement.entitlement_43                              10718ms
  btp_subaccount_entitlement.entitlement_44                              10802ms
  btp_subaccount_entitlement.entitlement_45                              11011ms
  btp_subaccount_entitlement.entitlement_46                              11491ms
  btp_subaccount_entitlement.entitlement_47                              11624ms
  btp_subaccount_entitlement.entitlement_48                              10598ms
  btp_subaccount_entitlement.entitlement_49                              12012ms
  btp_subaccount_entitlement.entitlement_5                               11382ms
  btp_subaccount_entitlement.entitlement_50                              11337ms
  btp_subaccount_entitlement.entitlement_51                              11497ms
  btp_subaccount_entitlement.entitlement_52                              11769ms
  btp_subaccount_entitlement.entitlement_53                              11568ms
  btp_subaccount_entitlement.entitlement_54                              11838ms
  btp_subaccount_entitlement.entitlement_55                              12533ms
  btp_subaccount_entitlement.entitlement_56                              12589ms
  btp_subaccount_entitlement.entitlement_57                              11305ms
  btp_subaccount_entitlement.entitlement_58                              10650ms
  btp_subaccount_entitlement.entitlement_59                              11443ms
  btp_subaccount_entitlement.entitlement_6                               10604ms
  btp_subaccount_entitlement.entitlement_60                              11654ms
  btp_subaccount_entitlement.entitlement_61                              12839ms
  btp_subaccount_entitlement.entitlement_62                              11350ms
  btp_subaccount_entitlement.entitlement_63                              11236ms
  btp_subaccount_entitlement.entitlement_64                              11384ms
  btp_subaccount_entitlement.entitlement_65                              13086ms
  btp_subaccount_entitlement.entitlement_66                              10531ms
  btp_subaccount_entitlement.entitlement_67                              11397ms
  btp_subaccount_entitlement.entitlement_68                              10643ms
  btp_subaccount_entitlement.entitlement_69                              10777ms
  btp_subaccount_entitlement.entitlement_7                               10805ms
  btp_subaccount_entitlement.entitlement_70                              12723ms
  btp_subaccount_entitlement.entitlement_71                              11273ms
  btp_subaccount_entitlement.entitlement_72                              11247ms
  btp_subaccount_entitlement.entitlement_73                              10579ms
  btp_subaccount_entitlement.entitlement_74                              11235ms
  btp_subaccount_entitlement.entitlement_75                              11369ms
  btp_subaccount_entitlement.entitlement_76                              11152ms
  btp_subaccount_entitlement.entitlement_77                              11518ms
  btp_subaccount_entitlement.entitlement_78                              11345ms
  btp_subaccount_entitlement.entitlement_79                              11197ms
  btp_subaccount_entitlement.entitlement_8                               11172ms
  btp_subaccount_entitlement.entitlement_80                              11925ms
  btp_subaccount_entitlement.entitlement_81                              10545ms
  btp_subaccount_entitlement.entitlement_82                              10724ms
  btp_subaccount_entitlement.entitlement_83                              10681ms
  btp_subaccount_entitlement.entitlement_84                              10623ms
  btp_subaccount_entitlement.entitlement_85                              10663ms
  btp_subaccount_entitlement.entitlement_86                              11888ms
  btp_subaccount_entitlement.entitlement_87                              11465ms
  btp_subaccount_entitlement.entitlement_88                              11546ms
  btp_subaccount_entitlement.entitlement_89                              10593ms
  btp_subaccount_entitlement.entitlement_9                               11235ms
  btp_subaccount_entitlement.entitlement_90                              11013ms
  btp_subaccount_entitlement.entitlement_91                              10705ms
  btp_subaccount_entitlement.entitlement_92                              11179ms
  btp_subaccount_entitlement.entitlement_93                              12225ms
  btp_subaccount_entitlement.entitlement_94                              12156ms
  btp_subaccount_entitlement.entitlement_95                              11147ms
  btp_subaccount_entitlement.entitlement_96                              11507ms
  btp_subaccount_entitlement.entitlement_97                              11421ms
  btp_subaccount_entitlement.entitlement_98                              11159ms
  btp_subaccount_entitlement.entitlement_99                              11715ms
  btp_subaccount_environment_instance.cloudfoundry_1                     646ms
  btp_subaccount_environment_instance.cloudfoundry_10                    817ms
  btp_subaccount_environment_instance.cloudfoundry_11                    371ms
  btp_subaccount_environment_instance.cloudfoundry_12                    606ms
  btp_subaccount_environment_instance.cloudfoundry_13                    1149ms
  btp_subaccount_environment_instance.cloudfoundry_14                    763ms
  btp_subaccount_environment_instance.cloudfoundry_15                    327ms
  btp_subaccount_environment_instance.cloudfoundry_16                    584ms
  btp_subaccount_environment_instance.cloudfoundry_17                    567ms
  btp_subaccount_environment_instance.cloudfoundry_18                    412ms
  btp_subaccount_environment_instance.cloudfoundry_19                    1025ms
  btp_subaccount_environment_instance.cloudfoundry_2                     451ms
  btp_subaccount_environment_instance.cloudfoundry_20                    551ms
  btp_subaccount_environment_instance.cloudfoundry_21                    379ms
  btp_subaccount_environment_instance.cloudfoundry_22                    1043ms
  btp_subaccount_environment_instance.cloudfoundry_23                    454ms
  btp_subaccount_environment_instance.cloudfoundry_24                    606ms
  btp_subaccount_environment_instance.cloudfoundry_25                    591ms
  btp_subaccount_environment_instance.cloudfoundry_26                    886ms
  btp_subaccount_environment_instance.cloudfoundry_27                    327ms
  btp_subaccount_environment_instance.cloudfoundry_28                    984ms
  btp_subaccount_environment_instance.cloudfoundry_29                    576ms
  btp_subaccount_environment_instance.cloudfoundry_3                     360ms
  btp_subaccount_environment_instance.cloudfoundry_30                    451ms
  btp_subaccount_environment_instance.cloudfoundry_31                    436ms
  btp_subaccount_environment_instance.cloudfoundry_32                    1174ms
  btp_subaccount_environment_instance.cloudfoundry_33                    583ms
  btp_subaccount_environment_instance.cloudfoundry_34                    650ms
  btp_subaccount_environment_instance.cloudfoundry_35                    949ms
  btp_subaccount_environment_instance.cloudfoundry_36                    554ms
  btp_subaccount_environment_instance.cloudfoundry_37                    648ms
  btp_subaccount_environment_instance.cloudfoundry_38                    489ms
  btp_subaccount_environment_instance.cloudfoundry_39                    1262ms
  btp_subaccount_environment_instance.cloudfoundry_4                     504ms
  btp_subaccount_environment_instance.cloudfoundry_40                    321ms
  btp_subaccount_environment_instance.cloudfoundry_41                    655ms
  btp_subaccount_environment_instance.cloudfoundry_42                    720ms
  btp_subaccount_environment_instance.cloudfoundry_43                    344ms
  btp_subaccount_environment_instance.cloudfoundry_44                    1150ms
  btp_subaccount_environment_instance.cloudfoundry_45                    651ms
  btp_subaccount_environment_instance.cloudfoundry_46                    301ms
  btp_subaccount_environment_instance.cloudfoundry_47                    694ms
  btp_subaccount_environment_instance.cloudfoundry_48                    509ms
  btp_subaccount_environment_instance.cloudfoundry_49                    775ms
  btp_subaccount_environment_instance.cloudfoundry_5                     367ms
  btp_subaccount_environment_instance.cloudfoundry_50                    340ms
  btp_subaccount_environment_instance.cloudfoundry_6                     698ms
  btp_subaccount_environment_instance.cloudfoundry_7                     375ms
  btp_subaccount_environment_instance.cloudfoundry_8                     378ms
  btp_subaccount_environment_instance.cloudfoundry_9                     271ms
  btp_subaccount_role.role_1                                             217ms
  btp_subaccount_role.role_10                                            250ms
  btp_subaccount_role.role_100                                           204ms
  btp_subaccount_role.role_11                                            168ms
  btp_subaccount_role.role_12                                            214ms
  btp_subaccount_role.role_13                                            350ms
  btp_subaccount_role.role_14                                            351ms
  btp_subaccount_role.role_15                                            534ms
  btp_subaccount_role.role_16                                            225ms
  btp_subaccount_role.role_17                                            562ms
  btp_subaccount_role.role_18                                            163ms
  btp_subaccount_role.role_19                                            174ms
  btp_subaccount_role.role_2                                             554ms
  btp_subaccount_role.role_20                                            251ms
  btp_subaccount_role.role_21                                            598ms
  btp_subaccount_role.role_22                                            164ms
  btp_subaccount_role.role_23                                            178ms
  btp_subaccount_role.role_24                                            405ms
  btp_subaccount_role.role_25                                            789ms
  btp_subaccount_role.role_26                                            247ms
  btp_subaccount_role.role_27                                            226ms
  btp_subaccount_role.role_28                                            935ms
  btp_subaccount_role.role_29                                            222ms
  btp_subaccount_role.role_3                                             521ms
  btp_subaccount_role.role_30                                            455ms
  btp_subaccount_role.role_31                                            196ms
  btp_subaccount_role.role_32                                            758ms
  btp_subaccount_role.role_33                                            197ms
  btp_subaccount_role.role_34                                            239ms
  btp_subaccount_role.role_35                                            400ms
  btp_subaccount_role.role_36                                            181ms
  btp_subaccount_role.role_37                                            436ms
  btp_subaccount_role.role_38                                            194ms
  btp_subaccount_role.role_39                                            804ms
  btp_subaccount_role.role_4                                             282ms
  btp_subaccount_role.role_40                                            1001ms
  btp_subaccount_role.role_41                                            223ms
  btp_subaccount_role.role_42                                            238ms
  btp_subaccount_role.role_43                                            155ms
  btp_subaccount_role.role_44                                            171ms
  btp_subaccount_role.role_45                                            1455ms
  btp_subaccount_role.role_46                                            318ms
  btp_subaccount_role.role_47                                            215ms
  btp_subaccount_role.role_48                                            1070ms
  btp_subaccount_role.role_49                                            208ms
  btp_subaccount_role.role_5                                             213ms
  btp_subaccount_role.role_50                                            881ms
  btp_subaccount_role.role_51                                            210ms
  btp_subaccount_role.role_52                                            827ms
  btp_subaccount_role.role_53                                            218ms
  btp_subaccount_role.role_54                                            262ms
  btp_subaccount_role.role_55                                            166ms
  btp_subaccount_role.role_56                                            1289ms
  btp_subaccount_role.role_57                                            209ms
  btp_subaccount_role.role_58                                            178ms
  btp_subaccount_role.role_59                                            576ms
  btp_subaccount_role.role_6                                             573ms
  btp_subaccount_role.role_60                                            196ms
  btp_subaccount_role.role_61                                            586ms
  btp_subaccount_role.role_62                                            225ms
  btp_subaccount_role.role_63                                            148ms
  btp_subaccount_role.role_64                                            221ms
  btp_subaccount_role.role_65                                            380ms
  btp_subaccount_role.role_66                                            178ms
  btp_subaccount_role.role_67                                            587ms
  btp_subaccount_role.role_68                                            1055ms
  btp_subaccount_role.role_69                                            892ms
  btp_subaccount_role.role_7                                             175ms
  btp_subaccount_role.role_70                                            233ms
  btp_subaccount_role.role_71                                            385ms
  btp_subaccount_role.role_72                                            537ms
  btp_subaccount_role.role_73                                            175ms
  btp_subaccount_role.role_74                                            828ms
  btp_subaccount_role.role_75                                            221ms
  btp_subaccount_role.role_76                                            320ms
  btp_subaccount_role.role_77                                            522ms
  btp_subaccount_role.role_78                                            369ms
  btp_subaccount_role.role_79                                            1225ms
  btp_subaccount_role.role_8                                             1352ms
  btp_subaccount_role.role_80                                            198ms
  btp_subaccount_role.role_81                                            891ms
  btp_subaccount_role.role_82                                            463ms
  btp_subaccount_role.role_83                                            1105ms
  btp_subaccount_role.role_84                                            1068ms
  btp_subaccount_role.role_85                                            467ms
  btp_subaccount_role.role_86                                            524ms
  btp_subaccount_role.role_87                                            1001ms
  btp_subaccount_role.role_88                                            165ms
  btp_subaccount_role.role_89                                            172ms
  btp_subaccount_role.role_9                                             508ms
  btp_subaccount_role.role_90                                            1261ms
  btp_subaccount_role.role_91                                            220ms
  btp_subaccount_role.role_92                                            171ms
  btp_subaccount_role.role_93                                            231ms
  btp_subaccount_role.role_94                                            360ms
  btp_subaccount_role.role_95                                            256ms
  btp_subaccount_role.role_96                                            166ms
  btp_subaccount_role.role_97                                            317ms
  btp_subaccount_role.role_98                                            363ms
  btp_subaccount_role.role_99                                            220ms
  btp_subaccount_role_collection.collection_1                            841ms
  btp_subaccount_role_collection.collection_10                           144ms
  btp_subaccount_role_collection.collection_100                          160ms
  btp_subaccount_role_collection.collection_101                          659ms
  btp_subaccount_role_collection.collection_102                          408ms
  btp_subaccount_role_collection.collection_103                          470ms
  btp_subaccount_role_collection.collection_104                          209ms
  btp_subaccount_role_collection.collection_105                          320ms
  btp_subaccount_role_collection.collection_106                          211ms
  btp_subaccount_role_collection.collection_107                          1075ms
  btp_subaccount_role_collection.collection_108                          566ms
  btp_subaccount_role_collection.collection_109                          706ms
  btp_subaccount_role_collection.collection_11                           763ms
  btp_subaccount_role_collection.collection_110                          203ms
  btp_subaccount_role_collection.collection_111                          155ms
  btp_subaccount_role_collection.collection_112                          558ms
  btp_subaccount_role_collection.collection_113                          203ms
  btp_subaccount_role_collection.collection_114                          1423ms
  btp_subaccount_role_collection.collection_115                          680ms
  btp_subaccount_role_collection.collection_116                          515ms
  btp_subaccount_role_collection.collection_117                          510ms
  btp_subaccount_role_collection.collection_118                          854ms
  btp_subaccount_role_collection.collection_119                          527ms
  btp_subaccount_role_collection.collection_12                           213ms
  btp_subaccount_role_collection.collection_120                          436ms
  btp_subaccount_role_collection.collection_121                          334ms
  btp_subaccount_role_collection.collection_122                          466ms
  btp_subaccount_role_collection.collection_123                          644ms
  btp_subaccount_role_collection.collection_124                          175ms
  btp_subaccount_role_collection.collection_125                          576ms
  btp_subaccount_role_collection.collection_126                          161ms
  btp_subaccount_role_collection.collection_127                          370ms
  btp_subaccount_role_collection.collection_128                          717ms
  btp_subaccount_role_collection.collection_129                          129ms
  btp_subaccount_role_collection.collection_13                           1027ms
  btp_subaccount_role_collection.collection_130                          752ms
  btp_subaccount_role_collection.collection_131                          181ms
  btp_subaccount_role_collection.collection_132                          151ms
  btp_subaccount_role_collection.collection_133                          155ms
  btp_subaccount_role_collection.collection_134                          741ms
  btp_subaccount_role_collection.collection_135                          194ms
  btp_subaccount_role_collection.collection_136                          895ms
  btp_subaccount_role_collection.collection_137                          297ms
  btp_subaccount_role_collection.collection_138                          213ms
  btp_subaccount_role_collection.collection_139                          176ms
  btp_subaccount_role_collection.collection_14                           183ms
  btp_subaccount_role_collection.collection_140                          577ms
  btp_subaccount_role_collection.collection_141                          204ms
  btp_subaccount_role_collection.collection_142                          652ms
  btp_subaccount_role_collection.collection_143                          565ms
  btp_subaccount_role_collection.collection_144                          190ms
  btp_subaccount_role_collection.collection_145                          203ms
  btp_subaccount_role_collection.collection_146                          212ms
  btp_subaccount_role_collection.collection_147                          182ms
  btp_subaccount_role_collection.collection_148                          248ms
  btp_subaccount_role_collection.collection_149                          409ms
  btp_subaccount_role_collection.collection_15                           1019ms
  btp_subaccount_role_collection.collection_150                          191ms
  btp_subaccount_role_collection.collection_16                           164ms
  btp_subaccount_role_collection.collection_17                           167ms
  btp_subaccount_role_collection.collection_18                           215ms
  btp_subaccount_role_collection.collection_19                           789ms
  btp_subaccount_role_collection.collection_2                            171ms
  btp_subaccount_role_collection.collection_20                           193ms
  btp_subaccount_role_collection.collection_21                           199ms
  btp_subaccount_role_collection.collection_22                           582ms
  btp_subaccount_role_collection.collection_23                           184ms
  btp_subaccount_role_collection.collection_24                           319ms
  btp_subaccount_role_collection.collection_25                           193ms
  btp_subaccount_role_collection.collection_26                           182ms
  btp_subaccount_role_collection.collection_27                           192ms
  btp_subaccount_role_collection.collection_28                           757ms
  btp_subaccount_role_collection.collection_29                           422ms
  btp_subaccount_role_collection.collection_3                            196ms
  btp_subaccount_role_collection.collection_30                           560ms
  btp_subaccount_role_collection.collection_31                           542ms
  btp_subaccount_role_collection.collection_32                           739ms
  btp_subaccount_role_collection.collection_33                           225ms
  btp_subaccount_role_collection.collection_34                           818ms
  btp_subaccount_role_collection.collection_35                           230ms
  btp_subaccount_role_collection.collection_36                           171ms
  btp_subaccount_role_collection.collection_37                           362ms
  btp_subaccount_role_collection.collection_38                           160ms
  btp_subaccount_role_collection.collection_39                           184ms
  btp_subaccount_role_collection.collection_4                            733ms
  btp_subaccount_role_collection.collection_40                           1104ms
  btp_subaccount_role_collection.collection_41                           232ms
  btp_subaccount_role_collection.collection_42                           171ms
  btp_subaccount_role_collection.collection_43                           755ms
  btp_subaccount_role_collection.collection_44                           600ms
  btp_subaccount_role_collection.collection_45                           332ms
  btp_subaccount_role_collection.collection_46                           194ms
  btp_subaccount_role_collection.collection_47                           935ms
  btp_subaccount_role_collection.collection_48                           762ms
  btp_subaccount_role_collection.collection_49                           253ms
  btp_subaccount_role_collection.collection_5                            129ms
  btp_subaccount_role_collection.collection_50                           210ms
  btp_subaccount_role_collection.collection_51                           159ms
  btp_subaccount_role_collection.collection_52                           280ms
  btp_subaccount_role_collection.collection_53                           840ms
  btp_subaccount_role_collection.collection_54                           140ms
  btp_subaccount_role_collection.collection_55                           402ms
  btp_subaccount_role_collection.collection_56                           693ms
  btp_subaccount_role_collection.collection_57                           192ms
  btp_subaccount_role_collection.collection_58                           363ms
  btp_subaccount_role_collection.collection_59                           506ms
  btp_subaccount_role_collection.collection_6                            677ms
  btp_subaccount_role_collection.collection_60                           1198ms
  btp_subaccount_role_collection.collection_61                           865ms
  btp_subaccount_role_collection.collection_62                           338ms
  btp_subaccount_role_collection.collection_63                           126ms
  btp_subaccount_role_collection.collection_64                           685ms
  btp_subaccount_role_collection.collection_65                           157ms
  btp_subaccount_role_collection.collection_66                           690ms
  btp_subaccount_role_collection.collection_67                           482ms
  btp_subaccount_role_collection.collection_68                           188ms
  btp_subaccount_role_collection.collection_69                           164ms
  btp_subaccount_role_collection.collection_7                            477ms
  btp_subaccount_role_collection.collection_70                           693ms
  btp_subaccount_role_collection.collection_71                           577ms
  btp_subaccount_role_collection.collection_72                           238ms
  btp_subaccount_role_collection.collection_73                           802ms
  btp_subaccount_role_collection.collection_74                           252ms
  btp_subaccount_role_collection.collection_75                           179ms
  btp_subaccount_role_collection.collection_76                           187ms
  btp_subaccount_role_collection.collection_77                           158ms
  btp_subaccount_role_collection.collection_78                           496ms
  btp_subaccount_role_collection.collection_79                           379ms
  btp_subaccount_role_collection.collection_8                            543ms
  btp_subaccount_role_collection.collection_80                           862ms
  btp_subaccount_role_collection.collection_81                           791ms
  btp_subaccount_role_collection.collection_82                           143ms
  btp_subaccount_role_collection.collection_83                           490ms
  btp_subaccount_role_collection.collection_84                           181ms
  btp_subaccount_role_collection.collection_85                           449ms
  btp_subaccount_role_collection.collection_86                           171ms
  btp_subaccount_role_collection.collection_87                           198ms
  btp_subaccount_role_collection.collection_88                           837ms
  btp_subaccount_role_collection.collection_89                           496ms
  btp_subaccount_role_collection.collection_9                            147ms
  btp_subaccount_role_collection.collection_90                           723ms
  btp_subaccount_role_collection.collection_91                           190ms
  btp_subaccount_role_collection.collection_92                           197ms
  btp_subaccount_role_collection.collection_93                           476ms
  btp_subaccount_role_collection.collection_94                           474ms
  btp_subaccount_role_collection.collection_95                           308ms
  btp_subaccount_role_collection.collection_96                           644ms
  btp_subaccount_role_collection.collection_97                           160ms
  btp_subaccount_role_collection.collection_98                           287ms
  btp_subaccount_role_collection.collection_99                           281ms
  btp_subaccount_service_instance.instance_1                             2805ms
  btp_subaccount_service_instance.instance_10                            954ms
  btp_subaccount_service_instance.instance_100                           1446ms
  btp_subaccount_service_instance.instance_11                            1888ms
  btp_subaccount_service_instance.instance_12                            953ms
  btp_subaccount_service_instance.instance_13                            1001ms
  btp_subaccount_service_instance.instance_14                            827ms
  btp_subaccount_service_instance.instance_15                            1285ms
  btp_subaccount_service_instance.instance_16                            837ms
  btp_subaccount_service_instance.instance_17                            848ms
  btp_subaccount_service_instance.instance_18                            2539ms
  btp_subaccount_service_instance.instance_19                            836ms
  btp_subaccount_service_instance.instance_2                             2670ms
  btp_subaccount_service_instance.instance_20                            1579ms
  btp_subaccount_service_instance.instance_21                            1615ms
  btp_subaccount_service_instance.instance_22                            918ms
  btp_subaccount_service_instance.instance_23                            923ms
  btp_subaccount_service_instance.instance_24                            1868ms
  btp_subaccount_service_instance.instance_25                            1766ms
  btp_subaccount_service_instance.instance_26                            1129ms
  btp_subaccount_service_instance.instance_27                            1046ms
  btp_subaccount_service_instance.instance_28                            1855ms
  btp_subaccount_service_instance.instance_29                            810ms
  btp_subaccount_service_instance.instance_3                             888ms
  btp_subaccount_service_instance.instance_30                            1842ms
  btp_subaccount_service_instance.instance_31                            867ms
  btp_subaccount_service_instance.instance_32                            981ms
  btp_subaccount_service_instance.instance_33                            832ms
  btp_subaccount_service_instance.instance_34                            1471ms
  btp_subaccount_service_instance.instance_35                            1200ms
  btp_subaccount_service_instance.instance_36                            2453ms
  btp_subaccount_service_instance.instance_37                            3899ms
  btp_subaccount_service_instance.instance_38                            2719ms
  btp_subaccount_service_instance.instance_39                            794ms
  btp_subaccount_service_instance.instance_4                             1713ms
  btp_subaccount_service_instance.instance_40                            806ms
  btp_subaccount_service_instance.instance_41                            2573ms
  btp_subaccount_service_instance.instance_42                            2055ms
  btp_subaccount_service_instance.instance_43                            1992ms
  btp_subaccount_service_instance.instance_44                            1012ms
  btp_subaccount_service_instance.instance_45                            824ms
  btp_subaccount_service_instance.instance_46                            1327ms
  btp_subaccount_service_instance.instance_47                            814ms
  btp_subaccount_service_instance.instance_48                            1187ms
  btp_subaccount_service_instance.instance_49                            1572ms
  btp_subaccount_service_instance.instance_5                             885ms
  btp_subaccount_service_instance.instance_50                            1421ms
  btp_subaccount_service_instance.instance_51                            3403ms
  btp_subaccount_service_instance.instance_52                            2463ms
  btp_subaccount_service_instance.instance_53                            1805ms
  btp_subaccount_service_instance.instance_54                            2853ms
  btp_subaccount_service_instance.instance_55                            2708ms
  btp_subaccount_service_instance.instance_56                            1932ms
  btp_subaccount_service_instance.instance_57                            1693ms
  btp_subaccount_service_instance.instance_58                            877ms
  btp_subaccount_service_instance.instance_59                            1133ms
  btp_subaccount_service_instance.instance_6                             3474ms
  btp_subaccount_service_instance.instance_60                            2205ms
  btp_subaccount_service_instance.instance_61                            865ms
  btp_subaccount_service_instance.instance_62                            2732ms
  btp_subaccount_service_instance.instance_63                            1154ms
  btp_subaccount_service_instance.instance_64                            863ms
  btp_subaccount_service_instance.instance_65                            3207ms
  btp_subaccount_service_instance.instance_66                            2355ms
  btp_subaccount_service_instance.instance_67                            848ms
  btp_subaccount_service_instance.instance_68                            1725ms
  btp_subaccount_service_instance.instance_69                            3473ms
  btp_subaccount_service_instance.instance_7                             893ms
  btp_subaccount_service_instance.instance_70                            1707ms
  btp_subaccount_service_instance.instance_71                            2163ms
  btp_subaccount_service_instance.instance_72                            3321ms
  btp_subaccount_service_instance.instance_73                            935ms
  btp_subaccount_service_instance.instance_74                            3806ms
  btp_subaccount_service_instance.instance_75                            839ms
  btp_subaccount_service_instance.instance_76                            1637ms
  btp_subaccount_service_instance.instance_77                            1879ms
  btp_subaccount_service_instance.instance_78                            3888ms
  btp_subaccount_service_instance.instance_79                            1569ms
  btp_subaccount_service_instance.instance_8                             2496ms
  btp_subaccount_service_instance.instance_80                            1875ms
  btp_subaccount_service_instance.instance_81                            1397ms
  btp_subaccount_service_instance.instance_82                            1139ms
  btp_subaccount_service_instance.instance_83                            840ms
  btp_subaccount_service_instance.instance_84                            1298ms
  btp_subaccount_service_instance.instance_85                            1751ms
  btp_subaccount_service_instance.instance_86                            1843ms
  btp_subaccount_service_instance.instance_87                            1642ms
  btp_subaccount_service_instance.instance_88                            2426ms
  btp_subaccount_service_instance.instance_89                            3044ms
  btp_subaccount_service_instance.instance_9                             1413ms
  btp_subaccount_service_instance.instance_90                            1254ms
  btp_subaccount_service_instance.instance_91                            942ms
  btp_subaccount_service_instance.instance_92                            2506ms
  btp_subaccount_service_instance.instance_93                            885ms
  btp_subaccount_service_instance.instance_94                            1019ms
  btp_subaccount_service_instance.instance_95                            803ms
  btp_subaccount_service_instance.instance_96                            958ms
  btp_subaccount_service_instance.instance_97                            1189ms
  btp_subaccount_service_instance.instance_98                            1868ms
  btp_subaccount_service_instance.instance_99                            2206ms
  btp_subaccount_subscription.subscription_1                             833ms
  btp_subaccount_subscription.subscription_10                            621ms
  btp_subaccount_subscription.subscription_100                           1467ms
  btp_subaccount_subscription.subscription_101                           2680ms
  btp_subaccount_subscription.subscription_102                           553ms
  btp_subaccount_subscription.subscription_103                           1651ms
  btp_subaccount_subscription.subscription_104                           2258ms
  btp_subaccount_subscription.subscription_105                           814ms
  btp_subaccount_subscription.subscription_106                           1335ms
  btp_subaccount_subscription.subscription_107                           1068ms
  btp_subaccount_subscription.subscription_108                           2047ms
  btp_subaccount_subscription.subscription_109                           1370ms
  btp_subaccount_subscription.subscription_11                            752ms
  btp_subaccount_subscription.subscription_110                           1184ms
  btp_subaccount_subscription.subscription_111                           1845ms
  btp_subaccount_subscription.subscription_112                           1027ms
  btp_subaccount_subscription.subscription_113                           1615ms
  btp_subaccount_subscription.subscription_114                           1400ms
  btp_subaccount_subscription.subscription_115                           2090ms
  btp_subaccount_subscription.subscription_116                           614ms
  btp_subaccount_subscription.subscription_117                           582ms
  btp_subaccount_subscription.subscription_118                           861ms
  btp_subaccount_subscription.subscription_119                           673ms
  btp_subaccount_subscription.subscription_12                            873ms
  btp_subaccount_subscription.subscription_120                           1203ms
  btp_subaccount_subscription.subscription_121                           1197ms
  btp_subaccount_subscription.subscription_122                           1032ms
  btp_subaccount_subscription.subscription_123                           1882ms
  btp_subaccount_subscription.subscription_124                           620ms
  btp_subaccount_subscription.subscription_125                           1812ms
  btp_subaccount_subscription.subscription_126                           720ms
  btp_subaccount_subscription.subscription_127                           1224ms
  btp_subaccount_subscription.subscription_128                           1013ms
  btp_subaccount_subscription.subscription_129                           1115ms
  btp_subaccount_subscription.subscription_13                            715ms
  btp_subaccount_subscription.subscription_130                           1842ms
  btp_subaccount_subscription.subscription_131                           614ms
  btp_subaccount_subscription.subscription_132                           1047ms
  btp_subaccount_subscription.subscription_133                           852ms
  btp_subaccount_subscription.subscription_134                           2143ms
  btp_subaccount_subscription.subscription_135                           1016ms
  btp_subaccount_subscription.subscription_136                           1657ms
  btp_subaccount_subscription.subscription_137                           599ms
  btp_subaccount_subscription.subscription_138                           545ms
  btp_subaccount_subscription.subscription_139                           1501ms
  btp_subaccount_subscription.subscription_14                            1470ms
  btp_subaccount_subscription.subscription_140                           2337ms
  btp_subaccount_subscription.subscription_141                           843ms
  btp_subaccount_subscription.subscription_142                           764ms
  btp_subaccount_subscription.subscription_143                           693ms
  btp_subaccount_subscription.subscription_144                           1019ms
  btp_subaccount_subscription.subscription_145                           970ms
  btp_subaccount_subscription.subscription_146                           1759ms
  btp_subaccount_subscription.subscription_147                           699ms
  btp_subaccount_subscription.subscription_148                           723ms
  btp_subaccount_subscription.subscription_149                           2109ms
  btp_subaccount_subscription.subscription_15                            2376ms
  btp_subaccount_subscription.subscription_150                           666ms
  btp_subaccount_subscription.subscription_16                            665ms
  btp_subaccount_subscription.subscription_17                            775ms
  btp_subaccount_subscription.subscription_18                            1295ms
  btp_subaccount_subscription.subscription_19                            1754ms
  btp_subaccount_subscription.subscription_2                             634ms
  btp_subaccount_subscription.subscription_20                            2046ms
  btp_subaccount_subscription.subscription_21                            1141ms
  btp_subaccount_subscription.subscription_22                            2193ms
  btp_subaccount_subscription.subscription_23                            1547ms
  btp_subaccount_subscription.subscription_24                            686ms
  btp_subaccount_subscription.subscription_25                            579ms
  btp_subaccount_subscription.subscription_26                            1884ms
  btp_subaccount_subscription.subscription_27                            865ms
  btp_subaccount_subscription.subscription_28                            2187ms
  btp_subaccount_subscription.subscription_29                            1164ms
  btp_subaccount_subscription.subscription_3                             653ms
  btp_subaccount_subscription.subscription_30                            955ms
  btp_subaccount_subscription.subscription_31                            1547ms
  btp_subaccount_subscription.subscription_32                            988ms
  btp_subaccount_subscription.subscription_33                            1588ms
  btp_subaccount_subscription.subscription_34                            642ms
  btp_subaccount_subscription.subscription_35                            599ms
  btp_subaccount_subscription.subscription_36                            2151ms
  btp_subaccount_subscription.subscription_37                            1057ms
  btp_subaccount_subscription.subscription_38                            694ms
  btp_subaccount_subscription.subscription_39                            1493ms
  btp_subaccount_subscription.subscription_4                             1544ms
  btp_subaccount_subscription.subscription_40                            1013ms
  btp_subaccount_subscription.subscription_41                            1060ms
  btp_subaccount_subscription.subscription_42                            1151ms
  btp_subaccount_subscription.subscription_43                            594ms
  btp_subaccount_subscription.subscription_44                            1307ms
  btp_subaccount_subscription.subscription_45                            1999ms
  btp_subaccount_subscription.subscription_46                            2210ms
  btp_subaccount_subscription.subscription_47                            650ms
  btp_subaccount_subscription.subscription_48                            792ms
  btp_subaccount_subscription.subscription_49                            2100ms
  btp_subaccount_subscription.subscription_5                             598ms
  btp_subaccount_subscription.subscription_50                            1030ms
  btp_subaccount_subscription.subscription_51                            609ms
  btp_subaccount_subscription.subscription_52                            2202ms
  btp_subaccount_subscription.subscription_53                            1193ms
  btp_subaccount_subscription.subscription_54                            908ms
  btp_subaccount_subscription.subscription_55                            2012ms
  btp_subaccount_subscription.subscription_56                            916ms
  btp_subaccount_subscription.subscription_57                            1201ms
  btp_subaccount_subscription.subscription_58                            575ms
  btp_subaccount_subscription.subscription_59                            663ms
  btp_subaccount_subscription.subscription_6                             589ms
  btp_subaccount_subscription.subscription_60                            1355ms
  btp_subaccount_subscription.subscription_61                            804ms
  btp_subaccount_subscription.subscription_62                            691ms
  btp_subaccount_subscription.subscription_63                            908ms
  btp_subaccount_subscription.subscription_64                            770ms
  btp_subaccount_subscription.subscription_65                            1165ms
  btp_subaccount_subscription.subscription_66                            924ms
  btp_subaccount_subscription.subscription_67                            659ms
  btp_subaccount_subscription.subscription_68                            622ms
  btp_subaccount_subscription.subscription_69                            936ms
  btp_subaccount_subscription.subscription_7                             2634ms
  btp_subaccount_subscription.subscription_70                            2910ms
  btp_subaccount_subscription.subscription_71                            650ms
  btp_subaccount_subscription.subscription_72                            2154ms
  btp_subaccount_subscription.subscription_73                            677ms
  btp_subaccount_subscription.subscription_74                            1366ms
  btp_subaccount_subscription.subscription_75                            1418ms
  btp_subaccount_subscription.subscription_76                            2365ms
  btp_subaccount_subscription.subscription_77                            2965ms
  btp_subaccount_subscription.subscription_78                            1224ms
  btp_subaccount_subscription.subscription_79                            726ms
  btp_subaccount_subscription.subscription_8                             557ms
  btp_subaccount_subscription.subscription_80                            1268ms
  btp_subaccount_subscription.subscription_81                            1045ms
  btp_subaccount_subscription.subscription_82                            717ms
  btp_subaccount_subscription.subscription_83                            2410ms
  btp_subaccount_subscription.subscription_84                            1051ms
  btp_subaccount_subscription.subscription_85                            625ms
  btp_subaccount_subscription.subscription_86                            619ms
  btp_subaccount_subscription.subscription_87                            799ms
  btp_subaccount_subscription.subscription_88                            1221ms
  btp_subaccount_subscription.subscription_89                            597ms
  btp_subaccount_subscription.subscription_9                             1799ms
  btp_subaccount_subscription.subscription_90                            1704ms
  btp_subaccount_subscription.subscription_91                            1156ms
  btp_subaccount_subscription.subscription_92                            738ms
  btp_subaccount_subscription.subscription_93                            796ms
  btp_subaccount_subscription.subscription_94                            1642ms
  btp_subaccount_subscription.subscription_95                            2062ms
  btp_subaccount_subscription.subscription_96                            816ms
  btp_subaccount_subscription.subscription_97                            1210ms
  btp_subaccount_subscription.subscription_98                            699ms
  btp_subaccount_subscription.subscription_99                            1576ms
  btp_subaccount_trust_configuration.trust_1                             191ms
  btp_subaccount_trust_configuration.trust_10                            566ms
  btp_subaccount_trust_configuration.trust_11                            687ms
  btp_subaccount_trust_configuration.trust_12                            813ms
  btp_subaccount_trust_configuration.trust_13                            203ms
  btp_subaccount_trust_configuration.trust_14                            831ms
  btp_subaccount_trust_configuration.trust_15                            508ms
  btp_subaccount_trust_configuration.trust_16                            211ms
  btp_subaccount_trust_configuration.trust_17                            179ms
  btp_subaccount_trust_configuration.trust_18                            552ms
  btp_subaccount_trust_configuration.trust_19                            478ms
  btp_subaccount_trust_configuration.trust_2                             545ms
  btp_subaccount_trust_configuration.trust_20                            537ms
  btp_subaccount_trust_configuration.trust_21                            553ms
  btp_subaccount_trust_configuration.trust_22                            159ms
  btp_subaccount_trust_configuration.trust_23                            243ms
  btp_subaccount_trust_configuration.trust_24                            207ms
  btp_subaccount_trust_configuration.trust_25                            716ms
  btp_subaccount_trust_configuration.trust_26                            433ms
  btp_subaccount_trust_configuration.trust_27                            695ms
  btp_subaccount_trust_configuration.trust_28                            751ms
  btp_subaccount_trust_configuration.trust_29                            701ms
  btp_subaccount_trust_configuration.trust_3                             295ms
  btp_subaccount_trust_configuration.trust_30                            199ms
  btp_subaccount_trust_configuration.trust_31                            443ms
  btp_subaccount_trust_configuration.trust_32                            228ms
  btp_subaccount_trust_configuration.trust_33                            783ms
  btp_subaccount_trust_configuration.trust_34                            1267ms
  btp_subaccount_trust_configuration.trust_35                            235ms
  btp_subaccount_trust_configuration.trust_36                            231ms
  btp_subaccount_trust_configuration.trust_37                            1020ms
  btp_subaccount_trust_configuration.trust_38                            195ms
  btp_subaccount_trust_configuration.trust_39                            367ms
  btp_subaccount_trust_configuration.trust_4                             174ms
  btp_subaccount_trust_configuration.trust_40                            512ms
  btp_subaccount_trust_configuration.trust_41                            581ms
  btp_subaccount_trust_configuration.trust_42                            214ms
  btp_subaccount_trust_configuration.trust_43                            218ms
  btp_subaccount_trust_configuration.trust_44                            968ms
  btp_subaccount_trust_configuration.trust_45                            193ms
  btp_subaccount_trust_configuration.trust_46                            1109ms
  btp_subaccount_trust_configuration.trust_47                            191ms
  btp_subaccount_trust_configuration.trust_48                            694ms
  btp_subaccount_trust_configuration.trust_49                            180ms
  btp_subaccount_trust_configuration.trust_5                             171ms
  btp_subaccount_trust_configuration.trust_50                            176ms
  btp_subaccount_trust_configuration.trust_6                             510ms
  btp_subaccount_trust_configuration.trust_7                             412ms
  btp_subaccount_trust_configuration.trust_8                             451ms
  btp_subaccount_trust_configuration.trust_9                             421ms
  cloudfoundry_service_instance.instance_1                               66ms
  cloudfoundry_service_instance.instance_10                              42ms
  cloudfoundry_service_instance.instance_100                             43ms
  cloudfoundry_service_instance.instance_101                             47ms
  cloudfoundry_service_instance.instance_102                             38ms
  cloudfoundry_service_instance.instance_103                             48ms
  cloudfoundry_service_instance.instance_104                             53ms
  cloudfoundry_service_instance.instance_105                             43ms
  cloudfoundry_service_instance.instance_106                             45ms
  cloudfoundry_service_instance.instance_107                             56ms
  cloudfoundry_service_instance.instance_108                             58ms
  cloudfoundry_service_instance.instance_109                             46ms
  cloudfoundry_service_instance.instance_11                              46ms
  cloudfoundry_service_instance.instance_110                             68ms
  cloudfoundry_service_instance.instance_111                             53ms
  cloudfoundry_service_instance.instance_112                             60ms
  cloudfoundry_service_instance.instance_113                             61ms
  cloudfoundry_service_instance.instance_114                             64ms
  cloudfoundry_service_instance.instance_115                             45ms
  cloudfoundry_service_instance.instance_116                             67ms
  cloudfoundry_service_instance.instance_117                             39ms
  cloudfoundry_service_instance.instance_118                             56ms
  cloudfoundry_service_instance.instance_119                             67ms
  cloudfoundry_service_instance.instance_12                              54ms
  cloudfoundry_service_instance.instance_120                             53ms
  cloudfoundry_service_instance.instance_121                             64ms
  cloudfoundry_service_instance.instance_122                             71ms
  cloudfoundry_service_instance.instance_123                             42ms
  cloudfoundry_service_instance.instance_124                             53ms
  cloudfoundry_service_instance.instance_125                             44ms
  cloudfoundry_service_instance.instance_126                             53ms
  cloudfoundry_service_instance.instance_127                             40ms
  cloudfoundry_service_instance.instance_128                             37ms
  cloudfoundry_service_instance.instance_129                             47ms
  cloudfoundry_service_instance.instance_13                              39ms
  cloudfoundry_service_instance.instance_130                             53ms
  cloudfoundry_service_instance.instance_131                             61ms
  cloudfoundry_service_instance.instance_132                             41ms
  cloudfoundry_service_instance.instance_133                             54ms
  cloudfoundry_service_instance.instance_134                             42ms
  cloudfoundry_service_instance.instance_135                             83ms
  cloudfoundry_service_instance.instance_136                             64ms
  cloudfoundry_service_instance.instance_137                             61ms
  cloudfoundry_service_instance.instance_138                             64ms
  cloudfoundry_service_instance.instance_139                             48ms
  cloudfoundry_service_instance.instance_14                              47ms
  cloudfoundry_service_instance.instance_140                             43ms
  cloudfoundry_service_instance.instance_141                             58ms
  cloudfoundry_service_instance.instance_142                             51ms
  cloudfoundry_service_instance.instance_143                             38ms
  cloudfoundry_service_instance.instance_144                             40ms
  cloudfoundry_service_instance.instance_145                             92ms
  cloudfoundry_service_instance.instance_146                             42ms
  cloudfoundry_service_instance.instance_147                             41ms
  cloudfoundry_service_instance.instance_148                             53ms
  cloudfoundry_service_instance.instance_149                             56ms
  cloudfoundry_service_instance.instance_15                              70ms
  cloudfoundry_service_instance.instance_150                             39ms
  cloudfoundry_service_instance.instance_151                             41ms
  cloudfoundry_service_instance.instance_152                             40ms
  cloudfoundry_service_instance.instance_153                             86ms
  cloudfoundry_service_instance.instance_154                             49ms
  cloudfoundry_service_instance.instance_155                             70ms
  cloudfoundry_service_instance.instance_156                             46ms
  cloudfoundry_service_instance.instance_157                             58ms
  cloudfoundry_service_instance.instance_158                             93ms
  cloudfoundry_service_instance.instance_159                             50ms
  cloudfoundry_service_instance.instance_16                              39ms
  cloudfoundry_service_instance.instance_160                             49ms
  cloudfoundry_service_instance.instance_161                             70ms
  cloudfoundry_service_instance.instance_162                             49ms
  cloudfoundry_service_instance.instance_163                             42ms
  cloudfoundry_service_instance.instance_164                             43ms
  cloudfoundry_service_instance.instance_165                             65ms
  cloudfoundry_service_instance.instance_166                             61ms
  cloudfoundry_service_instance.instance_167                             51ms
  cloudfoundry_service_instance.instance_168                             48ms
  cloudfoundry_service_instance.instance_169                             44ms
  cloudfoundry_service_instance.instance_17                              42ms
  cloudfoundry_service_instance.instance_170                             55ms
  cloudfoundry_service_instance.instance_171                             58ms
  cloudfoundry_service_instance.instance_172                             52ms
  cloudfoundry_service_instance.instance_173                             50ms
  cloudfoundry_service_instance.instance_174                             64ms
  cloudfoundry_service_instance.instance_175                             39ms
  cloudfoundry_service_instance.instance_176                             65ms
  cloudfoundry_service_instance.instance_177                             50ms
  cloudfoundry_service_instance.instance_178                             42ms
  cloudfoundry_service_instance.instance_179                             47ms
  cloudfoundry_service_instance.instance_18                              79ms
  cloudfoundry_service_instance.instance_180                             56ms
  cloudfoundry_service_instance.instance_181                             59ms
  cloudfoundry_service_instance.instance_182                             43ms
  cloudfoundry_service_instance.instance_183                             46ms
  cloudfoundry_service_instance.instance_184                             112ms
  cloudfoundry_service_instance.instance_185                             58ms
  cloudfoundry_service_instance.instance_186                             70ms
  cloudfoundry_service_instance.instance_187                             66ms
  cloudfoundry_service_instance.instance_188                             58ms
  cloudfoundry_service_instance.instance_189                             42ms
  cloudfoundry_service_instance.instance_19                              116ms
  cloudfoundry_service_instance.instance_190                             56ms
  cloudfoundry_service_instance.instance_191                             46ms
  cloudfoundry_service_instance.instance_192                             45ms
  cloudfoundry_service_instance.instance_193                             52ms
  cloudfoundry_service_instance.instance_194                             68ms
  cloudfoundry_service_instance.instance_195                             70ms
  cloudfoundry_service_instance.instance_196                             65ms
  cloudfoundry_service_instance.instance_197                             45ms
  cloudfoundry_service_instance.instance_198                             43ms
  cloudfoundry_service_instance.instance_199                             56ms
  cloudfoundry_service_instance.instance_2                               40ms
  cloudfoundry_service_instance.instance_20                              46ms
  cloudfoundry_service_instance.instance_200                             45ms
  cloudfoundry_service_instance.instance_21                              53ms
  cloudfoundry_service_instance.instance_22                              52ms
  cloudfoundry_service_instance.instance_23                              41ms
  cloudfoundry_service_instance.instance_24                              49ms
  cloudfoundry_service_instance.instance_25                              92ms
  cloudfoundry_service_instance.instance_26                              58ms
  cloudfoundry_service_instance.instance_27                              56ms
  cloudfoundry_service_instance.instance_28                              45ms
  cloudfoundry_service_instance.instance_29                              38ms
  cloudfoundry_service_instance.instance_3                               67ms
  cloudfoundry_service_instance.instance_30                              53ms
  cloudfoundry_service_instance.instance_31                              382ms
  cloudfoundry_service_instance.instance_32                              76ms
  cloudfoundry_service_instance.instance_33                              46ms
  cloudfoundry_service_instance.instance_34                              42ms
  cloudfoundry_service_instance.instance_35                              47ms
  cloudfoundry_service_instance.instance_36                              42ms
  cloudfoundry_service_instance.instance_37                              60ms
  cloudfoundry_service_instance.instance_38                              43ms
  cloudfoundry_service_instance.instance_39                              62ms
  cloudfoundry_service_instance.instance_4                               41ms
  cloudfoundry_service_instance.instance_40                              43ms
  cloudfoundry_service_instance.instance_41                              42ms
  cloudfoundry_service_instance.instance_42                              48ms
  cloudfoundry_service_instance.instance_43                              42ms
  cloudfoundry_service_instance.instance_44                              50ms
  cloudfoundry_service_instance.instance_45                              51ms
  cloudfoundry_service_instance.instance_46                              117ms
  cloudfoundry_service_instance.instance_47                              62ms
  cloudfoundry_service_instance.instance_48                              58ms
  cloudfoundry_service_instance.instance_49                              42ms
  cloudfoundry_service_instance.instance_5                               76ms
  cloudfoundry_service_instance.instance_50                              42ms
  cloudfoundry_service_instance.instance_51                              54ms
  cloudfoundry_service_instance.instance_52                              43ms
  cloudfoundry_service_instance.instance_53                              52ms
  cloudfoundry_service_instance.instance_54                              63ms
  cloudfoundry_service_instance.instance_55                              54ms
  cloudfoundry_service_instance.instance_56                              52ms
  cloudfoundry_service_instance.instance_57                              54ms
  cloudfoundry_service_instance.instance_58                              52ms
  cloudfoundry_service_instance.instance_59                              62ms
  cloudfoundry_service_instance.instance_6                               65ms
  cloudfoundry_service_instance.instance_60                              38ms
  cloudfoundry_service_instance.instance_61                              43ms
  cloudfoundry_service_instance.instance_62                              56ms
  cloudfoundry_service_instance.instance_63                              51ms
  cloudfoundry_service_instance.instance_64                              70ms
  cloudfoundry_service_instance.instance_65                              67ms
  cloudfoundry_service_instance.instance_66                              41ms
  cloudfoundry_service_instance.instance_67                              55ms
  cloudfoundry_service_instance.instance_68                              44ms
  cloudfoundry_service_instance.instance_69                              39ms
  cloudfoundry_service_instance.instance_7                               63ms
  cloudfoundry_service_instance.instance_70                              43ms
  cloudfoundry_service_instance.instance_71                              46ms
  cloudfoundry_service_instance.instance_72                              43ms
  cloudfoundry_service_instance.instance_73                              42ms
  cloudfoundry_service_instance.instance_74                              45ms
  cloudfoundry_service_instance.instance_75                              68ms
  cloudfoundry_service_instance.instance_76                              44ms
  cloudfoundry_service_instance.instance_77                              42ms
  cloudfoundry_service_instance.instance_78                              63ms
  cloudfoundry_service_instance.instance_79                              54ms
  cloudfoundry_service_instance.instance_8                               39ms
  cloudfoundry_service_instance.instance_80                              38ms
  cloudfoundry_service_instance.instance_81                              44ms
  cloudfoundry_service_instance.instance_82                              53ms
  cloudfoundry_service_instance.instance_83                              41ms
  cloudfoundry_service_instance.instance_84                              50ms
  cloudfoundry_service_instance.instance_85                              49ms
  cloudfoundry_service_instance.instance_86                              44ms
  cloudfoundry_service_instance.instance_87                              56ms
  cloudfoundry_service_instance.instance_88                              43ms
  cloudfoundry_service_instance.instance_89                              81ms
  cloudfoundry_service_instance.instance_9                               44ms
  cloudfoundry_service_instance.instance_90                              77ms
  cloudfoundry_service_instance.instance_91                              41ms
  cloudfoundry_service_instance.instance_92                              93ms
  cloudfoundry_service_instance.instance_93                              45ms
  cloudfoundry_service_instance.instance_94                              47ms
  cloudfoundry_service_instance.instance_95                              70ms
  cloudfoundry_service_instance.instance_96                              47ms
  cloudfoundry_service_instance.instance_97                              79ms
  cloudfoundry_service_instance.instance_98                              50ms
  cloudfoundry_service_instance.instance_99                              56ms
  cloudfoundry_space.space_1                                             150ms
  cloudfoundry_space.space_10                                            157ms
  cloudfoundry_space.space_100                                           147ms
  cloudfoundry_space.space_11                                            121ms
  cloudfoundry_space.space_12                                            114ms
  cloudfoundry_space.space_13                                            124ms
  cloudfoundry_space.space_14                                            115ms
  cloudfoundry_space.space_15                                            135ms
  cloudfoundry_space.space_16                                            99ms
  cloudfoundry_space.space_17                                            114ms
  cloudfoundry_space.space_18                                            113ms
  cloudfoundry_space.space_19                                            139ms
  cloudfoundry_space.space_2                                             172ms
  cloudfoundry_space.space_20                                            152ms
  cloudfoundry_space.space_21                                            124ms
  cloudfoundry_space.space_22                                            90ms
  cloudfoundry_space.space_23                                            158ms
  cloudfoundry_space.space_24                                            111ms
  cloudfoundry_space.space_25                                            154ms
  cloudfoundry_space.space_26                                            118ms
  cloudfoundry_space.space_27                                            117ms
  cloudfoundry_space.space_28                                            104ms
  cloudfoundry_space.space_29                                            181ms
  cloudfoundry_space.space_3                                             142ms
  cloudfoundry_space.space_30                                            111ms
  cloudfoundry_space.space_31                                            108ms
  cloudfoundry_space.space_32                                            158ms
  cloudfoundry_space.space_33                                            159ms
  cloudfoundry_space.space_34                                            123ms
  cloudfoundry_space.space_35                                            182ms
  cloudfoundry_space.space_36                                            115ms
  cloudfoundry_space.space_37                                            129ms
  cloudfoundry_space.space_38                                            123ms
  cloudfoundry_space.space_39                                            132ms
  cloudfoundry_space.space_4                                             105ms
  cloudfoundry_space.space_40                                            115ms
  cloudfoundry_space.space_41                                            111ms
  cloudfoundry_space.space_42                                            128ms
  cloudfoundry_space.space_43                                            113ms
  cloudfoundry_space.space_44                                            165ms
  cloudfoundry_space.space_45                                            132ms
  cloudfoundry_space.space_46                                            115ms
  cloudfoundry_space.space_47                                            106ms
  cloudfoundry_space.space_48                                            130ms
  cloudfoundry_space.space_49                                            136ms
  cloudfoundry_space.space_5                                             105ms
  cloudfoundry_space.space_50                                            102ms
  cloudfoundry_space.space_51                                            129ms
  cloudfoundry_space.space_52                                            130ms
  cloudfoundry_space.space_53                                            97ms
  cloudfoundry_space.space_54                                            182ms
  cloudfoundry_space.space_55                                            95ms
  cloudfoundry_space.space_56                                            116ms
  cloudfoundry_space.space_57                                            161ms
  cloudfoundry_space.space_58                                            117ms
  cloudfoundry_space.space_59                                            116ms
  cloudfoundry_space.space_6                                             134ms
  cloudfoundry_space.space_60                                            125ms
  cloudfoundry_space.space_61                                            109ms
  cloudfoundry_space.space_62                                            113ms
  cloudfoundry_space.space_63                                            114ms
  cloudfoundry_space.space_64                                            140ms
  cloudfoundry_space.space_65                                            103ms
  cloudfoundry_space.space_66                                            120ms
  cloudfoundry_space.space_67                                            107ms
  cloudfoundry_space.space_68                                            113ms
  cloudfoundry_space.space_69                                            130ms
  cloudfoundry_space.space_7                                             102ms
  cloudfoundry_space.space_70                                            105ms
  cloudfoundry_space.space_71                                            137ms
  cloudfoundry_space.space_72                                            138ms
  cloudfoundry_space.space_73                                            107ms
  cloudfoundry_space.space_74                                            114ms
  cloudfoundry_space.space_75                                            118ms
  cloudfoundry_space.space_76                                            125ms
  cloudfoundry_space.space_77                                            127ms
  cloudfoundry_space.space_78                                            150ms
  cloudfoundry_space.space_79                                            147ms
  cloudfoundry_space.space_8                                             111ms
  cloudfoundry_space.space_80                                            135ms
  cloudfoundry_space.space_81                                            106ms
  cloudfoundry_space.space_82                                            131ms
  cloudfoundry_space.space_83                                            118ms
  cloudfoundry_space.space_84                                            117ms
  cloudfoundry_space.space_85                                            149ms
  cloudfoundry_space.space_86                                            112ms
  cloudfoundry_space.space_87                                            110ms
  cloudfoundry_space.space_88                                            142ms
  cloudfoundry_space.space_89                                            101ms
  cloudfoundry_space.space_9                                             121ms
  cloudfoundry_space.space_90                                            113ms
  cloudfoundry_space.space_91                                            110ms
  cloudfoundry_space.space_92                                            117ms
  cloudfoundry_space.space_93                                            134ms
  cloudfoundry_space.space_94                                            137ms
  cloudfoundry_space.space_95                                            117ms
  cloudfoundry_space.space_96                                            133ms
  cloudfoundry_space.space_97                                            97ms
  cloudfoundry_space.space_98                                            122ms
  cloudfoundry_space.space_99                                            116ms
  scc_subaccount.subaccount_1                                            2255ms
  scc_subaccount.subaccount_10                                           1153ms
  scc_subaccount.subaccount_11                                           1669ms
  scc_subaccount.subaccount_12                                           1617ms
  scc_subaccount.subaccount_13                                           2055ms
  scc_subaccount.subaccount_14                                           1750ms
  scc_subaccount.subaccount_15                                           1293ms
  scc_subaccount.subaccount_16                                           2184ms
  scc_subaccount.subaccount_17                                           2016ms
  scc_subaccount.subaccount_18                                           2070ms
  scc_subaccount.subaccount_19                                           1121ms
  scc_subaccount.subaccount_2                                            2208ms
  scc_subaccount.subaccount_20                                           1121ms
  scc_subaccount.subaccount_21                                           1995ms
  scc_subaccount.subaccount_22                                           1784ms
  scc_subaccount.subaccount_23                                           1380ms
  scc_subaccount.subaccount_24                                           1950ms
  scc_subaccount.subaccount_25                                           1101ms
  scc_subaccount.subaccount_26                                           1644ms
  scc_subaccount.subaccount_27                                           1812ms
  scc_subaccount.subaccount_28                                           2548ms
  scc_subaccount.subaccount_29                                           1055ms
  scc_subaccount.subaccount_3                                            1320ms
  scc_subaccount.subaccount_30                                           1479ms
  scc_subaccount.subaccount_31                                           1480ms
  scc_subaccount.subaccount_32                                           1598ms
  scc_subaccount.subaccount_33                                           1381ms
  scc_subaccount.subaccount_34                                           514ms
  scc_subaccount.subaccount_35                                           514ms
  scc_subaccount.subaccount_36                                           819ms
  scc_subaccount.subaccount_37                                           1862ms
  scc_subaccount.subaccount_38                                           1908ms
  scc_subaccount.subaccount_39                                           1331ms
  scc_subaccount.subaccount_4                                            1884ms
  scc_subaccount.subaccount_40                                           1847ms
  scc_subaccount.subaccount_41                                           2036ms
  scc_subaccount.subaccount_42                                           1071ms
  scc_subaccount.subaccount_43                                           523ms
  scc_subaccount.subaccount_44                                           2226ms
  scc_subaccount.subaccount_45                                           1771ms
  scc_subaccount.subaccount_46                                           1585ms
  scc_subaccount.subaccount_47                                           524ms
  scc_subaccount.subaccount_48                                           1381ms
  scc_subaccount.subaccount_49                                           1204ms
  scc_subaccount.subaccount_5                                            1453ms
  scc_subaccount.subaccount_50                                           693ms
  scc_subaccount.subaccount_6                                            2630ms
  scc_subaccount.subaccount_7                                            2370ms
  scc_subaccount.subaccount_8                                            1289ms
  scc_subaccount.subaccount_9                                            1057ms
  scc_system_mapping.system_1                                            57ms
  scc_system_mapping.system_10                                           61ms
  scc_system_mapping.system_100                                          61ms
  scc_system_mapping.system_11                                           62ms
  scc_system_mapping.system_12                                           62ms
  scc_system_mapping.system_13                                           62ms
  scc_system_mapping.system_14                                           61ms
  scc_system_mapping.system_15                                           65ms
  scc_system_mapping.system_16                                           61ms
  scc_system_mapping.system_17                                           59ms
  scc_system_mapping.system_18                                           64ms
  scc_system_mapping.system_19                                           64ms
  scc_system_mapping.system_2                                            58ms
  scc_system_mapping.system_20                                           61ms
  scc_system_mapping.system_21                                           60ms
  scc_system_mapping.system_22                                           60ms
  scc_system_mapping.system_23                                           60ms
  scc_system_mapping.system_24                                           61ms
  scc_system_mapping.system_25                                           62ms
  scc_system_mapping.system_26                                           60ms
  scc_system_mapping.system_27                                           59ms
  scc_system_mapping.system_28                                           62ms
  scc_system_mapping.system_29                                           63ms
  scc_system_mapping.system_3                                            63ms
  scc_system_mapping.system_30                                           58ms
  scc_system_mapping.system_31                                           62ms
  scc_system_mapping.system_32                                           63ms
  scc_system_mapping.system_33                                           61ms
  scc_system_mapping.system_34                                           60ms
  scc_system_mapping.system_35                                           62ms
  scc_system_mapping.system_36                                           62ms
  scc_system_mapping.system_37                                           61ms
  scc_system_mapping.system_38                                           61ms
  scc_system_mapping.system_39                                           59ms
  scc_system_mapping.system_4                                            57ms
  scc_system_mapping.system_40                                           60ms
  scc_system_mapping.system_41                                           59ms
  scc_system_mapping.system_42                                           58ms
  scc_system_mapping.system_43                                           61ms
  scc_system_mapping.system_44                                           60ms
  scc_system_mapping.system_45                                           60ms
  scc_system_mapping.system_46                                           56ms
  scc_system_mapping.system_47                                           61ms
  scc_system_mapping.system_48                                           58ms
  scc_system_mapping.system_49                                           64ms
  scc_system_mapping.system_5                                            63ms
  scc_system_mapping.system_50                                           61ms
  scc_system_mapping.system_51                                           60ms
  scc_system_mapping.system_52                                           69ms
  scc_system_mapping.system_53                                           64ms
  scc_system_mapping.system_54                                           66ms
  scc_system_mapping.system_55                                           61ms
  scc_system_mapping.system_56                                           85ms
  scc_system_mapping.system_57                                           61ms
  scc_system_mapping.system_58                                           61ms
  scc_system_mapping.system_59                                           58ms
  scc_system_mapping.system_6                                            62ms
  scc_system_mapping.system_60                                           62ms
  scc_system_mapping.system_61                                           58ms
  scc_system_mapping.system_62                                           61ms
  scc_system_mapping.system_63                                           60ms
  scc_system_mapping.system_64                                           62ms
  scc_system_mapping.system_65                                           76ms
  scc_system_mapping.system_66                                           60ms
  scc_system_mapping.system_67                                           62ms
  scc_system_mapping.system_68                                           60ms
  scc_system_mapping.system_69                                           59ms
  scc_system_mapping.system_7                                            58ms
  scc_system_mapping.system_70                                           61ms
  scc_system_mapping.system_71                                           58ms
  scc_system_mapping.system_72                                           60ms
  scc_system_mapping.system_73                                           64ms
  scc_system_mapping.system_74                                           64ms
  scc_system_mapping.system_75                                           60ms
  scc_system_mapping.system_76                                           59ms
  scc_system_mapping.system_77                                           60ms
  scc_system_mapping.system_78                                           60ms
  scc_system_mapping.system_79                                           72ms
  scc_system_mapping.system_8                                            57ms
  scc_system_mapping.system_80                                           61ms
  scc_system_mapping.system_81                                           61ms
  scc_system_mapping.system_82                                           61ms
  scc_system_mapping.system_83                                           63ms
  scc_system_mapping.system_84                                           56ms
  scc_system_mapping.system_85                                           64ms
  scc_system_mapping.system_86                                           62ms
  scc_system_mapping.system_87                                           61ms
  scc_system_mapping.system_88                                           58ms
  scc_system_mapping.system_89                                           57ms
  scc_system_mapping.system_9                                            90ms
  scc_system_mapping.system_90                                           62ms
  scc_system_mapping.system_91                                           61ms
  scc_system_mapping.system_92                                           58ms
  scc_system_mapping.system_93                                           60ms
  scc_system_mapping.system_94                                           61ms
  scc_system_mapping.system_95                                           70ms
  scc_system_mapping.system_96                                           57ms
  scc_system_mapping.system_97                                           62ms
  scc_system_mapping.system_98                                           59ms
  scc_system_mapping.system_99                                           67ms
  scc_system_mapping_resource.resource_1                                 58ms
  scc_system_mapping_resource.resource_10                                58ms
  scc_system_mapping_resource.resource_100                               61ms
  scc_system_mapping_resource.resource_101                               60ms
  scc_system_mapping_resource.resource_102                               59ms
  scc_system_mapping_resource.resource_103                               60ms
  scc_system_mapping_resource.resource_104                               58ms
  scc_system_mapping_resource.resource_105                               59ms
  scc_system_mapping_resource.resource_106                               62ms
  scc_system_mapping_resource.resource_107                               59ms
  scc_system_mapping_resource.resource_108                               57ms
  scc_system_mapping_resource.resource_109                               60ms
  scc_system_mapping_resource.resource_11                                59ms
  scc_system_mapping_resource.resource_110                               61ms
  scc_system_mapping_resource.resource_111                               58ms
  scc_system_mapping_resource.resource_112                               59ms
  scc_system_mapping_resource.resource_113                               57ms
  scc_system_mapping_resource.resource_114                               58ms
  scc_system_mapping_resource.resource_115                               58ms
  scc_system_mapping_resource.resource_116                               85ms
  scc_system_mapping_resource.resource_117                               58ms
  scc_system_mapping_resource.resource_118                               57ms
  scc_system_mapping_resource.resource_119                               56ms
  scc_system_mapping_resource.resource_12                                57ms
  scc_system_mapping_resource.resource_120                               62ms
  scc_system_mapping_resource.resource_121                               73ms
  scc_system_mapping_resource.resource_122                               57ms
  scc_system_mapping_resource.resource_123                               57ms
  scc_system_mapping_resource.resource_124                               59ms
  scc_system_mapping_resource.resource_125                               58ms
  scc_system_mapping_resource.resource_126                               59ms
  scc_system_mapping_resource.resource_127                               59ms
  scc_system_mapping_resource.resource_128                               58ms
  scc_system_mapping_resource.resource_129                               62ms
  scc_system_mapping_resource.resource_13                                59ms
  scc_system_mapping_resource.resource_130                               57ms
  scc_system_mapping_resource.resource_131                               60ms
  scc_system_mapping_resource.resource_132                               57ms
  scc_system_mapping_resource.resource_133                               59ms
  scc_system_mapping_resource.resource_134                               56ms
  scc_system_mapping_resource.resource_135                               59ms
  scc_system_mapping_resource.resource_136                               58ms
  scc_system_mapping_resource.resource_137                               59ms
  scc_system_mapping_resource.resource_138                               64ms
  scc_system_mapping_resource.resource_139                               62ms
  scc_system_mapping_resource.resource_14                                58ms
  scc_system_mapping_resource.resource_140                               61ms
  scc_system_mapping_resource.resource_141                               59ms
  scc_system_mapping_resource.resource_142                               57ms
  scc_system_mapping_resource.resource_143                               58ms
  scc_system_mapping_resource.resource_144                               58ms
  scc_system_mapping_resource.resource_145                               61ms
  scc_system_mapping_resource.resource_146                               55ms
  scc_system_mapping_resource.resource_147                               61ms
  scc_system_mapping_resource.resource_148                               56ms
  scc_system_mapping_resource.resource_149                               58ms
  scc_system_mapping_resource.resource_15                                58ms
  scc_system_mapping_resource.resource_150                               70ms
  scc_system_mapping_resource.resource_151                               57ms
  scc_system_mapping_resource.resource_152                               62ms
  scc_system_mapping_resource.resource_153                               61ms
  scc_system_mapping_resource.resource_154                               60ms
  scc_system_mapping_resource.resource_155                               57ms
  scc_system_mapping_resource.resource_156                               58ms
  scc_system_mapping_resource.resource_157                               59ms
  scc_system_mapping_resource.resource_158                               58ms
  scc_system_mapping_resource.resource_159                               58ms
  scc_system_mapping_resource.resource_16                                56ms
  scc_system_mapping_resource.resource_160                               62ms
  scc_system_mapping_resource.resource_161                               60ms
  scc_system_mapping_resource.resource_162                               81ms
  scc_system_mapping_resource.resource_163                               60ms
  scc_system_mapping_resource.resource_164                               62ms
  scc_system_mapping_resource.resource_165                               60ms
  scc_system_mapping_resource.resource_166                               69ms
  scc_system_mapping_resource.resource_167                               59ms
  scc_system_mapping_resource.resource_168                               58ms
  scc_system_mapping_resource.resource_169                               56ms
  scc_system_mapping_resource.resource_17                                83ms
  scc_system_mapping_resource.resource_170                               159ms
  scc_system_mapping_resource.resource_171                               61ms
  scc_system_mapping_resource.resource_172                               56ms
  scc_system_mapping_resource.resource_173                               60ms
  scc_system_mapping_resource.resource_174                               56ms
  scc_system_mapping_resource.resource_175                               59ms
  scc_system_mapping_resource.resource_176                               56ms
  scc_system_mapping_resource.resource_177                               61ms
  scc_system_mapping_resource.resource_178                               59ms
  scc_system_mapping_resource.resource_179                               61ms
  scc_system_mapping_resource.resource_18                                59ms
  scc_system_mapping_resource.resource_180                               60ms
  scc_system_mapping_resource.resource_181                               59ms
  scc_system_mapping_resource.resource_182                               62ms
  scc_system_mapping_resource.resource_183                               56ms
  scc_system_mapping_resource.resource_184                               144ms
  scc_system_mapping_resource.resource_185                               57ms
  scc_system_mapping_resource.resource_186                               69ms
  scc_system_mapping_resource.resource_187                               58ms
  scc_system_mapping_resource.resource_188                               67ms
  scc_system_mapping_resource.resource_189                               61ms
  scc_system_mapping_resource.resource_19                                61ms
  scc_system_mapping_resource.resource_190                               60ms
  scc_system_mapping_resource.resource_191                               61ms
  scc_system_mapping_resource.resource_192                               61ms
  scc_system_mapping_resource.resource_193                               59ms
  scc_system_mapping_resource.resource_194                               58ms
  scc_system_mapping_resource.resource_195                               58ms
  scc_system_mapping_resource.resource_196                               59ms
  scc_system_mapping_resource.resource_197                               55ms
  scc_system_mapping_resource.resource_198                               61ms
  scc_system_mapping_resource.resource_199                               60ms
  scc_system_mapping_resource.resource_2                                 57ms
  scc_system_mapping_resource.resource_20                                58ms
  scc_system_mapping_resource.resource_200                               61ms
  scc_system_mapping_resource.resource_21                                58ms
  scc_system_mapping_resource.resource_22                                64ms
  scc_system_mapping_resource.resource_23                                60ms
  scc_system_mapping_resource.resource_24                                56ms
  scc_system_mapping_resource.resource_25                                60ms
  scc_system_mapping_resource.resource_26                                61ms
  scc_system_mapping_resource.resource_27                                59ms
  scc_system_mapping_resource.resource_28                                62ms
  scc_system_mapping_resource.resource_29                                55ms
  scc_system_mapping_resource.resource_3                                 57ms
  scc_system_mapping_resource.resource_30                                58ms
  scc_system_mapping_resource.resource_31                                59ms
  scc_system_mapping_resource.resource_32                                57ms
  scc_system_mapping_resource.resource_33                                60ms
  scc_system_mapping_resource.resource_34                                59ms
  scc_system_mapping_resource.resource_35                                59ms
  scc_system_mapping_resource.resource_36                                60ms
  scc_system_mapping_resource.resource_37                                61ms
  scc_system_mapping_resource.resource_38                                56ms
  scc_system_mapping_resource.resource_39                                59ms
  scc_system_mapping_resource.resource_4                                 64ms
  scc_system_mapping_resource.resource_40                                61ms
  scc_system_mapping_resource.resource_41                                67ms
  scc_system_mapping_resource.resource_42                                58ms
  scc_system_mapping_resource.resource_43                                57ms
  scc_system_mapping_resource.resource_44                                58ms
  scc_system_mapping_resource.resource_45                                57ms
  scc_system_mapping_resource.resource_46                                61ms
  scc_system_mapping_resource.resource_47                                58ms
  scc_system_mapping_resource.resource_48                                58ms
  scc_system_mapping_resource.resource_49                                57ms
  scc_system_mapping_resource.resource_5                                 59ms
  scc_system_mapping_resource.resource_50                                61ms
  scc_system_mapping_resource.resource_51                                55ms
  scc_system_mapping_resource.resource_52                                61ms
  scc_system_mapping_resource.resource_53                                60ms
  scc_system_mapping_resource.resource_54                                61ms
  scc_system_mapping_resource.resource_55                                60ms
  scc_system_mapping_resource.resource_56                                59ms
  scc_system_mapping_resource.resource_57                                68ms
  scc_system_mapping_resource.resource_58                                53ms
  scc_system_mapping_resource.resource_59                                58ms
  scc_system_mapping_resource.resource_6                                 62ms
  scc_system_mapping_resource.resource_60                                57ms
  scc_system_mapping_resource.resource_61                                60ms
  scc_system_mapping_resource.resource_62                                58ms
  scc_system_mapping_resource.resource_63                                56ms
  scc_system_mapping_resource.resource_64                                59ms
  scc_system_mapping_resource.resource_65                                59ms
  scc_system_mapping_resource.resource_66                                57ms
  scc_system_mapping_resource.resource_67                                58ms
  scc_system_mapping_resource.resource_68                                58ms
  scc_system_mapping_resource.resource_69                                61ms
  scc_system_mapping_resource.resource_7                                 61ms
  scc_system_mapping_resource.resource_70                                58ms
  scc_system_mapping_resource.resource_71                                91ms
  scc_system_mapping_resource.resource_72                                57ms
  scc_system_mapping_resource.resource_73                                58ms
  scc_system_mapping_resource.resource_74                                58ms
  scc_system_mapping_resource.resource_75                                58ms
  scc_system_mapping_resource.resource_76                                56ms
  scc_system_mapping_resource.resource_77                                58ms
  scc_system_mapping_resource.resource_78                                57ms
  scc_system_mapping_resource.resource_79                                60ms
  scc_system_mapping_resource.resource_8                                 59ms
  scc_system_mapping_resource.resource_80                                65ms
  scc_system_mapping_resource.resource_81                                60ms
  scc_system_mapping_resource.resource_82                                54ms
  scc_system_mapping_resource.resource_83                                60ms
  scc_system_mapping_resource.resource_84                                61ms
  scc_system_mapping_resource.resource_85                                55ms
  scc_system_mapping_resource.resource_86                                71ms
  scc_system_mapping_resource.resource_87                                60ms
  scc_system_mapping_resource.resource_88                                57ms
  scc_system_mapping_resource.resource_89                                58ms
  scc_system_mapping_resource.resource_9                                 61ms
  scc_system_mapping_resource.resource_90                                144ms
  scc_system_mapping_resource.resource_91                                110ms
  scc_system_mapping_resource.resource_92                                72ms
  scc_system_mapping_resource.resource_93                                57ms
  scc_system_mapping_resource.resource_94                                69ms
  scc_system_mapping_resource.resource_95                                57ms
  scc_system_mapping_resource.resource_96                                61ms
  scc_system_mapping_resource.resource_97                                57ms
  scc_system_mapping_resource.resource_98                                62ms
  scc_system_mapping_resource.resource_99                                60ms
  sci_application.app_1                                                  129ms
  sci_application.app_10                                                 123ms
  sci_application.app_100                                                105ms
  sci_application.app_11                                                 128ms
  sci_application.app_12                                                 121ms
  sci_application.app_13                                                 113ms
  sci_application.app_14                                                 117ms
  sci_application.app_15                                                 112ms
  sci_application.app_16                                                 115ms
  sci_application.app_17                                                 109ms
  sci_application.app_18                                                 108ms
  sci_application.app_19                                                 121ms
  sci_application.app_2                                                  117ms
  sci_application.app_20                                                 122ms
  sci_application.app_21                                                 124ms
  sci_application.app_22                                                 153ms
  sci_application.app_23                                                 124ms
  sci_application.app_24                                                 116ms
  sci_application.app_25                                                 131ms
  sci_application.app_26                                                 115ms
  sci_application.app_27                                                 135ms
  sci_application.app_28                                                 104ms
  sci_application.app_29                                                 114ms
  sci_application.app_3                                                  131ms
  sci_application.app_30                                                 130ms
  sci_application.app_31                                                 141ms
  sci_application.app_32                                                 123ms
  sci_application.app_33                                                 114ms
  sci_application.app_34                                                 124ms
  sci_application.app_35                                                 108ms
  sci_application.app_36                                                 130ms
  sci_application.app_37                                                 107ms
  sci_application.app_38                                                 136ms
  sci_application.app_39                                                 122ms
  sci_application.app_4                                                  137ms
  sci_application.app_40                                                 121ms
  sci_application.app_41                                                 123ms
  sci_application.app_42                                                 147ms
  sci_application.app_43                                                 116ms
  sci_application.app_44                                                 128ms
  sci_application.app_45                                                 121ms
  sci_application.app_46                                                 119ms
  sci_application.app_47                                                 111ms
  sci_application.app_48                                                 126ms
  sci_application.app_49                                                 116ms
  sci_application.app_5                                                  126ms
  sci_application.app_50                                                 108ms
  sci_application.app_51                                                 170ms
  sci_application.app_52                                                 122ms
  sci_application.app_53                                                 111ms
  sci_application.app_54                                                 117ms
  sci_application.app_55                                                 117ms
  sci_application.app_56                                                 128ms
  sci_application.app_57                                                 113ms
  sci_application.app_58                                                 118ms
  sci_application.app_59                                                 131ms
  sci_application.app_6                                                  112ms
  sci_application.app_60                                                 118ms
  sci_application.app_61                                                 126ms
  sci_application.app_62                                                 119ms
  sci_application.app_63                                                 124ms
  sci_application.app_64                                                 124ms
  sci_application.app_65                                                 147ms
  sci_application.app_66                                                 126ms
  sci_application.app_67                                                 122ms
  sci_application.app_68                                                 116ms
  sci_application.app_69                                                 103ms
  sci_application.app_7                                                  120ms
  sci_application.app_70                                                 119ms
  sci_application.app_71                                                 129ms
  sci_application.app_72                                                 108ms
  sci_application.app_73                                                 119ms
  sci_application.app_74                                                 129ms
  sci_application.app_75                                                 118ms
  sci_application.app_76                                                 123ms
  sci_application.app_77                                                 121ms
  sci_application.app_78                                                 116ms
  sci_application.app_79                                                 129ms
  sci_application.app_8                                                  113ms
  sci_application.app_80                                                 115ms
  sci_application.app_81                                                 142ms
  sci_application.app_82                                                 115ms
  sci_application.app_83                                                 117ms
  sci_application.app_84                                                 125ms
  sci_application.app_85                                                 122ms
  sci_application.app_86                                                 117ms
  sci_application.app_87                                                 118ms
  sci_application.app_88                                                 122ms
  sci_application.app_89                                                 122ms
  sci_application.app_9                                                  147ms
  sci_application.app_90                                                 124ms
  sci_application.app_91                                                 106ms
  sci_application.app_92                                                 330ms
  sci_application.app_93                                                 124ms
  sci_application.app_94                                                 114ms
  sci_application.app_95                                                 117ms
  sci_application.app_96                                                 124ms
  sci_application.app_97                                                 115ms
  sci_application.app_98                                                 120ms
  sci_application.app_99                                                 130ms
  sci_group_base.group_1                                                 102ms
  sci_group_base.group_10                                                96ms
  sci_group_base.group_100                                               95ms
  sci_group_base.group_101                                               96ms
  sci_group_base.group_102                                               106ms
  sci_group_base.group_103                                               95ms
  sci_group_base.group_104                                               97ms
  sci_group_base.group_105                                               100ms
  sci_group_base.group_106                                               101ms
  sci_group_base.group_107                                               95ms
  sci_group_base.group_108                                               88ms
  sci_group_base.group_109                                               94ms
  sci_group_base.group_11                                                91ms
  sci_group_base.group_110                                               170ms
  sci_group_base.group_111                                               86ms
  sci_group_base.group_112                                               90ms
  sci_group_base.group_113                                               97ms
  sci_group_base.group_114                                               96ms
  sci_group_base.group_115                                               107ms
  sci_group_base.group_116                                               99ms
  sci_group_base.group_117                                               94ms
  sci_group_base.group_118                                               91ms
  sci_group_base.group_119                                               159ms
  sci_group_base.group_12                                                98ms
  sci_group_base.group_120                                               92ms
  sci_group_base.group_121                                               102ms
  sci_group_base.group_122                                               95ms
  sci_group_base.group_123                                               92ms
  sci_group_base.group_124                                               93ms
  sci_group_base.group_125                                               94ms
  sci_group_base.group_126                                               96ms
  sci_group_base.group_127                                               98ms
  sci_group_base.group_128                                               87ms
  sci_group_base.group_129                                               320ms
  sci_group_base.group_13                                                99ms
  sci_group_base.group_130                                               84ms
  sci_group_base.group_131                                               128ms
  sci_group_base.group_132                                               88ms
  sci_group_base.group_133                                               298ms
  sci_group_base.group_134                                               93ms
  sci_group_base.group_135                                               143ms
  sci_group_base.group_136                                               93ms
  sci_group_base.group_137                                               132ms
  sci_group_base.group_138                                               91ms
  sci_group_base.group_139                                               100ms
  sci_group_base.group_14                                                96ms
  sci_group_base.group_140                                               103ms
  sci_group_base.group_141                                               108ms
  sci_group_base.group_142                                               96ms
  sci_group_base.group_143                                               98ms
  sci_group_base.group_144                                               87ms
  sci_group_base.group_145                                               92ms
  sci_group_base.group_146                                               92ms
  sci_group_base.group_147                                               98ms
  sci_group_base.group_148                                               94ms
  sci_group_base.group_149                                               88ms
  sci_group_base.group_15                                                89ms
  sci_group_base.group_150                                               125ms
  sci_group_base.group_16                                                87ms
  sci_group_base.group_17                                                89ms
  sci_group_base.group_18                                                94ms
  sci_group_base.group_19                                                110ms
  sci_group_base.group_2                                                 97ms
  sci_group_base.group_20                                                91ms
  sci_group_base.group_21                                                299ms
  sci_group_base.group_22                                                98ms
  sci_group_base.group_23                                                97ms
  sci_group_base.group_24                                                98ms
  sci_group_base.group_25                                                315ms
  sci_group_base.group_26                                                90ms
  sci_group_base.group_27                                                99ms
  sci_group_base.group_28                                                99ms
  sci_group_base.group_29                                                90ms
  sci_group_base.group_3                                                 92ms
  sci_group_base.group_30                                                85ms
  sci_group_base.group_31                                                98ms
  sci_group_base.group_32                                                94ms
  sci_group_base.group_33                                                99ms
  sci_group_base.group_34                                                109ms
  sci_group_base.group_35                                                98ms
  sci_group_base.group_36                                                95ms
  sci_group_base.group_37                                                94ms
  sci_group_base.group_38                                                315ms
  sci_group_base.group_39                                                93ms
  sci_group_base.group_4                                                 83ms
  sci_group_base.group_40                                                89ms
  sci_group_base.group_41                                                90ms
  sci_group_base.group_42                                                125ms
  sci_group_base.group_43                                                99ms
  sci_group_base.group_44                                                101ms
  sci_group_base.group_45                                                305ms
  sci_group_base.group_46                                                100ms
  sci_group_base.group_47                                                98ms
  sci_group_base.group_48                                                94ms
  sci_group_base.group_49                                                109ms
  sci_group_base.group_5                                                 96ms
  sci_group_base.group_50                                                110ms
  sci_group_base.group_51                                                91ms
  sci_group_base.group_52                                                89ms
  sci_group_base.group_53                                                93ms
  sci_group_base.group_54                                                93ms
  sci_group_base.group_55                                                100ms
  sci_group_base.group_56                                                88ms
  sci_group_base.group_57                                                86ms
  sci_group_base.group_58                                                96ms
  sci_group_base.group_59                                                89ms
  sci_group_base.group_6                                                 98ms
  sci_group_base.group_60                                                100ms
  sci_group_base.group_61                                                98ms
  sci_group_base.group_62                                                92ms
  sci_group_base.group_63                                                94ms
  sci_group_base.group_64                                                96ms
  sci_group_base.group_65                                                87ms
  sci_group_base.group_66                                                96ms
  sci_group_base.group_67                                                104ms
  sci_group_base.group_68                                                104ms
  sci_group_base.group_69                                                91ms
  sci_group_base.group_7                                                 104ms
  sci_group_base.group_70                                                89ms
  sci_group_base.group_71                                                87ms
  sci_group_base.group_72                                                97ms
  sci_group_base.group_73                                                93ms
  sci_group_base.group_74                                                97ms
  sci_group_base.group_75                                                93ms
  sci_group_base.group_76                                                95ms
  sci_group_base.group_77                                                92ms
  sci_group_base.group_78                                                110ms
  sci_group_base.group_79                                                91ms
  sci_group_base.group_8                                                 93ms
  sci_group_base.group_80                                                94ms
  sci_group_base.group_81                                                93ms
  sci_group_base.group_82                                                90ms
  sci_group_base.group_83                                                99ms
  sci_group_base.group_84                                                96ms
  sci_group_base.group_85                                                88ms
  sci_group_base.group_86                                                91ms
  sci_group_base.group_87                                                126ms
  sci_group_base.group_88                                                89ms
  sci_group_base.group_89                                                96ms
  sci_group_base.group_9                                                 89ms
  sci_group_base.group_90                                                91ms
  sci_group_base.group_91                                                178ms
  sci_group_base.group_92                                                90ms
  sci_group_base.group_93                                                89ms
  sci_group_base.group_94                                                93ms
  sci_group_base.group_95                                                109ms
  sci_group_base.group_96                                                103ms
  sci_group_base.group_97                                                97ms
  sci_group_base.group_98                                                96ms
  sci_group_base.group_99                                                92ms
  sci_user.user_1                                                        91ms
  sci_user.user_10                                                       89ms
  sci_user.user_100                                                      99ms
  sci_user.user_101                                                      88ms
  sci_user.user_102                                                      102ms
  sci_user.user_103                                                      88ms
  sci_user.user_104                                                      91ms
  sci_user.user_105                                                      95ms
  sci_user.user_106                                                      95ms
  sci_user.user_107                                                      86ms
  sci_user.user_108                                                      82ms
  sci_user.user_109                                                      91ms
  sci_user.user_11                                                       94ms
  sci_user.user_110                                                      85ms
  sci_user.user_111                                                      111ms
  sci_user.user_112                                                      89ms
  sci_user.user_113                                                      87ms
  sci_user.user_114                                                      86ms
  sci_user.user_115                                                      97ms
  sci_user.user_116                                                      92ms
  sci_user.user_117                                                      91ms
  sci_user.user_118                                                      151ms
  sci_user.user_119                                                      85ms
  sci_user.user_12                                                       86ms
  sci_user.user_120                                                      86ms
  sci_user.user_121                                                      103ms
  sci_user.user_122                                                      107ms
  sci_user.user_123                                                      87ms
  sci_user.user_124                                                      89ms
  sci_user.user_125                                                      91ms
  sci_user.user_126                                                      84ms
  sci_user.user_127                                                      96ms
  sci_user.user_128                                                      90ms
  sci_user.user_129                                                      309ms
  sci_user.user_13                                                       112ms
  sci_user.user_130                                                      81ms
  sci_user.user_131                                                      138ms
  sci_user.user_132                                                      85ms
  sci_user.user_133                                                      91ms
  sci_user.user_134                                                      85ms
  sci_user.user_135                                                      93ms
  sci_user.user_136                                                      99ms
  sci_user.user_137                                                      94ms
  sci_user.user_138                                                      85ms
  sci_user.user_139                                                      83ms
  sci_user.user_14                                                       83ms
  sci_user.user_140                                                      92ms
  sci_user.user_141                                                      89ms
  sci_user.user_142                                                      108ms
  sci_user.user_143                                                      89ms
  sci_user.user_144                                                      104ms
  sci_user.user_145                                                      88ms
  sci_user.user_146                                                      99ms
  sci_user.user_147                                                      90ms
  sci_user.user_148                                                      90ms
  sci_user.user_149                                                      77ms
  sci_user.user_15                                                       97ms
  sci_user.user_150                                                      94ms
  sci_user.user_151                                                      94ms
  sci_user.user_152                                                      90ms
  sci_user.user_153                                                      95ms
  sci_user.user_154                                                      87ms
  sci_user.user_155                                                      97ms
  sci_user.user_156                                                      99ms
  sci_user.user_157                                                      85ms
  sci_user.user_158                                                      133ms
  sci_user.user_159                                                      95ms
  sci_user.user_16                                                       91ms
  sci_user.user_160                                                      87ms
  sci_user.user_161                                                      96ms
  sci_user.user_162                                                      85ms
  sci_user.user_163                                                      92ms
  sci_user.user_164                                                      86ms
  sci_user.user_165                                                      84ms
  sci_user.user_166                                                      86ms
  sci_user.user_167                                                      85ms
  sci_user.user_168                                                      96ms
  sci_user.user_169                                                      85ms
  sci_user.user_17                                                       87ms
  sci_user.user_170                                                      93ms
  sci_user.user_171                                                      91ms
  sci_user.user_172                                                      83ms
  sci_user.user_173                                                      79ms
  sci_user.user_174                                                      95ms
  sci_user.user_175                                                      91ms
  sci_user.user_176                                                      92ms
  sci_user.user_177                                                      105ms
  sci_user.user_178                                                      99ms
  sci_user.user_179                                                      91ms
  sci_user.user_18                                                       109ms
  sci_user.user_180                                                      86ms
  sci_user.user_181                                                      88ms
  sci_user.user_182                                                      103ms
  sci_user.user_183                                                      89ms
  sci_user.user_184                                                      97ms
  sci_user.user_185                                                      101ms
  sci_user.user_186                                                      87ms
  sci_user.user_187                                                      84ms
  sci_user.user_188                                                      87ms
  sci_user.user_189                                                      98ms
  sci_user.user_19                                                       90ms
  sci_user.user_190                                                      88ms
  sci_user.user_191                                                      96ms
  sci_user.user_192                                                      94ms
  sci_user.user_193                                                      88ms
  sci_user.user_194                                                      92ms
  sci_user.user_195                                                      84ms
  sci_user.user_196                                                      95ms
  sci_user.user_197                                                      101ms
  sci_user.user_198                                                      82ms
  sci_user.user_199                                                      93ms
  sci_user.user_2                                                        107ms
  sci_user.user_20                                                       93ms
  sci_user.user_200                                                      95ms
  sci_user.user_201                                                      103ms
  sci_user.user_202                                                      88ms
  sci_user.user_203                                                      96ms
  sci_user.user_204                                                      103ms
  sci_user.user_205                                                      87ms
  sci_user.user_206                                                      91ms
  sci_user.user_207                                                      87ms
  sci_user.user_208                                                      90ms
  sci_user.user_209                                                      91ms
  sci_user.user_21                                                       87ms
  sci_user.user_210                                                      94ms
  sci_user.user_211                                                      89ms
  sci_user.user_212                                                      97ms
  sci_user.user_213                                                      113ms
  sci_user.user_214                                                      98ms
  sci_user.user_215                                                      84ms
  sci_user.user_216                                                      88ms
  sci_user.user_217                                                      105ms
  sci_user.user_218                                                      93ms
  sci_user.user_219                                                      89ms
  sci_user.user_22                                                       86ms
  sci_user.user_220                                                      93ms
  sci_user.user_221                                                      81ms
  sci_user.user_222                                                      90ms
  sci_user.user_223                                                      93ms
  sci_user.user_224                                                      93ms
  sci_user.user_225                                                      189ms
  sci_user.user_226                                                      95ms
  sci_user.user_227                                                      94ms
  sci_user.user_228                                                      83ms
  sci_user.user_229                                                      79ms
  sci_user.user_23                                                       96ms
  sci_user.user_230                                                      84ms
  sci_user.user_231                                                      84ms
  sci_user.user_232                                                      88ms
  sci_user.user_233                                                      90ms
  sci_user.user_234                                                      83ms
  sci_user.user_235                                                      103ms
  sci_user.user_236                                                      90ms
  sci_user.user_237                                                      101ms
  sci_user.user_238                                                      93ms
  sci_user.user_239                                                      172ms
  sci_user.user_24                                                       96ms
  sci_user.user_240                                                      101ms
  sci_user.user_241                                                      96ms
  sci_user.user_242                                                      93ms
  sci_user.user_243                                                      87ms
  sci_user.user_244                                                      96ms
  sci_user.user_245                                                      82ms
  sci_user.user_246                                                      96ms
  sci_user.user_247                                                      87ms
  sci_user.user_248                                                      86ms
  sci_user.user_249                                                      92ms
  sci_user.user_25                                                       103ms
  sci_user.user_250                                                      86ms
  sci_user.user_26                                                       95ms
  sci_user.user_27                                                       85ms
  sci_user.user_28                                                       84ms
  sci_user.user_29                                                       153ms
  sci_user.user_3                                                        84ms
  sci_user.user_30                                                       97ms
  sci_user.user_31                                                       92ms
  sci_user.user_32                                                       80ms
  sci_user.user_33                                                       85ms
  sci_user.user_34                                                       111ms
  sci_user.user_35                                                       99ms
  sci_user.user_36                                                       89ms
  sci_user.user_37                                                       98ms
  sci_user.user_38                                                       94ms
  sci_user.user_39                                                       87ms
  sci_user.user_4                                                        136ms
  sci_user.user_40                                                       122ms
  sci_user.user_41                                                       89ms
  sci_user.user_42                                                       106ms
  sci_user.user_43                                                       95ms
  sci_user.user_44                                                       97ms
  sci_user.user_45                                                       92ms
  sci_user.user_46                                                       94ms
  sci_user.user_47                                                       92ms
  sci_user.user_48                                                       84ms
  sci_user.user_49                                                       87ms
  sci_user.user_5                                                        89ms
  sci_user.user_50                                                       92ms
  sci_user.user_51                                                       96ms
  sci_user.user_52                                                       80ms
  sci_user.user_53                                                       87ms
  sci_user.user_54                                                       87ms
  sci_user.user_55                                                       92ms
  sci_user.user_56                                                       95ms
  sci_user.user_57                                                       100ms
  sci_user.user_58                                                       93ms
  sci_user.user_59                                                       150ms
  sci_user.user_6                                                        88ms
  sci_user.user_60                                                       105ms
  sci_user.user_61                                                       88ms
  sci_user.user_62                                                       78ms
  sci_user.user_63                                                       93ms
  sci_user.user_64                                                       93ms
  sci_user.user_65                                                       97ms
  sci_user.user_66                                                       91ms
  sci_user.user_67                                                       95ms
  sci_user.user_68                                                       90ms
  sci_user.user_69                                                       90ms
  sci_user.user_7                                                        99ms
  sci_user.user_70                                                       109ms
  sci_user.user_71                                                       93ms
  sci_user.user_72                                                       110ms
  sci_user.user_73                                                       85ms
  sci_user.user_74                                                       85ms
  sci_user.user_75                                                       99ms
  sci_user.user_76                                                       97ms
  sci_user.user_77                                                       96ms
  sci_user.user_78                                                       93ms
  sci_user.user_79                                                       93ms
  sci_user.user_8                                                        91ms
  sci_user.user_80                                                       106ms
  sci_user.user_81                                                       96ms
  sci_user.user_82                                                       87ms
  sci_user.user_83                                                       88ms
  sci_user.user_84                                                       89ms
  sci_user.user_85                                                       115ms
  sci_user.user_86                                                       106ms
  sci_user.user_87                                                       92ms
  sci_user.user_88                                                       91ms
  sci_user.user_89                                                       95ms
  sci_user.user_9                                                        87ms
  sci_user.user_90                                                       87ms
  sci_user.user_91                                                       91ms
  sci_user.user_92                                                       115ms
  sci_user.user_93                                                       88ms
  sci_user.user_94                                                       92ms
  sci_user.user_95                                                       93ms
  sci_user.user_96                                                       86ms
  sci_user.user_97                                                       85ms
  sci_user.user_98                                                       84ms
  sci_user.user_99                                                       95ms


Run 2/3:
  Total run time: 610.591737s
  btp_directory.directory_1                                              497ms
  btp_directory.directory_10                                             122ms
  btp_directory.directory_11                                             93ms
  btp_directory.directory_12                                             115ms
  btp_directory.directory_13                                             115ms
  btp_directory.directory_14                                             1522ms
  btp_directory.directory_15                                             86ms
  btp_directory.directory_16                                             105ms
  btp_directory.directory_17                                             1260ms
  btp_directory.directory_18                                             132ms
  btp_directory.directory_19                                             1105ms
  btp_directory.directory_2                                              578ms
  btp_directory.directory_20                                             105ms
  btp_directory.directory_21                                             686ms
  btp_directory.directory_22                                             1401ms
  btp_directory.directory_23                                             1264ms
  btp_directory.directory_24                                             714ms
  btp_directory.directory_25                                             105ms
  btp_directory.directory_26                                             113ms
  btp_directory.directory_27                                             705ms
  btp_directory.directory_28                                             1158ms
  btp_directory.directory_29                                             98ms
  btp_directory.directory_3                                              249ms
  btp_directory.directory_30                                             1265ms
  btp_directory.directory_31                                             926ms
  btp_directory.directory_32                                             1307ms
  btp_directory.directory_33                                             296ms
  btp_directory.directory_34                                             519ms
  btp_directory.directory_35                                             117ms
  btp_directory.directory_36                                             152ms
  btp_directory.directory_37                                             1071ms
  btp_directory.directory_38                                             98ms
  btp_directory.directory_39                                             110ms
  btp_directory.directory_4                                              255ms
  btp_directory.directory_40                                             1456ms
  btp_directory.directory_41                                             702ms
  btp_directory.directory_42                                             623ms
  btp_directory.directory_43                                             118ms
  btp_directory.directory_44                                             806ms
  btp_directory.directory_45                                             829ms
  btp_directory.directory_46                                             1591ms
  btp_directory.directory_47                                             1333ms
  btp_directory.directory_48                                             120ms
  btp_directory.directory_49                                             856ms
  btp_directory.directory_5                                              102ms
  btp_directory.directory_50                                             303ms
  btp_directory.directory_6                                              117ms
  btp_directory.directory_7                                              175ms
  btp_directory.directory_8                                              1068ms
  btp_directory.directory_9                                              93ms
  btp_subaccount.subaccount_1                                            146ms
  btp_subaccount.subaccount_10                                           671ms
  btp_subaccount.subaccount_11                                           299ms
  btp_subaccount.subaccount_12                                           41ms
  btp_subaccount.subaccount_13                                           56ms
  btp_subaccount.subaccount_14                                           59ms
  btp_subaccount.subaccount_15                                           362ms
  btp_subaccount.subaccount_16                                           515ms
  btp_subaccount.subaccount_17                                           47ms
  btp_subaccount.subaccount_18                                           877ms
  btp_subaccount.subaccount_19                                           40ms
  btp_subaccount.subaccount_2                                            672ms
  btp_subaccount.subaccount_20                                           252ms
  btp_subaccount.subaccount_21                                           367ms
  btp_subaccount.subaccount_22                                           293ms
  btp_subaccount.subaccount_23                                           125ms
  btp_subaccount.subaccount_24                                           534ms
  btp_subaccount.subaccount_25                                           86ms
  btp_subaccount.subaccount_26                                           227ms
  btp_subaccount.subaccount_27                                           269ms
  btp_subaccount.subaccount_28                                           685ms
  btp_subaccount.subaccount_29                                           445ms
  btp_subaccount.subaccount_3                                            39ms
  btp_subaccount.subaccount_30                                           345ms
  btp_subaccount.subaccount_31                                           197ms
  btp_subaccount.subaccount_32                                           369ms
  btp_subaccount.subaccount_33                                           48ms
  btp_subaccount.subaccount_34                                           51ms
  btp_subaccount.subaccount_35                                           86ms
  btp_subaccount.subaccount_36                                           208ms
  btp_subaccount.subaccount_37                                           277ms
  btp_subaccount.subaccount_38                                           755ms
  btp_subaccount.subaccount_39                                           946ms
  btp_subaccount.subaccount_4                                            216ms
  btp_subaccount.subaccount_40                                           476ms
  btp_subaccount.subaccount_41                                           43ms
  btp_subaccount.subaccount_42                                           214ms
  btp_subaccount.subaccount_43                                           623ms
  btp_subaccount.subaccount_44                                           52ms
  btp_subaccount.subaccount_45                                           559ms
  btp_subaccount.subaccount_46                                           103ms
  btp_subaccount.subaccount_47                                           47ms
  btp_subaccount.subaccount_48                                           325ms
  btp_subaccount.subaccount_49                                           42ms
  btp_subaccount.subaccount_5                                            539ms
  btp_subaccount.subaccount_50                                           52ms
  btp_subaccount.subaccount_6                                            399ms
  btp_subaccount.subaccount_7                                            529ms
  btp_subaccount.subaccount_8                                            232ms
  btp_subaccount.subaccount_9                                            433ms
  btp_subaccount_destination_generic.destination_1                       176ms
  btp_subaccount_destination_generic.destination_10                      698ms
  btp_subaccount_destination_generic.destination_100                     725ms
  btp_subaccount_destination_generic.destination_11                      406ms
  btp_subaccount_destination_generic.destination_12                      548ms
  btp_subaccount_destination_generic.destination_13                      176ms
  btp_subaccount_destination_generic.destination_14                      633ms
  btp_subaccount_destination_generic.destination_15                      185ms
  btp_subaccount_destination_generic.destination_16                      435ms
  btp_subaccount_destination_generic.destination_17                      356ms
  btp_subaccount_destination_generic.destination_18                      580ms
  btp_subaccount_destination_generic.destination_19                      192ms
  btp_subaccount_destination_generic.destination_2                       619ms
  btp_subaccount_destination_generic.destination_20                      198ms
  btp_subaccount_destination_generic.destination_21                      568ms
  btp_subaccount_destination_generic.destination_22                      268ms
  btp_subaccount_destination_generic.destination_23                      369ms
  btp_subaccount_destination_generic.destination_24                      329ms
  btp_subaccount_destination_generic.destination_25                      250ms
  btp_subaccount_destination_generic.destination_26                      247ms
  btp_subaccount_destination_generic.destination_27                      643ms
  btp_subaccount_destination_generic.destination_28                      158ms
  btp_subaccount_destination_generic.destination_29                      221ms
  btp_subaccount_destination_generic.destination_3                       450ms
  btp_subaccount_destination_generic.destination_30                      321ms
  btp_subaccount_destination_generic.destination_31                      711ms
  btp_subaccount_destination_generic.destination_32                      871ms
  btp_subaccount_destination_generic.destination_33                      387ms
  btp_subaccount_destination_generic.destination_34                      471ms
  btp_subaccount_destination_generic.destination_35                      848ms
  btp_subaccount_destination_generic.destination_36                      309ms
  btp_subaccount_destination_generic.destination_37                      375ms
  btp_subaccount_destination_generic.destination_38                      567ms
  btp_subaccount_destination_generic.destination_39                      693ms
  btp_subaccount_destination_generic.destination_4                       706ms
  btp_subaccount_destination_generic.destination_40                      367ms
  btp_subaccount_destination_generic.destination_41                      967ms
  btp_subaccount_destination_generic.destination_42                      314ms
  btp_subaccount_destination_generic.destination_43                      613ms
  btp_subaccount_destination_generic.destination_44                      975ms
  btp_subaccount_destination_generic.destination_45                      517ms
  btp_subaccount_destination_generic.destination_46                      848ms
  btp_subaccount_destination_generic.destination_47                      508ms
  btp_subaccount_destination_generic.destination_48                      796ms
  btp_subaccount_destination_generic.destination_49                      233ms
  btp_subaccount_destination_generic.destination_5                       195ms
  btp_subaccount_destination_generic.destination_50                      725ms
  btp_subaccount_destination_generic.destination_51                      814ms
  btp_subaccount_destination_generic.destination_52                      627ms
  btp_subaccount_destination_generic.destination_53                      212ms
  btp_subaccount_destination_generic.destination_54                      456ms
  btp_subaccount_destination_generic.destination_55                      629ms
  btp_subaccount_destination_generic.destination_56                      225ms
  btp_subaccount_destination_generic.destination_57                      891ms
  btp_subaccount_destination_generic.destination_58                      278ms
  btp_subaccount_destination_generic.destination_59                      622ms
  btp_subaccount_destination_generic.destination_6                       458ms
  btp_subaccount_destination_generic.destination_60                      823ms
  btp_subaccount_destination_generic.destination_61                      311ms
  btp_subaccount_destination_generic.destination_62                      482ms
  btp_subaccount_destination_generic.destination_63                      158ms
  btp_subaccount_destination_generic.destination_64                      183ms
  btp_subaccount_destination_generic.destination_65                      254ms
  btp_subaccount_destination_generic.destination_66                      1051ms
  btp_subaccount_destination_generic.destination_67                      729ms
  btp_subaccount_destination_generic.destination_68                      1015ms
  btp_subaccount_destination_generic.destination_69                      630ms
  btp_subaccount_destination_generic.destination_7                       223ms
  btp_subaccount_destination_generic.destination_70                      154ms
  btp_subaccount_destination_generic.destination_71                      249ms
  btp_subaccount_destination_generic.destination_72                      172ms
  btp_subaccount_destination_generic.destination_73                      257ms
  btp_subaccount_destination_generic.destination_74                      739ms
  btp_subaccount_destination_generic.destination_75                      164ms
  btp_subaccount_destination_generic.destination_76                      223ms
  btp_subaccount_destination_generic.destination_77                      214ms
  btp_subaccount_destination_generic.destination_78                      860ms
  btp_subaccount_destination_generic.destination_79                      210ms
  btp_subaccount_destination_generic.destination_8                       178ms
  btp_subaccount_destination_generic.destination_80                      180ms
  btp_subaccount_destination_generic.destination_81                      824ms
  btp_subaccount_destination_generic.destination_82                      231ms
  btp_subaccount_destination_generic.destination_83                      501ms
  btp_subaccount_destination_generic.destination_84                      980ms
  btp_subaccount_destination_generic.destination_85                      768ms
  btp_subaccount_destination_generic.destination_86                      633ms
  btp_subaccount_destination_generic.destination_87                      309ms
  btp_subaccount_destination_generic.destination_88                      322ms
  btp_subaccount_destination_generic.destination_89                      574ms
  btp_subaccount_destination_generic.destination_9                       189ms
  btp_subaccount_destination_generic.destination_90                      532ms
  btp_subaccount_destination_generic.destination_91                      430ms
  btp_subaccount_destination_generic.destination_92                      826ms
  btp_subaccount_destination_generic.destination_93                      242ms
  btp_subaccount_destination_generic.destination_94                      473ms
  btp_subaccount_destination_generic.destination_95                      423ms
  btp_subaccount_destination_generic.destination_96                      159ms
  btp_subaccount_destination_generic.destination_97                      187ms
  btp_subaccount_destination_generic.destination_98                      451ms
  btp_subaccount_destination_generic.destination_99                      965ms
  btp_subaccount_entitlement.entitlement_1                               10994ms
  btp_subaccount_entitlement.entitlement_10                              11011ms
  btp_subaccount_entitlement.entitlement_100                             11157ms
  btp_subaccount_entitlement.entitlement_101                             11141ms
  btp_subaccount_entitlement.entitlement_102                             10552ms
  btp_subaccount_entitlement.entitlement_103                             11637ms
  btp_subaccount_entitlement.entitlement_104                             11417ms
  btp_subaccount_entitlement.entitlement_105                             11869ms
  btp_subaccount_entitlement.entitlement_106                             12589ms
  btp_subaccount_entitlement.entitlement_107                             11416ms
  btp_subaccount_entitlement.entitlement_108                             11183ms
  btp_subaccount_entitlement.entitlement_109                             11077ms
  btp_subaccount_entitlement.entitlement_11                              11204ms
  btp_subaccount_entitlement.entitlement_110                             11225ms
  btp_subaccount_entitlement.entitlement_111                             10624ms
  btp_subaccount_entitlement.entitlement_112                             11652ms
  btp_subaccount_entitlement.entitlement_113                             11537ms
  btp_subaccount_entitlement.entitlement_114                             11126ms
  btp_subaccount_entitlement.entitlement_115                             10673ms
  btp_subaccount_entitlement.entitlement_116                             11543ms
  btp_subaccount_entitlement.entitlement_117                             11490ms
  btp_subaccount_entitlement.entitlement_118                             11175ms
  btp_subaccount_entitlement.entitlement_119                             12739ms
  btp_subaccount_entitlement.entitlement_12                              10526ms
  btp_subaccount_entitlement.entitlement_120                             10852ms
  btp_subaccount_entitlement.entitlement_121                             10714ms
  btp_subaccount_entitlement.entitlement_122                             11193ms
  btp_subaccount_entitlement.entitlement_123                             11508ms
  btp_subaccount_entitlement.entitlement_124                             12002ms
  btp_subaccount_entitlement.entitlement_125                             10971ms
  btp_subaccount_entitlement.entitlement_126                             10951ms
  btp_subaccount_entitlement.entitlement_127                             10876ms
  btp_subaccount_entitlement.entitlement_128                             11308ms
  btp_subaccount_entitlement.entitlement_129                             11483ms
  btp_subaccount_entitlement.entitlement_13                              10686ms
  btp_subaccount_entitlement.entitlement_130                             11196ms
  btp_subaccount_entitlement.entitlement_131                             10734ms
  btp_subaccount_entitlement.entitlement_132                             10579ms
  btp_subaccount_entitlement.entitlement_133                             12202ms
  btp_subaccount_entitlement.entitlement_134                             11047ms
  btp_subaccount_entitlement.entitlement_135                             12339ms
  btp_subaccount_entitlement.entitlement_136                             11974ms
  btp_subaccount_entitlement.entitlement_137                             11319ms
  btp_subaccount_entitlement.entitlement_138                             11692ms
  btp_subaccount_entitlement.entitlement_139                             11130ms
  btp_subaccount_entitlement.entitlement_14                              11548ms
  btp_subaccount_entitlement.entitlement_140                             11076ms
  btp_subaccount_entitlement.entitlement_141                             16568ms
  btp_subaccount_entitlement.entitlement_142                             10455ms
  btp_subaccount_entitlement.entitlement_143                             11773ms
  btp_subaccount_entitlement.entitlement_144                             10761ms
  btp_subaccount_entitlement.entitlement_145                             10906ms
  btp_subaccount_entitlement.entitlement_146                             11704ms
  btp_subaccount_entitlement.entitlement_147                             11461ms
  btp_subaccount_entitlement.entitlement_148                             10574ms
  btp_subaccount_entitlement.entitlement_149                             11045ms
  btp_subaccount_entitlement.entitlement_15                              11128ms
  btp_subaccount_entitlement.entitlement_150                             11759ms
  btp_subaccount_entitlement.entitlement_151                             10951ms
  btp_subaccount_entitlement.entitlement_152                             11055ms
  btp_subaccount_entitlement.entitlement_153                             11209ms
  btp_subaccount_entitlement.entitlement_154                             11091ms
  btp_subaccount_entitlement.entitlement_155                             11522ms
  btp_subaccount_entitlement.entitlement_156                             10623ms
  btp_subaccount_entitlement.entitlement_157                             11262ms
  btp_subaccount_entitlement.entitlement_158                             10746ms
  btp_subaccount_entitlement.entitlement_159                             11406ms
  btp_subaccount_entitlement.entitlement_16                              12721ms
  btp_subaccount_entitlement.entitlement_160                             10664ms
  btp_subaccount_entitlement.entitlement_161                             11491ms
  btp_subaccount_entitlement.entitlement_162                             10917ms
  btp_subaccount_entitlement.entitlement_163                             10808ms
  btp_subaccount_entitlement.entitlement_164                             11809ms
  btp_subaccount_entitlement.entitlement_165                             11609ms
  btp_subaccount_entitlement.entitlement_166                             11537ms
  btp_subaccount_entitlement.entitlement_167                             10699ms
  btp_subaccount_entitlement.entitlement_168                             11164ms
  btp_subaccount_entitlement.entitlement_169                             10936ms
  btp_subaccount_entitlement.entitlement_17                              11685ms
  btp_subaccount_entitlement.entitlement_170                             10503ms
  btp_subaccount_entitlement.entitlement_171                             10776ms
  btp_subaccount_entitlement.entitlement_172                             12240ms
  btp_subaccount_entitlement.entitlement_173                             10942ms
  btp_subaccount_entitlement.entitlement_174                             10991ms
  btp_subaccount_entitlement.entitlement_175                             12023ms
  btp_subaccount_entitlement.entitlement_176                             11387ms
  btp_subaccount_entitlement.entitlement_177                             11407ms
  btp_subaccount_entitlement.entitlement_178                             10587ms
  btp_subaccount_entitlement.entitlement_179                             12283ms
  btp_subaccount_entitlement.entitlement_18                              11057ms
  btp_subaccount_entitlement.entitlement_180                             12749ms
  btp_subaccount_entitlement.entitlement_181                             12457ms
  btp_subaccount_entitlement.entitlement_182                             11897ms
  btp_subaccount_entitlement.entitlement_183                             11971ms
  btp_subaccount_entitlement.entitlement_184                             10678ms
  btp_subaccount_entitlement.entitlement_185                             10789ms
  btp_subaccount_entitlement.entitlement_186                             10640ms
  btp_subaccount_entitlement.entitlement_187                             11404ms
  btp_subaccount_entitlement.entitlement_188                             11218ms
  btp_subaccount_entitlement.entitlement_189                             11411ms
  btp_subaccount_entitlement.entitlement_19                              10942ms
  btp_subaccount_entitlement.entitlement_190                             10963ms
  btp_subaccount_entitlement.entitlement_191                             11097ms
  btp_subaccount_entitlement.entitlement_192                             11564ms
  btp_subaccount_entitlement.entitlement_193                             10961ms
  btp_subaccount_entitlement.entitlement_194                             11013ms
  btp_subaccount_entitlement.entitlement_195                             11035ms
  btp_subaccount_entitlement.entitlement_196                             11131ms
  btp_subaccount_entitlement.entitlement_197                             11014ms
  btp_subaccount_entitlement.entitlement_198                             10509ms
  btp_subaccount_entitlement.entitlement_199                             10683ms
  btp_subaccount_entitlement.entitlement_2                               11876ms
  btp_subaccount_entitlement.entitlement_20                              11435ms
  btp_subaccount_entitlement.entitlement_200                             11980ms
  btp_subaccount_entitlement.entitlement_21                              11162ms
  btp_subaccount_entitlement.entitlement_22                              12139ms
  btp_subaccount_entitlement.entitlement_23                              11096ms
  btp_subaccount_entitlement.entitlement_24                              10858ms
  btp_subaccount_entitlement.entitlement_25                              11000ms
  btp_subaccount_entitlement.entitlement_26                              11434ms
  btp_subaccount_entitlement.entitlement_27                              11522ms
  btp_subaccount_entitlement.entitlement_28                              11346ms
  btp_subaccount_entitlement.entitlement_29                              10542ms
  btp_subaccount_entitlement.entitlement_3                               10641ms
  btp_subaccount_entitlement.entitlement_30                              11682ms
  btp_subaccount_entitlement.entitlement_31                              11124ms
  btp_subaccount_entitlement.entitlement_32                              11181ms
  btp_subaccount_entitlement.entitlement_33                              11165ms
  btp_subaccount_entitlement.entitlement_34                              11659ms
  btp_subaccount_entitlement.entitlement_35                              10989ms
  btp_subaccount_entitlement.entitlement_36                              10852ms
  btp_subaccount_entitlement.entitlement_37                              11342ms
  btp_subaccount_entitlement.entitlement_38                              11044ms
  btp_subaccount_entitlement.entitlement_39                              11594ms
  btp_subaccount_entitlement.entitlement_4                               10788ms
  btp_subaccount_entitlement.entitlement_40                              11313ms
  btp_subaccount_entitlement.entitlement_41                              12164ms
  btp_subaccount_entitlement.entitlement_42                              10831ms
  btp_subaccount_entitlement.entitlement_43                              10979ms
  btp_subaccount_entitlement.entitlement_44                              11351ms
  btp_subaccount_entitlement.entitlement_45                              11549ms
  btp_subaccount_entitlement.entitlement_46                              10875ms
  btp_subaccount_entitlement.entitlement_47                              11820ms
  btp_subaccount_entitlement.entitlement_48                              10620ms
  btp_subaccount_entitlement.entitlement_49                              11149ms
  btp_subaccount_entitlement.entitlement_5                               11424ms
  btp_subaccount_entitlement.entitlement_50                              11397ms
  btp_subaccount_entitlement.entitlement_51                              11029ms
  btp_subaccount_entitlement.entitlement_52                              11344ms
  btp_subaccount_entitlement.entitlement_53                              10837ms
  btp_subaccount_entitlement.entitlement_54                              11041ms
  btp_subaccount_entitlement.entitlement_55                              10867ms
  btp_subaccount_entitlement.entitlement_56                              11553ms
  btp_subaccount_entitlement.entitlement_57                              10916ms
  btp_subaccount_entitlement.entitlement_58                              10566ms
  btp_subaccount_entitlement.entitlement_59                              11317ms
  btp_subaccount_entitlement.entitlement_6                               11901ms
  btp_subaccount_entitlement.entitlement_60                              10717ms
  btp_subaccount_entitlement.entitlement_61                              10935ms
  btp_subaccount_entitlement.entitlement_62                              11603ms
  btp_subaccount_entitlement.entitlement_63                              11208ms
  btp_subaccount_entitlement.entitlement_64                              10761ms
  btp_subaccount_entitlement.entitlement_65                              11159ms
  btp_subaccount_entitlement.entitlement_66                              10764ms
  btp_subaccount_entitlement.entitlement_67                              12052ms
  btp_subaccount_entitlement.entitlement_68                              11341ms
  btp_subaccount_entitlement.entitlement_69                              10543ms
  btp_subaccount_entitlement.entitlement_7                               11129ms
  btp_subaccount_entitlement.entitlement_70                              11569ms
  btp_subaccount_entitlement.entitlement_71                              10822ms
  btp_subaccount_entitlement.entitlement_72                              11144ms
  btp_subaccount_entitlement.entitlement_73                              11549ms
  btp_subaccount_entitlement.entitlement_74                              10531ms
  btp_subaccount_entitlement.entitlement_75                              10832ms
  btp_subaccount_entitlement.entitlement_76                              10623ms
  btp_subaccount_entitlement.entitlement_77                              11320ms
  btp_subaccount_entitlement.entitlement_78                              11893ms
  btp_subaccount_entitlement.entitlement_79                              11946ms
  btp_subaccount_entitlement.entitlement_8                               10606ms
  btp_subaccount_entitlement.entitlement_80                              11703ms
  btp_subaccount_entitlement.entitlement_81                              11370ms
  btp_subaccount_entitlement.entitlement_82                              11308ms
  btp_subaccount_entitlement.entitlement_83                              11155ms
  btp_subaccount_entitlement.entitlement_84                              11401ms
  btp_subaccount_entitlement.entitlement_85                              11219ms
  btp_subaccount_entitlement.entitlement_86                              10693ms
  btp_subaccount_entitlement.entitlement_87                              11329ms
  btp_subaccount_entitlement.entitlement_88                              11292ms
  btp_subaccount_entitlement.entitlement_89                              11908ms
  btp_subaccount_entitlement.entitlement_9                               10818ms
  btp_subaccount_entitlement.entitlement_90                              11303ms
  btp_subaccount_entitlement.entitlement_91                              10786ms
  btp_subaccount_entitlement.entitlement_92                              10544ms
  btp_subaccount_entitlement.entitlement_93                              11872ms
  btp_subaccount_entitlement.entitlement_94                              11721ms
  btp_subaccount_entitlement.entitlement_95                              11649ms
  btp_subaccount_entitlement.entitlement_96                              10713ms
  btp_subaccount_entitlement.entitlement_97                              10983ms
  btp_subaccount_entitlement.entitlement_98                              11857ms
  btp_subaccount_entitlement.entitlement_99                              12124ms
  btp_subaccount_environment_instance.cloudfoundry_1                     752ms
  btp_subaccount_environment_instance.cloudfoundry_10                    388ms
  btp_subaccount_environment_instance.cloudfoundry_11                    789ms
  btp_subaccount_environment_instance.cloudfoundry_12                    900ms
  btp_subaccount_environment_instance.cloudfoundry_13                    699ms
  btp_subaccount_environment_instance.cloudfoundry_14                    1187ms
  btp_subaccount_environment_instance.cloudfoundry_15                    723ms
  btp_subaccount_environment_instance.cloudfoundry_16                    444ms
  btp_subaccount_environment_instance.cloudfoundry_17                    1281ms
  btp_subaccount_environment_instance.cloudfoundry_18                    402ms
  btp_subaccount_environment_instance.cloudfoundry_19                    360ms
  btp_subaccount_environment_instance.cloudfoundry_2                     356ms
  btp_subaccount_environment_instance.cloudfoundry_20                    727ms
  btp_subaccount_environment_instance.cloudfoundry_21                    377ms
  btp_subaccount_environment_instance.cloudfoundry_22                    884ms
  btp_subaccount_environment_instance.cloudfoundry_23                    727ms
  btp_subaccount_environment_instance.cloudfoundry_24                    322ms
  btp_subaccount_environment_instance.cloudfoundry_25                    361ms
  btp_subaccount_environment_instance.cloudfoundry_26                    314ms
  btp_subaccount_environment_instance.cloudfoundry_27                    913ms
  btp_subaccount_environment_instance.cloudfoundry_28                    505ms
  btp_subaccount_environment_instance.cloudfoundry_29                    736ms
  btp_subaccount_environment_instance.cloudfoundry_3                     909ms
  btp_subaccount_environment_instance.cloudfoundry_30                    662ms
  btp_subaccount_environment_instance.cloudfoundry_31                    1016ms
  btp_subaccount_environment_instance.cloudfoundry_32                    355ms
  btp_subaccount_environment_instance.cloudfoundry_33                    683ms
  btp_subaccount_environment_instance.cloudfoundry_34                    1127ms
  btp_subaccount_environment_instance.cloudfoundry_35                    566ms
  btp_subaccount_environment_instance.cloudfoundry_36                    1083ms
  btp_subaccount_environment_instance.cloudfoundry_37                    813ms
  btp_subaccount_environment_instance.cloudfoundry_38                    524ms
  btp_subaccount_environment_instance.cloudfoundry_39                    452ms
  btp_subaccount_environment_instance.cloudfoundry_4                     1028ms
  btp_subaccount_environment_instance.cloudfoundry_40                    453ms
  btp_subaccount_environment_instance.cloudfoundry_41                    495ms
  btp_subaccount_environment_instance.cloudfoundry_42                    452ms
  btp_subaccount_environment_instance.cloudfoundry_43                    773ms
  btp_subaccount_environment_instance.cloudfoundry_44                    374ms
  btp_subaccount_environment_instance.cloudfoundry_45                    1357ms
  btp_subaccount_environment_instance.cloudfoundry_46                    1156ms
  btp_subaccount_environment_instance.cloudfoundry_47                    769ms
  btp_subaccount_environment_instance.cloudfoundry_48                    729ms
  btp_subaccount_environment_instance.cloudfoundry_49                    727ms
  btp_subaccount_environment_instance.cloudfoundry_5                     486ms
  btp_subaccount_environment_instance.cloudfoundry_50                    406ms
  btp_subaccount_environment_instance.cloudfoundry_6                     761ms
  btp_subaccount_environment_instance.cloudfoundry_7                     628ms
  btp_subaccount_environment_instance.cloudfoundry_8                     1174ms
  btp_subaccount_environment_instance.cloudfoundry_9                     310ms
  btp_subaccount_role.role_1                                             167ms
  btp_subaccount_role.role_10                                            224ms
  btp_subaccount_role.role_100                                           419ms
  btp_subaccount_role.role_11                                            223ms
  btp_subaccount_role.role_12                                            461ms
  btp_subaccount_role.role_13                                            808ms
  btp_subaccount_role.role_14                                            181ms
  btp_subaccount_role.role_15                                            500ms
  btp_subaccount_role.role_16                                            221ms
  btp_subaccount_role.role_17                                            496ms
  btp_subaccount_role.role_18                                            347ms
  btp_subaccount_role.role_19                                            225ms
  btp_subaccount_role.role_2                                             502ms
  btp_subaccount_role.role_20                                            565ms
  btp_subaccount_role.role_21                                            675ms
  btp_subaccount_role.role_22                                            171ms
  btp_subaccount_role.role_23                                            758ms
  btp_subaccount_role.role_24                                            203ms
  btp_subaccount_role.role_25                                            210ms
  btp_subaccount_role.role_26                                            1075ms
  btp_subaccount_role.role_27                                            1015ms
  btp_subaccount_role.role_28                                            435ms
  btp_subaccount_role.role_29                                            800ms
  btp_subaccount_role.role_3                                             460ms
  btp_subaccount_role.role_30                                            440ms
  btp_subaccount_role.role_31                                            249ms
  btp_subaccount_role.role_32                                            665ms
  btp_subaccount_role.role_33                                            515ms
  btp_subaccount_role.role_34                                            606ms
  btp_subaccount_role.role_35                                            289ms
  btp_subaccount_role.role_36                                            406ms
  btp_subaccount_role.role_37                                            513ms
  btp_subaccount_role.role_38                                            194ms
  btp_subaccount_role.role_39                                            346ms
  btp_subaccount_role.role_4                                             643ms
  btp_subaccount_role.role_40                                            448ms
  btp_subaccount_role.role_41                                            196ms
  btp_subaccount_role.role_42                                            930ms
  btp_subaccount_role.role_43                                            555ms
  btp_subaccount_role.role_44                                            498ms
  btp_subaccount_role.role_45                                            555ms
  btp_subaccount_role.role_46                                            772ms
  btp_subaccount_role.role_47                                            215ms
  btp_subaccount_role.role_48                                            536ms
  btp_subaccount_role.role_49                                            351ms
  btp_subaccount_role.role_5                                             180ms
  btp_subaccount_role.role_50                                            367ms
  btp_subaccount_role.role_51                                            181ms
  btp_subaccount_role.role_52                                            499ms
  btp_subaccount_role.role_53                                            175ms
  btp_subaccount_role.role_54                                            235ms
  btp_subaccount_role.role_55                                            391ms
  btp_subaccount_role.role_56                                            469ms
  btp_subaccount_role.role_57                                            477ms
  btp_subaccount_role.role_58                                            405ms
  btp_subaccount_role.role_59                                            207ms
  btp_subaccount_role.role_6                                             325ms
  btp_subaccount_role.role_60                                            197ms
  btp_subaccount_role.role_61                                            233ms
  btp_subaccount_role.role_62                                            174ms
  btp_subaccount_role.role_63                                            173ms
  btp_subaccount_role.role_64                                            660ms
  btp_subaccount_role.role_65                                            289ms
  btp_subaccount_role.role_66                                            792ms
  btp_subaccount_role.role_67                                            968ms
  btp_subaccount_role.role_68                                            811ms
  btp_subaccount_role.role_69                                            799ms
  btp_subaccount_role.role_7                                             992ms
  btp_subaccount_role.role_70                                            505ms
  btp_subaccount_role.role_71                                            660ms
  btp_subaccount_role.role_72                                            533ms
  btp_subaccount_role.role_73                                            1227ms
  btp_subaccount_role.role_74                                            500ms
  btp_subaccount_role.role_75                                            200ms
  btp_subaccount_role.role_76                                            399ms
  btp_subaccount_role.role_77                                            660ms
  btp_subaccount_role.role_78                                            402ms
  btp_subaccount_role.role_79                                            526ms
  btp_subaccount_role.role_8                                             178ms
  btp_subaccount_role.role_80                                            170ms
  btp_subaccount_role.role_81                                            148ms
  btp_subaccount_role.role_82                                            226ms
  btp_subaccount_role.role_83                                            159ms
  btp_subaccount_role.role_84                                            209ms
  btp_subaccount_role.role_85                                            168ms
  btp_subaccount_role.role_86                                            228ms
  btp_subaccount_role.role_87                                            207ms
  btp_subaccount_role.role_88                                            182ms
  btp_subaccount_role.role_89                                            498ms
  btp_subaccount_role.role_9                                             356ms
  btp_subaccount_role.role_90                                            199ms
  btp_subaccount_role.role_91                                            721ms
  btp_subaccount_role.role_92                                            208ms
  btp_subaccount_role.role_93                                            225ms
  btp_subaccount_role.role_94                                            1045ms
  btp_subaccount_role.role_95                                            438ms
  btp_subaccount_role.role_96                                            203ms
  btp_subaccount_role.role_97                                            396ms
  btp_subaccount_role.role_98                                            430ms
  btp_subaccount_role.role_99                                            510ms
  btp_subaccount_role_collection.collection_1                            359ms
  btp_subaccount_role_collection.collection_10                           710ms
  btp_subaccount_role_collection.collection_100                          524ms
  btp_subaccount_role_collection.collection_101                          178ms
  btp_subaccount_role_collection.collection_102                          747ms
  btp_subaccount_role_collection.collection_103                          165ms
  btp_subaccount_role_collection.collection_104                          1084ms
  btp_subaccount_role_collection.collection_105                          563ms
  btp_subaccount_role_collection.collection_106                          155ms
  btp_subaccount_role_collection.collection_107                          156ms
  btp_subaccount_role_collection.collection_108                          192ms
  btp_subaccount_role_collection.collection_109                          897ms
  btp_subaccount_role_collection.collection_11                           476ms
  btp_subaccount_role_collection.collection_110                          541ms
  btp_subaccount_role_collection.collection_111                          239ms
  btp_subaccount_role_collection.collection_112                          216ms
  btp_subaccount_role_collection.collection_113                          747ms
  btp_subaccount_role_collection.collection_114                          1224ms
  btp_subaccount_role_collection.collection_115                          468ms
  btp_subaccount_role_collection.collection_116                          1646ms
  btp_subaccount_role_collection.collection_117                          762ms
  btp_subaccount_role_collection.collection_118                          612ms
  btp_subaccount_role_collection.collection_119                          351ms
  btp_subaccount_role_collection.collection_12                           416ms
  btp_subaccount_role_collection.collection_120                          154ms
  btp_subaccount_role_collection.collection_121                          203ms
  btp_subaccount_role_collection.collection_122                          624ms
  btp_subaccount_role_collection.collection_123                          255ms
  btp_subaccount_role_collection.collection_124                          426ms
  btp_subaccount_role_collection.collection_125                          978ms
  btp_subaccount_role_collection.collection_126                          300ms
  btp_subaccount_role_collection.collection_127                          1074ms
  btp_subaccount_role_collection.collection_128                          937ms
  btp_subaccount_role_collection.collection_129                          171ms
  btp_subaccount_role_collection.collection_13                           610ms
  btp_subaccount_role_collection.collection_130                          569ms
  btp_subaccount_role_collection.collection_131                          169ms
  btp_subaccount_role_collection.collection_132                          179ms
  btp_subaccount_role_collection.collection_133                          192ms
  btp_subaccount_role_collection.collection_134                          605ms
  btp_subaccount_role_collection.collection_135                          1080ms
  btp_subaccount_role_collection.collection_136                          890ms
  btp_subaccount_role_collection.collection_137                          505ms
  btp_subaccount_role_collection.collection_138                          239ms
  btp_subaccount_role_collection.collection_139                          801ms
  btp_subaccount_role_collection.collection_14                           321ms
  btp_subaccount_role_collection.collection_140                          539ms
  btp_subaccount_role_collection.collection_141                          198ms
  btp_subaccount_role_collection.collection_142                          422ms
  btp_subaccount_role_collection.collection_143                          690ms
  btp_subaccount_role_collection.collection_144                          477ms
  btp_subaccount_role_collection.collection_145                          518ms
  btp_subaccount_role_collection.collection_146                          801ms
  btp_subaccount_role_collection.collection_147                          169ms
  btp_subaccount_role_collection.collection_148                          139ms
  btp_subaccount_role_collection.collection_149                          446ms
  btp_subaccount_role_collection.collection_15                           481ms
  btp_subaccount_role_collection.collection_150                          185ms
  btp_subaccount_role_collection.collection_16                           389ms
  btp_subaccount_role_collection.collection_17                           590ms
  btp_subaccount_role_collection.collection_18                           304ms
  btp_subaccount_role_collection.collection_19                           357ms
  btp_subaccount_role_collection.collection_2                            298ms
  btp_subaccount_role_collection.collection_20                           872ms
  btp_subaccount_role_collection.collection_21                           426ms
  btp_subaccount_role_collection.collection_22                           773ms
  btp_subaccount_role_collection.collection_23                           256ms
  btp_subaccount_role_collection.collection_24                           171ms
  btp_subaccount_role_collection.collection_25                           231ms
  btp_subaccount_role_collection.collection_26                           474ms
  btp_subaccount_role_collection.collection_27                           617ms
  btp_subaccount_role_collection.collection_28                           703ms
  btp_subaccount_role_collection.collection_29                           187ms
  btp_subaccount_role_collection.collection_3                            177ms
  btp_subaccount_role_collection.collection_30                           602ms
  btp_subaccount_role_collection.collection_31                           408ms
  btp_subaccount_role_collection.collection_32                           694ms
  btp_subaccount_role_collection.collection_33                           191ms
  btp_subaccount_role_collection.collection_34                           535ms
  btp_subaccount_role_collection.collection_35                           194ms
  btp_subaccount_role_collection.collection_36                           157ms
  btp_subaccount_role_collection.collection_37                           315ms
  btp_subaccount_role_collection.collection_38                           526ms
  btp_subaccount_role_collection.collection_39                           209ms
  btp_subaccount_role_collection.collection_4                            206ms
  btp_subaccount_role_collection.collection_40                           406ms
  btp_subaccount_role_collection.collection_41                           331ms
  btp_subaccount_role_collection.collection_42                           180ms
  btp_subaccount_role_collection.collection_43                           437ms
  btp_subaccount_role_collection.collection_44                           346ms
  btp_subaccount_role_collection.collection_45                           124ms
  btp_subaccount_role_collection.collection_46                           188ms
  btp_subaccount_role_collection.collection_47                           249ms
  btp_subaccount_role_collection.collection_48                           373ms
  btp_subaccount_role_collection.collection_49                           931ms
  btp_subaccount_role_collection.collection_5                            256ms
  btp_subaccount_role_collection.collection_50                           424ms
  btp_subaccount_role_collection.collection_51                           531ms
  btp_subaccount_role_collection.collection_52                           417ms
  btp_subaccount_role_collection.collection_53                           197ms
  btp_subaccount_role_collection.collection_54                           648ms
  btp_subaccount_role_collection.collection_55                           202ms
  btp_subaccount_role_collection.collection_56                           636ms
  btp_subaccount_role_collection.collection_57                           501ms
  btp_subaccount_role_collection.collection_58                           793ms
  btp_subaccount_role_collection.collection_59                           177ms
  btp_subaccount_role_collection.collection_6                            419ms
  btp_subaccount_role_collection.collection_60                           182ms
  btp_subaccount_role_collection.collection_61                           544ms
  btp_subaccount_role_collection.collection_62                           900ms
  btp_subaccount_role_collection.collection_63                           499ms
  btp_subaccount_role_collection.collection_64                           356ms
  btp_subaccount_role_collection.collection_65                           309ms
  btp_subaccount_role_collection.collection_66                           155ms
  btp_subaccount_role_collection.collection_67                           169ms
  btp_subaccount_role_collection.collection_68                           224ms
  btp_subaccount_role_collection.collection_69                           961ms
  btp_subaccount_role_collection.collection_7                            581ms
  btp_subaccount_role_collection.collection_70                           339ms
  btp_subaccount_role_collection.collection_71                           359ms
  btp_subaccount_role_collection.collection_72                           202ms
  btp_subaccount_role_collection.collection_73                           171ms
  btp_subaccount_role_collection.collection_74                           159ms
  btp_subaccount_role_collection.collection_75                           657ms
  btp_subaccount_role_collection.collection_76                           201ms
  btp_subaccount_role_collection.collection_77                           582ms
  btp_subaccount_role_collection.collection_78                           230ms
  btp_subaccount_role_collection.collection_79                           488ms
  btp_subaccount_role_collection.collection_8                            357ms
  btp_subaccount_role_collection.collection_80                           181ms
  btp_subaccount_role_collection.collection_81                           205ms
  btp_subaccount_role_collection.collection_82                           688ms
  btp_subaccount_role_collection.collection_83                           787ms
  btp_subaccount_role_collection.collection_84                           181ms
  btp_subaccount_role_collection.collection_85                           582ms
  btp_subaccount_role_collection.collection_86                           310ms
  btp_subaccount_role_collection.collection_87                           341ms
  btp_subaccount_role_collection.collection_88                           487ms
  btp_subaccount_role_collection.collection_89                           640ms
  btp_subaccount_role_collection.collection_9                            188ms
  btp_subaccount_role_collection.collection_90                           222ms
  btp_subaccount_role_collection.collection_91                           180ms
  btp_subaccount_role_collection.collection_92                           526ms
  btp_subaccount_role_collection.collection_93                           161ms
  btp_subaccount_role_collection.collection_94                           840ms
  btp_subaccount_role_collection.collection_95                           559ms
  btp_subaccount_role_collection.collection_96                           198ms
  btp_subaccount_role_collection.collection_97                           721ms
  btp_subaccount_role_collection.collection_98                           353ms
  btp_subaccount_role_collection.collection_99                           218ms
  btp_subaccount_service_instance.instance_1                             938ms
  btp_subaccount_service_instance.instance_10                            2020ms
  btp_subaccount_service_instance.instance_100                           2407ms
  btp_subaccount_service_instance.instance_11                            1216ms
  btp_subaccount_service_instance.instance_12                            1375ms
  btp_subaccount_service_instance.instance_13                            1152ms
  btp_subaccount_service_instance.instance_14                            960ms
  btp_subaccount_service_instance.instance_15                            785ms
  btp_subaccount_service_instance.instance_16                            2185ms
  btp_subaccount_service_instance.instance_17                            2316ms
  btp_subaccount_service_instance.instance_18                            2630ms
  btp_subaccount_service_instance.instance_19                            774ms
  btp_subaccount_service_instance.instance_2                             2805ms
  btp_subaccount_service_instance.instance_20                            1022ms
  btp_subaccount_service_instance.instance_21                            847ms
  btp_subaccount_service_instance.instance_22                            3016ms
  btp_subaccount_service_instance.instance_23                            1128ms
  btp_subaccount_service_instance.instance_24                            857ms
  btp_subaccount_service_instance.instance_25                            1491ms
  btp_subaccount_service_instance.instance_26                            1647ms
  btp_subaccount_service_instance.instance_27                            866ms
  btp_subaccount_service_instance.instance_28                            2748ms
  btp_subaccount_service_instance.instance_29                            1483ms
  btp_subaccount_service_instance.instance_3                             2543ms
  btp_subaccount_service_instance.instance_30                            1212ms
  btp_subaccount_service_instance.instance_31                            2407ms
  btp_subaccount_service_instance.instance_32                            2777ms
  btp_subaccount_service_instance.instance_33                            907ms
  btp_subaccount_service_instance.instance_34                            3064ms
  btp_subaccount_service_instance.instance_35                            867ms
  btp_subaccount_service_instance.instance_36                            2092ms
  btp_subaccount_service_instance.instance_37                            859ms
  btp_subaccount_service_instance.instance_38                            1427ms
  btp_subaccount_service_instance.instance_39                            1507ms
  btp_subaccount_service_instance.instance_4                             2273ms
  btp_subaccount_service_instance.instance_40                            1990ms
  btp_subaccount_service_instance.instance_41                            2202ms
  btp_subaccount_service_instance.instance_42                            999ms
  btp_subaccount_service_instance.instance_43                            1005ms
  btp_subaccount_service_instance.instance_44                            2392ms
  btp_subaccount_service_instance.instance_45                            2431ms
  btp_subaccount_service_instance.instance_46                            1056ms
  btp_subaccount_service_instance.instance_47                            1058ms
  btp_subaccount_service_instance.instance_48                            1801ms
  btp_subaccount_service_instance.instance_49                            1490ms
  btp_subaccount_service_instance.instance_5                             1693ms
  btp_subaccount_service_instance.instance_50                            847ms
  btp_subaccount_service_instance.instance_51                            1007ms
  btp_subaccount_service_instance.instance_52                            2109ms
  btp_subaccount_service_instance.instance_53                            850ms
  btp_subaccount_service_instance.instance_54                            2880ms
  btp_subaccount_service_instance.instance_55                            864ms
  btp_subaccount_service_instance.instance_56                            7321ms
  btp_subaccount_service_instance.instance_57                            850ms
  btp_subaccount_service_instance.instance_58                            2077ms
  btp_subaccount_service_instance.instance_59                            916ms
  btp_subaccount_service_instance.instance_6                             1211ms
  btp_subaccount_service_instance.instance_60                            1791ms
  btp_subaccount_service_instance.instance_61                            1546ms
  btp_subaccount_service_instance.instance_62                            1932ms
  btp_subaccount_service_instance.instance_63                            2044ms
  btp_subaccount_service_instance.instance_64                            906ms
  btp_subaccount_service_instance.instance_65                            1420ms
  btp_subaccount_service_instance.instance_66                            1800ms
  btp_subaccount_service_instance.instance_67                            1514ms
  btp_subaccount_service_instance.instance_68                            1446ms
  btp_subaccount_service_instance.instance_69                            827ms
  btp_subaccount_service_instance.instance_7                             1532ms
  btp_subaccount_service_instance.instance_70                            6628ms
  btp_subaccount_service_instance.instance_71                            1365ms
  btp_subaccount_service_instance.instance_72                            1748ms
  btp_subaccount_service_instance.instance_73                            1375ms
  btp_subaccount_service_instance.instance_74                            925ms
  btp_subaccount_service_instance.instance_75                            1707ms
  btp_subaccount_service_instance.instance_76                            1922ms
  btp_subaccount_service_instance.instance_77                            1952ms
  btp_subaccount_service_instance.instance_78                            1007ms
  btp_subaccount_service_instance.instance_79                            1285ms
  btp_subaccount_service_instance.instance_8                             1661ms
  btp_subaccount_service_instance.instance_80                            1833ms
  btp_subaccount_service_instance.instance_81                            2189ms
  btp_subaccount_service_instance.instance_82                            2473ms
  btp_subaccount_service_instance.instance_83                            2370ms
  btp_subaccount_service_instance.instance_84                            860ms
  btp_subaccount_service_instance.instance_85                            1672ms
  btp_subaccount_service_instance.instance_86                            3098ms
  btp_subaccount_service_instance.instance_87                            1317ms
  btp_subaccount_service_instance.instance_88                            1494ms
  btp_subaccount_service_instance.instance_89                            7199ms
  btp_subaccount_service_instance.instance_9                             1772ms
  btp_subaccount_service_instance.instance_90                            1673ms
  btp_subaccount_service_instance.instance_91                            2093ms
  btp_subaccount_service_instance.instance_92                            1309ms
  btp_subaccount_service_instance.instance_93                            850ms
  btp_subaccount_service_instance.instance_94                            1661ms
  btp_subaccount_service_instance.instance_95                            2018ms
  btp_subaccount_service_instance.instance_96                            1711ms
  btp_subaccount_service_instance.instance_97                            851ms
  btp_subaccount_service_instance.instance_98                            3250ms
  btp_subaccount_service_instance.instance_99                            1598ms
  btp_subaccount_subscription.subscription_1                             1498ms
  btp_subaccount_subscription.subscription_10                            1143ms
  btp_subaccount_subscription.subscription_100                           1106ms
  btp_subaccount_subscription.subscription_101                           870ms
  btp_subaccount_subscription.subscription_102                           1158ms
  btp_subaccount_subscription.subscription_103                           845ms
  btp_subaccount_subscription.subscription_104                           1158ms
  btp_subaccount_subscription.subscription_105                           1425ms
  btp_subaccount_subscription.subscription_106                           576ms
  btp_subaccount_subscription.subscription_107                           713ms
  btp_subaccount_subscription.subscription_108                           1000ms
  btp_subaccount_subscription.subscription_109                           721ms
  btp_subaccount_subscription.subscription_11                            872ms
  btp_subaccount_subscription.subscription_110                           1478ms
  btp_subaccount_subscription.subscription_111                           1695ms
  btp_subaccount_subscription.subscription_112                           631ms
  btp_subaccount_subscription.subscription_113                           1372ms
  btp_subaccount_subscription.subscription_114                           1323ms
  btp_subaccount_subscription.subscription_115                           565ms
  btp_subaccount_subscription.subscription_116                           1333ms
  btp_subaccount_subscription.subscription_117                           1127ms
  btp_subaccount_subscription.subscription_118                           1923ms
  btp_subaccount_subscription.subscription_119                           1203ms
  btp_subaccount_subscription.subscription_12                            1485ms
  btp_subaccount_subscription.subscription_120                           973ms
  btp_subaccount_subscription.subscription_121                           1202ms
  btp_subaccount_subscription.subscription_122                           1219ms
  btp_subaccount_subscription.subscription_123                           681ms
  btp_subaccount_subscription.subscription_124                           1145ms
  btp_subaccount_subscription.subscription_125                           1312ms
  btp_subaccount_subscription.subscription_126                           1830ms
  btp_subaccount_subscription.subscription_127                           894ms
  btp_subaccount_subscription.subscription_128                           1391ms
  btp_subaccount_subscription.subscription_129                           655ms
  btp_subaccount_subscription.subscription_13                            1698ms
  btp_subaccount_subscription.subscription_130                           627ms
  btp_subaccount_subscription.subscription_131                           629ms
  btp_subaccount_subscription.subscription_132                           1115ms
  btp_subaccount_subscription.subscription_133                           2099ms
  btp_subaccount_subscription.subscription_134                           798ms
  btp_subaccount_subscription.subscription_135                           1294ms
  btp_subaccount_subscription.subscription_136                           1049ms
  btp_subaccount_subscription.subscription_137                           997ms
  btp_subaccount_subscription.subscription_138                           603ms
  btp_subaccount_subscription.subscription_139                           940ms
  btp_subaccount_subscription.subscription_14                            1193ms
  btp_subaccount_subscription.subscription_140                           1049ms
  btp_subaccount_subscription.subscription_141                           1944ms
  btp_subaccount_subscription.subscription_142                           941ms
  btp_subaccount_subscription.subscription_143                           570ms
  btp_subaccount_subscription.subscription_144                           1275ms
  btp_subaccount_subscription.subscription_145                           629ms
  btp_subaccount_subscription.subscription_146                           677ms
  btp_subaccount_subscription.subscription_147                           723ms
  btp_subaccount_subscription.subscription_148                           623ms
  btp_subaccount_subscription.subscription_149                           1334ms
  btp_subaccount_subscription.subscription_15                            1475ms
  btp_subaccount_subscription.subscription_150                           1813ms
  btp_subaccount_subscription.subscription_16                            985ms
  btp_subaccount_subscription.subscription_17                            665ms
  btp_subaccount_subscription.subscription_18                            672ms
  btp_subaccount_subscription.subscription_19                            756ms
  btp_subaccount_subscription.subscription_2                             891ms
  btp_subaccount_subscription.subscription_20                            1799ms
  btp_subaccount_subscription.subscription_21                            1807ms
  btp_subaccount_subscription.subscription_22                            1395ms
  btp_subaccount_subscription.subscription_23                            722ms
  btp_subaccount_subscription.subscription_24                            1307ms
  btp_subaccount_subscription.subscription_25                            776ms
  btp_subaccount_subscription.subscription_26                            1252ms
  btp_subaccount_subscription.subscription_27                            662ms
  btp_subaccount_subscription.subscription_28                            2199ms
  btp_subaccount_subscription.subscription_29                            695ms
  btp_subaccount_subscription.subscription_3                             619ms
  btp_subaccount_subscription.subscription_30                            554ms
  btp_subaccount_subscription.subscription_31                            684ms
  btp_subaccount_subscription.subscription_32                            614ms
  btp_subaccount_subscription.subscription_33                            1944ms
  btp_subaccount_subscription.subscription_34                            815ms
  btp_subaccount_subscription.subscription_35                            821ms
  btp_subaccount_subscription.subscription_36                            1678ms
  btp_subaccount_subscription.subscription_37                            1754ms
  btp_subaccount_subscription.subscription_38                            806ms
  btp_subaccount_subscription.subscription_39                            595ms
  btp_subaccount_subscription.subscription_4                             642ms
  btp_subaccount_subscription.subscription_40                            1365ms
  btp_subaccount_subscription.subscription_41                            692ms
  btp_subaccount_subscription.subscription_42                            706ms
  btp_subaccount_subscription.subscription_43                            1447ms
  btp_subaccount_subscription.subscription_44                            1222ms
  btp_subaccount_subscription.subscription_45                            1869ms
  btp_subaccount_subscription.subscription_46                            1263ms
  btp_subaccount_subscription.subscription_47                            1236ms
  btp_subaccount_subscription.subscription_48                            773ms
  btp_subaccount_subscription.subscription_49                            1250ms
  btp_subaccount_subscription.subscription_5                             1437ms
  btp_subaccount_subscription.subscription_50                            761ms
  btp_subaccount_subscription.subscription_51                            1659ms
  btp_subaccount_subscription.subscription_52                            946ms
  btp_subaccount_subscription.subscription_53                            877ms
  btp_subaccount_subscription.subscription_54                            1327ms
  btp_subaccount_subscription.subscription_55                            606ms
  btp_subaccount_subscription.subscription_56                            1227ms
  btp_subaccount_subscription.subscription_57                            1264ms
  btp_subaccount_subscription.subscription_58                            2146ms
  btp_subaccount_subscription.subscription_59                            1176ms
  btp_subaccount_subscription.subscription_6                             675ms
  btp_subaccount_subscription.subscription_60                            720ms
  btp_subaccount_subscription.subscription_61                            1224ms
  btp_subaccount_subscription.subscription_62                            1032ms
  btp_subaccount_subscription.subscription_63                            603ms
  btp_subaccount_subscription.subscription_64                            1093ms
  btp_subaccount_subscription.subscription_65                            636ms
  btp_subaccount_subscription.subscription_66                            1154ms
  btp_subaccount_subscription.subscription_67                            1068ms
  btp_subaccount_subscription.subscription_68                            641ms
  btp_subaccount_subscription.subscription_69                            754ms
  btp_subaccount_subscription.subscription_7                             2201ms
  btp_subaccount_subscription.subscription_70                            673ms
  btp_subaccount_subscription.subscription_71                            1371ms
  btp_subaccount_subscription.subscription_72                            1472ms
  btp_subaccount_subscription.subscription_73                            552ms
  btp_subaccount_subscription.subscription_74                            968ms
  btp_subaccount_subscription.subscription_75                            1699ms
  btp_subaccount_subscription.subscription_76                            1577ms
  btp_subaccount_subscription.subscription_77                            672ms
  btp_subaccount_subscription.subscription_78                            2042ms
  btp_subaccount_subscription.subscription_79                            1229ms
  btp_subaccount_subscription.subscription_8                             1164ms
  btp_subaccount_subscription.subscription_80                            1023ms
  btp_subaccount_subscription.subscription_81                            605ms
  btp_subaccount_subscription.subscription_82                            1329ms
  btp_subaccount_subscription.subscription_83                            988ms
  btp_subaccount_subscription.subscription_84                            580ms
  btp_subaccount_subscription.subscription_85                            2156ms
  btp_subaccount_subscription.subscription_86                            1741ms
  btp_subaccount_subscription.subscription_87                            1942ms
  btp_subaccount_subscription.subscription_88                            981ms
  btp_subaccount_subscription.subscription_89                            1941ms
  btp_subaccount_subscription.subscription_9                             1187ms
  btp_subaccount_subscription.subscription_90                            926ms
  btp_subaccount_subscription.subscription_91                            1446ms
  btp_subaccount_subscription.subscription_92                            1236ms
  btp_subaccount_subscription.subscription_93                            1307ms
  btp_subaccount_subscription.subscription_94                            1236ms
  btp_subaccount_subscription.subscription_95                            697ms
  btp_subaccount_subscription.subscription_96                            1604ms
  btp_subaccount_subscription.subscription_97                            1736ms
  btp_subaccount_subscription.subscription_98                            999ms
  btp_subaccount_subscription.subscription_99                            1576ms
  btp_subaccount_trust_configuration.trust_1                             873ms
  btp_subaccount_trust_configuration.trust_10                            795ms
  btp_subaccount_trust_configuration.trust_11                            191ms
  btp_subaccount_trust_configuration.trust_12                            197ms
  btp_subaccount_trust_configuration.trust_13                            548ms
  btp_subaccount_trust_configuration.trust_14                            204ms
  btp_subaccount_trust_configuration.trust_15                            165ms
  btp_subaccount_trust_configuration.trust_16                            243ms
  btp_subaccount_trust_configuration.trust_17                            475ms
  btp_subaccount_trust_configuration.trust_18                            552ms
  btp_subaccount_trust_configuration.trust_19                            165ms
  btp_subaccount_trust_configuration.trust_2                             372ms
  btp_subaccount_trust_configuration.trust_20                            1153ms
  btp_subaccount_trust_configuration.trust_21                            280ms
  btp_subaccount_trust_configuration.trust_22                            176ms
  btp_subaccount_trust_configuration.trust_23                            752ms
  btp_subaccount_trust_configuration.trust_24                            492ms
  btp_subaccount_trust_configuration.trust_25                            212ms
  btp_subaccount_trust_configuration.trust_26                            472ms
  btp_subaccount_trust_configuration.trust_27                            971ms
  btp_subaccount_trust_configuration.trust_28                            205ms
  btp_subaccount_trust_configuration.trust_29                            421ms
  btp_subaccount_trust_configuration.trust_3                             540ms
  btp_subaccount_trust_configuration.trust_30                            461ms
  btp_subaccount_trust_configuration.trust_31                            224ms
  btp_subaccount_trust_configuration.trust_32                            1306ms
  btp_subaccount_trust_configuration.trust_33                            222ms
  btp_subaccount_trust_configuration.trust_34                            189ms
  btp_subaccount_trust_configuration.trust_35                            737ms
  btp_subaccount_trust_configuration.trust_36                            224ms
  btp_subaccount_trust_configuration.trust_37                            759ms
  btp_subaccount_trust_configuration.trust_38                            171ms
  btp_subaccount_trust_configuration.trust_39                            220ms
  btp_subaccount_trust_configuration.trust_4                             759ms
  btp_subaccount_trust_configuration.trust_40                            464ms
  btp_subaccount_trust_configuration.trust_41                            821ms
  btp_subaccount_trust_configuration.trust_42                            236ms
  btp_subaccount_trust_configuration.trust_43                            486ms
  btp_subaccount_trust_configuration.trust_44                            727ms
  btp_subaccount_trust_configuration.trust_45                            791ms
  btp_subaccount_trust_configuration.trust_46                            382ms
  btp_subaccount_trust_configuration.trust_47                            483ms
  btp_subaccount_trust_configuration.trust_48                            325ms
  btp_subaccount_trust_configuration.trust_49                            178ms
  btp_subaccount_trust_configuration.trust_5                             1166ms
  btp_subaccount_trust_configuration.trust_50                            534ms
  btp_subaccount_trust_configuration.trust_6                             521ms
  btp_subaccount_trust_configuration.trust_7                             379ms
  btp_subaccount_trust_configuration.trust_8                             620ms
  btp_subaccount_trust_configuration.trust_9                             590ms
  cloudfoundry_service_instance.instance_1                               67ms
  cloudfoundry_service_instance.instance_10                              44ms
  cloudfoundry_service_instance.instance_100                             73ms
  cloudfoundry_service_instance.instance_101                             50ms
  cloudfoundry_service_instance.instance_102                             55ms
  cloudfoundry_service_instance.instance_103                             53ms
  cloudfoundry_service_instance.instance_104                             45ms
  cloudfoundry_service_instance.instance_105                             55ms
  cloudfoundry_service_instance.instance_106                             50ms
  cloudfoundry_service_instance.instance_107                             51ms
  cloudfoundry_service_instance.instance_108                             57ms
  cloudfoundry_service_instance.instance_109                             41ms
  cloudfoundry_service_instance.instance_11                              51ms
  cloudfoundry_service_instance.instance_110                             55ms
  cloudfoundry_service_instance.instance_111                             56ms
  cloudfoundry_service_instance.instance_112                             50ms
  cloudfoundry_service_instance.instance_113                             56ms
  cloudfoundry_service_instance.instance_114                             49ms
  cloudfoundry_service_instance.instance_115                             51ms
  cloudfoundry_service_instance.instance_116                             72ms
  cloudfoundry_service_instance.instance_117                             41ms
  cloudfoundry_service_instance.instance_118                             43ms
  cloudfoundry_service_instance.instance_119                             104ms
  cloudfoundry_service_instance.instance_12                              49ms
  cloudfoundry_service_instance.instance_120                             47ms
  cloudfoundry_service_instance.instance_121                             54ms
  cloudfoundry_service_instance.instance_122                             50ms
  cloudfoundry_service_instance.instance_123                             57ms
  cloudfoundry_service_instance.instance_124                             53ms
  cloudfoundry_service_instance.instance_125                             50ms
  cloudfoundry_service_instance.instance_126                             50ms
  cloudfoundry_service_instance.instance_127                             46ms
  cloudfoundry_service_instance.instance_128                             47ms
  cloudfoundry_service_instance.instance_129                             54ms
  cloudfoundry_service_instance.instance_13                              45ms
  cloudfoundry_service_instance.instance_130                             40ms
  cloudfoundry_service_instance.instance_131                             46ms
  cloudfoundry_service_instance.instance_132                             54ms
  cloudfoundry_service_instance.instance_133                             43ms
  cloudfoundry_service_instance.instance_134                             49ms
  cloudfoundry_service_instance.instance_135                             85ms
  cloudfoundry_service_instance.instance_136                             57ms
  cloudfoundry_service_instance.instance_137                             48ms
  cloudfoundry_service_instance.instance_138                             43ms
  cloudfoundry_service_instance.instance_139                             60ms
  cloudfoundry_service_instance.instance_14                              52ms
  cloudfoundry_service_instance.instance_140                             52ms
  cloudfoundry_service_instance.instance_141                             99ms
  cloudfoundry_service_instance.instance_142                             49ms
  cloudfoundry_service_instance.instance_143                             37ms
  cloudfoundry_service_instance.instance_144                             89ms
  cloudfoundry_service_instance.instance_145                             55ms
  cloudfoundry_service_instance.instance_146                             45ms
  cloudfoundry_service_instance.instance_147                             55ms
  cloudfoundry_service_instance.instance_148                             42ms
  cloudfoundry_service_instance.instance_149                             56ms
  cloudfoundry_service_instance.instance_15                              42ms
  cloudfoundry_service_instance.instance_150                             46ms
  cloudfoundry_service_instance.instance_151                             45ms
  cloudfoundry_service_instance.instance_152                             57ms
  cloudfoundry_service_instance.instance_153                             57ms
  cloudfoundry_service_instance.instance_154                             51ms
  cloudfoundry_service_instance.instance_155                             52ms
  cloudfoundry_service_instance.instance_156                             50ms
  cloudfoundry_service_instance.instance_157                             44ms
  cloudfoundry_service_instance.instance_158                             77ms
  cloudfoundry_service_instance.instance_159                             51ms
  cloudfoundry_service_instance.instance_16                              52ms
  cloudfoundry_service_instance.instance_160                             58ms
  cloudfoundry_service_instance.instance_161                             48ms
  cloudfoundry_service_instance.instance_162                             47ms
  cloudfoundry_service_instance.instance_163                             45ms
  cloudfoundry_service_instance.instance_164                             44ms
  cloudfoundry_service_instance.instance_165                             60ms
  cloudfoundry_service_instance.instance_166                             51ms
  cloudfoundry_service_instance.instance_167                             40ms
  cloudfoundry_service_instance.instance_168                             38ms
  cloudfoundry_service_instance.instance_169                             41ms
  cloudfoundry_service_instance.instance_17                              44ms
  cloudfoundry_service_instance.instance_170                             68ms
  cloudfoundry_service_instance.instance_171                             66ms
  cloudfoundry_service_instance.instance_172                             45ms
  cloudfoundry_service_instance.instance_173                             48ms
  cloudfoundry_service_instance.instance_174                             42ms
  cloudfoundry_service_instance.instance_175                             55ms
  cloudfoundry_service_instance.instance_176                             44ms
  cloudfoundry_service_instance.instance_177                             54ms
  cloudfoundry_service_instance.instance_178                             41ms
  cloudfoundry_service_instance.instance_179                             42ms
  cloudfoundry_service_instance.instance_18                              51ms
  cloudfoundry_service_instance.instance_180                             52ms
  cloudfoundry_service_instance.instance_181                             51ms
  cloudfoundry_service_instance.instance_182                             61ms
  cloudfoundry_service_instance.instance_183                             55ms
  cloudfoundry_service_instance.instance_184                             54ms
  cloudfoundry_service_instance.instance_185                             53ms
  cloudfoundry_service_instance.instance_186                             43ms
  cloudfoundry_service_instance.instance_187                             80ms
  cloudfoundry_service_instance.instance_188                             49ms
  cloudfoundry_service_instance.instance_189                             56ms
  cloudfoundry_service_instance.instance_19                              62ms
  cloudfoundry_service_instance.instance_190                             39ms
  cloudfoundry_service_instance.instance_191                             38ms
  cloudfoundry_service_instance.instance_192                             54ms
  cloudfoundry_service_instance.instance_193                             44ms
  cloudfoundry_service_instance.instance_194                             55ms
  cloudfoundry_service_instance.instance_195                             50ms
  cloudfoundry_service_instance.instance_196                             41ms
  cloudfoundry_service_instance.instance_197                             43ms
  cloudfoundry_service_instance.instance_198                             63ms
  cloudfoundry_service_instance.instance_199                             82ms
  cloudfoundry_service_instance.instance_2                               56ms
  cloudfoundry_service_instance.instance_20                              55ms
  cloudfoundry_service_instance.instance_200                             53ms
  cloudfoundry_service_instance.instance_21                              46ms
  cloudfoundry_service_instance.instance_22                              52ms
  cloudfoundry_service_instance.instance_23                              39ms
  cloudfoundry_service_instance.instance_24                              42ms
  cloudfoundry_service_instance.instance_25                              81ms
  cloudfoundry_service_instance.instance_26                              54ms
  cloudfoundry_service_instance.instance_27                              48ms
  cloudfoundry_service_instance.instance_28                              46ms
  cloudfoundry_service_instance.instance_29                              56ms
  cloudfoundry_service_instance.instance_3                               57ms
  cloudfoundry_service_instance.instance_30                              45ms
  cloudfoundry_service_instance.instance_31                              46ms
  cloudfoundry_service_instance.instance_32                              50ms
  cloudfoundry_service_instance.instance_33                              57ms
  cloudfoundry_service_instance.instance_34                              42ms
  cloudfoundry_service_instance.instance_35                              58ms
  cloudfoundry_service_instance.instance_36                              61ms
  cloudfoundry_service_instance.instance_37                              47ms
  cloudfoundry_service_instance.instance_38                              43ms
  cloudfoundry_service_instance.instance_39                              58ms
  cloudfoundry_service_instance.instance_4                               54ms
  cloudfoundry_service_instance.instance_40                              51ms
  cloudfoundry_service_instance.instance_41                              40ms
  cloudfoundry_service_instance.instance_42                              57ms
  cloudfoundry_service_instance.instance_43                              52ms
  cloudfoundry_service_instance.instance_44                              43ms
  cloudfoundry_service_instance.instance_45                              58ms
  cloudfoundry_service_instance.instance_46                              50ms
  cloudfoundry_service_instance.instance_47                              74ms
  cloudfoundry_service_instance.instance_48                              55ms
  cloudfoundry_service_instance.instance_49                              45ms
  cloudfoundry_service_instance.instance_5                               57ms
  cloudfoundry_service_instance.instance_50                              62ms
  cloudfoundry_service_instance.instance_51                              44ms
  cloudfoundry_service_instance.instance_52                              54ms
  cloudfoundry_service_instance.instance_53                              51ms
  cloudfoundry_service_instance.instance_54                              43ms
  cloudfoundry_service_instance.instance_55                              40ms
  cloudfoundry_service_instance.instance_56                              41ms
  cloudfoundry_service_instance.instance_57                              65ms
  cloudfoundry_service_instance.instance_58                              54ms
  cloudfoundry_service_instance.instance_59                              57ms
  cloudfoundry_service_instance.instance_6                               47ms
  cloudfoundry_service_instance.instance_60                              41ms
  cloudfoundry_service_instance.instance_61                              59ms
  cloudfoundry_service_instance.instance_62                              58ms
  cloudfoundry_service_instance.instance_63                              39ms
  cloudfoundry_service_instance.instance_64                              54ms
  cloudfoundry_service_instance.instance_65                              50ms
  cloudfoundry_service_instance.instance_66                              62ms
  cloudfoundry_service_instance.instance_67                              46ms
  cloudfoundry_service_instance.instance_68                              65ms
  cloudfoundry_service_instance.instance_69                              42ms
  cloudfoundry_service_instance.instance_7                               44ms
  cloudfoundry_service_instance.instance_70                              41ms
  cloudfoundry_service_instance.instance_71                              51ms
  cloudfoundry_service_instance.instance_72                              46ms
  cloudfoundry_service_instance.instance_73                              44ms
  cloudfoundry_service_instance.instance_74                              54ms
  cloudfoundry_service_instance.instance_75                              44ms
  cloudfoundry_service_instance.instance_76                              65ms
  cloudfoundry_service_instance.instance_77                              48ms
  cloudfoundry_service_instance.instance_78                              55ms
  cloudfoundry_service_instance.instance_79                              51ms
  cloudfoundry_service_instance.instance_8                               44ms
  cloudfoundry_service_instance.instance_80                              53ms
  cloudfoundry_service_instance.instance_81                              50ms
  cloudfoundry_service_instance.instance_82                              65ms
  cloudfoundry_service_instance.instance_83                              42ms
  cloudfoundry_service_instance.instance_84                              49ms
  cloudfoundry_service_instance.instance_85                              37ms
  cloudfoundry_service_instance.instance_86                              49ms
  cloudfoundry_service_instance.instance_87                              43ms
  cloudfoundry_service_instance.instance_88                              45ms
  cloudfoundry_service_instance.instance_89                              45ms
  cloudfoundry_service_instance.instance_9                               41ms
  cloudfoundry_service_instance.instance_90                              52ms
  cloudfoundry_service_instance.instance_91                              43ms
  cloudfoundry_service_instance.instance_92                              40ms
  cloudfoundry_service_instance.instance_93                              46ms
  cloudfoundry_service_instance.instance_94                              68ms
  cloudfoundry_service_instance.instance_95                              45ms
  cloudfoundry_service_instance.instance_96                              42ms
  cloudfoundry_service_instance.instance_97                              44ms
  cloudfoundry_service_instance.instance_98                              47ms
  cloudfoundry_service_instance.instance_99                              58ms
  cloudfoundry_space.space_1                                             108ms
  cloudfoundry_space.space_10                                            104ms
  cloudfoundry_space.space_100                                           114ms
  cloudfoundry_space.space_11                                            123ms
  cloudfoundry_space.space_12                                            132ms
  cloudfoundry_space.space_13                                            114ms
  cloudfoundry_space.space_14                                            113ms
  cloudfoundry_space.space_15                                            123ms
  cloudfoundry_space.space_16                                            102ms
  cloudfoundry_space.space_17                                            145ms
  cloudfoundry_space.space_18                                            137ms
  cloudfoundry_space.space_19                                            141ms
  cloudfoundry_space.space_2                                             114ms
  cloudfoundry_space.space_20                                            133ms
  cloudfoundry_space.space_21                                            101ms
  cloudfoundry_space.space_22                                            114ms
  cloudfoundry_space.space_23                                            107ms
  cloudfoundry_space.space_24                                            125ms
  cloudfoundry_space.space_25                                            111ms
  cloudfoundry_space.space_26                                            134ms
  cloudfoundry_space.space_27                                            136ms
  cloudfoundry_space.space_28                                            136ms
  cloudfoundry_space.space_29                                            108ms
  cloudfoundry_space.space_3                                             131ms
  cloudfoundry_space.space_30                                            142ms
  cloudfoundry_space.space_31                                            123ms
  cloudfoundry_space.space_32                                            130ms
  cloudfoundry_space.space_33                                            107ms
  cloudfoundry_space.space_34                                            132ms
  cloudfoundry_space.space_35                                            110ms
  cloudfoundry_space.space_36                                            125ms
  cloudfoundry_space.space_37                                            118ms
  cloudfoundry_space.space_38                                            156ms
  cloudfoundry_space.space_39                                            128ms
  cloudfoundry_space.space_4                                             132ms
  cloudfoundry_space.space_40                                            109ms
  cloudfoundry_space.space_41                                            108ms
  cloudfoundry_space.space_42                                            116ms
  cloudfoundry_space.space_43                                            110ms
  cloudfoundry_space.space_44                                            107ms
  cloudfoundry_space.space_45                                            112ms
  cloudfoundry_space.space_46                                            141ms
  cloudfoundry_space.space_47                                            99ms
  cloudfoundry_space.space_48                                            125ms
  cloudfoundry_space.space_49                                            97ms
  cloudfoundry_space.space_5                                             106ms
  cloudfoundry_space.space_50                                            115ms
  cloudfoundry_space.space_51                                            122ms
  cloudfoundry_space.space_52                                            142ms
  cloudfoundry_space.space_53                                            100ms
  cloudfoundry_space.space_54                                            137ms
  cloudfoundry_space.space_55                                            105ms
  cloudfoundry_space.space_56                                            136ms
  cloudfoundry_space.space_57                                            112ms
  cloudfoundry_space.space_58                                            122ms
  cloudfoundry_space.space_59                                            155ms
  cloudfoundry_space.space_6                                             106ms
  cloudfoundry_space.space_60                                            103ms
  cloudfoundry_space.space_61                                            135ms
  cloudfoundry_space.space_62                                            180ms
  cloudfoundry_space.space_63                                            128ms
  cloudfoundry_space.space_64                                            132ms
  cloudfoundry_space.space_65                                            157ms
  cloudfoundry_space.space_66                                            127ms
  cloudfoundry_space.space_67                                            176ms
  cloudfoundry_space.space_68                                            127ms
  cloudfoundry_space.space_69                                            138ms
  cloudfoundry_space.space_7                                             130ms
  cloudfoundry_space.space_70                                            116ms
  cloudfoundry_space.space_71                                            122ms
  cloudfoundry_space.space_72                                            113ms
  cloudfoundry_space.space_73                                            191ms
  cloudfoundry_space.space_74                                            98ms
  cloudfoundry_space.space_75                                            111ms
  cloudfoundry_space.space_76                                            104ms
  cloudfoundry_space.space_77                                            104ms
  cloudfoundry_space.space_78                                            122ms
  cloudfoundry_space.space_79                                            129ms
  cloudfoundry_space.space_8                                             142ms
  cloudfoundry_space.space_80                                            121ms
  cloudfoundry_space.space_81                                            121ms
  cloudfoundry_space.space_82                                            124ms
  cloudfoundry_space.space_83                                            112ms
  cloudfoundry_space.space_84                                            127ms
  cloudfoundry_space.space_85                                            104ms
  cloudfoundry_space.space_86                                            113ms
  cloudfoundry_space.space_87                                            133ms
  cloudfoundry_space.space_88                                            105ms
  cloudfoundry_space.space_89                                            114ms
  cloudfoundry_space.space_9                                             105ms
  cloudfoundry_space.space_90                                            108ms
  cloudfoundry_space.space_91                                            104ms
  cloudfoundry_space.space_92                                            123ms
  cloudfoundry_space.space_93                                            115ms
  cloudfoundry_space.space_94                                            113ms
  cloudfoundry_space.space_95                                            96ms
  cloudfoundry_space.space_96                                            105ms
  cloudfoundry_space.space_97                                            122ms
  cloudfoundry_space.space_98                                            138ms
  cloudfoundry_space.space_99                                            98ms
  scc_subaccount.subaccount_1                                            727ms
  scc_subaccount.subaccount_10                                           1591ms
  scc_subaccount.subaccount_11                                           1435ms
  scc_subaccount.subaccount_12                                           1077ms
  scc_subaccount.subaccount_13                                           1842ms
  scc_subaccount.subaccount_14                                           1613ms
  scc_subaccount.subaccount_15                                           1967ms
  scc_subaccount.subaccount_16                                           1566ms
  scc_subaccount.subaccount_17                                           1291ms
  scc_subaccount.subaccount_18                                           1750ms
  scc_subaccount.subaccount_19                                           1374ms
  scc_subaccount.subaccount_2                                            1478ms
  scc_subaccount.subaccount_20                                           1876ms
  scc_subaccount.subaccount_21                                           1928ms
  scc_subaccount.subaccount_22                                           1192ms
  scc_subaccount.subaccount_23                                           1739ms
  scc_subaccount.subaccount_24                                           1310ms
  scc_subaccount.subaccount_25                                           1647ms
  scc_subaccount.subaccount_26                                           1583ms
  scc_subaccount.subaccount_27                                           1522ms
  scc_subaccount.subaccount_28                                           1312ms
  scc_subaccount.subaccount_29                                           1383ms
  scc_subaccount.subaccount_3                                            1626ms
  scc_subaccount.subaccount_30                                           1856ms
  scc_subaccount.subaccount_31                                           1057ms
  scc_subaccount.subaccount_32                                           1893ms
  scc_subaccount.subaccount_33                                           1848ms
  scc_subaccount.subaccount_34                                           1420ms
  scc_subaccount.subaccount_35                                           1648ms
  scc_subaccount.subaccount_36                                           1616ms
  scc_subaccount.subaccount_37                                           1883ms
  scc_subaccount.subaccount_38                                           1082ms
  scc_subaccount.subaccount_39                                           1391ms
  scc_subaccount.subaccount_4                                            1784ms
  scc_subaccount.subaccount_40                                           1655ms
  scc_subaccount.subaccount_41                                           1751ms
  scc_subaccount.subaccount_42                                           1729ms
  scc_subaccount.subaccount_43                                           1653ms
  scc_subaccount.subaccount_44                                           1764ms
  scc_subaccount.subaccount_45                                           1628ms
  scc_subaccount.subaccount_46                                           1646ms
  scc_subaccount.subaccount_47                                           2129ms
  scc_subaccount.subaccount_48                                           1878ms
  scc_subaccount.subaccount_49                                           2056ms
  scc_subaccount.subaccount_5                                            1260ms
  scc_subaccount.subaccount_50                                           1815ms
  scc_subaccount.subaccount_6                                            1669ms
  scc_subaccount.subaccount_7                                            1921ms
  scc_subaccount.subaccount_8                                            1096ms
  scc_subaccount.subaccount_9                                            1133ms
  scc_system_mapping.system_1                                            56ms
  scc_system_mapping.system_10                                           66ms
  scc_system_mapping.system_100                                          59ms
  scc_system_mapping.system_11                                           64ms
  scc_system_mapping.system_12                                           58ms
  scc_system_mapping.system_13                                           60ms
  scc_system_mapping.system_14                                           66ms
  scc_system_mapping.system_15                                           64ms
  scc_system_mapping.system_16                                           147ms
  scc_system_mapping.system_17                                           66ms
  scc_system_mapping.system_18                                           61ms
  scc_system_mapping.system_19                                           60ms
  scc_system_mapping.system_2                                            56ms
  scc_system_mapping.system_20                                           60ms
  scc_system_mapping.system_21                                           56ms
  scc_system_mapping.system_22                                           60ms
  scc_system_mapping.system_23                                           62ms
  scc_system_mapping.system_24                                           61ms
  scc_system_mapping.system_25                                           59ms
  scc_system_mapping.system_26                                           60ms
  scc_system_mapping.system_27                                           58ms
  scc_system_mapping.system_28                                           61ms
  scc_system_mapping.system_29                                           59ms
  scc_system_mapping.system_3                                            58ms
  scc_system_mapping.system_30                                           74ms
  scc_system_mapping.system_31                                           57ms
  scc_system_mapping.system_32                                           56ms
  scc_system_mapping.system_33                                           63ms
  scc_system_mapping.system_34                                           67ms
  scc_system_mapping.system_35                                           63ms
  scc_system_mapping.system_36                                           58ms
  scc_system_mapping.system_37                                           63ms
  scc_system_mapping.system_38                                           57ms
  scc_system_mapping.system_39                                           65ms
  scc_system_mapping.system_4                                            59ms
  scc_system_mapping.system_40                                           57ms
  scc_system_mapping.system_41                                           64ms
  scc_system_mapping.system_42                                           79ms
  scc_system_mapping.system_43                                           62ms
  scc_system_mapping.system_44                                           59ms
  scc_system_mapping.system_45                                           61ms
  scc_system_mapping.system_46                                           59ms
  scc_system_mapping.system_47                                           59ms
  scc_system_mapping.system_48                                           128ms
  scc_system_mapping.system_49                                           63ms
  scc_system_mapping.system_5                                            63ms
  scc_system_mapping.system_50                                           60ms
  scc_system_mapping.system_51                                           58ms
  scc_system_mapping.system_52                                           60ms
  scc_system_mapping.system_53                                           59ms
  scc_system_mapping.system_54                                           58ms
  scc_system_mapping.system_55                                           64ms
  scc_system_mapping.system_56                                           150ms
  scc_system_mapping.system_57                                           63ms
  scc_system_mapping.system_58                                           62ms
  scc_system_mapping.system_59                                           65ms
  scc_system_mapping.system_6                                            61ms
  scc_system_mapping.system_60                                           63ms
  scc_system_mapping.system_61                                           60ms
  scc_system_mapping.system_62                                           59ms
  scc_system_mapping.system_63                                           59ms
  scc_system_mapping.system_64                                           59ms
  scc_system_mapping.system_65                                           62ms
  scc_system_mapping.system_66                                           65ms
  scc_system_mapping.system_67                                           69ms
  scc_system_mapping.system_68                                           61ms
  scc_system_mapping.system_69                                           58ms
  scc_system_mapping.system_7                                            59ms
  scc_system_mapping.system_70                                           59ms
  scc_system_mapping.system_71                                           71ms
  scc_system_mapping.system_72                                           58ms
  scc_system_mapping.system_73                                           57ms
  scc_system_mapping.system_74                                           58ms
  scc_system_mapping.system_75                                           61ms
  scc_system_mapping.system_76                                           58ms
  scc_system_mapping.system_77                                           65ms
  scc_system_mapping.system_78                                           61ms
  scc_system_mapping.system_79                                           57ms
  scc_system_mapping.system_8                                            59ms
  scc_system_mapping.system_80                                           59ms
  scc_system_mapping.system_81                                           56ms
  scc_system_mapping.system_82                                           59ms
  scc_system_mapping.system_83                                           59ms
  scc_system_mapping.system_84                                           61ms
  scc_system_mapping.system_85                                           59ms
  scc_system_mapping.system_86                                           60ms
  scc_system_mapping.system_87                                           61ms
  scc_system_mapping.system_88                                           59ms
  scc_system_mapping.system_89                                           61ms
  scc_system_mapping.system_9                                            58ms
  scc_system_mapping.system_90                                           58ms
  scc_system_mapping.system_91                                           55ms
  scc_system_mapping.system_92                                           56ms
  scc_system_mapping.system_93                                           59ms
  scc_system_mapping.system_94                                           62ms
  scc_system_mapping.system_95                                           61ms
  scc_system_mapping.system_96                                           59ms
  scc_system_mapping.system_97                                           69ms
  scc_system_mapping.system_98                                           58ms
  scc_system_mapping.system_99                                           62ms
  scc_system_mapping_resource.resource_1                                 59ms
  scc_system_mapping_resource.resource_10                                69ms
  scc_system_mapping_resource.resource_100                               58ms
  scc_system_mapping_resource.resource_101                               56ms
  scc_system_mapping_resource.resource_102                               58ms
  scc_system_mapping_resource.resource_103                               66ms
  scc_system_mapping_resource.resource_104                               62ms
  scc_system_mapping_resource.resource_105                               59ms
  scc_system_mapping_resource.resource_106                               68ms
  scc_system_mapping_resource.resource_107                               59ms
  scc_system_mapping_resource.resource_108                               61ms
  scc_system_mapping_resource.resource_109                               70ms
  scc_system_mapping_resource.resource_11                                64ms
  scc_system_mapping_resource.resource_110                               60ms
  scc_system_mapping_resource.resource_111                               58ms
  scc_system_mapping_resource.resource_112                               60ms
  scc_system_mapping_resource.resource_113                               57ms
  scc_system_mapping_resource.resource_114                               63ms
  scc_system_mapping_resource.resource_115                               56ms
  scc_system_mapping_resource.resource_116                               63ms
  scc_system_mapping_resource.resource_117                               56ms
  scc_system_mapping_resource.resource_118                               54ms
  scc_system_mapping_resource.resource_119                               67ms
  scc_system_mapping_resource.resource_12                                60ms
  scc_system_mapping_resource.resource_120                               82ms
  scc_system_mapping_resource.resource_121                               61ms
  scc_system_mapping_resource.resource_122                               60ms
  scc_system_mapping_resource.resource_123                               64ms
  scc_system_mapping_resource.resource_124                               58ms
  scc_system_mapping_resource.resource_125                               57ms
  scc_system_mapping_resource.resource_126                               59ms
  scc_system_mapping_resource.resource_127                               69ms
  scc_system_mapping_resource.resource_128                               57ms
  scc_system_mapping_resource.resource_129                               58ms
  scc_system_mapping_resource.resource_13                                65ms
  scc_system_mapping_resource.resource_130                               56ms
  scc_system_mapping_resource.resource_131                               58ms
  scc_system_mapping_resource.resource_132                               62ms
  scc_system_mapping_resource.resource_133                               58ms
  scc_system_mapping_resource.resource_134                               55ms
  scc_system_mapping_resource.resource_135                               74ms
  scc_system_mapping_resource.resource_136                               56ms
  scc_system_mapping_resource.resource_137                               55ms
  scc_system_mapping_resource.resource_138                               55ms
  scc_system_mapping_resource.resource_139                               57ms
  scc_system_mapping_resource.resource_14                                56ms
  scc_system_mapping_resource.resource_140                               71ms
  scc_system_mapping_resource.resource_141                               61ms
  scc_system_mapping_resource.resource_142                               62ms
  scc_system_mapping_resource.resource_143                               56ms
  scc_system_mapping_resource.resource_144                               95ms
  scc_system_mapping_resource.resource_145                               62ms
  scc_system_mapping_resource.resource_146                               58ms
  scc_system_mapping_resource.resource_147                               57ms
  scc_system_mapping_resource.resource_148                               58ms
  scc_system_mapping_resource.resource_149                               54ms
  scc_system_mapping_resource.resource_15                                57ms
  scc_system_mapping_resource.resource_150                               60ms
  scc_system_mapping_resource.resource_151                               57ms
  scc_system_mapping_resource.resource_152                               60ms
  scc_system_mapping_resource.resource_153                               55ms
  scc_system_mapping_resource.resource_154                               58ms
  scc_system_mapping_resource.resource_155                               63ms
  scc_system_mapping_resource.resource_156                               59ms
  scc_system_mapping_resource.resource_157                               55ms
  scc_system_mapping_resource.resource_158                               56ms
  scc_system_mapping_resource.resource_159                               60ms
  scc_system_mapping_resource.resource_16                                59ms
  scc_system_mapping_resource.resource_160                               57ms
  scc_system_mapping_resource.resource_161                               60ms
  scc_system_mapping_resource.resource_162                               58ms
  scc_system_mapping_resource.resource_163                               58ms
  scc_system_mapping_resource.resource_164                               61ms
  scc_system_mapping_resource.resource_165                               58ms
  scc_system_mapping_resource.resource_166                               64ms
  scc_system_mapping_resource.resource_167                               60ms
  scc_system_mapping_resource.resource_168                               65ms
  scc_system_mapping_resource.resource_169                               60ms
  scc_system_mapping_resource.resource_17                                55ms
  scc_system_mapping_resource.resource_170                               60ms
  scc_system_mapping_resource.resource_171                               88ms
  scc_system_mapping_resource.resource_172                               69ms
  scc_system_mapping_resource.resource_173                               56ms
  scc_system_mapping_resource.resource_174                               66ms
  scc_system_mapping_resource.resource_175                               58ms
  scc_system_mapping_resource.resource_176                               57ms
  scc_system_mapping_resource.resource_177                               62ms
  scc_system_mapping_resource.resource_178                               58ms
  scc_system_mapping_resource.resource_179                               59ms
  scc_system_mapping_resource.resource_18                                69ms
  scc_system_mapping_resource.resource_180                               59ms
  scc_system_mapping_resource.resource_181                               58ms
  scc_system_mapping_resource.resource_182                               56ms
  scc_system_mapping_resource.resource_183                               62ms
  scc_system_mapping_resource.resource_184                               64ms
  scc_system_mapping_resource.resource_185                               69ms
  scc_system_mapping_resource.resource_186                               61ms
  scc_system_mapping_resource.resource_187                               62ms
  scc_system_mapping_resource.resource_188                               57ms
  scc_system_mapping_resource.resource_189                               63ms
  scc_system_mapping_resource.resource_19                                61ms
  scc_system_mapping_resource.resource_190                               58ms
  scc_system_mapping_resource.resource_191                               65ms
  scc_system_mapping_resource.resource_192                               60ms
  scc_system_mapping_resource.resource_193                               57ms
  scc_system_mapping_resource.resource_194                               58ms
  scc_system_mapping_resource.resource_195                               80ms
  scc_system_mapping_resource.resource_196                               57ms
  scc_system_mapping_resource.resource_197                               59ms
  scc_system_mapping_resource.resource_198                               57ms
  scc_system_mapping_resource.resource_199                               66ms
  scc_system_mapping_resource.resource_2                                 60ms
  scc_system_mapping_resource.resource_20                                66ms
  scc_system_mapping_resource.resource_200                               65ms
  scc_system_mapping_resource.resource_21                                73ms
  scc_system_mapping_resource.resource_22                                56ms
  scc_system_mapping_resource.resource_23                                67ms
  scc_system_mapping_resource.resource_24                                57ms
  scc_system_mapping_resource.resource_25                                60ms
  scc_system_mapping_resource.resource_26                                56ms
  scc_system_mapping_resource.resource_27                                59ms
  scc_system_mapping_resource.resource_28                                56ms
  scc_system_mapping_resource.resource_29                                59ms
  scc_system_mapping_resource.resource_3                                 61ms
  scc_system_mapping_resource.resource_30                                55ms
  scc_system_mapping_resource.resource_31                                61ms
  scc_system_mapping_resource.resource_32                                59ms
  scc_system_mapping_resource.resource_33                                59ms
  scc_system_mapping_resource.resource_34                                57ms
  scc_system_mapping_resource.resource_35                                56ms
  scc_system_mapping_resource.resource_36                                56ms
  scc_system_mapping_resource.resource_37                                60ms
  scc_system_mapping_resource.resource_38                                57ms
  scc_system_mapping_resource.resource_39                                64ms
  scc_system_mapping_resource.resource_4                                 58ms
  scc_system_mapping_resource.resource_40                                60ms
  scc_system_mapping_resource.resource_41                                57ms
  scc_system_mapping_resource.resource_42                                60ms
  scc_system_mapping_resource.resource_43                                61ms
  scc_system_mapping_resource.resource_44                                63ms
  scc_system_mapping_resource.resource_45                                60ms
  scc_system_mapping_resource.resource_46                                61ms
  scc_system_mapping_resource.resource_47                                63ms
  scc_system_mapping_resource.resource_48                                60ms
  scc_system_mapping_resource.resource_49                                64ms
  scc_system_mapping_resource.resource_5                                 58ms
  scc_system_mapping_resource.resource_50                                57ms
  scc_system_mapping_resource.resource_51                                59ms
  scc_system_mapping_resource.resource_52                                58ms
  scc_system_mapping_resource.resource_53                                61ms
  scc_system_mapping_resource.resource_54                                63ms
  scc_system_mapping_resource.resource_55                                59ms
  scc_system_mapping_resource.resource_56                                56ms
  scc_system_mapping_resource.resource_57                                57ms
  scc_system_mapping_resource.resource_58                                58ms
  scc_system_mapping_resource.resource_59                                65ms
  scc_system_mapping_resource.resource_6                                 71ms
  scc_system_mapping_resource.resource_60                                63ms
  scc_system_mapping_resource.resource_61                                57ms
  scc_system_mapping_resource.resource_62                                58ms
  scc_system_mapping_resource.resource_63                                57ms
  scc_system_mapping_resource.resource_64                                57ms
  scc_system_mapping_resource.resource_65                                58ms
  scc_system_mapping_resource.resource_66                                62ms
  scc_system_mapping_resource.resource_67                                64ms
  scc_system_mapping_resource.resource_68                                59ms
  scc_system_mapping_resource.resource_69                                56ms
  scc_system_mapping_resource.resource_7                                 59ms
  scc_system_mapping_resource.resource_70                                57ms
  scc_system_mapping_resource.resource_71                                56ms
  scc_system_mapping_resource.resource_72                                57ms
  scc_system_mapping_resource.resource_73                                62ms
  scc_system_mapping_resource.resource_74                                56ms
  scc_system_mapping_resource.resource_75                                59ms
  scc_system_mapping_resource.resource_76                                64ms
  scc_system_mapping_resource.resource_77                                59ms
  scc_system_mapping_resource.resource_78                                60ms
  scc_system_mapping_resource.resource_79                                59ms
  scc_system_mapping_resource.resource_8                                 56ms
  scc_system_mapping_resource.resource_80                                60ms
  scc_system_mapping_resource.resource_81                                57ms
  scc_system_mapping_resource.resource_82                                59ms
  scc_system_mapping_resource.resource_83                                59ms
  scc_system_mapping_resource.resource_84                                101ms
  scc_system_mapping_resource.resource_85                                58ms
  scc_system_mapping_resource.resource_86                                58ms
  scc_system_mapping_resource.resource_87                                54ms
  scc_system_mapping_resource.resource_88                                56ms
  scc_system_mapping_resource.resource_89                                59ms
  scc_system_mapping_resource.resource_9                                 57ms
  scc_system_mapping_resource.resource_90                                59ms
  scc_system_mapping_resource.resource_91                                57ms
  scc_system_mapping_resource.resource_92                                57ms
  scc_system_mapping_resource.resource_93                                59ms
  scc_system_mapping_resource.resource_94                                65ms
  scc_system_mapping_resource.resource_95                                62ms
  scc_system_mapping_resource.resource_96                                65ms
  scc_system_mapping_resource.resource_97                                57ms
  scc_system_mapping_resource.resource_98                                60ms
  scc_system_mapping_resource.resource_99                                61ms
  sci_application.app_1                                                  126ms
  sci_application.app_10                                                 187ms
  sci_application.app_100                                                128ms
  sci_application.app_11                                                 122ms
  sci_application.app_12                                                 117ms
  sci_application.app_13                                                 117ms
  sci_application.app_14                                                 133ms
  sci_application.app_15                                                 120ms
  sci_application.app_16                                                 117ms
  sci_application.app_17                                                 120ms
  sci_application.app_18                                                 134ms
  sci_application.app_19                                                 133ms
  sci_application.app_2                                                  130ms
  sci_application.app_20                                                 125ms
  sci_application.app_21                                                 118ms
  sci_application.app_22                                                 132ms
  sci_application.app_23                                                 115ms
  sci_application.app_24                                                 133ms
  sci_application.app_25                                                 122ms
  sci_application.app_26                                                 125ms
  sci_application.app_27                                                 145ms
  sci_application.app_28                                                 133ms
  sci_application.app_29                                                 131ms
  sci_application.app_3                                                  130ms
  sci_application.app_30                                                 124ms
  sci_application.app_31                                                 126ms
  sci_application.app_32                                                 124ms
  sci_application.app_33                                                 122ms
  sci_application.app_34                                                 135ms
  sci_application.app_35                                                 129ms
  sci_application.app_36                                                 123ms
  sci_application.app_37                                                 125ms
  sci_application.app_38                                                 130ms
  sci_application.app_39                                                 128ms
  sci_application.app_4                                                  116ms
  sci_application.app_40                                                 120ms
  sci_application.app_41                                                 124ms
  sci_application.app_42                                                 132ms
  sci_application.app_43                                                 119ms
  sci_application.app_44                                                 124ms
  sci_application.app_45                                                 120ms
  sci_application.app_46                                                 134ms
  sci_application.app_47                                                 131ms
  sci_application.app_48                                                 130ms
  sci_application.app_49                                                 125ms
  sci_application.app_5                                                  114ms
  sci_application.app_50                                                 127ms
  sci_application.app_51                                                 128ms
  sci_application.app_52                                                 119ms
  sci_application.app_53                                                 115ms
  sci_application.app_54                                                 112ms
  sci_application.app_55                                                 124ms
  sci_application.app_56                                                 136ms
  sci_application.app_57                                                 120ms
  sci_application.app_58                                                 125ms
  sci_application.app_59                                                 124ms
  sci_application.app_6                                                  126ms
  sci_application.app_60                                                 123ms
  sci_application.app_61                                                 135ms
  sci_application.app_62                                                 124ms
  sci_application.app_63                                                 117ms
  sci_application.app_64                                                 137ms
  sci_application.app_65                                                 134ms
  sci_application.app_66                                                 119ms
  sci_application.app_67                                                 153ms
  sci_application.app_68                                                 128ms
  sci_application.app_69                                                 126ms
  sci_application.app_7                                                  122ms
  sci_application.app_70                                                 120ms
  sci_application.app_71                                                 132ms
  sci_application.app_72                                                 157ms
  sci_application.app_73                                                 133ms
  sci_application.app_74                                                 116ms
  sci_application.app_75                                                 115ms
  sci_application.app_76                                                 121ms
  sci_application.app_77                                                 125ms
  sci_application.app_78                                                 127ms
  sci_application.app_79                                                 115ms
  sci_application.app_8                                                  127ms
  sci_application.app_80                                                 124ms
  sci_application.app_81                                                 131ms
  sci_application.app_82                                                 113ms
  sci_application.app_83                                                 123ms
  sci_application.app_84                                                 131ms
  sci_application.app_85                                                 127ms
  sci_application.app_86                                                 121ms
  sci_application.app_87                                                 120ms
  sci_application.app_88                                                 125ms
  sci_application.app_89                                                 127ms
  sci_application.app_9                                                  122ms
  sci_application.app_90                                                 126ms
  sci_application.app_91                                                 133ms
  sci_application.app_92                                                 130ms
  sci_application.app_93                                                 120ms
  sci_application.app_94                                                 120ms
  sci_application.app_95                                                 147ms
  sci_application.app_96                                                 130ms
  sci_application.app_97                                                 124ms
  sci_application.app_98                                                 138ms
  sci_application.app_99                                                 121ms
  sci_group_base.group_1                                                 98ms
  sci_group_base.group_10                                                94ms
  sci_group_base.group_100                                               97ms
  sci_group_base.group_101                                               119ms
  sci_group_base.group_102                                               94ms
  sci_group_base.group_103                                               111ms
  sci_group_base.group_104                                               94ms
  sci_group_base.group_105                                               96ms
  sci_group_base.group_106                                               97ms
  sci_group_base.group_107                                               92ms
  sci_group_base.group_108                                               98ms
  sci_group_base.group_109                                               104ms
  sci_group_base.group_11                                                95ms
  sci_group_base.group_110                                               101ms
  sci_group_base.group_111                                               98ms
  sci_group_base.group_112                                               91ms
  sci_group_base.group_113                                               95ms
  sci_group_base.group_114                                               101ms
  sci_group_base.group_115                                               94ms
  sci_group_base.group_116                                               108ms
  sci_group_base.group_117                                               99ms
  sci_group_base.group_118                                               93ms
  sci_group_base.group_119                                               98ms
  sci_group_base.group_12                                                92ms
  sci_group_base.group_120                                               103ms
  sci_group_base.group_121                                               96ms
  sci_group_base.group_122                                               97ms
  sci_group_base.group_123                                               94ms
  sci_group_base.group_124                                               93ms
  sci_group_base.group_125                                               190ms
  sci_group_base.group_126                                               96ms
  sci_group_base.group_127                                               98ms
  sci_group_base.group_128                                               97ms
  sci_group_base.group_129                                               93ms
  sci_group_base.group_13                                                98ms
  sci_group_base.group_130                                               98ms
  sci_group_base.group_131                                               88ms
  sci_group_base.group_132                                               97ms
  sci_group_base.group_133                                               94ms
  sci_group_base.group_134                                               100ms
  sci_group_base.group_135                                               100ms
  sci_group_base.group_136                                               107ms
  sci_group_base.group_137                                               95ms
  sci_group_base.group_138                                               94ms
  sci_group_base.group_139                                               84ms
  sci_group_base.group_14                                                96ms
  sci_group_base.group_140                                               126ms
  sci_group_base.group_141                                               95ms
  sci_group_base.group_142                                               95ms
  sci_group_base.group_143                                               97ms
  sci_group_base.group_144                                               136ms
  sci_group_base.group_145                                               90ms
  sci_group_base.group_146                                               116ms
  sci_group_base.group_147                                               94ms
  sci_group_base.group_148                                               99ms
  sci_group_base.group_149                                               89ms
  sci_group_base.group_15                                                96ms
  sci_group_base.group_150                                               101ms
  sci_group_base.group_16                                                102ms
  sci_group_base.group_17                                                99ms
  sci_group_base.group_18                                                99ms
  sci_group_base.group_19                                                106ms
  sci_group_base.group_2                                                 100ms
  sci_group_base.group_20                                                322ms
  sci_group_base.group_21                                                103ms
  sci_group_base.group_22                                                102ms
  sci_group_base.group_23                                                100ms
  sci_group_base.group_24                                                94ms
  sci_group_base.group_25                                                144ms
  sci_group_base.group_26                                                90ms
  sci_group_base.group_27                                                85ms
  sci_group_base.group_28                                                95ms
  sci_group_base.group_29                                                119ms
  sci_group_base.group_3                                                 178ms
  sci_group_base.group_30                                                100ms
  sci_group_base.group_31                                                103ms
  sci_group_base.group_32                                                98ms
  sci_group_base.group_33                                                98ms
  sci_group_base.group_34                                                110ms
  sci_group_base.group_35                                                92ms
  sci_group_base.group_36                                                98ms
  sci_group_base.group_37                                                106ms
  sci_group_base.group_38                                                95ms
  sci_group_base.group_39                                                91ms
  sci_group_base.group_4                                                 100ms
  sci_group_base.group_40                                                103ms
  sci_group_base.group_41                                                102ms
  sci_group_base.group_42                                                98ms
  sci_group_base.group_43                                                93ms
  sci_group_base.group_44                                                91ms
  sci_group_base.group_45                                                96ms
  sci_group_base.group_46                                                93ms
  sci_group_base.group_47                                                95ms
  sci_group_base.group_48                                                88ms
  sci_group_base.group_49                                                303ms
  sci_group_base.group_5                                                 102ms
  sci_group_base.group_50                                                91ms
  sci_group_base.group_51                                                100ms
  sci_group_base.group_52                                                109ms
  sci_group_base.group_53                                                113ms
  sci_group_base.group_54                                                113ms
  sci_group_base.group_55                                                96ms
  sci_group_base.group_56                                                98ms
  sci_group_base.group_57                                                102ms
  sci_group_base.group_58                                                104ms
  sci_group_base.group_59                                                134ms
  sci_group_base.group_6                                                 99ms
  sci_group_base.group_60                                                100ms
  sci_group_base.group_61                                                315ms
  sci_group_base.group_62                                                97ms
  sci_group_base.group_63                                                103ms
  sci_group_base.group_64                                                93ms
  sci_group_base.group_65                                                102ms
  sci_group_base.group_66                                                96ms
  sci_group_base.group_67                                                90ms
  sci_group_base.group_68                                                97ms
  sci_group_base.group_69                                                95ms
  sci_group_base.group_7                                                 98ms
  sci_group_base.group_70                                                90ms
  sci_group_base.group_71                                                101ms
  sci_group_base.group_72                                                96ms
  sci_group_base.group_73                                                114ms
  sci_group_base.group_74                                                135ms
  sci_group_base.group_75                                                99ms
  sci_group_base.group_76                                                89ms
  sci_group_base.group_77                                                178ms
  sci_group_base.group_78                                                92ms
  sci_group_base.group_79                                                92ms
  sci_group_base.group_8                                                 99ms
  sci_group_base.group_80                                                103ms
  sci_group_base.group_81                                                94ms
  sci_group_base.group_82                                                96ms
  sci_group_base.group_83                                                90ms
  sci_group_base.group_84                                                91ms
  sci_group_base.group_85                                                98ms
  sci_group_base.group_86                                                103ms
  sci_group_base.group_87                                                104ms
  sci_group_base.group_88                                                94ms
  sci_group_base.group_89                                                331ms
  sci_group_base.group_9                                                 111ms
  sci_group_base.group_90                                                97ms
  sci_group_base.group_91                                                92ms
  sci_group_base.group_92                                                104ms
  sci_group_base.group_93                                                91ms
  sci_group_base.group_94                                                94ms
  sci_group_base.group_95                                                91ms
  sci_group_base.group_96                                                96ms
  sci_group_base.group_97                                                105ms
  sci_group_base.group_98                                                96ms
  sci_group_base.group_99                                                98ms
  sci_user.user_1                                                        91ms
  sci_user.user_10                                                       102ms
  sci_user.user_100                                                      98ms
  sci_user.user_101                                                      113ms
  sci_user.user_102                                                      98ms
  sci_user.user_103                                                      94ms
  sci_user.user_104                                                      89ms
  sci_user.user_105                                                      95ms
  sci_user.user_106                                                      91ms
  sci_user.user_107                                                      93ms
  sci_user.user_108                                                      94ms
  sci_user.user_109                                                      91ms
  sci_user.user_11                                                       84ms
  sci_user.user_110                                                      101ms
  sci_user.user_111                                                      100ms
  sci_user.user_112                                                      99ms
  sci_user.user_113                                                      88ms
  sci_user.user_114                                                      101ms
  sci_user.user_115                                                      90ms
  sci_user.user_116                                                      95ms
  sci_user.user_117                                                      101ms
  sci_user.user_118                                                      98ms
  sci_user.user_119                                                      95ms
  sci_user.user_12                                                       93ms
  sci_user.user_120                                                      98ms
  sci_user.user_121                                                      95ms
  sci_user.user_122                                                      99ms
  sci_user.user_123                                                      93ms
  sci_user.user_124                                                      109ms
  sci_user.user_125                                                      91ms
  sci_user.user_126                                                      88ms
  sci_user.user_127                                                      94ms
  sci_user.user_128                                                      94ms
  sci_user.user_129                                                      95ms
  sci_user.user_13                                                       90ms
  sci_user.user_130                                                      86ms
  sci_user.user_131                                                      89ms
  sci_user.user_132                                                      90ms
  sci_user.user_133                                                      88ms
  sci_user.user_134                                                      140ms
  sci_user.user_135                                                      92ms
  sci_user.user_136                                                      97ms
  sci_user.user_137                                                      114ms
  sci_user.user_138                                                      99ms
  sci_user.user_139                                                      137ms
  sci_user.user_14                                                       94ms
  sci_user.user_140                                                      87ms
  sci_user.user_141                                                      93ms
  sci_user.user_142                                                      93ms
  sci_user.user_143                                                      96ms
  sci_user.user_144                                                      92ms
  sci_user.user_145                                                      119ms
  sci_user.user_146                                                      88ms
  sci_user.user_147                                                      94ms
  sci_user.user_148                                                      95ms
  sci_user.user_149                                                      95ms
  sci_user.user_15                                                       92ms
  sci_user.user_150                                                      108ms
  sci_user.user_151                                                      133ms
  sci_user.user_152                                                      93ms
  sci_user.user_153                                                      95ms
  sci_user.user_154                                                      99ms
  sci_user.user_155                                                      87ms
  sci_user.user_156                                                      136ms
  sci_user.user_157                                                      88ms
  sci_user.user_158                                                      87ms
  sci_user.user_159                                                      96ms
  sci_user.user_16                                                       100ms
  sci_user.user_160                                                      86ms
  sci_user.user_161                                                      90ms
  sci_user.user_162                                                      89ms
  sci_user.user_163                                                      102ms
  sci_user.user_164                                                      93ms
  sci_user.user_165                                                      94ms
  sci_user.user_166                                                      87ms
  sci_user.user_167                                                      108ms
  sci_user.user_168                                                      97ms
  sci_user.user_169                                                      87ms
  sci_user.user_17                                                       105ms
  sci_user.user_170                                                      109ms
  sci_user.user_171                                                      97ms
  sci_user.user_172                                                      79ms
  sci_user.user_173                                                      145ms
  sci_user.user_174                                                      97ms
  sci_user.user_175                                                      96ms
  sci_user.user_176                                                      88ms
  sci_user.user_177                                                      94ms
  sci_user.user_178                                                      106ms
  sci_user.user_179                                                      98ms
  sci_user.user_18                                                       92ms
  sci_user.user_180                                                      98ms
  sci_user.user_181                                                      98ms
  sci_user.user_182                                                      85ms
  sci_user.user_183                                                      86ms
  sci_user.user_184                                                      93ms
  sci_user.user_185                                                      85ms
  sci_user.user_186                                                      89ms
  sci_user.user_187                                                      87ms
  sci_user.user_188                                                      100ms
  sci_user.user_189                                                      96ms
  sci_user.user_19                                                       92ms
  sci_user.user_190                                                      100ms
  sci_user.user_191                                                      103ms
  sci_user.user_192                                                      95ms
  sci_user.user_193                                                      89ms
  sci_user.user_194                                                      95ms
  sci_user.user_195                                                      97ms
  sci_user.user_196                                                      97ms
  sci_user.user_197                                                      90ms
  sci_user.user_198                                                      98ms
  sci_user.user_199                                                      95ms
  sci_user.user_2                                                        95ms
  sci_user.user_20                                                       117ms
  sci_user.user_200                                                      96ms
  sci_user.user_201                                                      94ms
  sci_user.user_202                                                      88ms
  sci_user.user_203                                                      93ms
  sci_user.user_204                                                      120ms
  sci_user.user_205                                                      86ms
  sci_user.user_206                                                      90ms
  sci_user.user_207                                                      91ms
  sci_user.user_208                                                      87ms
  sci_user.user_209                                                      96ms
  sci_user.user_21                                                       103ms
  sci_user.user_210                                                      85ms
  sci_user.user_211                                                      99ms
  sci_user.user_212                                                      97ms
  sci_user.user_213                                                      94ms
  sci_user.user_214                                                      96ms
  sci_user.user_215                                                      98ms
  sci_user.user_216                                                      98ms
  sci_user.user_217                                                      100ms
  sci_user.user_218                                                      139ms
  sci_user.user_219                                                      91ms
  sci_user.user_22                                                       99ms
  sci_user.user_220                                                      95ms
  sci_user.user_221                                                      97ms
  sci_user.user_222                                                      90ms
  sci_user.user_223                                                      92ms
  sci_user.user_224                                                      98ms
  sci_user.user_225                                                      96ms
  sci_user.user_226                                                      84ms
  sci_user.user_227                                                      96ms
  sci_user.user_228                                                      111ms
  sci_user.user_229                                                      96ms
  sci_user.user_23                                                       97ms
  sci_user.user_230                                                      91ms
  sci_user.user_231                                                      93ms
  sci_user.user_232                                                      93ms
  sci_user.user_233                                                      149ms
  sci_user.user_234                                                      95ms
  sci_user.user_235                                                      107ms
  sci_user.user_236                                                      95ms
  sci_user.user_237                                                      108ms
  sci_user.user_238                                                      147ms
  sci_user.user_239                                                      100ms
  sci_user.user_24                                                       101ms
  sci_user.user_240                                                      111ms
  sci_user.user_241                                                      94ms
  sci_user.user_242                                                      94ms
  sci_user.user_243                                                      91ms
  sci_user.user_244                                                      91ms
  sci_user.user_245                                                      89ms
  sci_user.user_246                                                      100ms
  sci_user.user_247                                                      93ms
  sci_user.user_248                                                      83ms
  sci_user.user_249                                                      94ms
  sci_user.user_25                                                       93ms
  sci_user.user_250                                                      108ms
  sci_user.user_26                                                       92ms
  sci_user.user_27                                                       91ms
  sci_user.user_28                                                       98ms
  sci_user.user_29                                                       104ms
  sci_user.user_3                                                        99ms
  sci_user.user_30                                                       85ms
  sci_user.user_31                                                       94ms
  sci_user.user_32                                                       91ms
  sci_user.user_33                                                       92ms
  sci_user.user_34                                                       98ms
  sci_user.user_35                                                       97ms
  sci_user.user_36                                                       92ms
  sci_user.user_37                                                       97ms
  sci_user.user_38                                                       89ms
  sci_user.user_39                                                       93ms
  sci_user.user_4                                                        91ms
  sci_user.user_40                                                       114ms
  sci_user.user_41                                                       98ms
  sci_user.user_42                                                       98ms
  sci_user.user_43                                                       101ms
  sci_user.user_44                                                       87ms
  sci_user.user_45                                                       92ms
  sci_user.user_46                                                       93ms
  sci_user.user_47                                                       92ms
  sci_user.user_48                                                       91ms
  sci_user.user_49                                                       99ms
  sci_user.user_5                                                        92ms
  sci_user.user_50                                                       88ms
  sci_user.user_51                                                       95ms
  sci_user.user_52                                                       92ms
  sci_user.user_53                                                       96ms
  sci_user.user_54                                                       100ms
  sci_user.user_55                                                       131ms
  sci_user.user_56                                                       96ms
  sci_user.user_57                                                       87ms
  sci_user.user_58                                                       97ms
  sci_user.user_59                                                       92ms
  sci_user.user_6                                                        96ms
  sci_user.user_60                                                       116ms
  sci_user.user_61                                                       92ms
  sci_user.user_62                                                       92ms
  sci_user.user_63                                                       83ms
  sci_user.user_64                                                       130ms
  sci_user.user_65                                                       85ms
  sci_user.user_66                                                       94ms
  sci_user.user_67                                                       92ms
  sci_user.user_68                                                       122ms
  sci_user.user_69                                                       197ms
  sci_user.user_7                                                        134ms
  sci_user.user_70                                                       96ms
  sci_user.user_71                                                       93ms
  sci_user.user_72                                                       111ms
  sci_user.user_73                                                       84ms
  sci_user.user_74                                                       95ms
  sci_user.user_75                                                       93ms
  sci_user.user_76                                                       95ms
  sci_user.user_77                                                       91ms
  sci_user.user_78                                                       93ms
  sci_user.user_79                                                       97ms
  sci_user.user_8                                                        94ms
  sci_user.user_80                                                       95ms
  sci_user.user_81                                                       114ms
  sci_user.user_82                                                       91ms
  sci_user.user_83                                                       102ms
  sci_user.user_84                                                       97ms
  sci_user.user_85                                                       95ms
  sci_user.user_86                                                       96ms
  sci_user.user_87                                                       87ms
  sci_user.user_88                                                       96ms
  sci_user.user_89                                                       91ms
  sci_user.user_9                                                        97ms
  sci_user.user_90                                                       93ms
  sci_user.user_91                                                       119ms
  sci_user.user_92                                                       100ms
  sci_user.user_93                                                       95ms
  sci_user.user_94                                                       97ms
  sci_user.user_95                                                       91ms
  sci_user.user_96                                                       109ms
  sci_user.user_97                                                       93ms
  sci_user.user_98                                                       110ms
  sci_user.user_99                                                       93ms


Run 3/3:
  terraform plan failed with exit status 1
  Total run time: 720.034715s
  btp_directory.directory_1                                              496ms
  btp_directory.directory_10                                             259ms
  btp_directory.directory_11                                             430ms
  btp_directory.directory_12                                             2007ms
  btp_directory.directory_13                                             631ms
  btp_directory.directory_14                                             653ms
  btp_directory.directory_15                                             518ms
  btp_directory.directory_16                                             126ms
  btp_directory.directory_17                                             112ms
  btp_directory.directory_18                                             1680ms
  btp_directory.directory_19                                             103ms
  btp_directory.directory_2                                              123ms
  btp_directory.directory_20                                             678ms
  btp_directory.directory_21                                             693ms
  btp_directory.directory_22                                             116ms
  btp_directory.directory_23                                             110ms
  btp_directory.directory_24                                             116ms
  btp_directory.directory_25                                             708ms
  btp_directory.directory_26                                             217ms
  btp_directory.directory_27                                             94ms
  btp_directory.directory_28                                             201ms
  btp_directory.directory_29                                             979ms
  btp_directory.directory_3                                              105ms
  btp_directory.directory_30                                             623ms
  btp_directory.directory_31                                             1208ms
  btp_directory.directory_32                                             1638ms
  btp_directory.directory_33                                             620ms
  btp_directory.directory_34                                             800ms
  btp_directory.directory_35                                             369ms
  btp_directory.directory_36                                             1093ms
  btp_directory.directory_37                                             113ms
  btp_directory.directory_38                                             134ms
  btp_directory.directory_39                                             230ms
  btp_directory.directory_4                                              158ms
  btp_directory.directory_40                                             296ms
  btp_directory.directory_41                                             1287ms
  btp_directory.directory_42                                             134ms
  btp_directory.directory_43                                             346ms
  btp_directory.directory_44                                             1194ms
  btp_directory.directory_45                                             1429ms
  btp_directory.directory_46                                             229ms
  btp_directory.directory_47                                             1468ms
  btp_directory.directory_48                                             118ms
  btp_directory.directory_49                                             365ms
  btp_directory.directory_5                                              21100ms
  btp_directory.directory_50                                             465ms
  btp_directory.directory_6                                              472ms
  btp_directory.directory_7                                              318ms
  btp_directory.directory_8                                              757ms
  btp_directory.directory_9                                              102ms
  btp_subaccount.subaccount_1                                            215ms
  btp_subaccount.subaccount_10                                           591ms
  btp_subaccount.subaccount_11                                           761ms
  btp_subaccount.subaccount_12                                           49ms
  btp_subaccount.subaccount_13                                           50ms
  btp_subaccount.subaccount_14                                           394ms
  btp_subaccount.subaccount_15                                           720ms
  btp_subaccount.subaccount_16                                           690ms
  btp_subaccount.subaccount_17                                           10433ms
  btp_subaccount.subaccount_18                                           381ms
  btp_subaccount.subaccount_19                                           283ms
  btp_subaccount.subaccount_2                                            48ms
  btp_subaccount.subaccount_20                                           309ms
  btp_subaccount.subaccount_21                                           316ms
  btp_subaccount.subaccount_22                                           55ms
  btp_subaccount.subaccount_23                                           60ms
  btp_subaccount.subaccount_24                                           283ms
  btp_subaccount.subaccount_25                                           79ms
  btp_subaccount.subaccount_26                                           64ms
  btp_subaccount.subaccount_27                                           12106ms
  btp_subaccount.subaccount_28                                           344ms
  btp_subaccount.subaccount_29                                           58ms
  btp_subaccount.subaccount_3                                            379ms
  btp_subaccount.subaccount_30                                           162ms
  btp_subaccount.subaccount_31                                           82ms
  btp_subaccount.subaccount_32                                           789ms
  btp_subaccount.subaccount_33                                           856ms
  btp_subaccount.subaccount_34                                           54ms
  btp_subaccount.subaccount_35                                           1299ms
  btp_subaccount.subaccount_36                                           49ms
  btp_subaccount.subaccount_37                                           221ms
  btp_subaccount.subaccount_38                                           401ms
  btp_subaccount.subaccount_39                                           699ms
  btp_subaccount.subaccount_4                                            713ms
  btp_subaccount.subaccount_40                                           493ms
  btp_subaccount.subaccount_41                                           371ms
  btp_subaccount.subaccount_42                                           151ms
  btp_subaccount.subaccount_43                                           93ms
  btp_subaccount.subaccount_44                                           404ms
  btp_subaccount.subaccount_45                                           1203ms
  btp_subaccount.subaccount_46                                           360ms
  btp_subaccount.subaccount_47                                           350ms
  btp_subaccount.subaccount_48                                           290ms
  btp_subaccount.subaccount_49                                           766ms
  btp_subaccount.subaccount_5                                            234ms
  btp_subaccount.subaccount_50                                           447ms
  btp_subaccount.subaccount_6                                            321ms
  btp_subaccount.subaccount_7                                            96ms
  btp_subaccount.subaccount_8                                            49ms
  btp_subaccount.subaccount_9                                            48ms
  btp_subaccount_destination_generic.destination_1                       158ms
  btp_subaccount_destination_generic.destination_10                      10254ms
  btp_subaccount_destination_generic.destination_100                     564ms
  btp_subaccount_destination_generic.destination_11                      193ms
  btp_subaccount_destination_generic.destination_12                      396ms
  btp_subaccount_destination_generic.destination_13                      300ms
  btp_subaccount_destination_generic.destination_14                      243ms
  btp_subaccount_destination_generic.destination_15                      1151ms
  btp_subaccount_destination_generic.destination_16                      202ms
  btp_subaccount_destination_generic.destination_17                      188ms
  btp_subaccount_destination_generic.destination_18                      774ms
  btp_subaccount_destination_generic.destination_19                      280ms
  btp_subaccount_destination_generic.destination_2                       364ms
  btp_subaccount_destination_generic.destination_20                      299ms
  btp_subaccount_destination_generic.destination_21                      1045ms
  btp_subaccount_destination_generic.destination_22                      802ms
  btp_subaccount_destination_generic.destination_23                      575ms
  btp_subaccount_destination_generic.destination_24                      14236ms
  btp_subaccount_destination_generic.destination_25                      978ms
  btp_subaccount_destination_generic.destination_26                      443ms
  btp_subaccount_destination_generic.destination_27                      492ms
  btp_subaccount_destination_generic.destination_28                      179ms
  btp_subaccount_destination_generic.destination_29                      545ms
  btp_subaccount_destination_generic.destination_3                       152ms
  btp_subaccount_destination_generic.destination_30                      190ms
  btp_subaccount_destination_generic.destination_31                      877ms
  btp_subaccount_destination_generic.destination_32                      254ms
  btp_subaccount_destination_generic.destination_33                      676ms
  btp_subaccount_destination_generic.destination_34                      162ms
  btp_subaccount_destination_generic.destination_35                      485ms
  btp_subaccount_destination_generic.destination_36                      312ms
  btp_subaccount_destination_generic.destination_37                      12017ms
  btp_subaccount_destination_generic.destination_38                      820ms
  btp_subaccount_destination_generic.destination_39                      850ms
  btp_subaccount_destination_generic.destination_4                       212ms
  btp_subaccount_destination_generic.destination_40                      408ms
  btp_subaccount_destination_generic.destination_41                      372ms
  btp_subaccount_destination_generic.destination_42                      264ms
  btp_subaccount_destination_generic.destination_43                      316ms
  btp_subaccount_destination_generic.destination_44                      548ms
  btp_subaccount_destination_generic.destination_45                      874ms
  btp_subaccount_destination_generic.destination_46                      889ms
  btp_subaccount_destination_generic.destination_47                      420ms
  btp_subaccount_destination_generic.destination_48                      187ms
  btp_subaccount_destination_generic.destination_49                      183ms
  btp_subaccount_destination_generic.destination_5                       1341ms
  btp_subaccount_destination_generic.destination_50                      494ms
  btp_subaccount_destination_generic.destination_51                      560ms
  btp_subaccount_destination_generic.destination_52                      430ms
  btp_subaccount_destination_generic.destination_53                      230ms
  btp_subaccount_destination_generic.destination_54                      457ms
  btp_subaccount_destination_generic.destination_55                      151ms
  btp_subaccount_destination_generic.destination_56                      170ms
  btp_subaccount_destination_generic.destination_57                      296ms
  btp_subaccount_destination_generic.destination_58                      14229ms
  btp_subaccount_destination_generic.destination_59                      218ms
  btp_subaccount_destination_generic.destination_6                       956ms
  btp_subaccount_destination_generic.destination_60                      510ms
  btp_subaccount_destination_generic.destination_61                      14108ms
  btp_subaccount_destination_generic.destination_62                      505ms
  btp_subaccount_destination_generic.destination_63                      448ms
  btp_subaccount_destination_generic.destination_64                      194ms
  btp_subaccount_destination_generic.destination_65                      831ms
  btp_subaccount_destination_generic.destination_66                      170ms
  btp_subaccount_destination_generic.destination_67                      195ms
  btp_subaccount_destination_generic.destination_68                      842ms
  btp_subaccount_destination_generic.destination_69                      196ms
  btp_subaccount_destination_generic.destination_7                       190ms
  btp_subaccount_destination_generic.destination_70                      11972ms
  btp_subaccount_destination_generic.destination_71                      152ms
  btp_subaccount_destination_generic.destination_72                      206ms
  btp_subaccount_destination_generic.destination_73                      1050ms
  btp_subaccount_destination_generic.destination_74                      348ms
  btp_subaccount_destination_generic.destination_75                      169ms
  btp_subaccount_destination_generic.destination_76                      540ms
  btp_subaccount_destination_generic.destination_77                      986ms
  btp_subaccount_destination_generic.destination_78                      819ms
  btp_subaccount_destination_generic.destination_79                      209ms
  btp_subaccount_destination_generic.destination_8                       204ms
  btp_subaccount_destination_generic.destination_80                      135ms
  btp_subaccount_destination_generic.destination_81                      215ms
  btp_subaccount_destination_generic.destination_82                      160ms
  btp_subaccount_destination_generic.destination_83                      250ms
  btp_subaccount_destination_generic.destination_84                      12437ms
  btp_subaccount_destination_generic.destination_85                      788ms
  btp_subaccount_destination_generic.destination_86                      180ms
  btp_subaccount_destination_generic.destination_87                      589ms
  btp_subaccount_destination_generic.destination_88                      159ms
  btp_subaccount_destination_generic.destination_89                      210ms
  btp_subaccount_destination_generic.destination_9                       885ms
  btp_subaccount_destination_generic.destination_90                      828ms
  btp_subaccount_destination_generic.destination_91                      174ms
  btp_subaccount_destination_generic.destination_92                      839ms
  btp_subaccount_destination_generic.destination_93                      232ms
  btp_subaccount_destination_generic.destination_94                      199ms
  btp_subaccount_destination_generic.destination_95                      155ms
  btp_subaccount_destination_generic.destination_96                      516ms
  btp_subaccount_destination_generic.destination_97                      180ms
  btp_subaccount_destination_generic.destination_98                      188ms
  btp_subaccount_destination_generic.destination_99                      139ms
  btp_subaccount_entitlement.entitlement_1                               10864ms
  btp_subaccount_entitlement.entitlement_10                              12097ms
  btp_subaccount_entitlement.entitlement_100                             11248ms
  btp_subaccount_entitlement.entitlement_101                             10962ms
  btp_subaccount_entitlement.entitlement_102                             12489ms
  btp_subaccount_entitlement.entitlement_103                             10813ms
  btp_subaccount_entitlement.entitlement_104                             11208ms
  btp_subaccount_entitlement.entitlement_105                             11334ms
  btp_subaccount_entitlement.entitlement_106                             11516ms
  btp_subaccount_entitlement.entitlement_107                             10983ms
  btp_subaccount_entitlement.entitlement_108                             11299ms
  btp_subaccount_entitlement.entitlement_109                             11085ms
  btp_subaccount_entitlement.entitlement_11                              11481ms
  btp_subaccount_entitlement.entitlement_110                             23275ms
  btp_subaccount_entitlement.entitlement_111                             11529ms
  btp_subaccount_entitlement.entitlement_112                             11069ms
  btp_subaccount_entitlement.entitlement_113                             11500ms
  btp_subaccount_entitlement.entitlement_114                             11078ms
  btp_subaccount_entitlement.entitlement_115                             10689ms
  btp_subaccount_entitlement.entitlement_116                             32119ms
  btp_subaccount_entitlement.entitlement_117                             11311ms
  btp_subaccount_entitlement.entitlement_118                             11735ms
  btp_subaccount_entitlement.entitlement_119                             11753ms
  btp_subaccount_entitlement.entitlement_12                              11223ms
  btp_subaccount_entitlement.entitlement_120                             11228ms
  btp_subaccount_entitlement.entitlement_121                             11362ms
  btp_subaccount_entitlement.entitlement_122                             11315ms
  btp_subaccount_entitlement.entitlement_123                             17435ms
  btp_subaccount_entitlement.entitlement_124                             11629ms
  btp_subaccount_entitlement.entitlement_125                             11413ms
  btp_subaccount_entitlement.entitlement_126                             12713ms
  btp_subaccount_entitlement.entitlement_127                             11315ms
  btp_subaccount_entitlement.entitlement_128                             16985ms
  btp_subaccount_entitlement.entitlement_129                             12975ms
  btp_subaccount_entitlement.entitlement_13                              11241ms
  btp_subaccount_entitlement.entitlement_130                             11055ms
  btp_subaccount_entitlement.entitlement_131                             11630ms
  btp_subaccount_entitlement.entitlement_132                             10884ms
  btp_subaccount_entitlement.entitlement_133                             12416ms
  btp_subaccount_entitlement.entitlement_134                             10889ms
  btp_subaccount_entitlement.entitlement_135                             11417ms
  btp_subaccount_entitlement.entitlement_136                             21372ms
  btp_subaccount_entitlement.entitlement_137                             10816ms
  btp_subaccount_entitlement.entitlement_138                             11367ms
  btp_subaccount_entitlement.entitlement_139                             11201ms
  btp_subaccount_entitlement.entitlement_14                              31304ms
  btp_subaccount_entitlement.entitlement_140                             11302ms
  btp_subaccount_entitlement.entitlement_141                             17522ms
  btp_subaccount_entitlement.entitlement_142                             18973ms
  btp_subaccount_entitlement.entitlement_143                             12473ms
  btp_subaccount_entitlement.entitlement_144                             15848ms
  btp_subaccount_entitlement.entitlement_145                             11956ms
  btp_subaccount_entitlement.entitlement_146                             14801ms
  btp_subaccount_entitlement.entitlement_147                             10607ms
  btp_subaccount_entitlement.entitlement_148                             12366ms
  btp_subaccount_entitlement.entitlement_149                             11601ms
  btp_subaccount_entitlement.entitlement_15                              11052ms
  btp_subaccount_entitlement.entitlement_150                             11358ms
  btp_subaccount_entitlement.entitlement_151                             11438ms
  btp_subaccount_entitlement.entitlement_152                             12298ms
  btp_subaccount_entitlement.entitlement_153                             12292ms
  btp_subaccount_entitlement.entitlement_154                             11626ms
  btp_subaccount_entitlement.entitlement_155                             11699ms
  btp_subaccount_entitlement.entitlement_156                             10502ms
  btp_subaccount_entitlement.entitlement_157                             12099ms
  btp_subaccount_entitlement.entitlement_158                             12690ms
  btp_subaccount_entitlement.entitlement_159                             10769ms
  btp_subaccount_entitlement.entitlement_16                              11249ms
  btp_subaccount_entitlement.entitlement_160                             11111ms
  btp_subaccount_entitlement.entitlement_161                             10532ms
  btp_subaccount_entitlement.entitlement_162                             12255ms
  btp_subaccount_entitlement.entitlement_163                             11125ms
  btp_subaccount_entitlement.entitlement_164                             13207ms
  btp_subaccount_entitlement.entitlement_165                             11035ms
  btp_subaccount_entitlement.entitlement_166                             11165ms
  btp_subaccount_entitlement.entitlement_167                             32142ms
  btp_subaccount_entitlement.entitlement_168                             10595ms
  btp_subaccount_entitlement.entitlement_169                             11273ms
  btp_subaccount_entitlement.entitlement_17                              11021ms
  btp_subaccount_entitlement.entitlement_170                             11634ms
  btp_subaccount_entitlement.entitlement_171                             12898ms
  btp_subaccount_entitlement.entitlement_172                             11123ms
  btp_subaccount_entitlement.entitlement_173                             11574ms
  btp_subaccount_entitlement.entitlement_174                             10719ms
  btp_subaccount_entitlement.entitlement_175                             10905ms
  btp_subaccount_entitlement.entitlement_176                             11214ms
  btp_subaccount_entitlement.entitlement_177                             10956ms
  btp_subaccount_entitlement.entitlement_178                             12432ms
  btp_subaccount_entitlement.entitlement_179                             11945ms
  btp_subaccount_entitlement.entitlement_18                              10714ms
  btp_subaccount_entitlement.entitlement_180                             11928ms
  btp_subaccount_entitlement.entitlement_181                             10927ms
  btp_subaccount_entitlement.entitlement_182                             31935ms
  btp_subaccount_entitlement.entitlement_183                             20526ms
  btp_subaccount_entitlement.entitlement_184                             10736ms
  btp_subaccount_entitlement.entitlement_185                             11340ms
  btp_subaccount_entitlement.entitlement_186                             10835ms
  btp_subaccount_entitlement.entitlement_187                             14598ms
  btp_subaccount_entitlement.entitlement_188                             12372ms
  btp_subaccount_entitlement.entitlement_189                             10604ms
  btp_subaccount_entitlement.entitlement_19                              11608ms
  btp_subaccount_entitlement.entitlement_190                             10674ms
  btp_subaccount_entitlement.entitlement_191                             11852ms
  btp_subaccount_entitlement.entitlement_192                             10694ms
  btp_subaccount_entitlement.entitlement_193                             10635ms
  btp_subaccount_entitlement.entitlement_194                             11620ms
  btp_subaccount_entitlement.entitlement_195                             11559ms
  btp_subaccount_entitlement.entitlement_196                             10818ms
  btp_subaccount_entitlement.entitlement_197                             12651ms
  btp_subaccount_entitlement.entitlement_198                             10563ms
  btp_subaccount_entitlement.entitlement_199                             10935ms
  btp_subaccount_entitlement.entitlement_2                               12061ms
  btp_subaccount_entitlement.entitlement_20                              11177ms
  btp_subaccount_entitlement.entitlement_200                             11291ms
  btp_subaccount_entitlement.entitlement_21                              21345ms
  btp_subaccount_entitlement.entitlement_22                              11867ms
  btp_subaccount_entitlement.entitlement_23                              11399ms
  btp_subaccount_entitlement.entitlement_24                              11667ms
  btp_subaccount_entitlement.entitlement_25                              10864ms
  btp_subaccount_entitlement.entitlement_26                              10902ms
  btp_subaccount_entitlement.entitlement_27                              11732ms
  btp_subaccount_entitlement.entitlement_28                              11740ms
  btp_subaccount_entitlement.entitlement_29                              11476ms
  btp_subaccount_entitlement.entitlement_3                               10590ms
  btp_subaccount_entitlement.entitlement_30                              10514ms
  btp_subaccount_entitlement.entitlement_31                              12281ms
  btp_subaccount_entitlement.entitlement_32                              10738ms
  btp_subaccount_entitlement.entitlement_33                              11586ms
  btp_subaccount_entitlement.entitlement_34                              11513ms
  btp_subaccount_entitlement.entitlement_35                              10988ms
  btp_subaccount_entitlement.entitlement_36                              11245ms
  btp_subaccount_entitlement.entitlement_37                              11665ms
  btp_subaccount_entitlement.entitlement_38                              31252ms
  btp_subaccount_entitlement.entitlement_39                              11783ms
  btp_subaccount_entitlement.entitlement_4                               11204ms
  btp_subaccount_entitlement.entitlement_40                              16454ms
  btp_subaccount_entitlement.entitlement_41                              10527ms
  btp_subaccount_entitlement.entitlement_42                              11725ms
  btp_subaccount_entitlement.entitlement_43                              11549ms
  btp_subaccount_entitlement.entitlement_44                              11438ms
  btp_subaccount_entitlement.entitlement_45                              12084ms
  btp_subaccount_entitlement.entitlement_46                              11560ms
  btp_subaccount_entitlement.entitlement_47                              22048ms
  btp_subaccount_entitlement.entitlement_48                              10999ms
  btp_subaccount_entitlement.entitlement_49                              11627ms
  btp_subaccount_entitlement.entitlement_5                               11130ms
  btp_subaccount_entitlement.entitlement_50                              11679ms
  btp_subaccount_entitlement.entitlement_51                              11527ms
  btp_subaccount_entitlement.entitlement_52                              11280ms
  btp_subaccount_entitlement.entitlement_53                              18864ms
  btp_subaccount_entitlement.entitlement_54                              12148ms
  btp_subaccount_entitlement.entitlement_55                              12199ms
  btp_subaccount_entitlement.entitlement_56                              18573ms
  btp_subaccount_entitlement.entitlement_57                              14934ms
  btp_subaccount_entitlement.entitlement_58                              11362ms
  btp_subaccount_entitlement.entitlement_59                              12794ms
  btp_subaccount_entitlement.entitlement_6                               32014ms
  btp_subaccount_entitlement.entitlement_60                              11272ms
  btp_subaccount_entitlement.entitlement_61                              11441ms
  btp_subaccount_entitlement.entitlement_62                              10852ms
  btp_subaccount_entitlement.entitlement_63                              11477ms
  btp_subaccount_entitlement.entitlement_64                              10536ms
  btp_subaccount_entitlement.entitlement_65                              11168ms
  btp_subaccount_entitlement.entitlement_66                              10804ms
  btp_subaccount_entitlement.entitlement_67                              10971ms
  btp_subaccount_entitlement.entitlement_68                              11651ms
  btp_subaccount_entitlement.entitlement_69                              10800ms
  btp_subaccount_entitlement.entitlement_7                               10798ms
  btp_subaccount_entitlement.entitlement_70                              11534ms
  btp_subaccount_entitlement.entitlement_71                              10681ms
  btp_subaccount_entitlement.entitlement_72                              10774ms
  btp_subaccount_entitlement.entitlement_73                              12649ms
  btp_subaccount_entitlement.entitlement_74                              10566ms
  btp_subaccount_entitlement.entitlement_75                              11352ms
  btp_subaccount_entitlement.entitlement_76                              10524ms
  btp_subaccount_entitlement.entitlement_77                              11157ms
  btp_subaccount_entitlement.entitlement_78                              11104ms
  btp_subaccount_entitlement.entitlement_79                              13082ms
  btp_subaccount_entitlement.entitlement_8                               10821ms
  btp_subaccount_entitlement.entitlement_80                              11116ms
  btp_subaccount_entitlement.entitlement_81                              15093ms
  btp_subaccount_entitlement.entitlement_82                              10545ms
  btp_subaccount_entitlement.entitlement_83                              11034ms
  btp_subaccount_entitlement.entitlement_84                              11039ms
  btp_subaccount_entitlement.entitlement_85                              12076ms
  btp_subaccount_entitlement.entitlement_86                              15448ms
  btp_subaccount_entitlement.entitlement_87                              10607ms
  btp_subaccount_entitlement.entitlement_88                              11203ms
  btp_subaccount_entitlement.entitlement_89                              10828ms
  btp_subaccount_entitlement.entitlement_9                               20569ms
  btp_subaccount_entitlement.entitlement_90                              11479ms
  btp_subaccount_entitlement.entitlement_91                              19969ms
  btp_subaccount_entitlement.entitlement_92                              11197ms
  btp_subaccount_entitlement.entitlement_93                              11128ms
  btp_subaccount_entitlement.entitlement_94                              12161ms
  btp_subaccount_entitlement.entitlement_95                              10730ms
  btp_subaccount_entitlement.entitlement_96                              11969ms
  btp_subaccount_entitlement.entitlement_97                              11887ms
  btp_subaccount_entitlement.entitlement_98                              17582ms
  btp_subaccount_entitlement.entitlement_99                              10526ms
  btp_subaccount_environment_instance.cloudfoundry_1                     584ms
  btp_subaccount_environment_instance.cloudfoundry_10                    1061ms
  btp_subaccount_environment_instance.cloudfoundry_11                    583ms
  btp_subaccount_environment_instance.cloudfoundry_12                    371ms
  btp_subaccount_environment_instance.cloudfoundry_13                    345ms
  btp_subaccount_environment_instance.cloudfoundry_14                    1023ms
  btp_subaccount_environment_instance.cloudfoundry_15                    797ms
  btp_subaccount_environment_instance.cloudfoundry_16                    1064ms
  btp_subaccount_environment_instance.cloudfoundry_17                    904ms
  btp_subaccount_environment_instance.cloudfoundry_18                    839ms
  btp_subaccount_environment_instance.cloudfoundry_19                    653ms
  btp_subaccount_environment_instance.cloudfoundry_2                     798ms
  btp_subaccount_environment_instance.cloudfoundry_20                    570ms
  btp_subaccount_environment_instance.cloudfoundry_21                    777ms
  btp_subaccount_environment_instance.cloudfoundry_22                    372ms
  btp_subaccount_environment_instance.cloudfoundry_23                    369ms
  btp_subaccount_environment_instance.cloudfoundry_24                    1040ms
  btp_subaccount_environment_instance.cloudfoundry_25                    322ms
  btp_subaccount_environment_instance.cloudfoundry_26                    1077ms
  btp_subaccount_environment_instance.cloudfoundry_27                    341ms
  btp_subaccount_environment_instance.cloudfoundry_28                    1171ms
  btp_subaccount_environment_instance.cloudfoundry_29                    761ms
  btp_subaccount_environment_instance.cloudfoundry_3                     521ms
  btp_subaccount_environment_instance.cloudfoundry_30                    1174ms
  btp_subaccount_environment_instance.cloudfoundry_31                    369ms
  btp_subaccount_environment_instance.cloudfoundry_32                    636ms
  btp_subaccount_environment_instance.cloudfoundry_33                    1077ms
  btp_subaccount_environment_instance.cloudfoundry_34                    995ms
  btp_subaccount_environment_instance.cloudfoundry_35                    328ms
  btp_subaccount_environment_instance.cloudfoundry_36                    1027ms
  btp_subaccount_environment_instance.cloudfoundry_37                    349ms
  btp_subaccount_environment_instance.cloudfoundry_38                    286ms
  btp_subaccount_environment_instance.cloudfoundry_39                    369ms
  btp_subaccount_environment_instance.cloudfoundry_4                     678ms
  btp_subaccount_environment_instance.cloudfoundry_40                    735ms
  btp_subaccount_environment_instance.cloudfoundry_41                    324ms
  btp_subaccount_environment_instance.cloudfoundry_42                    521ms
  btp_subaccount_environment_instance.cloudfoundry_43                    358ms
  btp_subaccount_environment_instance.cloudfoundry_44                    391ms
  btp_subaccount_environment_instance.cloudfoundry_45                    457ms
  btp_subaccount_environment_instance.cloudfoundry_46                    437ms
  btp_subaccount_environment_instance.cloudfoundry_47                    388ms
  btp_subaccount_environment_instance.cloudfoundry_48                    710ms
  btp_subaccount_environment_instance.cloudfoundry_49                    388ms
  btp_subaccount_environment_instance.cloudfoundry_5                     433ms
  btp_subaccount_environment_instance.cloudfoundry_50                    369ms
  btp_subaccount_environment_instance.cloudfoundry_6                     399ms
  btp_subaccount_environment_instance.cloudfoundry_7                     950ms
  btp_subaccount_environment_instance.cloudfoundry_8                     759ms
  btp_subaccount_environment_instance.cloudfoundry_9                     539ms
  btp_subaccount_role.role_1                                             180ms
  btp_subaccount_role.role_10                                            526ms
  btp_subaccount_role.role_100                                           364ms
  btp_subaccount_role.role_11                                            928ms
  btp_subaccount_role.role_12                                            312ms
  btp_subaccount_role.role_13                                            828ms
  btp_subaccount_role.role_14                                            922ms
  btp_subaccount_role.role_15                                            196ms
  btp_subaccount_role.role_16                                            1042ms
  btp_subaccount_role.role_17                                            510ms
  btp_subaccount_role.role_18                                            157ms
  btp_subaccount_role.role_19                                            760ms
  btp_subaccount_role.role_2                                             545ms
  btp_subaccount_role.role_20                                            804ms
  btp_subaccount_role.role_21                                            621ms
  btp_subaccount_role.role_22                                            259ms
  btp_subaccount_role.role_23                                            221ms
  btp_subaccount_role.role_24                                            502ms
  btp_subaccount_role.role_25                                            1007ms
  btp_subaccount_role.role_26                                            626ms
  btp_subaccount_role.role_27                                            219ms
  btp_subaccount_role.role_28                                            173ms
  btp_subaccount_role.role_29                                            666ms
  btp_subaccount_role.role_3                                             372ms
  btp_subaccount_role.role_30                                            566ms
  btp_subaccount_role.role_31                                            352ms
  btp_subaccount_role.role_32                                            267ms
  btp_subaccount_role.role_33                                            169ms
  btp_subaccount_role.role_34                                            169ms
  btp_subaccount_role.role_35                                            293ms
  btp_subaccount_role.role_36                                            408ms
  btp_subaccount_role.role_37                                            856ms
  btp_subaccount_role.role_38                                            395ms
  btp_subaccount_role.role_39                                            188ms
  btp_subaccount_role.role_4                                             1229ms
  btp_subaccount_role.role_40                                            249ms
  btp_subaccount_role.role_41                                            242ms
  btp_subaccount_role.role_42                                            609ms
  btp_subaccount_role.role_43                                            483ms
  btp_subaccount_role.role_44                                            174ms
  btp_subaccount_role.role_45                                            184ms
  btp_subaccount_role.role_46                                            725ms
  btp_subaccount_role.role_47                                            744ms
  btp_subaccount_role.role_48                                            212ms
  btp_subaccount_role.role_49                                            404ms
  btp_subaccount_role.role_5                                             979ms
  btp_subaccount_role.role_50                                            564ms
  btp_subaccount_role.role_51                                            376ms
  btp_subaccount_role.role_52                                            630ms
  btp_subaccount_role.role_53                                            761ms
  btp_subaccount_role.role_54                                            213ms
  btp_subaccount_role.role_55                                            190ms
  btp_subaccount_role.role_56                                            662ms
  btp_subaccount_role.role_57                                            974ms
  btp_subaccount_role.role_58                                            766ms
  btp_subaccount_role.role_59                                            628ms
  btp_subaccount_role.role_6                                             219ms
  btp_subaccount_role.role_60                                            691ms
  btp_subaccount_role.role_61                                            585ms
  btp_subaccount_role.role_62                                            179ms
  btp_subaccount_role.role_63                                            968ms
  btp_subaccount_role.role_64                                            234ms
  btp_subaccount_role.role_65                                            653ms
  btp_subaccount_role.role_66                                            624ms
  btp_subaccount_role.role_67                                            643ms
  btp_subaccount_role.role_68                                            350ms
  btp_subaccount_role.role_69                                            336ms
  btp_subaccount_role.role_7                                             358ms
  btp_subaccount_role.role_70                                            516ms
  btp_subaccount_role.role_71                                            380ms
  btp_subaccount_role.role_72                                            477ms
  btp_subaccount_role.role_73                                            225ms
  btp_subaccount_role.role_74                                            204ms
  btp_subaccount_role.role_75                                            411ms
  btp_subaccount_role.role_76                                            1099ms
  btp_subaccount_role.role_77                                            438ms
  btp_subaccount_role.role_78                                            729ms
  btp_subaccount_role.role_79                                            606ms
  btp_subaccount_role.role_8                                             802ms
  btp_subaccount_role.role_80                                            594ms
  btp_subaccount_role.role_81                                            428ms
  btp_subaccount_role.role_82                                            372ms
  btp_subaccount_role.role_83                                            254ms
  btp_subaccount_role.role_84                                            218ms
  btp_subaccount_role.role_85                                            896ms
  btp_subaccount_role.role_86                                            319ms
  btp_subaccount_role.role_87                                            333ms
  btp_subaccount_role.role_88                                            214ms
  btp_subaccount_role.role_89                                            983ms
  btp_subaccount_role.role_9                                             908ms
  btp_subaccount_role.role_90                                            1069ms
  btp_subaccount_role.role_91                                            174ms
  btp_subaccount_role.role_92                                            319ms
  btp_subaccount_role.role_93                                            522ms
  btp_subaccount_role.role_94                                            635ms
  btp_subaccount_role.role_95                                            786ms
  btp_subaccount_role.role_96                                            899ms
  btp_subaccount_role.role_97                                            293ms
  btp_subaccount_role.role_98                                            858ms
  btp_subaccount_role.role_99                                            714ms
  btp_subaccount_role_collection.collection_1                            199ms
  btp_subaccount_role_collection.collection_10                           486ms
  btp_subaccount_role_collection.collection_100                          684ms
  btp_subaccount_role_collection.collection_101                          423ms
  btp_subaccount_role_collection.collection_102                          189ms
  btp_subaccount_role_collection.collection_103                          189ms
  btp_subaccount_role_collection.collection_104                          472ms
  btp_subaccount_role_collection.collection_105                          833ms
  btp_subaccount_role_collection.collection_106                          348ms
  btp_subaccount_role_collection.collection_107                          319ms
  btp_subaccount_role_collection.collection_108                          364ms
  btp_subaccount_role_collection.collection_109                          857ms
  btp_subaccount_role_collection.collection_11                           256ms
  btp_subaccount_role_collection.collection_110                          379ms
  btp_subaccount_role_collection.collection_111                          197ms
  btp_subaccount_role_collection.collection_112                          1030ms
  btp_subaccount_role_collection.collection_113                          1059ms
  btp_subaccount_role_collection.collection_114                          259ms
  btp_subaccount_role_collection.collection_115                          331ms
  btp_subaccount_role_collection.collection_116                          187ms
  btp_subaccount_role_collection.collection_117                          413ms
  btp_subaccount_role_collection.collection_118                          198ms
  btp_subaccount_role_collection.collection_119                          742ms
  btp_subaccount_role_collection.collection_12                           173ms
  btp_subaccount_role_collection.collection_120                          751ms
  btp_subaccount_role_collection.collection_121                          861ms
  btp_subaccount_role_collection.collection_122                          315ms
  btp_subaccount_role_collection.collection_123                          888ms
  btp_subaccount_role_collection.collection_124                          426ms
  btp_subaccount_role_collection.collection_125                          691ms
  btp_subaccount_role_collection.collection_126                          268ms
  btp_subaccount_role_collection.collection_127                          693ms
  btp_subaccount_role_collection.collection_128                          551ms
  btp_subaccount_role_collection.collection_129                          511ms
  btp_subaccount_role_collection.collection_13                           666ms
  btp_subaccount_role_collection.collection_130                          518ms
  btp_subaccount_role_collection.collection_131                          404ms
  btp_subaccount_role_collection.collection_132                          256ms
  btp_subaccount_role_collection.collection_133                          818ms
  btp_subaccount_role_collection.collection_134                          208ms
  btp_subaccount_role_collection.collection_135                          824ms
  btp_subaccount_role_collection.collection_136                          263ms
  btp_subaccount_role_collection.collection_137                          961ms
  btp_subaccount_role_collection.collection_138                          321ms
  btp_subaccount_role_collection.collection_139                          856ms
  btp_subaccount_role_collection.collection_14                           605ms
  btp_subaccount_role_collection.collection_140                          158ms
  btp_subaccount_role_collection.collection_141                          400ms
  btp_subaccount_role_collection.collection_142                          343ms
  btp_subaccount_role_collection.collection_143                          184ms
  btp_subaccount_role_collection.collection_144                          205ms
  btp_subaccount_role_collection.collection_145                          191ms
  btp_subaccount_role_collection.collection_146                          854ms
  btp_subaccount_role_collection.collection_147                          14376ms
  btp_subaccount_role_collection.collection_148                          686ms
  btp_subaccount_role_collection.collection_149                          278ms
  btp_subaccount_role_collection.collection_15                           626ms
  btp_subaccount_role_collection.collection_150                          576ms
  btp_subaccount_role_collection.collection_16                           415ms
  btp_subaccount_role_collection.collection_17                           493ms
  btp_subaccount_role_collection.collection_18                           324ms
  btp_subaccount_role_collection.collection_19                           173ms
  btp_subaccount_role_collection.collection_2                            171ms
  btp_subaccount_role_collection.collection_20                           442ms
  btp_subaccount_role_collection.collection_21                           181ms
  btp_subaccount_role_collection.collection_22                           524ms
  btp_subaccount_role_collection.collection_23                           173ms
  btp_subaccount_role_collection.collection_24                           666ms
  btp_subaccount_role_collection.collection_25                           168ms
  btp_subaccount_role_collection.collection_26                           168ms
  btp_subaccount_role_collection.collection_27                           1256ms
  btp_subaccount_role_collection.collection_28                           895ms
  btp_subaccount_role_collection.collection_29                           585ms
  btp_subaccount_role_collection.collection_3                            240ms
  btp_subaccount_role_collection.collection_30                           765ms
  btp_subaccount_role_collection.collection_31                           199ms
  btp_subaccount_role_collection.collection_32                           173ms
  btp_subaccount_role_collection.collection_33                           548ms
  btp_subaccount_role_collection.collection_34                           377ms
  btp_subaccount_role_collection.collection_35                           210ms
  btp_subaccount_role_collection.collection_36                           206ms
  btp_subaccount_role_collection.collection_37                           471ms
  btp_subaccount_role_collection.collection_38                           331ms
  btp_subaccount_role_collection.collection_39                           173ms
  btp_subaccount_role_collection.collection_4                            617ms
  btp_subaccount_role_collection.collection_40                           526ms
  btp_subaccount_role_collection.collection_41                           740ms
  btp_subaccount_role_collection.collection_42                           596ms
  btp_subaccount_role_collection.collection_43                           502ms
  btp_subaccount_role_collection.collection_44                           548ms
  btp_subaccount_role_collection.collection_45                           252ms
  btp_subaccount_role_collection.collection_46                           199ms
  btp_subaccount_role_collection.collection_47                           143ms
  btp_subaccount_role_collection.collection_48                           287ms
  btp_subaccount_role_collection.collection_49                           185ms
  btp_subaccount_role_collection.collection_5                            1262ms
  btp_subaccount_role_collection.collection_50                           836ms
  btp_subaccount_role_collection.collection_51                           146ms
  btp_subaccount_role_collection.collection_52                           483ms
  btp_subaccount_role_collection.collection_53                           426ms
  btp_subaccount_role_collection.collection_54                           301ms
  btp_subaccount_role_collection.collection_55                           940ms
  btp_subaccount_role_collection.collection_56                           905ms
  btp_subaccount_role_collection.collection_57                           193ms
  btp_subaccount_role_collection.collection_58                           178ms
  btp_subaccount_role_collection.collection_59                           151ms
  btp_subaccount_role_collection.collection_6                            163ms
  btp_subaccount_role_collection.collection_60                           183ms
  btp_subaccount_role_collection.collection_61                           185ms
  btp_subaccount_role_collection.collection_62                           828ms
  btp_subaccount_role_collection.collection_63                           1188ms
  btp_subaccount_role_collection.collection_64                           500ms
  btp_subaccount_role_collection.collection_65                           255ms
  btp_subaccount_role_collection.collection_66                           374ms
  btp_subaccount_role_collection.collection_67                           170ms
  btp_subaccount_role_collection.collection_68                           700ms
  btp_subaccount_role_collection.collection_69                           397ms
  btp_subaccount_role_collection.collection_7                            641ms
  btp_subaccount_role_collection.collection_70                           716ms
  btp_subaccount_role_collection.collection_71                           183ms
  btp_subaccount_role_collection.collection_72                           190ms
  btp_subaccount_role_collection.collection_73                           346ms
  btp_subaccount_role_collection.collection_74                           213ms
  btp_subaccount_role_collection.collection_75                           445ms
  btp_subaccount_role_collection.collection_76                           281ms
  btp_subaccount_role_collection.collection_77                           834ms
  btp_subaccount_role_collection.collection_78                           501ms
  btp_subaccount_role_collection.collection_79                           546ms
  btp_subaccount_role_collection.collection_8                            258ms
  btp_subaccount_role_collection.collection_80                           858ms
  btp_subaccount_role_collection.collection_81                           709ms
  btp_subaccount_role_collection.collection_82                           158ms
  btp_subaccount_role_collection.collection_83                           499ms
  btp_subaccount_role_collection.collection_84                           577ms
  btp_subaccount_role_collection.collection_85                           709ms
  btp_subaccount_role_collection.collection_86                           173ms
  btp_subaccount_role_collection.collection_87                           172ms
  btp_subaccount_role_collection.collection_88                           221ms
  btp_subaccount_role_collection.collection_89                           159ms
  btp_subaccount_role_collection.collection_9                            198ms
  btp_subaccount_role_collection.collection_90                           240ms
  btp_subaccount_role_collection.collection_91                           583ms
  btp_subaccount_role_collection.collection_92                           614ms
  btp_subaccount_role_collection.collection_93                           596ms
  btp_subaccount_role_collection.collection_94                           240ms
  btp_subaccount_role_collection.collection_95                           769ms
  btp_subaccount_role_collection.collection_96                           214ms
  btp_subaccount_role_collection.collection_97                           142ms
  btp_subaccount_role_collection.collection_98                           224ms
  btp_subaccount_role_collection.collection_99                           626ms
  btp_subaccount_service_instance.instance_1                             1290ms
  btp_subaccount_service_instance.instance_10                            1132ms
  btp_subaccount_service_instance.instance_100                           1399ms
  btp_subaccount_service_instance.instance_11                            906ms
  btp_subaccount_service_instance.instance_12                            2762ms
  btp_subaccount_service_instance.instance_13                            2527ms
  btp_subaccount_service_instance.instance_14                            1296ms
  btp_subaccount_service_instance.instance_15                            2225ms
  btp_subaccount_service_instance.instance_16                            2976ms
  btp_subaccount_service_instance.instance_17                            836ms
  btp_subaccount_service_instance.instance_18                            2721ms
  btp_subaccount_service_instance.instance_19                            884ms
  btp_subaccount_service_instance.instance_2                             2404ms
  btp_subaccount_service_instance.instance_20                            2930ms
  btp_subaccount_service_instance.instance_21                            2706ms
  btp_subaccount_service_instance.instance_22                            2568ms
  btp_subaccount_service_instance.instance_23                            930ms
  btp_subaccount_service_instance.instance_24                            3028ms
  btp_subaccount_service_instance.instance_25                            1186ms
  btp_subaccount_service_instance.instance_26                            3785ms
  btp_subaccount_service_instance.instance_27                            1678ms
  btp_subaccount_service_instance.instance_28                            1851ms
  btp_subaccount_service_instance.instance_29                            1515ms
  btp_subaccount_service_instance.instance_3                             1781ms
  btp_subaccount_service_instance.instance_30                            1880ms
  btp_subaccount_service_instance.instance_31                            2628ms
  btp_subaccount_service_instance.instance_32                            1975ms
  btp_subaccount_service_instance.instance_33                            1443ms
  btp_subaccount_service_instance.instance_34                            759ms
  btp_subaccount_service_instance.instance_35                            3397ms
  btp_subaccount_service_instance.instance_36                            2661ms
  btp_subaccount_service_instance.instance_37                            1130ms
  btp_subaccount_service_instance.instance_38                            2143ms
  btp_subaccount_service_instance.instance_39                            889ms
  btp_subaccount_service_instance.instance_4                             12585ms
  btp_subaccount_service_instance.instance_40                            1886ms
  btp_subaccount_service_instance.instance_41                            1152ms
  btp_subaccount_service_instance.instance_42                            2680ms
  btp_subaccount_service_instance.instance_43                            1394ms
  btp_subaccount_service_instance.instance_44                            1517ms
  btp_subaccount_service_instance.instance_45                            2738ms
  btp_subaccount_service_instance.instance_46                            959ms
  btp_subaccount_service_instance.instance_47                            1922ms
  btp_subaccount_service_instance.instance_48                            2525ms
  btp_subaccount_service_instance.instance_49                            2168ms
  btp_subaccount_service_instance.instance_5                             1407ms
  btp_subaccount_service_instance.instance_50                            1997ms
  btp_subaccount_service_instance.instance_51                            1437ms
  btp_subaccount_service_instance.instance_52                            1312ms
  btp_subaccount_service_instance.instance_53                            1849ms
  btp_subaccount_service_instance.instance_54                            1198ms
  btp_subaccount_service_instance.instance_55                            914ms
  btp_subaccount_service_instance.instance_56                            2140ms
  btp_subaccount_service_instance.instance_57                            3258ms
  btp_subaccount_service_instance.instance_58                            2119ms
  btp_subaccount_service_instance.instance_59                            2114ms
  btp_subaccount_service_instance.instance_6                             3016ms
  btp_subaccount_service_instance.instance_60                            920ms
  btp_subaccount_service_instance.instance_61                            2223ms
  btp_subaccount_service_instance.instance_62                            2912ms
  btp_subaccount_service_instance.instance_63                            2062ms
  btp_subaccount_service_instance.instance_64                            2191ms
  btp_subaccount_service_instance.instance_65                            953ms
  btp_subaccount_service_instance.instance_66                            2113ms
  btp_subaccount_service_instance.instance_67                            1038ms
  btp_subaccount_service_instance.instance_68                            3282ms
  btp_subaccount_service_instance.instance_69                            2108ms
  btp_subaccount_service_instance.instance_7                             21447ms
  btp_subaccount_service_instance.instance_70                            2350ms
  btp_subaccount_service_instance.instance_71                            1458ms
  btp_subaccount_service_instance.instance_72                            752ms
  btp_subaccount_service_instance.instance_73                            2207ms
  btp_subaccount_service_instance.instance_74                            1821ms
  btp_subaccount_service_instance.instance_75                            2730ms
  btp_subaccount_service_instance.instance_76                            830ms
  btp_subaccount_service_instance.instance_77                            1728ms
  btp_subaccount_service_instance.instance_78                            867ms
  btp_subaccount_service_instance.instance_79                            868ms
  btp_subaccount_service_instance.instance_8                             776ms
  btp_subaccount_service_instance.instance_80                            1163ms
  btp_subaccount_service_instance.instance_81                            970ms
  btp_subaccount_service_instance.instance_82                            819ms
  btp_subaccount_service_instance.instance_83                            1365ms
  btp_subaccount_service_instance.instance_84                            826ms
  btp_subaccount_service_instance.instance_85                            2340ms
  btp_subaccount_service_instance.instance_86                            2252ms
  btp_subaccount_service_instance.instance_87                            2127ms
  btp_subaccount_service_instance.instance_88                            1184ms
  btp_subaccount_service_instance.instance_89                            2300ms
  btp_subaccount_service_instance.instance_9                             1422ms
  btp_subaccount_service_instance.instance_90                            2197ms
  btp_subaccount_service_instance.instance_91                            2638ms
  btp_subaccount_service_instance.instance_92                            1932ms
  btp_subaccount_service_instance.instance_93                            794ms
  btp_subaccount_service_instance.instance_94                            927ms
  btp_subaccount_service_instance.instance_95                            973ms
  btp_subaccount_service_instance.instance_96                            979ms
  btp_subaccount_service_instance.instance_97                            1263ms
  btp_subaccount_service_instance.instance_98                            932ms
  btp_subaccount_service_instance.instance_99                            2632ms
  btp_subaccount_subscription.subscription_1                             659ms
  btp_subaccount_subscription.subscription_10                            2136ms
  btp_subaccount_subscription.subscription_100                           1202ms
  btp_subaccount_subscription.subscription_101                           593ms
  btp_subaccount_subscription.subscription_102                           1324ms
  btp_subaccount_subscription.subscription_103                           769ms
  btp_subaccount_subscription.subscription_104                           2156ms
  btp_subaccount_subscription.subscription_105                           1091ms
  btp_subaccount_subscription.subscription_106                           1723ms
  btp_subaccount_subscription.subscription_107                           782ms
  btp_subaccount_subscription.subscription_108                           12866ms
  btp_subaccount_subscription.subscription_109                           1068ms
  btp_subaccount_subscription.subscription_11                            2303ms
  btp_subaccount_subscription.subscription_110                           1030ms
  btp_subaccount_subscription.subscription_111                           2336ms
  btp_subaccount_subscription.subscription_112                           1359ms
  btp_subaccount_subscription.subscription_113                           2545ms
  btp_subaccount_subscription.subscription_114                           1552ms
  btp_subaccount_subscription.subscription_115                           1431ms
  btp_subaccount_subscription.subscription_116                           2334ms
  btp_subaccount_subscription.subscription_117                           593ms
  btp_subaccount_subscription.subscription_118                           1244ms
  btp_subaccount_subscription.subscription_119                           728ms
  btp_subaccount_subscription.subscription_12                            555ms
  btp_subaccount_subscription.subscription_120                           707ms
  btp_subaccount_subscription.subscription_121                           1820ms
  btp_subaccount_subscription.subscription_122                           663ms
  btp_subaccount_subscription.subscription_123                           2171ms
  btp_subaccount_subscription.subscription_124                           1192ms
  btp_subaccount_subscription.subscription_125                           783ms
  btp_subaccount_subscription.subscription_126                           1611ms
  btp_subaccount_subscription.subscription_127                           20934ms
  btp_subaccount_subscription.subscription_128                           1192ms
  btp_subaccount_subscription.subscription_129                           696ms
  btp_subaccount_subscription.subscription_13                            1459ms
  btp_subaccount_subscription.subscription_130                           1017ms
  btp_subaccount_subscription.subscription_131                           1751ms
  btp_subaccount_subscription.subscription_132                           1031ms
  btp_subaccount_subscription.subscription_133                           736ms
  btp_subaccount_subscription.subscription_134                           919ms
  btp_subaccount_subscription.subscription_135                           1695ms
  btp_subaccount_subscription.subscription_136                           1211ms
  btp_subaccount_subscription.subscription_137                           1242ms
  btp_subaccount_subscription.subscription_138                           1041ms
  btp_subaccount_subscription.subscription_139                           1955ms
  btp_subaccount_subscription.subscription_14                            11651ms
  btp_subaccount_subscription.subscription_140                           794ms
  btp_subaccount_subscription.subscription_141                           1212ms
  btp_subaccount_subscription.subscription_142                           1371ms
  btp_subaccount_subscription.subscription_143                           827ms
  btp_subaccount_subscription.subscription_144                           874ms
  btp_subaccount_subscription.subscription_145                           1993ms
  btp_subaccount_subscription.subscription_146                           2108ms
  btp_subaccount_subscription.subscription_147                           749ms
  btp_subaccount_subscription.subscription_148                           2299ms
  btp_subaccount_subscription.subscription_149                           621ms
  btp_subaccount_subscription.subscription_15                            683ms
  btp_subaccount_subscription.subscription_150                           931ms
  btp_subaccount_subscription.subscription_16                            2088ms
  btp_subaccount_subscription.subscription_17                            1760ms
  btp_subaccount_subscription.subscription_18                            2346ms
  btp_subaccount_subscription.subscription_19                            688ms
  btp_subaccount_subscription.subscription_2                             1900ms
  btp_subaccount_subscription.subscription_20                            725ms
  btp_subaccount_subscription.subscription_21                            1068ms
  btp_subaccount_subscription.subscription_22                            729ms
  btp_subaccount_subscription.subscription_23                            2448ms
  btp_subaccount_subscription.subscription_24                            687ms
  btp_subaccount_subscription.subscription_25                            1095ms
  btp_subaccount_subscription.subscription_26                            1767ms
  btp_subaccount_subscription.subscription_27                            2391ms
  btp_subaccount_subscription.subscription_28                            1152ms
  btp_subaccount_subscription.subscription_29                            2257ms
  btp_subaccount_subscription.subscription_3                             801ms
  btp_subaccount_subscription.subscription_30                            1326ms
  btp_subaccount_subscription.subscription_31                            1400ms
  btp_subaccount_subscription.subscription_32                            2395ms
  btp_subaccount_subscription.subscription_33                            1347ms
  btp_subaccount_subscription.subscription_34                            792ms
  btp_subaccount_subscription.subscription_35                            590ms
  btp_subaccount_subscription.subscription_36                            1381ms
  btp_subaccount_subscription.subscription_37                            14594ms
  btp_subaccount_subscription.subscription_38                            1160ms
  btp_subaccount_subscription.subscription_39                            1325ms
  btp_subaccount_subscription.subscription_4                             1097ms
  btp_subaccount_subscription.subscription_40                            2301ms
  btp_subaccount_subscription.subscription_41                            1463ms
  btp_subaccount_subscription.subscription_42                            1327ms
  btp_subaccount_subscription.subscription_43                            1500ms
  btp_subaccount_subscription.subscription_44                            1429ms
  btp_subaccount_subscription.subscription_45                            651ms
  btp_subaccount_subscription.subscription_46                            1193ms
  btp_subaccount_subscription.subscription_47                            709ms
  btp_subaccount_subscription.subscription_48                            750ms
  btp_subaccount_subscription.subscription_49                            1209ms
  btp_subaccount_subscription.subscription_5                             1684ms
  btp_subaccount_subscription.subscription_50                            1971ms
  btp_subaccount_subscription.subscription_51                            690ms
  btp_subaccount_subscription.subscription_52                            651ms
  btp_subaccount_subscription.subscription_53                            2075ms
  btp_subaccount_subscription.subscription_54                            805ms
  btp_subaccount_subscription.subscription_55                            2624ms
  btp_subaccount_subscription.subscription_56                            1159ms
  btp_subaccount_subscription.subscription_57                            1708ms
  btp_subaccount_subscription.subscription_58                            967ms
  btp_subaccount_subscription.subscription_59                            1661ms
  btp_subaccount_subscription.subscription_6                             2574ms
  btp_subaccount_subscription.subscription_60                            1066ms
  btp_subaccount_subscription.subscription_61                            2016ms
  btp_subaccount_subscription.subscription_62                            675ms
  btp_subaccount_subscription.subscription_63                            726ms
  btp_subaccount_subscription.subscription_64                            1129ms
  btp_subaccount_subscription.subscription_65                            1203ms
  btp_subaccount_subscription.subscription_66                            581ms
  btp_subaccount_subscription.subscription_67                            704ms
  btp_subaccount_subscription.subscription_68                            1595ms
  btp_subaccount_subscription.subscription_69                            1111ms
  btp_subaccount_subscription.subscription_7                             1697ms
  btp_subaccount_subscription.subscription_70                            950ms
  btp_subaccount_subscription.subscription_71                            1571ms
  btp_subaccount_subscription.subscription_72                            1876ms
  btp_subaccount_subscription.subscription_73                            2347ms
  btp_subaccount_subscription.subscription_74                            1060ms
  btp_subaccount_subscription.subscription_75                            1215ms
  btp_subaccount_subscription.subscription_76                            2018ms
  btp_subaccount_subscription.subscription_77                            1049ms
  btp_subaccount_subscription.subscription_78                            725ms
  btp_subaccount_subscription.subscription_79                            2571ms
  btp_subaccount_subscription.subscription_8                             1419ms
  btp_subaccount_subscription.subscription_80                            1887ms
  btp_subaccount_subscription.subscription_81                            1002ms
  btp_subaccount_subscription.subscription_82                            2471ms
  btp_subaccount_subscription.subscription_83                            674ms
  btp_subaccount_subscription.subscription_84                            1319ms
  btp_subaccount_subscription.subscription_85                            1713ms
  btp_subaccount_subscription.subscription_86                            729ms
  btp_subaccount_subscription.subscription_87                            731ms
  btp_subaccount_subscription.subscription_88                            1519ms
  btp_subaccount_subscription.subscription_89                            1340ms
  btp_subaccount_subscription.subscription_9                             1306ms
  btp_subaccount_subscription.subscription_90                            740ms
  btp_subaccount_subscription.subscription_91                            1768ms
  btp_subaccount_subscription.subscription_92                            1224ms
  btp_subaccount_subscription.subscription_93                            1406ms
  btp_subaccount_subscription.subscription_94                            1479ms
  btp_subaccount_subscription.subscription_95                            746ms
  btp_subaccount_subscription.subscription_96                            855ms
  btp_subaccount_subscription.subscription_97                            1968ms
  btp_subaccount_subscription.subscription_98                            808ms
  btp_subaccount_subscription.subscription_99                            1236ms
  btp_subaccount_trust_configuration.trust_1                             392ms
  btp_subaccount_trust_configuration.trust_10                            367ms
  btp_subaccount_trust_configuration.trust_11                            291ms
  btp_subaccount_trust_configuration.trust_12                            512ms
  btp_subaccount_trust_configuration.trust_13                            281ms
  btp_subaccount_trust_configuration.trust_14                            632ms
  btp_subaccount_trust_configuration.trust_15                            259ms
  btp_subaccount_trust_configuration.trust_16                            12420ms
  btp_subaccount_trust_configuration.trust_17                            956ms
  btp_subaccount_trust_configuration.trust_18                            178ms
  btp_subaccount_trust_configuration.trust_19                            199ms
  btp_subaccount_trust_configuration.trust_2                             574ms
  btp_subaccount_trust_configuration.trust_20                            392ms
  btp_subaccount_trust_configuration.trust_21                            221ms
  btp_subaccount_trust_configuration.trust_22                            365ms
  btp_subaccount_trust_configuration.trust_23                            739ms
  btp_subaccount_trust_configuration.trust_24                            1090ms
  btp_subaccount_trust_configuration.trust_25                            702ms
  btp_subaccount_trust_configuration.trust_26                            471ms
  btp_subaccount_trust_configuration.trust_27                            168ms
  btp_subaccount_trust_configuration.trust_28                            336ms
  btp_subaccount_trust_configuration.trust_29                            719ms
  btp_subaccount_trust_configuration.trust_3                             518ms
  btp_subaccount_trust_configuration.trust_30                            832ms
  btp_subaccount_trust_configuration.trust_31                            190ms
  btp_subaccount_trust_configuration.trust_32                            485ms
  btp_subaccount_trust_configuration.trust_33                            305ms
  btp_subaccount_trust_configuration.trust_34                            1163ms
  btp_subaccount_trust_configuration.trust_35                            218ms
  btp_subaccount_trust_configuration.trust_36                            312ms
  btp_subaccount_trust_configuration.trust_37                            219ms
  btp_subaccount_trust_configuration.trust_38                            349ms
  btp_subaccount_trust_configuration.trust_39                            1089ms
  btp_subaccount_trust_configuration.trust_4                             501ms
  btp_subaccount_trust_configuration.trust_40                            211ms
  btp_subaccount_trust_configuration.trust_41                            689ms
  btp_subaccount_trust_configuration.trust_42                            218ms
  btp_subaccount_trust_configuration.trust_43                            365ms
  btp_subaccount_trust_configuration.trust_44                            419ms
  btp_subaccount_trust_configuration.trust_45                            1230ms
  btp_subaccount_trust_configuration.trust_46                            275ms
  btp_subaccount_trust_configuration.trust_47                            1241ms
  btp_subaccount_trust_configuration.trust_48                            227ms
  btp_subaccount_trust_configuration.trust_49                            236ms
  btp_subaccount_trust_configuration.trust_5                             203ms
  btp_subaccount_trust_configuration.trust_50                            209ms
  btp_subaccount_trust_configuration.trust_6                             687ms
  btp_subaccount_trust_configuration.trust_7                             1223ms
  btp_subaccount_trust_configuration.trust_8                             401ms
  btp_subaccount_trust_configuration.trust_9                             859ms
  cloudfoundry_service_instance.instance_1                               46ms
  cloudfoundry_service_instance.instance_10                              39ms
  cloudfoundry_service_instance.instance_100                             47ms
  cloudfoundry_service_instance.instance_101                             37ms
  cloudfoundry_service_instance.instance_102                             39ms
  cloudfoundry_service_instance.instance_103                             39ms
  cloudfoundry_service_instance.instance_104                             39ms
  cloudfoundry_service_instance.instance_105                             84ms
  cloudfoundry_service_instance.instance_106                             71ms
  cloudfoundry_service_instance.instance_107                             50ms
  cloudfoundry_service_instance.instance_108                             39ms
  cloudfoundry_service_instance.instance_109                             61ms
  cloudfoundry_service_instance.instance_11                              39ms
  cloudfoundry_service_instance.instance_110                             35ms
  cloudfoundry_service_instance.instance_111                             74ms
  cloudfoundry_service_instance.instance_112                             48ms
  cloudfoundry_service_instance.instance_113                             53ms
  cloudfoundry_service_instance.instance_114                             49ms
  cloudfoundry_service_instance.instance_115                             36ms
  cloudfoundry_service_instance.instance_116                             45ms
  cloudfoundry_service_instance.instance_117                             50ms
  cloudfoundry_service_instance.instance_118                             43ms
  cloudfoundry_service_instance.instance_119                             48ms
  cloudfoundry_service_instance.instance_12                              38ms
  cloudfoundry_service_instance.instance_120                             77ms
  cloudfoundry_service_instance.instance_121                             55ms
  cloudfoundry_service_instance.instance_122                             43ms
  cloudfoundry_service_instance.instance_123                             71ms
  cloudfoundry_service_instance.instance_124                             47ms
  cloudfoundry_service_instance.instance_125                             35ms
  cloudfoundry_service_instance.instance_126                             34ms
  cloudfoundry_service_instance.instance_127                             45ms
  cloudfoundry_service_instance.instance_128                             41ms
  cloudfoundry_service_instance.instance_129                             48ms
  cloudfoundry_service_instance.instance_13                              70ms
  cloudfoundry_service_instance.instance_130                             36ms
  cloudfoundry_service_instance.instance_131                             41ms
  cloudfoundry_service_instance.instance_132                             41ms
  cloudfoundry_service_instance.instance_133                             51ms
  cloudfoundry_service_instance.instance_134                             36ms
  cloudfoundry_service_instance.instance_135                             35ms
  cloudfoundry_service_instance.instance_136                             36ms
  cloudfoundry_service_instance.instance_137                             75ms
  cloudfoundry_service_instance.instance_138                             37ms
  cloudfoundry_service_instance.instance_139                             45ms
  cloudfoundry_service_instance.instance_14                              51ms
  cloudfoundry_service_instance.instance_140                             41ms
  cloudfoundry_service_instance.instance_141                             36ms
  cloudfoundry_service_instance.instance_142                             61ms
  cloudfoundry_service_instance.instance_143                             42ms
  cloudfoundry_service_instance.instance_144                             42ms
  cloudfoundry_service_instance.instance_145                             39ms
  cloudfoundry_service_instance.instance_146                             61ms
  cloudfoundry_service_instance.instance_147                             42ms
  cloudfoundry_service_instance.instance_148                             40ms
  cloudfoundry_service_instance.instance_149                             39ms
  cloudfoundry_service_instance.instance_15                              40ms
  cloudfoundry_service_instance.instance_150                             45ms
  cloudfoundry_service_instance.instance_151                             76ms
  cloudfoundry_service_instance.instance_152                             38ms
  cloudfoundry_service_instance.instance_153                             50ms
  cloudfoundry_service_instance.instance_154                             39ms
  cloudfoundry_service_instance.instance_155                             39ms
  cloudfoundry_service_instance.instance_156                             34ms
  cloudfoundry_service_instance.instance_157                             37ms
  cloudfoundry_service_instance.instance_158                             55ms
  cloudfoundry_service_instance.instance_159                             47ms
  cloudfoundry_service_instance.instance_16                              42ms
  cloudfoundry_service_instance.instance_160                             45ms
  cloudfoundry_service_instance.instance_161                             51ms
  cloudfoundry_service_instance.instance_162                             150ms
  cloudfoundry_service_instance.instance_163                             41ms
  cloudfoundry_service_instance.instance_164                             35ms
  cloudfoundry_service_instance.instance_165                             37ms
  cloudfoundry_service_instance.instance_166                             52ms
  cloudfoundry_service_instance.instance_167                             34ms
  cloudfoundry_service_instance.instance_168                             40ms
  cloudfoundry_service_instance.instance_169                             51ms
  cloudfoundry_service_instance.instance_17                              61ms
  cloudfoundry_service_instance.instance_170                             44ms
  cloudfoundry_service_instance.instance_171                             52ms
  cloudfoundry_service_instance.instance_172                             42ms
  cloudfoundry_service_instance.instance_173                             40ms
  cloudfoundry_service_instance.instance_174                             45ms
  cloudfoundry_service_instance.instance_175                             43ms
  cloudfoundry_service_instance.instance_176                             53ms
  cloudfoundry_service_instance.instance_177                             37ms
  cloudfoundry_service_instance.instance_178                             56ms
  cloudfoundry_service_instance.instance_179                             41ms
  cloudfoundry_service_instance.instance_18                              38ms
  cloudfoundry_service_instance.instance_180                             36ms
  cloudfoundry_service_instance.instance_181                             50ms
  cloudfoundry_service_instance.instance_182                             48ms
  cloudfoundry_service_instance.instance_183                             35ms
  cloudfoundry_service_instance.instance_184                             34ms
  cloudfoundry_service_instance.instance_185                             38ms
  cloudfoundry_service_instance.instance_186                             38ms
  cloudfoundry_service_instance.instance_187                             39ms
  cloudfoundry_service_instance.instance_188                             34ms
  cloudfoundry_service_instance.instance_189                             39ms
  cloudfoundry_service_instance.instance_19                              69ms
  cloudfoundry_service_instance.instance_190                             70ms
  cloudfoundry_service_instance.instance_191                             49ms
  cloudfoundry_service_instance.instance_192                             41ms
  cloudfoundry_service_instance.instance_193                             93ms
  cloudfoundry_service_instance.instance_194                             38ms
  cloudfoundry_service_instance.instance_195                             40ms
  cloudfoundry_service_instance.instance_196                             50ms
  cloudfoundry_service_instance.instance_197                             46ms
  cloudfoundry_service_instance.instance_198                             67ms
  cloudfoundry_service_instance.instance_199                             54ms
  cloudfoundry_service_instance.instance_2                               45ms
  cloudfoundry_service_instance.instance_20                              37ms
  cloudfoundry_service_instance.instance_200                             39ms
  cloudfoundry_service_instance.instance_21                              46ms
  cloudfoundry_service_instance.instance_22                              51ms
  cloudfoundry_service_instance.instance_23                              149ms
  cloudfoundry_service_instance.instance_24                              41ms
  cloudfoundry_service_instance.instance_25                              48ms
  cloudfoundry_service_instance.instance_26                              41ms
  cloudfoundry_service_instance.instance_27                              50ms
  cloudfoundry_service_instance.instance_28                              59ms
  cloudfoundry_service_instance.instance_29                              41ms
  cloudfoundry_service_instance.instance_3                               36ms
  cloudfoundry_service_instance.instance_30                              35ms
  cloudfoundry_service_instance.instance_31                              44ms
  cloudfoundry_service_instance.instance_32                              35ms
  cloudfoundry_service_instance.instance_33                              39ms
  cloudfoundry_service_instance.instance_34                              52ms
  cloudfoundry_service_instance.instance_35                              35ms
  cloudfoundry_service_instance.instance_36                              38ms
  cloudfoundry_service_instance.instance_37                              46ms
  cloudfoundry_service_instance.instance_38                              41ms
  cloudfoundry_service_instance.instance_39                              46ms
  cloudfoundry_service_instance.instance_4                               37ms
  cloudfoundry_service_instance.instance_40                              57ms
  cloudfoundry_service_instance.instance_41                              42ms
  cloudfoundry_service_instance.instance_42                              41ms
  cloudfoundry_service_instance.instance_43                              46ms
  cloudfoundry_service_instance.instance_44                              39ms
  cloudfoundry_service_instance.instance_45                              42ms
  cloudfoundry_service_instance.instance_46                              37ms
  cloudfoundry_service_instance.instance_47                              54ms
  cloudfoundry_service_instance.instance_48                              39ms
  cloudfoundry_service_instance.instance_49                              42ms
  cloudfoundry_service_instance.instance_5                               38ms
  cloudfoundry_service_instance.instance_50                              50ms
  cloudfoundry_service_instance.instance_51                              38ms
  cloudfoundry_service_instance.instance_52                              49ms
  cloudfoundry_service_instance.instance_53                              48ms
  cloudfoundry_service_instance.instance_54                              62ms
  cloudfoundry_service_instance.instance_55                              50ms
  cloudfoundry_service_instance.instance_56                              37ms
  cloudfoundry_service_instance.instance_57                              51ms
  cloudfoundry_service_instance.instance_58                              38ms
  cloudfoundry_service_instance.instance_59                              38ms
  cloudfoundry_service_instance.instance_6                               48ms
  cloudfoundry_service_instance.instance_60                              52ms
  cloudfoundry_service_instance.instance_61                              51ms
  cloudfoundry_service_instance.instance_62                              56ms
  cloudfoundry_service_instance.instance_63                              48ms
  cloudfoundry_service_instance.instance_64                              40ms
  cloudfoundry_service_instance.instance_65                              39ms
  cloudfoundry_service_instance.instance_66                              46ms
  cloudfoundry_service_instance.instance_67                              40ms
  cloudfoundry_service_instance.instance_68                              36ms
  cloudfoundry_service_instance.instance_69                              52ms
  cloudfoundry_service_instance.instance_7                               36ms
  cloudfoundry_service_instance.instance_70                              49ms
  cloudfoundry_service_instance.instance_71                              37ms
  cloudfoundry_service_instance.instance_72                              50ms
  cloudfoundry_service_instance.instance_73                              85ms
  cloudfoundry_service_instance.instance_74                              52ms
  cloudfoundry_service_instance.instance_75                              53ms
  cloudfoundry_service_instance.instance_76                              38ms
  cloudfoundry_service_instance.instance_77                              50ms
  cloudfoundry_service_instance.instance_78                              57ms
  cloudfoundry_service_instance.instance_79                              45ms
  cloudfoundry_service_instance.instance_8                               75ms
  cloudfoundry_service_instance.instance_80                              50ms
  cloudfoundry_service_instance.instance_81                              36ms
  cloudfoundry_service_instance.instance_82                              44ms
  cloudfoundry_service_instance.instance_83                              46ms
  cloudfoundry_service_instance.instance_84                              45ms
  cloudfoundry_service_instance.instance_85                              48ms
  cloudfoundry_service_instance.instance_86                              49ms
  cloudfoundry_service_instance.instance_87                              36ms
  cloudfoundry_service_instance.instance_88                              42ms
  cloudfoundry_service_instance.instance_89                              38ms
  cloudfoundry_service_instance.instance_9                               37ms
  cloudfoundry_service_instance.instance_90                              49ms
  cloudfoundry_service_instance.instance_91                              48ms
  cloudfoundry_service_instance.instance_92                              60ms
  cloudfoundry_service_instance.instance_93                              39ms
  cloudfoundry_service_instance.instance_94                              46ms
  cloudfoundry_service_instance.instance_95                              50ms
  cloudfoundry_service_instance.instance_96                              57ms
  cloudfoundry_service_instance.instance_97                              46ms
  cloudfoundry_service_instance.instance_98                              36ms
  cloudfoundry_service_instance.instance_99                              34ms
  cloudfoundry_space.space_1                                             129ms
  cloudfoundry_space.space_10                                            113ms
  cloudfoundry_space.space_100                                           117ms
  cloudfoundry_space.space_11                                            159ms
  cloudfoundry_space.space_12                                            93ms
  cloudfoundry_space.space_13                                            94ms
  cloudfoundry_space.space_14                                            119ms
  cloudfoundry_space.space_15                                            108ms
  cloudfoundry_space.space_16                                            165ms
  cloudfoundry_space.space_17                                            100ms
  cloudfoundry_space.space_18                                            115ms
  cloudfoundry_space.space_19                                            102ms
  cloudfoundry_space.space_2                                             93ms
  cloudfoundry_space.space_20                                            93ms
  cloudfoundry_space.space_21                                            128ms
  cloudfoundry_space.space_22                                            97ms
  cloudfoundry_space.space_23                                            98ms
  cloudfoundry_space.space_24                                            104ms
  cloudfoundry_space.space_25                                            108ms
  cloudfoundry_space.space_26                                            123ms
  cloudfoundry_space.space_27                                            110ms
  cloudfoundry_space.space_28                                            107ms
  cloudfoundry_space.space_29                                            79ms
  cloudfoundry_space.space_3                                             123ms
  cloudfoundry_space.space_30                                            90ms
  cloudfoundry_space.space_31                                            104ms
  cloudfoundry_space.space_32                                            113ms
  cloudfoundry_space.space_33                                            91ms
  cloudfoundry_space.space_34                                            95ms
  cloudfoundry_space.space_35                                            117ms
  cloudfoundry_space.space_36                                            96ms
  cloudfoundry_space.space_37                                            93ms
  cloudfoundry_space.space_38                                            101ms
  cloudfoundry_space.space_39                                            105ms
  cloudfoundry_space.space_4                                             94ms
  cloudfoundry_space.space_40                                            97ms
  cloudfoundry_space.space_41                                            99ms
  cloudfoundry_space.space_42                                            116ms
  cloudfoundry_space.space_43                                            95ms
  cloudfoundry_space.space_44                                            124ms
  cloudfoundry_space.space_45                                            119ms
  cloudfoundry_space.space_46                                            96ms
  cloudfoundry_space.space_47                                            95ms
  cloudfoundry_space.space_48                                            99ms
  cloudfoundry_space.space_49                                            95ms
  cloudfoundry_space.space_5                                             95ms
  cloudfoundry_space.space_50                                            84ms
  cloudfoundry_space.space_51                                            90ms
  cloudfoundry_space.space_52                                            103ms
  cloudfoundry_space.space_53                                            96ms
  cloudfoundry_space.space_54                                            117ms
  cloudfoundry_space.space_55                                            93ms
  cloudfoundry_space.space_56                                            87ms
  cloudfoundry_space.space_57                                            106ms
  cloudfoundry_space.space_58                                            106ms
  cloudfoundry_space.space_59                                            92ms
  cloudfoundry_space.space_6                                             113ms
  cloudfoundry_space.space_60                                            118ms
  cloudfoundry_space.space_61                                            150ms
  cloudfoundry_space.space_62                                            102ms
  cloudfoundry_space.space_63                                            123ms
  cloudfoundry_space.space_64                                            100ms
  cloudfoundry_space.space_65                                            109ms
  cloudfoundry_space.space_66                                            100ms
  cloudfoundry_space.space_67                                            96ms
  cloudfoundry_space.space_68                                            112ms
  cloudfoundry_space.space_69                                            97ms
  cloudfoundry_space.space_7                                             100ms
  cloudfoundry_space.space_70                                            96ms
  cloudfoundry_space.space_71                                            94ms
  cloudfoundry_space.space_72                                            82ms
  cloudfoundry_space.space_73                                            87ms
  cloudfoundry_space.space_74                                            103ms
  cloudfoundry_space.space_75                                            86ms
  cloudfoundry_space.space_76                                            117ms
  cloudfoundry_space.space_77                                            90ms
  cloudfoundry_space.space_78                                            104ms
  cloudfoundry_space.space_79                                            108ms
  cloudfoundry_space.space_8                                             112ms
  cloudfoundry_space.space_80                                            105ms
  cloudfoundry_space.space_81                                            111ms
  cloudfoundry_space.space_82                                            94ms
  cloudfoundry_space.space_83                                            105ms
  cloudfoundry_space.space_84                                            102ms
  cloudfoundry_space.space_85                                            100ms
  cloudfoundry_space.space_86                                            102ms
  cloudfoundry_space.space_87                                            144ms
  cloudfoundry_space.space_88                                            94ms
  cloudfoundry_space.space_89                                            83ms
  cloudfoundry_space.space_9                                             106ms
  cloudfoundry_space.space_90                                            102ms
  cloudfoundry_space.space_91                                            122ms
  cloudfoundry_space.space_92                                            98ms
  cloudfoundry_space.space_93                                            90ms
  cloudfoundry_space.space_94                                            102ms
  cloudfoundry_space.space_95                                            115ms
  cloudfoundry_space.space_96                                            106ms
  cloudfoundry_space.space_97                                            114ms
  cloudfoundry_space.space_98                                            104ms
  cloudfoundry_space.space_99                                            103ms
  scc_subaccount.subaccount_1                                            1553ms
  scc_subaccount.subaccount_10                                           1071ms
  scc_subaccount.subaccount_11                                           750ms
  scc_subaccount.subaccount_12                                           1447ms
  scc_subaccount.subaccount_13                                           1562ms
  scc_subaccount.subaccount_14                                           1499ms
  scc_subaccount.subaccount_15                                           1964ms
  scc_subaccount.subaccount_16                                           1771ms
  scc_subaccount.subaccount_17                                           1164ms
  scc_subaccount.subaccount_18                                           1933ms
  scc_subaccount.subaccount_19                                           1281ms
  scc_subaccount.subaccount_2                                            491ms
  scc_subaccount.subaccount_20                                           1295ms
  scc_subaccount.subaccount_21                                           1477ms
  scc_subaccount.subaccount_22                                           1872ms
  scc_subaccount.subaccount_23                                           1450ms
  scc_subaccount.subaccount_24                                           836ms
  scc_subaccount.subaccount_25                                           1167ms
  scc_subaccount.subaccount_26                                           1192ms
  scc_subaccount.subaccount_27                                           879ms
  scc_subaccount.subaccount_28                                           842ms
  scc_subaccount.subaccount_29                                           1377ms
  scc_subaccount.subaccount_3                                            1327ms
  scc_subaccount.subaccount_30                                           1026ms
  scc_subaccount.subaccount_31                                           1581ms
  scc_subaccount.subaccount_32                                           1210ms
  scc_subaccount.subaccount_33                                           911ms
  scc_subaccount.subaccount_34                                           1588ms
  scc_subaccount.subaccount_35                                           2036ms
  scc_subaccount.subaccount_36                                           1923ms
  scc_subaccount.subaccount_37                                           1257ms
  scc_subaccount.subaccount_38                                           1153ms
  scc_subaccount.subaccount_39                                           1797ms
  scc_subaccount.subaccount_4                                            1319ms
  scc_subaccount.subaccount_40                                           1753ms
  scc_subaccount.subaccount_41                                           1513ms
  scc_subaccount.subaccount_42                                           1890ms
  scc_subaccount.subaccount_43                                           496ms
  scc_subaccount.subaccount_44                                           505ms
  scc_subaccount.subaccount_45                                           663ms
  scc_subaccount.subaccount_46                                           813ms
  scc_subaccount.subaccount_47                                           1074ms
  scc_subaccount.subaccount_48                                           615ms
  scc_subaccount.subaccount_49                                           649ms
  scc_subaccount.subaccount_5                                            715ms
  scc_subaccount.subaccount_50                                           1983ms
  scc_subaccount.subaccount_6                                            503ms
  scc_subaccount.subaccount_7                                            2048ms
  scc_subaccount.subaccount_8                                            680ms
  scc_subaccount.subaccount_9                                            1929ms
  scc_system_mapping.system_1                                            57ms
  scc_system_mapping.system_10                                           56ms
  scc_system_mapping.system_100                                          60ms
  scc_system_mapping.system_11                                           60ms
  scc_system_mapping.system_12                                           58ms
  scc_system_mapping.system_13                                           59ms
  scc_system_mapping.system_14                                           60ms
  scc_system_mapping.system_15                                           58ms
  scc_system_mapping.system_16                                           61ms
  scc_system_mapping.system_17                                           108ms
  scc_system_mapping.system_18                                           55ms
  scc_system_mapping.system_19                                           54ms
  scc_system_mapping.system_2                                            79ms
  scc_system_mapping.system_20                                           62ms
  scc_system_mapping.system_21                                           58ms
  scc_system_mapping.system_22                                           60ms
  scc_system_mapping.system_23                                           106ms
  scc_system_mapping.system_24                                           62ms
  scc_system_mapping.system_25                                           59ms
  scc_system_mapping.system_26                                           63ms
  scc_system_mapping.system_27                                           57ms
  scc_system_mapping.system_28                                           63ms
  scc_system_mapping.system_29                                           92ms
  scc_system_mapping.system_3                                            59ms
  scc_system_mapping.system_30                                           59ms
  scc_system_mapping.system_31                                           67ms
  scc_system_mapping.system_32                                           60ms
  scc_system_mapping.system_33                                           61ms
  scc_system_mapping.system_34                                           71ms
  scc_system_mapping.system_35                                           58ms
  scc_system_mapping.system_36                                           56ms
  scc_system_mapping.system_37                                           62ms
  scc_system_mapping.system_38                                           65ms
  scc_system_mapping.system_39                                           97ms
  scc_system_mapping.system_4                                            58ms
  scc_system_mapping.system_40                                           61ms
  scc_system_mapping.system_41                                           58ms
  scc_system_mapping.system_42                                           65ms
  scc_system_mapping.system_43                                           64ms
  scc_system_mapping.system_44                                           61ms
  scc_system_mapping.system_45                                           59ms
  scc_system_mapping.system_46                                           63ms
  scc_system_mapping.system_47                                           66ms
  scc_system_mapping.system_48                                           60ms
  scc_system_mapping.system_49                                           72ms
  scc_system_mapping.system_5                                            63ms
  scc_system_mapping.system_50                                           58ms
  scc_system_mapping.system_51                                           57ms
  scc_system_mapping.system_52                                           58ms
  scc_system_mapping.system_53                                           56ms
  scc_system_mapping.system_54                                           59ms
  scc_system_mapping.system_55                                           60ms
  scc_system_mapping.system_56                                           56ms
  scc_system_mapping.system_57                                           62ms
  scc_system_mapping.system_58                                           62ms
  scc_system_mapping.system_59                                           60ms
  scc_system_mapping.system_6                                            58ms
  scc_system_mapping.system_60                                           81ms
  scc_system_mapping.system_61                                           62ms
  scc_system_mapping.system_62                                           57ms
  scc_system_mapping.system_63                                           56ms
  scc_system_mapping.system_64                                           59ms
  scc_system_mapping.system_65                                           58ms
  scc_system_mapping.system_66                                           60ms
  scc_system_mapping.system_67                                           63ms
  scc_system_mapping.system_68                                           60ms
  scc_system_mapping.system_69                                           59ms
  scc_system_mapping.system_7                                            57ms
  scc_system_mapping.system_70                                           64ms
  scc_system_mapping.system_71                                           67ms
  scc_system_mapping.system_72                                           58ms
  scc_system_mapping.system_73                                           58ms
  scc_system_mapping.system_74                                           58ms
  scc_system_mapping.system_75                                           62ms
  scc_system_mapping.system_76                                           60ms
  scc_system_mapping.system_77                                           57ms
  scc_system_mapping.system_78                                           59ms
  scc_system_mapping.system_79                                           62ms
  scc_system_mapping.system_8                                            61ms
  scc_system_mapping.system_80                                           58ms
  scc_system_mapping.system_81                                           60ms
  scc_system_mapping.system_82                                           62ms
  scc_system_mapping.system_83                                           66ms
  scc_system_mapping.system_84                                           59ms
  scc_system_mapping.system_85                                           67ms
  scc_system_mapping.system_86                                           60ms
  scc_system_mapping.system_87                                           60ms
  scc_system_mapping.system_88                                           58ms
  scc_system_mapping.system_89                                           67ms
  scc_system_mapping.system_9                                            61ms
  scc_system_mapping.system_90                                           62ms
  scc_system_mapping.system_91                                           63ms
  scc_system_mapping.system_92                                           62ms
  scc_system_mapping.system_93                                           55ms
  scc_system_mapping.system_94                                           57ms
  scc_system_mapping.system_95                                           63ms
  scc_system_mapping.system_96                                           60ms
  scc_system_mapping.system_97                                           564ms
  scc_system_mapping.system_98                                           61ms
  scc_system_mapping.system_99                                           61ms
  scc_system_mapping_resource.resource_1                                 58ms
  scc_system_mapping_resource.resource_10                                60ms
  scc_system_mapping_resource.resource_100                               56ms
  scc_system_mapping_resource.resource_101                               58ms
  scc_system_mapping_resource.resource_102                               61ms
  scc_system_mapping_resource.resource_103                               57ms
  scc_system_mapping_resource.resource_104                               55ms
  scc_system_mapping_resource.resource_105                               55ms
  scc_system_mapping_resource.resource_106                               57ms
  scc_system_mapping_resource.resource_107                               58ms
  scc_system_mapping_resource.resource_108                               54ms
  scc_system_mapping_resource.resource_109                               56ms
  scc_system_mapping_resource.resource_11                                63ms
  scc_system_mapping_resource.resource_110                               57ms
  scc_system_mapping_resource.resource_111                               57ms
  scc_system_mapping_resource.resource_112                               123ms
  scc_system_mapping_resource.resource_113                               55ms
  scc_system_mapping_resource.resource_114                               58ms
  scc_system_mapping_resource.resource_115                               57ms
  scc_system_mapping_resource.resource_116                               88ms
  scc_system_mapping_resource.resource_117                               56ms
  scc_system_mapping_resource.resource_118                               61ms
  scc_system_mapping_resource.resource_119                               60ms
  scc_system_mapping_resource.resource_12                                57ms
  scc_system_mapping_resource.resource_120                               57ms
  scc_system_mapping_resource.resource_121                               58ms
  scc_system_mapping_resource.resource_122                               54ms
  scc_system_mapping_resource.resource_123                               66ms
  scc_system_mapping_resource.resource_124                               56ms
  scc_system_mapping_resource.resource_125                               60ms
  scc_system_mapping_resource.resource_126                               66ms
  scc_system_mapping_resource.resource_127                               101ms
  scc_system_mapping_resource.resource_128                               56ms
  scc_system_mapping_resource.resource_129                               61ms
  scc_system_mapping_resource.resource_13                                55ms
  scc_system_mapping_resource.resource_130                               56ms
  scc_system_mapping_resource.resource_131                               55ms
  scc_system_mapping_resource.resource_132                               55ms
  scc_system_mapping_resource.resource_133                               59ms
  scc_system_mapping_resource.resource_134                               60ms
  scc_system_mapping_resource.resource_135                               58ms
  scc_system_mapping_resource.resource_136                               61ms
  scc_system_mapping_resource.resource_137                               60ms
  scc_system_mapping_resource.resource_138                               59ms
  scc_system_mapping_resource.resource_139                               57ms
  scc_system_mapping_resource.resource_14                                57ms
  scc_system_mapping_resource.resource_140                               61ms
  scc_system_mapping_resource.resource_141                               61ms
  scc_system_mapping_resource.resource_142                               108ms
  scc_system_mapping_resource.resource_143                               58ms
  scc_system_mapping_resource.resource_144                               60ms
  scc_system_mapping_resource.resource_145                               59ms
  scc_system_mapping_resource.resource_146                               55ms
  scc_system_mapping_resource.resource_147                               57ms
  scc_system_mapping_resource.resource_148                               55ms
  scc_system_mapping_resource.resource_149                               56ms
  scc_system_mapping_resource.resource_15                                60ms
  scc_system_mapping_resource.resource_150                               58ms
  scc_system_mapping_resource.resource_151                               62ms
  scc_system_mapping_resource.resource_152                               60ms
  scc_system_mapping_resource.resource_153                               62ms
  scc_system_mapping_resource.resource_154                               70ms
  scc_system_mapping_resource.resource_155                               55ms
  scc_system_mapping_resource.resource_156                               62ms
  scc_system_mapping_resource.resource_157                               55ms
  scc_system_mapping_resource.resource_158                               119ms
  scc_system_mapping_resource.resource_159                               54ms
  scc_system_mapping_resource.resource_16                                58ms
  scc_system_mapping_resource.resource_160                               56ms
  scc_system_mapping_resource.resource_161                               56ms
  scc_system_mapping_resource.resource_162                               61ms
  scc_system_mapping_resource.resource_163                               57ms
  scc_system_mapping_resource.resource_164                               56ms
  scc_system_mapping_resource.resource_165                               57ms
  scc_system_mapping_resource.resource_166                               55ms
  scc_system_mapping_resource.resource_167                               58ms
  scc_system_mapping_resource.resource_168                               61ms
  scc_system_mapping_resource.resource_169                               55ms
  scc_system_mapping_resource.resource_17                                70ms
  scc_system_mapping_resource.resource_170                               57ms
  scc_system_mapping_resource.resource_171                               96ms
  scc_system_mapping_resource.resource_172                               58ms
  scc_system_mapping_resource.resource_173                               55ms
  scc_system_mapping_resource.resource_174                               59ms
  scc_system_mapping_resource.resource_175                               57ms
  scc_system_mapping_resource.resource_176                               55ms
  scc_system_mapping_resource.resource_177                               56ms
  scc_system_mapping_resource.resource_178                               57ms
  scc_system_mapping_resource.resource_179                               55ms
  scc_system_mapping_resource.resource_18                                61ms
  scc_system_mapping_resource.resource_180                               58ms
  scc_system_mapping_resource.resource_181                               60ms
  scc_system_mapping_resource.resource_182                               112ms
  scc_system_mapping_resource.resource_183                               128ms
  scc_system_mapping_resource.resource_184                               59ms
  scc_system_mapping_resource.resource_185                               55ms
  scc_system_mapping_resource.resource_186                               56ms
  scc_system_mapping_resource.resource_187                               57ms
  scc_system_mapping_resource.resource_188                               54ms
  scc_system_mapping_resource.resource_189                               68ms
  scc_system_mapping_resource.resource_19                                55ms
  scc_system_mapping_resource.resource_190                               58ms
  scc_system_mapping_resource.resource_191                               61ms
  scc_system_mapping_resource.resource_192                               63ms
  scc_system_mapping_resource.resource_193                               57ms
  scc_system_mapping_resource.resource_194                               58ms
  scc_system_mapping_resource.resource_195                               57ms
  scc_system_mapping_resource.resource_196                               60ms
  scc_system_mapping_resource.resource_197                               65ms
  scc_system_mapping_resource.resource_198                               60ms
  scc_system_mapping_resource.resource_199                               55ms
  scc_system_mapping_resource.resource_2                                 55ms
  scc_system_mapping_resource.resource_20                                57ms
  scc_system_mapping_resource.resource_200                               55ms
  scc_system_mapping_resource.resource_21                                124ms
  scc_system_mapping_resource.resource_22                                60ms
  scc_system_mapping_resource.resource_23                                54ms
  scc_system_mapping_resource.resource_24                                58ms
  scc_system_mapping_resource.resource_25                                57ms
  scc_system_mapping_resource.resource_26                                59ms
  scc_system_mapping_resource.resource_27                                55ms
  scc_system_mapping_resource.resource_28                                66ms
  scc_system_mapping_resource.resource_29                                59ms
  scc_system_mapping_resource.resource_3                                 62ms
  scc_system_mapping_resource.resource_30                                73ms
  scc_system_mapping_resource.resource_31                                53ms
  scc_system_mapping_resource.resource_32                                61ms
  scc_system_mapping_resource.resource_33                                64ms
  scc_system_mapping_resource.resource_34                                61ms
  scc_system_mapping_resource.resource_35                                60ms
  scc_system_mapping_resource.resource_36                                64ms
  scc_system_mapping_resource.resource_37                                56ms
  scc_system_mapping_resource.resource_38                                57ms
  scc_system_mapping_resource.resource_39                                58ms
  scc_system_mapping_resource.resource_4                                 63ms
  scc_system_mapping_resource.resource_40                                60ms
  scc_system_mapping_resource.resource_41                                58ms
  scc_system_mapping_resource.resource_42                                58ms
  scc_system_mapping_resource.resource_43                                59ms
  scc_system_mapping_resource.resource_44                                57ms
  scc_system_mapping_resource.resource_45                                60ms
  scc_system_mapping_resource.resource_46                                1192ms
  scc_system_mapping_resource.resource_47                                60ms
  scc_system_mapping_resource.resource_48                                55ms
  scc_system_mapping_resource.resource_49                                67ms
  scc_system_mapping_resource.resource_5                                 57ms
  scc_system_mapping_resource.resource_50                                57ms
  scc_system_mapping_resource.resource_51                                60ms
  scc_system_mapping_resource.resource_52                                64ms
  scc_system_mapping_resource.resource_53                                57ms
  scc_system_mapping_resource.resource_54                                64ms
  scc_system_mapping_resource.resource_55                                55ms
  scc_system_mapping_resource.resource_56                                56ms
  scc_system_mapping_resource.resource_57                                55ms
  scc_system_mapping_resource.resource_58                                57ms
  scc_system_mapping_resource.resource_59                                57ms
  scc_system_mapping_resource.resource_6                                 58ms
  scc_system_mapping_resource.resource_60                                65ms
  scc_system_mapping_resource.resource_61                                55ms
  scc_system_mapping_resource.resource_62                                64ms
  scc_system_mapping_resource.resource_63                                62ms
  scc_system_mapping_resource.resource_64                                55ms
  scc_system_mapping_resource.resource_65                                56ms
  scc_system_mapping_resource.resource_66                                61ms
  scc_system_mapping_resource.resource_67                                56ms
  scc_system_mapping_resource.resource_68                                63ms
  scc_system_mapping_resource.resource_69                                56ms
  scc_system_mapping_resource.resource_7                                 58ms
  scc_system_mapping_resource.resource_70                                59ms
  scc_system_mapping_resource.resource_71                                65ms
  scc_system_mapping_resource.resource_72                                64ms
  scc_system_mapping_resource.resource_73                                58ms
  scc_system_mapping_resource.resource_74                                59ms
  scc_system_mapping_resource.resource_75                                55ms
  scc_system_mapping_resource.resource_76                                54ms
  scc_system_mapping_resource.resource_77                                58ms
  scc_system_mapping_resource.resource_78                                58ms
  scc_system_mapping_resource.resource_79                                56ms
  scc_system_mapping_resource.resource_8                                 56ms
  scc_system_mapping_resource.resource_80                                64ms
  scc_system_mapping_resource.resource_81                                60ms
  scc_system_mapping_resource.resource_82                                65ms
  scc_system_mapping_resource.resource_83                                60ms
  scc_system_mapping_resource.resource_84                                64ms
  scc_system_mapping_resource.resource_85                                57ms
  scc_system_mapping_resource.resource_86                                58ms
  scc_system_mapping_resource.resource_87                                59ms
  scc_system_mapping_resource.resource_88                                61ms
  scc_system_mapping_resource.resource_89                                59ms
  scc_system_mapping_resource.resource_9                                 61ms
  scc_system_mapping_resource.resource_90                                55ms
  scc_system_mapping_resource.resource_91                                56ms
  scc_system_mapping_resource.resource_92                                61ms
  scc_system_mapping_resource.resource_93                                55ms
  scc_system_mapping_resource.resource_94                                61ms
  scc_system_mapping_resource.resource_95                                61ms
  scc_system_mapping_resource.resource_96                                62ms
  scc_system_mapping_resource.resource_97                                57ms
  scc_system_mapping_resource.resource_98                                57ms
  scc_system_mapping_resource.resource_99                                55ms
  sci_application.app_1                                                  124ms
  sci_application.app_10                                                 118ms
  sci_application.app_100                                                127ms
  sci_application.app_11                                                 122ms
  sci_application.app_12                                                 127ms
  sci_application.app_13                                                 122ms
  sci_application.app_14                                                 146ms
  sci_application.app_15                                                 120ms
  sci_application.app_16                                                 132ms
  sci_application.app_17                                                 127ms
  sci_application.app_18                                                 116ms
  sci_application.app_19                                                 131ms
  sci_application.app_2                                                  125ms
  sci_application.app_20                                                 131ms
  sci_application.app_21                                                 112ms
  sci_application.app_22                                                 112ms
  sci_application.app_23                                                 128ms
  sci_application.app_24                                                 137ms
  sci_application.app_25                                                 116ms
  sci_application.app_26                                                 120ms
  sci_application.app_27                                                 117ms
  sci_application.app_28                                                 135ms
  sci_application.app_29                                                 128ms
  sci_application.app_3                                                  126ms
  sci_application.app_30                                                 123ms
  sci_application.app_31                                                 127ms
  sci_application.app_32                                                 122ms
  sci_application.app_33                                                 136ms
  sci_application.app_34                                                 128ms
  sci_application.app_35                                                 113ms
  sci_application.app_36                                                 127ms
  sci_application.app_37                                                 133ms
  sci_application.app_38                                                 126ms
  sci_application.app_39                                                 122ms
  sci_application.app_4                                                  121ms
  sci_application.app_40                                                 118ms
  sci_application.app_41                                                 130ms
  sci_application.app_42                                                 125ms
  sci_application.app_43                                                 123ms
  sci_application.app_44                                                 131ms
  sci_application.app_45                                                 122ms
  sci_application.app_46                                                 123ms
  sci_application.app_47                                                 128ms
  sci_application.app_48                                                 139ms
  sci_application.app_49                                                 125ms
  sci_application.app_5                                                  123ms
  sci_application.app_50                                                 116ms
  sci_application.app_51                                                 123ms
  sci_application.app_52                                                 126ms
  sci_application.app_53                                                 137ms
  sci_application.app_54                                                 124ms
  sci_application.app_55                                                 122ms
  sci_application.app_56                                                 121ms
  sci_application.app_57                                                 118ms
  sci_application.app_58                                                 123ms
  sci_application.app_59                                                 338ms
  sci_application.app_6                                                  131ms
  sci_application.app_60                                                 127ms
  sci_application.app_61                                                 131ms
  sci_application.app_62                                                 129ms
  sci_application.app_63                                                 128ms
  sci_application.app_64                                                 109ms
  sci_application.app_65                                                 117ms
  sci_application.app_66                                                 120ms
  sci_application.app_67                                                 141ms
  sci_application.app_68                                                 146ms
  sci_application.app_69                                                 122ms
  sci_application.app_7                                                  130ms
  sci_application.app_70                                                 133ms
  sci_application.app_71                                                 136ms
  sci_application.app_72                                                 128ms
  sci_application.app_73                                                 131ms
  sci_application.app_74                                                 126ms
  sci_application.app_75                                                 134ms
  sci_application.app_76                                                 113ms
  sci_application.app_77                                                 131ms
  sci_application.app_78                                                 124ms
  sci_application.app_79                                                 138ms
  sci_application.app_8                                                  115ms
  sci_application.app_80                                                 140ms
  sci_application.app_81                                                 120ms
  sci_application.app_82                                                 130ms
  sci_application.app_83                                                 129ms
  sci_application.app_84                                                 117ms
  sci_application.app_85                                                 124ms
  sci_application.app_86                                                 162ms
  sci_application.app_87                                                 120ms
  sci_application.app_88                                                 117ms
  sci_application.app_89                                                 122ms
  sci_application.app_9                                                  133ms
  sci_application.app_90                                                 129ms
  sci_application.app_91                                                 164ms
  sci_application.app_92                                                 131ms
  sci_application.app_93                                                 128ms
  sci_application.app_94                                                 116ms
  sci_application.app_95                                                 132ms
  sci_application.app_96                                                 133ms
  sci_application.app_97                                                 122ms
  sci_application.app_98                                                 125ms
  sci_application.app_99                                                 118ms
  sci_group_base.group_1                                                 95ms
  sci_group_base.group_10                                                94ms
  sci_group_base.group_100                                               103ms
  sci_group_base.group_101                                               94ms
  sci_group_base.group_102                                               104ms
  sci_group_base.group_103                                               106ms
  sci_group_base.group_104                                               301ms
  sci_group_base.group_105                                               84ms
  sci_group_base.group_106                                               101ms
  sci_group_base.group_107                                               91ms
  sci_group_base.group_108                                               89ms
  sci_group_base.group_109                                               93ms
  sci_group_base.group_11                                                94ms
  sci_group_base.group_110                                               89ms
  sci_group_base.group_111                                               93ms
  sci_group_base.group_112                                               88ms
  sci_group_base.group_113                                               102ms
  sci_group_base.group_114                                               95ms
  sci_group_base.group_115                                               97ms
  sci_group_base.group_116                                               98ms
  sci_group_base.group_117                                               105ms
  sci_group_base.group_118                                               100ms
  sci_group_base.group_119                                               95ms
  sci_group_base.group_12                                                92ms
  sci_group_base.group_120                                               92ms
  sci_group_base.group_121                                               96ms
  sci_group_base.group_122                                               110ms
  sci_group_base.group_123                                               96ms
  sci_group_base.group_124                                               107ms
  sci_group_base.group_125                                               94ms
  sci_group_base.group_126                                               94ms
  sci_group_base.group_127                                               90ms
  sci_group_base.group_128                                               110ms
  sci_group_base.group_129                                               109ms
  sci_group_base.group_13                                                96ms
  sci_group_base.group_130                                               96ms
  sci_group_base.group_131                                               98ms
  sci_group_base.group_132                                               87ms
  sci_group_base.group_133                                               98ms
  sci_group_base.group_134                                               92ms
  sci_group_base.group_135                                               91ms
  sci_group_base.group_136                                               98ms
  sci_group_base.group_137                                               139ms
  sci_group_base.group_138                                               84ms
  sci_group_base.group_139                                               96ms
  sci_group_base.group_14                                                88ms
  sci_group_base.group_140                                               92ms
  sci_group_base.group_141                                               97ms
  sci_group_base.group_142                                               89ms
  sci_group_base.group_143                                               89ms
  sci_group_base.group_144                                               95ms
  sci_group_base.group_145                                               96ms
  sci_group_base.group_146                                               96ms
  sci_group_base.group_147                                               100ms
  sci_group_base.group_148                                               96ms
  sci_group_base.group_149                                               96ms
  sci_group_base.group_15                                                90ms
  sci_group_base.group_150                                               92ms
  sci_group_base.group_16                                                98ms
  sci_group_base.group_17                                                96ms
  sci_group_base.group_18                                                94ms
  sci_group_base.group_19                                                98ms
  sci_group_base.group_2                                                 92ms
  sci_group_base.group_20                                                98ms
  sci_group_base.group_21                                                93ms
  sci_group_base.group_22                                                100ms
  sci_group_base.group_23                                                310ms
  sci_group_base.group_24                                                100ms
  sci_group_base.group_25                                                99ms
  sci_group_base.group_26                                                98ms
  sci_group_base.group_27                                                101ms
  sci_group_base.group_28                                                93ms
  sci_group_base.group_29                                                93ms
  sci_group_base.group_3                                                 98ms
  sci_group_base.group_30                                                99ms
  sci_group_base.group_31                                                133ms
  sci_group_base.group_32                                                102ms
  sci_group_base.group_33                                                88ms
  sci_group_base.group_34                                                91ms
  sci_group_base.group_35                                                94ms
  sci_group_base.group_36                                                133ms
  sci_group_base.group_37                                                90ms
  sci_group_base.group_38                                                89ms
  sci_group_base.group_39                                                93ms
  sci_group_base.group_4                                                 92ms
  sci_group_base.group_40                                                99ms
  sci_group_base.group_41                                                100ms
  sci_group_base.group_42                                                94ms
  sci_group_base.group_43                                                92ms
  sci_group_base.group_44                                                100ms
  sci_group_base.group_45                                                103ms
  sci_group_base.group_46                                                105ms
  sci_group_base.group_47                                                93ms
  sci_group_base.group_48                                                102ms
  sci_group_base.group_49                                                86ms
  sci_group_base.group_5                                                 102ms
  sci_group_base.group_50                                                93ms
  sci_group_base.group_51                                                132ms
  sci_group_base.group_52                                                91ms
  sci_group_base.group_53                                                102ms
  sci_group_base.group_54                                                91ms
  sci_group_base.group_55                                                97ms
  sci_group_base.group_56                                                98ms
  sci_group_base.group_57                                                112ms
  sci_group_base.group_58                                                94ms
  sci_group_base.group_59                                                98ms
  sci_group_base.group_6                                                 99ms
  sci_group_base.group_60                                                91ms
  sci_group_base.group_61                                                92ms
  sci_group_base.group_62                                                101ms
  sci_group_base.group_63                                                99ms
  sci_group_base.group_64                                                98ms
  sci_group_base.group_65                                                91ms
  sci_group_base.group_66                                                95ms
  sci_group_base.group_67                                                93ms
  sci_group_base.group_68                                                99ms
  sci_group_base.group_69                                                108ms
  sci_group_base.group_7                                                 104ms
  sci_group_base.group_70                                                92ms
  sci_group_base.group_71                                                101ms
  sci_group_base.group_72                                                103ms
  sci_group_base.group_73                                                91ms
  sci_group_base.group_74                                                92ms
  sci_group_base.group_75                                                92ms
  sci_group_base.group_76                                                95ms
  sci_group_base.group_77                                                103ms
  sci_group_base.group_78                                                102ms
  sci_group_base.group_79                                                98ms
  sci_group_base.group_8                                                 308ms
  sci_group_base.group_80                                                92ms
  sci_group_base.group_81                                                96ms
  sci_group_base.group_82                                                111ms
  sci_group_base.group_83                                                103ms
  sci_group_base.group_84                                                98ms
  sci_group_base.group_85                                                97ms
  sci_group_base.group_86                                                91ms
  sci_group_base.group_87                                                96ms
  sci_group_base.group_88                                                103ms
  sci_group_base.group_89                                                95ms
  sci_group_base.group_9                                                 93ms
  sci_group_base.group_90                                                93ms
  sci_group_base.group_91                                                101ms
  sci_group_base.group_92                                                92ms
  sci_group_base.group_93                                                99ms
  sci_group_base.group_94                                                309ms
  sci_group_base.group_95                                                95ms
  sci_group_base.group_96                                                101ms
  sci_group_base.group_97                                                99ms
  sci_group_base.group_98                                                97ms
  sci_group_base.group_99                                                99ms
  sci_user.user_1                                                        105ms
  sci_user.user_10                                                       88ms
  sci_user.user_100                                                      97ms
  sci_user.user_101                                                      86ms
  sci_user.user_102                                                      96ms
  sci_user.user_103                                                      89ms
  sci_user.user_104                                                      90ms
  sci_user.user_105                                                      95ms
  sci_user.user_106                                                      92ms
  sci_user.user_107                                                      93ms
  sci_user.user_108                                                      104ms
  sci_user.user_109                                                      91ms
  sci_user.user_11                                                       103ms
  sci_user.user_110                                                      91ms
  sci_user.user_111                                                      97ms
  sci_user.user_112                                                      87ms
  sci_user.user_113                                                      93ms
  sci_user.user_114                                                      97ms
  sci_user.user_115                                                      96ms
  sci_user.user_116                                                      100ms
  sci_user.user_117                                                      92ms
  sci_user.user_118                                                      95ms
  sci_user.user_119                                                      87ms
  sci_user.user_12                                                       94ms
  sci_user.user_120                                                      97ms
  sci_user.user_121                                                      86ms
  sci_user.user_122                                                      89ms
  sci_user.user_123                                                      100ms
  sci_user.user_124                                                      100ms
  sci_user.user_125                                                      87ms
  sci_user.user_126                                                      87ms
  sci_user.user_127                                                      100ms
  sci_user.user_128                                                      144ms
  sci_user.user_129                                                      106ms
  sci_user.user_13                                                       90ms
  sci_user.user_130                                                      100ms
  sci_user.user_131                                                      98ms
  sci_user.user_132                                                      107ms
  sci_user.user_133                                                      90ms
  sci_user.user_134                                                      93ms
  sci_user.user_135                                                      90ms
  sci_user.user_136                                                      119ms
  sci_user.user_137                                                      84ms
  sci_user.user_138                                                      88ms
  sci_user.user_139                                                      91ms
  sci_user.user_14                                                       96ms
  sci_user.user_140                                                      87ms
  sci_user.user_141                                                      105ms
  sci_user.user_142                                                      78ms
  sci_user.user_143                                                      93ms
  sci_user.user_144                                                      94ms
  sci_user.user_145                                                      88ms
  sci_user.user_146                                                      96ms
  sci_user.user_147                                                      91ms
  sci_user.user_148                                                      91ms
  sci_user.user_149                                                      96ms
  sci_user.user_15                                                       100ms
  sci_user.user_150                                                      101ms
  sci_user.user_151                                                      96ms
  sci_user.user_152                                                      89ms
  sci_user.user_153                                                      89ms
  sci_user.user_154                                                      96ms
  sci_user.user_155                                                      93ms
  sci_user.user_156                                                      87ms
  sci_user.user_157                                                      105ms
  sci_user.user_158                                                      109ms
  sci_user.user_159                                                      92ms
  sci_user.user_16                                                       92ms
  sci_user.user_160                                                      310ms
  sci_user.user_161                                                      95ms
  sci_user.user_162                                                      88ms
  sci_user.user_163                                                      97ms
  sci_user.user_164                                                      118ms
  sci_user.user_165                                                      87ms
  sci_user.user_166                                                      90ms
  sci_user.user_167                                                      91ms
  sci_user.user_168                                                      104ms
  sci_user.user_169                                                      96ms
  sci_user.user_17                                                       91ms
  sci_user.user_170                                                      90ms
  sci_user.user_171                                                      93ms
  sci_user.user_172                                                      91ms
  sci_user.user_173                                                      98ms
  sci_user.user_174                                                      99ms
  sci_user.user_175                                                      88ms
  sci_user.user_176                                                      98ms
  sci_user.user_177                                                      91ms
  sci_user.user_178                                                      95ms
  sci_user.user_179                                                      93ms
  sci_user.user_18                                                       91ms
  sci_user.user_180                                                      93ms
  sci_user.user_181                                                      111ms
  sci_user.user_182                                                      90ms
  sci_user.user_183                                                      99ms
  sci_user.user_184                                                      95ms
  sci_user.user_185                                                      119ms
  sci_user.user_186                                                      100ms
  sci_user.user_187                                                      85ms
  sci_user.user_188                                                      123ms
  sci_user.user_189                                                      86ms
  sci_user.user_19                                                       87ms
  sci_user.user_190                                                      87ms
  sci_user.user_191                                                      106ms
  sci_user.user_192                                                      97ms
  sci_user.user_193                                                      100ms
  sci_user.user_194                                                      103ms
  sci_user.user_195                                                      105ms
  sci_user.user_196                                                      99ms
  sci_user.user_197                                                      96ms
  sci_user.user_198                                                      106ms
  sci_user.user_199                                                      94ms
  sci_user.user_2                                                        88ms
  sci_user.user_20                                                       92ms
  sci_user.user_200                                                      89ms
  sci_user.user_201                                                      91ms
  sci_user.user_202                                                      94ms
  sci_user.user_203                                                      87ms
  sci_user.user_204                                                      95ms
  sci_user.user_205                                                      89ms
  sci_user.user_206                                                      94ms
  sci_user.user_207                                                      89ms
  sci_user.user_208                                                      87ms
  sci_user.user_209                                                      88ms
  sci_user.user_21                                                       91ms
  sci_user.user_210                                                      92ms
  sci_user.user_211                                                      104ms
  sci_user.user_212                                                      116ms
  sci_user.user_213                                                      92ms
  sci_user.user_214                                                      91ms
  sci_user.user_215                                                      100ms
  sci_user.user_216                                                      90ms
  sci_user.user_217                                                      100ms
  sci_user.user_218                                                      99ms
  sci_user.user_219                                                      86ms
  sci_user.user_22                                                       94ms
  sci_user.user_220                                                      103ms
  sci_user.user_221                                                      90ms
  sci_user.user_222                                                      84ms
  sci_user.user_223                                                      108ms
  sci_user.user_224                                                      89ms
  sci_user.user_225                                                      88ms
  sci_user.user_226                                                      97ms
  sci_user.user_227                                                      109ms
  sci_user.user_228                                                      98ms
  sci_user.user_229                                                      95ms
  sci_user.user_23                                                       87ms
  sci_user.user_230                                                      95ms
  sci_user.user_231                                                      93ms
  sci_user.user_232                                                      97ms
  sci_user.user_233                                                      92ms
  sci_user.user_234                                                      94ms
  sci_user.user_235                                                      91ms
  sci_user.user_236                                                      86ms
  sci_user.user_237                                                      88ms
  sci_user.user_238                                                      91ms
  sci_user.user_239                                                      95ms
  sci_user.user_24                                                       89ms
  sci_user.user_240                                                      96ms
  sci_user.user_241                                                      93ms
  sci_user.user_242                                                      98ms
  sci_user.user_243                                                      98ms
  sci_user.user_244                                                      96ms
  sci_user.user_245                                                      98ms
  sci_user.user_246                                                      91ms
  sci_user.user_247                                                      87ms
  sci_user.user_248                                                      97ms
  sci_user.user_249                                                      94ms
  sci_user.user_25                                                       102ms
  sci_user.user_250                                                      92ms
  sci_user.user_26                                                       99ms
  sci_user.user_27                                                       96ms
  sci_user.user_28                                                       96ms
  sci_user.user_29                                                       95ms
  sci_user.user_3                                                        86ms
  sci_user.user_30                                                       84ms
  sci_user.user_31                                                       92ms
  sci_user.user_32                                                       90ms
  sci_user.user_33                                                       94ms
  sci_user.user_34                                                       87ms
  sci_user.user_35                                                       110ms
  sci_user.user_36                                                       84ms
  sci_user.user_37                                                       96ms
  sci_user.user_38                                                       95ms
  sci_user.user_39                                                       92ms
  sci_user.user_4                                                        96ms
  sci_user.user_40                                                       92ms
  sci_user.user_41                                                       131ms
  sci_user.user_42                                                       97ms
  sci_user.user_43                                                       101ms
  sci_user.user_44                                                       91ms
  sci_user.user_45                                                       96ms
  sci_user.user_46                                                       94ms
  sci_user.user_47                                                       92ms
  sci_user.user_48                                                       104ms
  sci_user.user_49                                                       123ms
  sci_user.user_5                                                        122ms
  sci_user.user_50                                                       102ms
  sci_user.user_51                                                       93ms
  sci_user.user_52                                                       93ms
  sci_user.user_53                                                       91ms
  sci_user.user_54                                                       100ms
  sci_user.user_55                                                       96ms
  sci_user.user_56                                                       94ms
  sci_user.user_57                                                       103ms
  sci_user.user_58                                                       86ms
  sci_user.user_59                                                       132ms
  sci_user.user_6                                                        90ms
  sci_user.user_60                                                       93ms
  sci_user.user_61                                                       90ms
  sci_user.user_62                                                       93ms
  sci_user.user_63                                                       85ms
  sci_user.user_64                                                       97ms
  sci_user.user_65                                                       103ms
  sci_user.user_66                                                       92ms
  sci_user.user_67                                                       87ms
  sci_user.user_68                                                       95ms
  sci_user.user_69                                                       100ms
  sci_user.user_7                                                        85ms
  sci_user.user_70                                                       107ms
  sci_user.user_71                                                       84ms
  sci_user.user_72                                                       85ms
  sci_user.user_73                                                       89ms
  sci_user.user_74                                                       88ms
  sci_user.user_75                                                       105ms
  sci_user.user_76                                                       84ms
  sci_user.user_77                                                       102ms
  sci_user.user_78                                                       88ms
  sci_user.user_79                                                       97ms
  sci_user.user_8                                                        87ms
  sci_user.user_80                                                       97ms
  sci_user.user_81                                                       89ms
  sci_user.user_82                                                       95ms
  sci_user.user_83                                                       97ms
  sci_user.user_84                                                       85ms
  sci_user.user_85                                                       88ms
  sci_user.user_86                                                       92ms
  sci_user.user_87                                                       88ms
  sci_user.user_88                                                       91ms
  sci_user.user_89                                                       94ms
  sci_user.user_9                                                        98ms
  sci_user.user_90                                                       90ms
  sci_user.user_91                                                       95ms
  sci_user.user_92                                                       89ms
  sci_user.user_93                                                       88ms
  sci_user.user_94                                                       100ms
  sci_user.user_95                                                       84ms
  sci_user.user_96                                                       96ms
  sci_user.user_97                                                       129ms
  sci_user.user_98                                                       96ms
  sci_user.user_99                                                       92ms


Final results:
-------                                               ------------    -----------    -----------
Element                                               Average (ms)   Minimum (ms)   Maximum (ms)
btp_directory.directory_1                                   794.00            496           1389
btp_directory.directory_10                                  547.33            122           1261
btp_directory.directory_11                                  212.00             93            430
btp_directory.directory_12                                  742.00            104           2007
btp_directory.directory_13                                  285.67            111            631
btp_directory.directory_14                                 1046.67            653           1522
btp_directory.directory_15                                  311.67             86            518
btp_directory.directory_16                                  117.00            105            126
btp_directory.directory_17                                  495.67            112           1260
btp_directory.directory_18                                  899.00            132           1680
btp_directory.directory_19                                  829.67            103           1281
btp_directory.directory_2                                   275.33            123            578
btp_directory.directory_20                                  780.67            105           1559
btp_directory.directory_21                                  648.67            567            693
btp_directory.directory_22                                  540.00            103           1401
btp_directory.directory_23                                  497.67            110           1264
btp_directory.directory_24                                  783.33            116           1520
btp_directory.directory_25                                  428.00            105            708
btp_directory.directory_26                                  208.00            113            294
btp_directory.directory_27                                  529.67             94            790
btp_directory.directory_28                                  779.33            201           1158
btp_directory.directory_29                                  395.33             98            979
btp_directory.directory_3                                   152.00            102            249
btp_directory.directory_30                                 1025.00            623           1265
btp_directory.directory_31                                  745.00            101           1208
btp_directory.directory_32                                 1046.00            193           1638
btp_directory.directory_33                                  549.33            296            732
btp_directory.directory_34                                  594.67            465            800
btp_directory.directory_35                                  410.00            117            744
btp_directory.directory_36                                 1189.33            152           2323
btp_directory.directory_37                                  805.00            113           1231
btp_directory.directory_38                                  115.67             98            134
btp_directory.directory_39                                  225.67            110            337
btp_directory.directory_4                                   172.00            103            255
btp_directory.directory_40                                  622.00            114           1456
btp_directory.directory_41                                 1061.00            702           1287
btp_directory.directory_42                                  383.33            134            623
btp_directory.directory_43                                  223.00            118            346
btp_directory.directory_44                                  712.67            138           1194
btp_directory.directory_45                                 1015.00            787           1429
btp_directory.directory_46                                  641.00            103           1591
btp_directory.directory_47                                 1100.67            501           1468
btp_directory.directory_48                                  113.33            102            120
btp_directory.directory_49                                  444.33            112            856
btp_directory.directory_5                                  7106.67            102          21100
btp_directory.directory_50                                  292.33            109            465
btp_directory.directory_6                                   422.67            117            679
btp_directory.directory_7                                   203.33            117            318
btp_directory.directory_8                                   657.00            146           1068
btp_directory.directory_9                                   424.33             93           1078
btp_subaccount.subaccount_1                                 150.00             89            215
btp_subaccount.subaccount_10                                740.67            591            960
btp_subaccount.subaccount_11                                370.67             52            761
btp_subaccount.subaccount_12                                 49.00             41             57
btp_subaccount.subaccount_13                                108.33             50            219
btp_subaccount.subaccount_14                                354.33             59            610
btp_subaccount.subaccount_15                                662.00            362            904
btp_subaccount.subaccount_16                                596.00            515            690
btp_subaccount.subaccount_17                               3512.00             47          10433
btp_subaccount.subaccount_18                                439.00             59            877
btp_subaccount.subaccount_19                                244.67             40            411
btp_subaccount.subaccount_2                                 256.00             48            672
btp_subaccount.subaccount_20                                202.00             45            309
btp_subaccount.subaccount_21                                242.33             44            367
btp_subaccount.subaccount_22                                237.67             55            365
btp_subaccount.subaccount_23                                406.33             60           1034
btp_subaccount.subaccount_24                                287.33             45            534
btp_subaccount.subaccount_25                                272.67             79            653
btp_subaccount.subaccount_26                                409.67             64            938
btp_subaccount.subaccount_27                               4139.33             43          12106
btp_subaccount.subaccount_28                                550.67            344            685
btp_subaccount.subaccount_29                                364.00             58            589
btp_subaccount.subaccount_3                                 159.33             39            379
btp_subaccount.subaccount_30                                200.67             95            345
btp_subaccount.subaccount_31                                146.33             82            197
btp_subaccount.subaccount_32                                468.67            248            789
btp_subaccount.subaccount_33                                317.33             48            856
btp_subaccount.subaccount_34                                 52.67             51             54
btp_subaccount.subaccount_35                                640.33             86           1299
btp_subaccount.subaccount_36                                112.00             49            208
btp_subaccount.subaccount_37                                182.00             48            277
btp_subaccount.subaccount_38                                417.67             97            755
btp_subaccount.subaccount_39                                667.33            357            946
btp_subaccount.subaccount_4                                 344.33            104            713
btp_subaccount.subaccount_40                                337.67             44            493
btp_subaccount.subaccount_41                                286.00             43            444
btp_subaccount.subaccount_42                                303.67            151            546
btp_subaccount.subaccount_43                                467.67             93            687
btp_subaccount.subaccount_44                                323.67             52            515
btp_subaccount.subaccount_45                                618.33             93           1203
btp_subaccount.subaccount_46                                320.00            103            497
btp_subaccount.subaccount_47                                150.33             47            350
btp_subaccount.subaccount_48                                327.00            290            366
btp_subaccount.subaccount_49                                282.67             40            766
btp_subaccount.subaccount_5                                 392.67            234            539
btp_subaccount.subaccount_50                                185.67             52            447
btp_subaccount.subaccount_6                                 429.00            321            567
btp_subaccount.subaccount_7                                 227.67             58            529
btp_subaccount.subaccount_8                                 259.67             49            498
btp_subaccount.subaccount_9                                 297.67             48            433
btp_subaccount_destination_generic.destination_1            175.00            158            191
btp_subaccount_destination_generic.destination_10          3805.33            464          10254
btp_subaccount_destination_generic.destination_100          549.00            358            725
btp_subaccount_destination_generic.destination_11           252.33            158            406
btp_subaccount_destination_generic.destination_12           482.00            396            548
btp_subaccount_destination_generic.destination_13           490.00            176            994
btp_subaccount_destination_generic.destination_14           397.33            243            633
btp_subaccount_destination_generic.destination_15           513.67            185           1151
btp_subaccount_destination_generic.destination_16           328.00            202            435
btp_subaccount_destination_generic.destination_17           267.00            188            356
btp_subaccount_destination_generic.destination_18           623.00            515            774
btp_subaccount_destination_generic.destination_19           220.67            190            280
btp_subaccount_destination_generic.destination_2            399.67            216            619
btp_subaccount_destination_generic.destination_20           235.00            198            299
btp_subaccount_destination_generic.destination_21           802.00            568           1045
btp_subaccount_destination_generic.destination_22           570.67            268            802
btp_subaccount_destination_generic.destination_23           549.67            369            705
btp_subaccount_destination_generic.destination_24          5137.00            329          14236
btp_subaccount_destination_generic.destination_25           784.67            250           1126
btp_subaccount_destination_generic.destination_26           448.00            247            654
btp_subaccount_destination_generic.destination_27           610.00            492            695
btp_subaccount_destination_generic.destination_28           318.00            158            617
btp_subaccount_destination_generic.destination_29           568.33            221            939
btp_subaccount_destination_generic.destination_3            268.67            152            450
btp_subaccount_destination_generic.destination_30           369.33            190            597
btp_subaccount_destination_generic.destination_31           858.67            711            988
btp_subaccount_destination_generic.destination_32           421.00            138            871
btp_subaccount_destination_generic.destination_33           643.67            387            868
btp_subaccount_destination_generic.destination_34           367.00            162            471
btp_subaccount_destination_generic.destination_35           591.33            441            848
btp_subaccount_destination_generic.destination_36           362.67            309            467
btp_subaccount_destination_generic.destination_37          4223.33            278          12017
btp_subaccount_destination_generic.destination_38           844.33            567           1146
btp_subaccount_destination_generic.destination_39           717.67            610            850
btp_subaccount_destination_generic.destination_4            352.67            140            706
btp_subaccount_destination_generic.destination_40           360.67            307            408
btp_subaccount_destination_generic.destination_41           624.00            372            967
btp_subaccount_destination_generic.destination_42           521.67            264            987
btp_subaccount_destination_generic.destination_43           466.67            316            613
btp_subaccount_destination_generic.destination_44           838.67            548            993
btp_subaccount_destination_generic.destination_45           516.00            157            874
btp_subaccount_destination_generic.destination_46           960.33            848           1144
btp_subaccount_destination_generic.destination_47           637.00            420            983
btp_subaccount_destination_generic.destination_48           391.33            187            796
btp_subaccount_destination_generic.destination_49           193.00            163            233
btp_subaccount_destination_generic.destination_5            903.67            195           1341
btp_subaccount_destination_generic.destination_50           519.67            340            725
btp_subaccount_destination_generic.destination_51           629.00            513            814
btp_subaccount_destination_generic.destination_52           462.33            330            627
btp_subaccount_destination_generic.destination_53           313.00            212            497
btp_subaccount_destination_generic.destination_54           616.33            456            936
btp_subaccount_destination_generic.destination_55           313.67            151            629
btp_subaccount_destination_generic.destination_56           251.00            170            358
btp_subaccount_destination_generic.destination_57           555.67            296            891
btp_subaccount_destination_generic.destination_58          4924.67            267          14229
btp_subaccount_destination_generic.destination_59           343.00            189            622
btp_subaccount_destination_generic.destination_6            733.33            458            956
btp_subaccount_destination_generic.destination_60           497.33            159            823
btp_subaccount_destination_generic.destination_61          5088.67            311          14108
btp_subaccount_destination_generic.destination_62           448.67            359            505
btp_subaccount_destination_generic.destination_63           457.00            158            765
btp_subaccount_destination_generic.destination_64           481.33            183           1067
btp_subaccount_destination_generic.destination_65           430.00            205            831
btp_subaccount_destination_generic.destination_66           453.67            140           1051
btp_subaccount_destination_generic.destination_67           541.33            195            729
btp_subaccount_destination_generic.destination_68           780.33            484           1015
btp_subaccount_destination_generic.destination_69           391.33            196            630
btp_subaccount_destination_generic.destination_7            307.67            190            510
btp_subaccount_destination_generic.destination_70          4254.67            154          11972
btp_subaccount_destination_generic.destination_71           420.67            152            861
btp_subaccount_destination_generic.destination_72           340.00            172            642
btp_subaccount_destination_generic.destination_73           497.00            184           1050
btp_subaccount_destination_generic.destination_74           864.33            348           1506
btp_subaccount_destination_generic.destination_75           326.00            164            645
btp_subaccount_destination_generic.destination_76           327.00            218            540
btp_subaccount_destination_generic.destination_77           467.67            203            986
btp_subaccount_destination_generic.destination_78           934.67            819           1125
btp_subaccount_destination_generic.destination_79           395.33            209            767
btp_subaccount_destination_generic.destination_8            578.33            178           1353
btp_subaccount_destination_generic.destination_80           168.33            135            190
btp_subaccount_destination_generic.destination_81           472.67            215            824
btp_subaccount_destination_generic.destination_82           226.33            160            288
btp_subaccount_destination_generic.destination_83           403.00            250            501
btp_subaccount_destination_generic.destination_84          4748.00            827          12437
btp_subaccount_destination_generic.destination_85           566.00            142            788
btp_subaccount_destination_generic.destination_86           335.33            180            633
btp_subaccount_destination_generic.destination_87           558.00            309            776
btp_subaccount_destination_generic.destination_88           396.67            159            709
btp_subaccount_destination_generic.destination_89           326.67            196            574
btp_subaccount_destination_generic.destination_9            709.67            189           1055
btp_subaccount_destination_generic.destination_90           703.67            532            828
btp_subaccount_destination_generic.destination_91           383.00            174            545
btp_subaccount_destination_generic.destination_92           663.67            326            839
btp_subaccount_destination_generic.destination_93           394.67            232            710
btp_subaccount_destination_generic.destination_94           378.00            199            473
btp_subaccount_destination_generic.destination_95           370.00            155            532
btp_subaccount_destination_generic.destination_96           293.33            159            516
btp_subaccount_destination_generic.destination_97           445.33            180            969
btp_subaccount_destination_generic.destination_98           438.33            188            676
btp_subaccount_destination_generic.destination_99           658.67            139            965
btp_subaccount_entitlement.entitlement_1                  10913.67          10864          10994
btp_subaccount_entitlement.entitlement_10                 11567.00          11011          12097
btp_subaccount_entitlement.entitlement_100                11074.67          10819          11248
btp_subaccount_entitlement.entitlement_101                11050.67          10962          11141
btp_subaccount_entitlement.entitlement_102                11245.33          10552          12489
btp_subaccount_entitlement.entitlement_103                11201.67          10813          11637
btp_subaccount_entitlement.entitlement_104                11360.00          11208          11455
btp_subaccount_entitlement.entitlement_105                11245.00          10532          11869
btp_subaccount_entitlement.entitlement_106                11734.00          11097          12589
btp_subaccount_entitlement.entitlement_107                11320.67          10983          11563
btp_subaccount_entitlement.entitlement_108                11145.33          10954          11299
btp_subaccount_entitlement.entitlement_109                11278.67          11077          11674
btp_subaccount_entitlement.entitlement_11                 11460.33          11204          11696
btp_subaccount_entitlement.entitlement_110                15183.33          11050          23275
btp_subaccount_entitlement.entitlement_111                11288.33          10624          11712
btp_subaccount_entitlement.entitlement_112                11239.33          10997          11652
btp_subaccount_entitlement.entitlement_113                11672.67          11500          11981
btp_subaccount_entitlement.entitlement_114                11212.33          11078          11433
btp_subaccount_entitlement.entitlement_115                10947.00          10673          11479
btp_subaccount_entitlement.entitlement_116                18512.00          11543          32119
btp_subaccount_entitlement.entitlement_117                11652.33          11311          12156
btp_subaccount_entitlement.entitlement_118                11580.00          11175          11830
btp_subaccount_entitlement.entitlement_119                11838.00          11022          12739
btp_subaccount_entitlement.entitlement_12                 10874.67          10526          11223
btp_subaccount_entitlement.entitlement_120                11434.67          10852          12224
btp_subaccount_entitlement.entitlement_121                11340.00          10714          11944
btp_subaccount_entitlement.entitlement_122                11200.00          11092          11315
btp_subaccount_entitlement.entitlement_123                13376.33          11186          17435
btp_subaccount_entitlement.entitlement_124                11971.00          11629          12282
btp_subaccount_entitlement.entitlement_125                11062.33          10803          11413
btp_subaccount_entitlement.entitlement_126                11593.00          10951          12713
btp_subaccount_entitlement.entitlement_127                11244.00          10876          11541
btp_subaccount_entitlement.entitlement_128                13277.00          11308          16985
btp_subaccount_entitlement.entitlement_129                11703.33          10652          12975
btp_subaccount_entitlement.entitlement_13                 11177.00          10686          11604
btp_subaccount_entitlement.entitlement_130                11241.00          11055          11472
btp_subaccount_entitlement.entitlement_131                10982.33          10583          11630
btp_subaccount_entitlement.entitlement_132                11054.67          10579          11701
btp_subaccount_entitlement.entitlement_133                11724.00          10554          12416
btp_subaccount_entitlement.entitlement_134                11059.67          10889          11243
btp_subaccount_entitlement.entitlement_135                12324.33          11417          13217
btp_subaccount_entitlement.entitlement_136                14981.00          11597          21372
btp_subaccount_entitlement.entitlement_137                10963.33          10755          11319
btp_subaccount_entitlement.entitlement_138                11498.33          11367          11692
btp_subaccount_entitlement.entitlement_139                11073.33          10889          11201
btp_subaccount_entitlement.entitlement_14                 18154.00          11548          31304
btp_subaccount_entitlement.entitlement_140                11378.33          11076          11757
btp_subaccount_entitlement.entitlement_141                15154.00          11372          17522
btp_subaccount_entitlement.entitlement_142                13381.33          10455          18973
btp_subaccount_entitlement.entitlement_143                11976.33          11683          12473
btp_subaccount_entitlement.entitlement_144                12433.00          10690          15848
btp_subaccount_entitlement.entitlement_145                11645.33          10906          12074
btp_subaccount_entitlement.entitlement_146                12571.67          11210          14801
btp_subaccount_entitlement.entitlement_147                11032.33          10607          11461
btp_subaccount_entitlement.entitlement_148                11300.00          10574          12366
btp_subaccount_entitlement.entitlement_149                11153.00          10813          11601
btp_subaccount_entitlement.entitlement_15                 11264.67          11052          11614
btp_subaccount_entitlement.entitlement_150                11321.33          10847          11759
btp_subaccount_entitlement.entitlement_151                11697.00          10951          12702
btp_subaccount_entitlement.entitlement_152                11362.67          10735          12298
btp_subaccount_entitlement.entitlement_153                11907.67          11209          12292
btp_subaccount_entitlement.entitlement_154                11226.33          10962          11626
btp_subaccount_entitlement.entitlement_155                11374.00          10901          11699
btp_subaccount_entitlement.entitlement_156                10809.67          10502          11304
btp_subaccount_entitlement.entitlement_157                11422.33          10906          12099
btp_subaccount_entitlement.entitlement_158                11582.67          10746          12690
btp_subaccount_entitlement.entitlement_159                11469.67          10769          12234
btp_subaccount_entitlement.entitlement_16                 11569.33          10738          12721
btp_subaccount_entitlement.entitlement_160                11071.00          10664          11438
btp_subaccount_entitlement.entitlement_161                11165.67          10532          11491
btp_subaccount_entitlement.entitlement_162                11275.00          10653          12255
btp_subaccount_entitlement.entitlement_163                10842.67          10595          11125
btp_subaccount_entitlement.entitlement_164                11847.67          10527          13207
btp_subaccount_entitlement.entitlement_165                11107.00          10677          11609
btp_subaccount_entitlement.entitlement_166                11200.00          10898          11537
btp_subaccount_entitlement.entitlement_167                17969.00          10699          32142
btp_subaccount_entitlement.entitlement_168                11087.00          10595          11502
btp_subaccount_entitlement.entitlement_169                11030.67          10883          11273
btp_subaccount_entitlement.entitlement_17                 11122.33          10661          11685
btp_subaccount_entitlement.entitlement_170                11210.33          10503          11634
btp_subaccount_entitlement.entitlement_171                11411.33          10560          12898
btp_subaccount_entitlement.entitlement_172                11521.33          11123          12240
btp_subaccount_entitlement.entitlement_173                11326.00          10942          11574
btp_subaccount_entitlement.entitlement_174                10786.67          10650          10991
btp_subaccount_entitlement.entitlement_175                11475.33          10905          12023
btp_subaccount_entitlement.entitlement_176                11097.67          10692          11387
btp_subaccount_entitlement.entitlement_177                11145.00          10956          11407
btp_subaccount_entitlement.entitlement_178                11848.00          10587          12525
btp_subaccount_entitlement.entitlement_179                11876.00          11400          12283
btp_subaccount_entitlement.entitlement_18                 10928.00          10714          11057
btp_subaccount_entitlement.entitlement_180                12040.67          11445          12749
btp_subaccount_entitlement.entitlement_181                11492.33          10927          12457
btp_subaccount_entitlement.entitlement_182                18265.00          10963          31935
btp_subaccount_entitlement.entitlement_183                14454.33          10866          20526
btp_subaccount_entitlement.entitlement_184                10794.67          10678          10970
btp_subaccount_entitlement.entitlement_185                11413.33          10789          12111
btp_subaccount_entitlement.entitlement_186                10883.00          10640          11174
btp_subaccount_entitlement.entitlement_187                12169.67          10507          14598
btp_subaccount_entitlement.entitlement_188                11396.00          10598          12372
btp_subaccount_entitlement.entitlement_189                10880.00          10604          11411
btp_subaccount_entitlement.entitlement_19                 11091.67          10725          11608
btp_subaccount_entitlement.entitlement_190                10977.67          10674          11296
btp_subaccount_entitlement.entitlement_191                11647.33          11097          11993
btp_subaccount_entitlement.entitlement_192                10981.00          10685          11564
btp_subaccount_entitlement.entitlement_193                11145.33          10635          11840
btp_subaccount_entitlement.entitlement_194                11321.00          11013          11620
btp_subaccount_entitlement.entitlement_195                11342.67          11035          11559
btp_subaccount_entitlement.entitlement_196                11334.67          10818          12055
btp_subaccount_entitlement.entitlement_197                11568.33          11014          12651
btp_subaccount_entitlement.entitlement_198                10546.67          10509          10568
btp_subaccount_entitlement.entitlement_199                11309.67          10683          12311
btp_subaccount_entitlement.entitlement_2                  11636.67          10973          12061
btp_subaccount_entitlement.entitlement_20                 11162.00          10874          11435
btp_subaccount_entitlement.entitlement_200                11698.67          11291          11980
btp_subaccount_entitlement.entitlement_21                 14521.00          11056          21345
btp_subaccount_entitlement.entitlement_22                 11836.00          11502          12139
btp_subaccount_entitlement.entitlement_23                 11308.33          11096          11430
btp_subaccount_entitlement.entitlement_24                 11286.67          10858          11667
btp_subaccount_entitlement.entitlement_25                 10947.33          10864          11000
btp_subaccount_entitlement.entitlement_26                 11242.00          10902          11434
btp_subaccount_entitlement.entitlement_27                 11431.67          11041          11732
btp_subaccount_entitlement.entitlement_28                 11345.33          10950          11740
btp_subaccount_entitlement.entitlement_29                 10937.67          10542          11476
btp_subaccount_entitlement.entitlement_3                  10851.33          10590          11323
btp_subaccount_entitlement.entitlement_30                 11056.67          10514          11682
btp_subaccount_entitlement.entitlement_31                 11592.67          11124          12281
btp_subaccount_entitlement.entitlement_32                 11251.33          10738          11835
btp_subaccount_entitlement.entitlement_33                 11522.00          11165          11815
btp_subaccount_entitlement.entitlement_34                 11266.67          10628          11659
btp_subaccount_entitlement.entitlement_35                 10875.00          10648          10989
btp_subaccount_entitlement.entitlement_36                 11107.00          10852          11245
btp_subaccount_entitlement.entitlement_37                 11190.00          10563          11665
btp_subaccount_entitlement.entitlement_38                 17813.33          11044          31252
btp_subaccount_entitlement.entitlement_39                 11347.33          10665          11783
btp_subaccount_entitlement.entitlement_4                  10975.67          10788          11204
btp_subaccount_entitlement.entitlement_40                 12880.33          10874          16454
btp_subaccount_entitlement.entitlement_41                 11349.67          10527          12164
btp_subaccount_entitlement.entitlement_42                 11026.67          10524          11725
btp_subaccount_entitlement.entitlement_43                 11082.00          10718          11549
btp_subaccount_entitlement.entitlement_44                 11197.00          10802          11438
btp_subaccount_entitlement.entitlement_45                 11548.00          11011          12084
btp_subaccount_entitlement.entitlement_46                 11308.67          10875          11560
btp_subaccount_entitlement.entitlement_47                 15164.00          11624          22048
btp_subaccount_entitlement.entitlement_48                 10739.00          10598          10999
btp_subaccount_entitlement.entitlement_49                 11596.00          11149          12012
btp_subaccount_entitlement.entitlement_5                  11312.00          11130          11424
btp_subaccount_entitlement.entitlement_50                 11471.00          11337          11679
btp_subaccount_entitlement.entitlement_51                 11351.00          11029          11527
btp_subaccount_entitlement.entitlement_52                 11464.33          11280          11769
btp_subaccount_entitlement.entitlement_53                 13756.33          10837          18864
btp_subaccount_entitlement.entitlement_54                 11675.67          11041          12148
btp_subaccount_entitlement.entitlement_55                 11866.33          10867          12533
btp_subaccount_entitlement.entitlement_56                 14238.33          11553          18573
btp_subaccount_entitlement.entitlement_57                 12385.00          10916          14934
btp_subaccount_entitlement.entitlement_58                 10859.33          10566          11362
btp_subaccount_entitlement.entitlement_59                 11851.33          11317          12794
btp_subaccount_entitlement.entitlement_6                  18173.00          10604          32014
btp_subaccount_entitlement.entitlement_60                 11214.33          10717          11654
btp_subaccount_entitlement.entitlement_61                 11738.33          10935          12839
btp_subaccount_entitlement.entitlement_62                 11268.33          10852          11603
btp_subaccount_entitlement.entitlement_63                 11307.00          11208          11477
btp_subaccount_entitlement.entitlement_64                 10893.67          10536          11384
btp_subaccount_entitlement.entitlement_65                 11804.33          11159          13086
btp_subaccount_entitlement.entitlement_66                 10699.67          10531          10804
btp_subaccount_entitlement.entitlement_67                 11473.33          10971          12052
btp_subaccount_entitlement.entitlement_68                 11211.67          10643          11651
btp_subaccount_entitlement.entitlement_69                 10706.67          10543          10800
btp_subaccount_entitlement.entitlement_7                  10910.67          10798          11129
btp_subaccount_entitlement.entitlement_70                 11942.00          11534          12723
btp_subaccount_entitlement.entitlement_71                 10925.33          10681          11273
btp_subaccount_entitlement.entitlement_72                 11055.00          10774          11247
btp_subaccount_entitlement.entitlement_73                 11592.33          10579          12649
btp_subaccount_entitlement.entitlement_74                 10777.33          10531          11235
btp_subaccount_entitlement.entitlement_75                 11184.33          10832          11369
btp_subaccount_entitlement.entitlement_76                 10766.33          10524          11152
btp_subaccount_entitlement.entitlement_77                 11331.67          11157          11518
btp_subaccount_entitlement.entitlement_78                 11447.33          11104          11893
btp_subaccount_entitlement.entitlement_79                 12075.00          11197          13082
btp_subaccount_entitlement.entitlement_8                  10866.33          10606          11172
btp_subaccount_entitlement.entitlement_80                 11581.33          11116          11925
btp_subaccount_entitlement.entitlement_81                 12336.00          10545          15093
btp_subaccount_entitlement.entitlement_82                 10859.00          10545          11308
btp_subaccount_entitlement.entitlement_83                 10956.67          10681          11155
btp_subaccount_entitlement.entitlement_84                 11021.00          10623          11401
btp_subaccount_entitlement.entitlement_85                 11319.33          10663          12076
btp_subaccount_entitlement.entitlement_86                 12676.33          10693          15448
btp_subaccount_entitlement.entitlement_87                 11133.67          10607          11465
btp_subaccount_entitlement.entitlement_88                 11347.00          11203          11546
btp_subaccount_entitlement.entitlement_89                 11109.67          10593          11908
btp_subaccount_entitlement.entitlement_9                  14207.33          10818          20569
btp_subaccount_entitlement.entitlement_90                 11265.00          11013          11479
btp_subaccount_entitlement.entitlement_91                 13820.00          10705          19969
btp_subaccount_entitlement.entitlement_92                 10973.33          10544          11197
btp_subaccount_entitlement.entitlement_93                 11741.67          11128          12225
btp_subaccount_entitlement.entitlement_94                 12012.67          11721          12161
btp_subaccount_entitlement.entitlement_95                 11175.33          10730          11649
btp_subaccount_entitlement.entitlement_96                 11396.33          10713          11969
btp_subaccount_entitlement.entitlement_97                 11430.33          10983          11887
btp_subaccount_entitlement.entitlement_98                 13532.67          11159          17582
btp_subaccount_entitlement.entitlement_99                 11455.00          10526          12124
btp_subaccount_environment_instance.cloudfoundry_1          660.67            584            752
btp_subaccount_environment_instance.cloudfoundry_10         755.33            388           1061
btp_subaccount_environment_instance.cloudfoundry_11         581.00            371            789
btp_subaccount_environment_instance.cloudfoundry_12         625.67            371            900
btp_subaccount_environment_instance.cloudfoundry_13         731.00            345           1149
btp_subaccount_environment_instance.cloudfoundry_14         991.00            763           1187
btp_subaccount_environment_instance.cloudfoundry_15         615.67            327            797
btp_subaccount_environment_instance.cloudfoundry_16         697.33            444           1064
btp_subaccount_environment_instance.cloudfoundry_17         917.33            567           1281
btp_subaccount_environment_instance.cloudfoundry_18         551.00            402            839
btp_subaccount_environment_instance.cloudfoundry_19         679.33            360           1025
btp_subaccount_environment_instance.cloudfoundry_2          535.00            356            798
btp_subaccount_environment_instance.cloudfoundry_20         616.00            551            727
btp_subaccount_environment_instance.cloudfoundry_21         511.00            377            777
btp_subaccount_environment_instance.cloudfoundry_22         766.33            372           1043
btp_subaccount_environment_instance.cloudfoundry_23         516.67            369            727
btp_subaccount_environment_instance.cloudfoundry_24         656.00            322           1040
btp_subaccount_environment_instance.cloudfoundry_25         424.67            322            591
btp_subaccount_environment_instance.cloudfoundry_26         759.00            314           1077
btp_subaccount_environment_instance.cloudfoundry_27         527.00            327            913
btp_subaccount_environment_instance.cloudfoundry_28         886.67            505           1171
btp_subaccount_environment_instance.cloudfoundry_29         691.00            576            761
btp_subaccount_environment_instance.cloudfoundry_3          596.67            360            909
btp_subaccount_environment_instance.cloudfoundry_30         762.33            451           1174
btp_subaccount_environment_instance.cloudfoundry_31         607.00            369           1016
btp_subaccount_environment_instance.cloudfoundry_32         721.67            355           1174
btp_subaccount_environment_instance.cloudfoundry_33         781.00            583           1077
btp_subaccount_environment_instance.cloudfoundry_34         924.00            650           1127
btp_subaccount_environment_instance.cloudfoundry_35         614.33            328            949
btp_subaccount_environment_instance.cloudfoundry_36         888.00            554           1083
btp_subaccount_environment_instance.cloudfoundry_37         603.33            349            813
btp_subaccount_environment_instance.cloudfoundry_38         433.00            286            524
btp_subaccount_environment_instance.cloudfoundry_39         694.33            369           1262
btp_subaccount_environment_instance.cloudfoundry_4          736.67            504           1028
btp_subaccount_environment_instance.cloudfoundry_40         503.00            321            735
btp_subaccount_environment_instance.cloudfoundry_41         491.33            324            655
btp_subaccount_environment_instance.cloudfoundry_42         564.33            452            720
btp_subaccount_environment_instance.cloudfoundry_43         491.67            344            773
btp_subaccount_environment_instance.cloudfoundry_44         638.33            374           1150
btp_subaccount_environment_instance.cloudfoundry_45         821.67            457           1357
btp_subaccount_environment_instance.cloudfoundry_46         631.33            301           1156
btp_subaccount_environment_instance.cloudfoundry_47         617.00            388            769
btp_subaccount_environment_instance.cloudfoundry_48         649.33            509            729
btp_subaccount_environment_instance.cloudfoundry_49         630.00            388            775
btp_subaccount_environment_instance.cloudfoundry_5          428.67            367            486
btp_subaccount_environment_instance.cloudfoundry_50         371.67            340            406
btp_subaccount_environment_instance.cloudfoundry_6          619.33            399            761
btp_subaccount_environment_instance.cloudfoundry_7          651.00            375            950
btp_subaccount_environment_instance.cloudfoundry_8          770.33            378           1174
btp_subaccount_environment_instance.cloudfoundry_9          373.33            271            539
btp_subaccount_role.role_1                                  188.00            167            217
btp_subaccount_role.role_10                                 333.33            224            526
btp_subaccount_role.role_100                                329.00            204            419
btp_subaccount_role.role_11                                 439.67            168            928
btp_subaccount_role.role_12                                 329.00            214            461
btp_subaccount_role.role_13                                 662.00            350            828
btp_subaccount_role.role_14                                 484.67            181            922
btp_subaccount_role.role_15                                 410.00            196            534
btp_subaccount_role.role_16                                 496.00            221           1042
btp_subaccount_role.role_17                                 522.67            496            562
btp_subaccount_role.role_18                                 222.33            157            347
btp_subaccount_role.role_19                                 386.33            174            760
btp_subaccount_role.role_2                                  533.67            502            554
btp_subaccount_role.role_20                                 540.00            251            804
btp_subaccount_role.role_21                                 631.33            598            675
btp_subaccount_role.role_22                                 198.00            164            259
btp_subaccount_role.role_23                                 385.67            178            758
btp_subaccount_role.role_24                                 370.00            203            502
btp_subaccount_role.role_25                                 668.67            210           1007
btp_subaccount_role.role_26                                 649.33            247           1075
btp_subaccount_role.role_27                                 486.67            219           1015
btp_subaccount_role.role_28                                 514.33            173            935
btp_subaccount_role.role_29                                 562.67            222            800
btp_subaccount_role.role_3                                  451.00            372            521
btp_subaccount_role.role_30                                 487.00            440            566
btp_subaccount_role.role_31                                 265.67            196            352
btp_subaccount_role.role_32                                 563.33            267            758
btp_subaccount_role.role_33                                 293.67            169            515
btp_subaccount_role.role_34                                 338.00            169            606
btp_subaccount_role.role_35                                 327.33            289            400
btp_subaccount_role.role_36                                 331.67            181            408
btp_subaccount_role.role_37                                 601.67            436            856
btp_subaccount_role.role_38                                 261.00            194            395
btp_subaccount_role.role_39                                 446.00            188            804
btp_subaccount_role.role_4                                  718.00            282           1229
btp_subaccount_role.role_40                                 566.00            249           1001
btp_subaccount_role.role_41                                 220.33            196            242
btp_subaccount_role.role_42                                 592.33            238            930
btp_subaccount_role.role_43                                 397.67            155            555
btp_subaccount_role.role_44                                 281.00            171            498
btp_subaccount_role.role_45                                 731.33            184           1455
btp_subaccount_role.role_46                                 605.00            318            772
btp_subaccount_role.role_47                                 391.33            215            744
btp_subaccount_role.role_48                                 606.00            212           1070
btp_subaccount_role.role_49                                 321.00            208            404
btp_subaccount_role.role_5                                  457.33            180            979
btp_subaccount_role.role_50                                 604.00            367            881
btp_subaccount_role.role_51                                 255.67            181            376
btp_subaccount_role.role_52                                 652.00            499            827
btp_subaccount_role.role_53                                 384.67            175            761
btp_subaccount_role.role_54                                 236.67            213            262
btp_subaccount_role.role_55                                 249.00            166            391
btp_subaccount_role.role_56                                 806.67            469           1289
btp_subaccount_role.role_57                                 553.33            209            974
btp_subaccount_role.role_58                                 449.67            178            766
btp_subaccount_role.role_59                                 470.33            207            628
btp_subaccount_role.role_6                                  372.33            219            573
btp_subaccount_role.role_60                                 361.33            196            691
btp_subaccount_role.role_61                                 468.00            233            586
btp_subaccount_role.role_62                                 192.67            174            225
btp_subaccount_role.role_63                                 429.67            148            968
btp_subaccount_role.role_64                                 371.67            221            660
btp_subaccount_role.role_65                                 440.67            289            653
btp_subaccount_role.role_66                                 531.33            178            792
btp_subaccount_role.role_67                                 732.67            587            968
btp_subaccount_role.role_68                                 738.67            350           1055
btp_subaccount_role.role_69                                 675.67            336            892
btp_subaccount_role.role_7                                  508.33            175            992
btp_subaccount_role.role_70                                 418.00            233            516
btp_subaccount_role.role_71                                 475.00            380            660
btp_subaccount_role.role_72                                 515.67            477            537
btp_subaccount_role.role_73                                 542.33            175           1227
btp_subaccount_role.role_74                                 510.67            204            828
btp_subaccount_role.role_75                                 277.33            200            411
btp_subaccount_role.role_76                                 606.00            320           1099
btp_subaccount_role.role_77                                 540.00            438            660
btp_subaccount_role.role_78                                 500.00            369            729
btp_subaccount_role.role_79                                 785.67            526           1225
btp_subaccount_role.role_8                                  777.33            178           1352
btp_subaccount_role.role_80                                 320.67            170            594
btp_subaccount_role.role_81                                 489.00            148            891
btp_subaccount_role.role_82                                 353.67            226            463
btp_subaccount_role.role_83                                 506.00            159           1105
btp_subaccount_role.role_84                                 498.33            209           1068
btp_subaccount_role.role_85                                 510.33            168            896
btp_subaccount_role.role_86                                 357.00            228            524
btp_subaccount_role.role_87                                 513.67            207           1001
btp_subaccount_role.role_88                                 187.00            165            214
btp_subaccount_role.role_89                                 551.00            172            983
btp_subaccount_role.role_9                                  590.67            356            908
btp_subaccount_role.role_90                                 843.00            199           1261
btp_subaccount_role.role_91                                 371.67            174            721
btp_subaccount_role.role_92                                 232.67            171            319
btp_subaccount_role.role_93                                 326.00            225            522
btp_subaccount_role.role_94                                 680.00            360           1045
btp_subaccount_role.role_95                                 493.33            256            786
btp_subaccount_role.role_96                                 422.67            166            899
btp_subaccount_role.role_97                                 335.33            293            396
btp_subaccount_role.role_98                                 550.33            363            858
btp_subaccount_role.role_99                                 481.33            220            714
btp_subaccount_role_collection.collection_1                 466.33            199            841
btp_subaccount_role_collection.collection_10                446.67            144            710
btp_subaccount_role_collection.collection_100               456.00            160            684
btp_subaccount_role_collection.collection_101               420.00            178            659
btp_subaccount_role_collection.collection_102               448.00            189            747
btp_subaccount_role_collection.collection_103               274.67            165            470
btp_subaccount_role_collection.collection_104               588.33            209           1084
btp_subaccount_role_collection.collection_105               572.00            320            833
btp_subaccount_role_collection.collection_106               238.00            155            348
btp_subaccount_role_collection.collection_107               516.67            156           1075
btp_subaccount_role_collection.collection_108               374.00            192            566
btp_subaccount_role_collection.collection_109               820.00            706            897
btp_subaccount_role_collection.collection_11                498.33            256            763
btp_subaccount_role_collection.collection_110               374.33            203            541
btp_subaccount_role_collection.collection_111               197.00            155            239
btp_subaccount_role_collection.collection_112               601.33            216           1030
btp_subaccount_role_collection.collection_113               669.67            203           1059
btp_subaccount_role_collection.collection_114               968.67            259           1423
btp_subaccount_role_collection.collection_115               493.00            331            680
btp_subaccount_role_collection.collection_116               782.67            187           1646
btp_subaccount_role_collection.collection_117               561.67            413            762
btp_subaccount_role_collection.collection_118               554.67            198            854
btp_subaccount_role_collection.collection_119               540.00            351            742
btp_subaccount_role_collection.collection_12                267.33            173            416
btp_subaccount_role_collection.collection_120               447.00            154            751
btp_subaccount_role_collection.collection_121               466.00            203            861
btp_subaccount_role_collection.collection_122               468.33            315            624
btp_subaccount_role_collection.collection_123               595.67            255            888
btp_subaccount_role_collection.collection_124               342.33            175            426
btp_subaccount_role_collection.collection_125               748.33            576            978
btp_subaccount_role_collection.collection_126               243.00            161            300
btp_subaccount_role_collection.collection_127               712.33            370           1074
btp_subaccount_role_collection.collection_128               735.00            551            937
btp_subaccount_role_collection.collection_129               270.33            129            511
btp_subaccount_role_collection.collection_13                767.67            610           1027
btp_subaccount_role_collection.collection_130               613.00            518            752
btp_subaccount_role_collection.collection_131               251.33            169            404
btp_subaccount_role_collection.collection_132               195.33            151            256
btp_subaccount_role_collection.collection_133               388.33            155            818
btp_subaccount_role_collection.collection_134               518.00            208            741
btp_subaccount_role_collection.collection_135               699.33            194           1080
btp_subaccount_role_collection.collection_136               682.67            263            895
btp_subaccount_role_collection.collection_137               587.67            297            961
btp_subaccount_role_collection.collection_138               257.67            213            321
btp_subaccount_role_collection.collection_139               611.00            176            856
btp_subaccount_role_collection.collection_14                369.67            183            605
btp_subaccount_role_collection.collection_140               424.67            158            577
btp_subaccount_role_collection.collection_141               267.33            198            400
btp_subaccount_role_collection.collection_142               472.33            343            652
btp_subaccount_role_collection.collection_143               479.67            184            690
btp_subaccount_role_collection.collection_144               290.67            190            477
btp_subaccount_role_collection.collection_145               304.00            191            518
btp_subaccount_role_collection.collection_146               622.33            212            854
btp_subaccount_role_collection.collection_147              4909.00            169          14376
btp_subaccount_role_collection.collection_148               357.67            139            686
btp_subaccount_role_collection.collection_149               377.67            278            446
btp_subaccount_role_collection.collection_15                708.67            481           1019
btp_subaccount_role_collection.collection_150               317.33            185            576
btp_subaccount_role_collection.collection_16                322.67            164            415
btp_subaccount_role_collection.collection_17                416.67            167            590
btp_subaccount_role_collection.collection_18                281.00            215            324
btp_subaccount_role_collection.collection_19                439.67            173            789
btp_subaccount_role_collection.collection_2                 213.33            171            298
btp_subaccount_role_collection.collection_20                502.33            193            872
btp_subaccount_role_collection.collection_21                268.67            181            426
btp_subaccount_role_collection.collection_22                626.33            524            773
btp_subaccount_role_collection.collection_23                204.33            173            256
btp_subaccount_role_collection.collection_24                385.33            171            666
btp_subaccount_role_collection.collection_25                197.33            168            231
btp_subaccount_role_collection.collection_26                274.67            168            474
btp_subaccount_role_collection.collection_27                688.33            192           1256
btp_subaccount_role_collection.collection_28                785.00            703            895
btp_subaccount_role_collection.collection_29                398.00            187            585
btp_subaccount_role_collection.collection_3                 204.33            177            240
btp_subaccount_role_collection.collection_30                642.33            560            765
btp_subaccount_role_collection.collection_31                383.00            199            542
btp_subaccount_role_collection.collection_32                535.33            173            739
btp_subaccount_role_collection.collection_33                321.33            191            548
btp_subaccount_role_collection.collection_34                576.67            377            818
btp_subaccount_role_collection.collection_35                211.33            194            230
btp_subaccount_role_collection.collection_36                178.00            157            206
btp_subaccount_role_collection.collection_37                382.67            315            471
btp_subaccount_role_collection.collection_38                339.00            160            526
btp_subaccount_role_collection.collection_39                188.67            173            209
btp_subaccount_role_collection.collection_4                 518.67            206            733
btp_subaccount_role_collection.collection_40                678.67            406           1104
btp_subaccount_role_collection.collection_41                434.33            232            740
btp_subaccount_role_collection.collection_42                315.67            171            596
btp_subaccount_role_collection.collection_43                564.67            437            755
btp_subaccount_role_collection.collection_44                498.00            346            600
btp_subaccount_role_collection.collection_45                236.00            124            332
btp_subaccount_role_collection.collection_46                193.67            188            199
btp_subaccount_role_collection.collection_47                442.33            143            935
btp_subaccount_role_collection.collection_48                474.00            287            762
btp_subaccount_role_collection.collection_49                456.33            185            931
btp_subaccount_role_collection.collection_5                 549.00            129           1262
btp_subaccount_role_collection.collection_50                490.00            210            836
btp_subaccount_role_collection.collection_51                278.67            146            531
btp_subaccount_role_collection.collection_52                393.33            280            483
btp_subaccount_role_collection.collection_53                487.67            197            840
btp_subaccount_role_collection.collection_54                363.00            140            648
btp_subaccount_role_collection.collection_55                514.67            202            940
btp_subaccount_role_collection.collection_56                744.67            636            905
btp_subaccount_role_collection.collection_57                295.33            192            501
btp_subaccount_role_collection.collection_58                444.67            178            793
btp_subaccount_role_collection.collection_59                278.00            151            506
btp_subaccount_role_collection.collection_6                 419.67            163            677
btp_subaccount_role_collection.collection_60                521.00            182           1198
btp_subaccount_role_collection.collection_61                531.33            185            865
btp_subaccount_role_collection.collection_62                688.67            338            900
btp_subaccount_role_collection.collection_63                604.33            126           1188
btp_subaccount_role_collection.collection_64                513.67            356            685
btp_subaccount_role_collection.collection_65                240.33            157            309
btp_subaccount_role_collection.collection_66                406.33            155            690
btp_subaccount_role_collection.collection_67                273.67            169            482
btp_subaccount_role_collection.collection_68                370.67            188            700
btp_subaccount_role_collection.collection_69                507.33            164            961
btp_subaccount_role_collection.collection_7                 566.33            477            641
btp_subaccount_role_collection.collection_70                582.67            339            716
btp_subaccount_role_collection.collection_71                373.00            183            577
btp_subaccount_role_collection.collection_72                210.00            190            238
btp_subaccount_role_collection.collection_73                439.67            171            802
btp_subaccount_role_collection.collection_74                208.00            159            252
btp_subaccount_role_collection.collection_75                427.00            179            657
btp_subaccount_role_collection.collection_76                223.00            187            281
btp_subaccount_role_collection.collection_77                524.67            158            834
btp_subaccount_role_collection.collection_78                409.00            230            501
btp_subaccount_role_collection.collection_79                471.00            379            546
btp_subaccount_role_collection.collection_8                 386.00            258            543
btp_subaccount_role_collection.collection_80                633.67            181            862
btp_subaccount_role_collection.collection_81                568.33            205            791
btp_subaccount_role_collection.collection_82                329.67            143            688
btp_subaccount_role_collection.collection_83                592.00            490            787
btp_subaccount_role_collection.collection_84                313.00            181            577
btp_subaccount_role_collection.collection_85                580.00            449            709
btp_subaccount_role_collection.collection_86                218.00            171            310
btp_subaccount_role_collection.collection_87                237.00            172            341
btp_subaccount_role_collection.collection_88                515.00            221            837
btp_subaccount_role_collection.collection_89                431.67            159            640
btp_subaccount_role_collection.collection_9                 177.67            147            198
btp_subaccount_role_collection.collection_90                395.00            222            723
btp_subaccount_role_collection.collection_91                317.67            180            583
btp_subaccount_role_collection.collection_92                445.67            197            614
btp_subaccount_role_collection.collection_93                411.00            161            596
btp_subaccount_role_collection.collection_94                518.00            240            840
btp_subaccount_role_collection.collection_95                545.33            308            769
btp_subaccount_role_collection.collection_96                352.00            198            644
btp_subaccount_role_collection.collection_97                341.00            142            721
btp_subaccount_role_collection.collection_98                288.00            224            353
btp_subaccount_role_collection.collection_99                375.00            218            626
btp_subaccount_service_instance.instance_1                 1677.67            938           2805
btp_subaccount_service_instance.instance_10                1368.67            954           2020
btp_subaccount_service_instance.instance_100               1750.67           1399           2407
btp_subaccount_service_instance.instance_11                1336.67            906           1888
btp_subaccount_service_instance.instance_12                1696.67            953           2762
btp_subaccount_service_instance.instance_13                1560.00           1001           2527
btp_subaccount_service_instance.instance_14                1027.67            827           1296
btp_subaccount_service_instance.instance_15                1431.67            785           2225
btp_subaccount_service_instance.instance_16                1999.33            837           2976
btp_subaccount_service_instance.instance_17                1333.33            836           2316
btp_subaccount_service_instance.instance_18                2630.00           2539           2721
btp_subaccount_service_instance.instance_19                 831.33            774            884
btp_subaccount_service_instance.instance_2                 2626.33           2404           2805
btp_subaccount_service_instance.instance_20                1843.67           1022           2930
btp_subaccount_service_instance.instance_21                1722.67            847           2706
btp_subaccount_service_instance.instance_22                2167.33            918           3016
btp_subaccount_service_instance.instance_23                 993.67            923           1128
btp_subaccount_service_instance.instance_24                1917.67            857           3028
btp_subaccount_service_instance.instance_25                1481.00           1186           1766
btp_subaccount_service_instance.instance_26                2187.00           1129           3785
btp_subaccount_service_instance.instance_27                1196.67            866           1678
btp_subaccount_service_instance.instance_28                2151.33           1851           2748
btp_subaccount_service_instance.instance_29                1269.33            810           1515
btp_subaccount_service_instance.instance_3                 1737.33            888           2543
btp_subaccount_service_instance.instance_30                1644.67           1212           1880
btp_subaccount_service_instance.instance_31                1967.33            867           2628
btp_subaccount_service_instance.instance_32                1911.00            981           2777
btp_subaccount_service_instance.instance_33                1060.67            832           1443
btp_subaccount_service_instance.instance_34                1764.67            759           3064
btp_subaccount_service_instance.instance_35                1821.33            867           3397
btp_subaccount_service_instance.instance_36                2402.00           2092           2661
btp_subaccount_service_instance.instance_37                1962.67            859           3899
btp_subaccount_service_instance.instance_38                2096.33           1427           2719
btp_subaccount_service_instance.instance_39                1063.33            794           1507
btp_subaccount_service_instance.instance_4                 5523.67           1713          12585
btp_subaccount_service_instance.instance_40                1560.67            806           1990
btp_subaccount_service_instance.instance_41                1975.67           1152           2573
btp_subaccount_service_instance.instance_42                1911.33            999           2680
btp_subaccount_service_instance.instance_43                1463.67           1005           1992
btp_subaccount_service_instance.instance_44                1640.33           1012           2392
btp_subaccount_service_instance.instance_45                1997.67            824           2738
btp_subaccount_service_instance.instance_46                1114.00            959           1327
btp_subaccount_service_instance.instance_47                1264.67            814           1922
btp_subaccount_service_instance.instance_48                1837.67           1187           2525
btp_subaccount_service_instance.instance_49                1743.33           1490           2168
btp_subaccount_service_instance.instance_5                 1328.33            885           1693
btp_subaccount_service_instance.instance_50                1421.67            847           1997
btp_subaccount_service_instance.instance_51                1949.00           1007           3403
btp_subaccount_service_instance.instance_52                1961.33           1312           2463
btp_subaccount_service_instance.instance_53                1501.33            850           1849
btp_subaccount_service_instance.instance_54                2310.33           1198           2880
btp_subaccount_service_instance.instance_55                1495.33            864           2708
btp_subaccount_service_instance.instance_56                3797.67           1932           7321
btp_subaccount_service_instance.instance_57                1933.67            850           3258
btp_subaccount_service_instance.instance_58                1691.00            877           2119
btp_subaccount_service_instance.instance_59                1387.67            916           2114
btp_subaccount_service_instance.instance_6                 2567.00           1211           3474
btp_subaccount_service_instance.instance_60                1638.67            920           2205
btp_subaccount_service_instance.instance_61                1544.67            865           2223
btp_subaccount_service_instance.instance_62                2525.33           1932           2912
btp_subaccount_service_instance.instance_63                1753.33           1154           2062
btp_subaccount_service_instance.instance_64                1320.00            863           2191
btp_subaccount_service_instance.instance_65                1860.00            953           3207
btp_subaccount_service_instance.instance_66                2089.33           1800           2355
btp_subaccount_service_instance.instance_67                1133.33            848           1514
btp_subaccount_service_instance.instance_68                2151.00           1446           3282
btp_subaccount_service_instance.instance_69                2136.00            827           3473
btp_subaccount_service_instance.instance_7                 7957.33            893          21447
btp_subaccount_service_instance.instance_70                3561.67           1707           6628
btp_subaccount_service_instance.instance_71                1662.00           1365           2163
btp_subaccount_service_instance.instance_72                1940.33            752           3321
btp_subaccount_service_instance.instance_73                1505.67            935           2207
btp_subaccount_service_instance.instance_74                2184.00            925           3806
btp_subaccount_service_instance.instance_75                1758.67            839           2730
btp_subaccount_service_instance.instance_76                1463.00            830           1922
btp_subaccount_service_instance.instance_77                1853.00           1728           1952
btp_subaccount_service_instance.instance_78                1920.67            867           3888
btp_subaccount_service_instance.instance_79                1240.67            868           1569
btp_subaccount_service_instance.instance_8                 1644.33            776           2496
btp_subaccount_service_instance.instance_80                1623.67           1163           1875
btp_subaccount_service_instance.instance_81                1518.67            970           2189
btp_subaccount_service_instance.instance_82                1477.00            819           2473
btp_subaccount_service_instance.instance_83                1525.00            840           2370
btp_subaccount_service_instance.instance_84                 994.67            826           1298
btp_subaccount_service_instance.instance_85                1921.00           1672           2340
btp_subaccount_service_instance.instance_86                2397.67           1843           3098
btp_subaccount_service_instance.instance_87                1695.33           1317           2127
btp_subaccount_service_instance.instance_88                1701.33           1184           2426
btp_subaccount_service_instance.instance_89                4181.00           2300           7199
btp_subaccount_service_instance.instance_9                 1535.67           1413           1772
btp_subaccount_service_instance.instance_90                1708.00           1254           2197
btp_subaccount_service_instance.instance_91                1891.00            942           2638
btp_subaccount_service_instance.instance_92                1915.67           1309           2506
btp_subaccount_service_instance.instance_93                 843.00            794            885
btp_subaccount_service_instance.instance_94                1202.33            927           1661
btp_subaccount_service_instance.instance_95                1264.67            803           2018
btp_subaccount_service_instance.instance_96                1216.00            958           1711
btp_subaccount_service_instance.instance_97                1101.00            851           1263
btp_subaccount_service_instance.instance_98                2016.67            932           3250
btp_subaccount_service_instance.instance_99                2145.33           1598           2632
btp_subaccount_subscription.subscription_1                  996.67            659           1498
btp_subaccount_subscription.subscription_10                1300.00            621           2136
btp_subaccount_subscription.subscription_100               1258.33           1106           1467
btp_subaccount_subscription.subscription_101               1381.00            593           2680
btp_subaccount_subscription.subscription_102               1011.67            553           1324
btp_subaccount_subscription.subscription_103               1088.33            769           1651
btp_subaccount_subscription.subscription_104               1857.33           1158           2258
btp_subaccount_subscription.subscription_105               1110.00            814           1425
btp_subaccount_subscription.subscription_106               1211.33            576           1723
btp_subaccount_subscription.subscription_107                854.33            713           1068
btp_subaccount_subscription.subscription_108               5304.33           1000          12866
btp_subaccount_subscription.subscription_109               1053.00            721           1370
btp_subaccount_subscription.subscription_11                1309.00            752           2303
btp_subaccount_subscription.subscription_110               1230.67           1030           1478
btp_subaccount_subscription.subscription_111               1958.67           1695           2336
btp_subaccount_subscription.subscription_112               1005.67            631           1359
btp_subaccount_subscription.subscription_113               1844.00           1372           2545
btp_subaccount_subscription.subscription_114               1425.00           1323           1552
btp_subaccount_subscription.subscription_115               1362.00            565           2090
btp_subaccount_subscription.subscription_116               1427.00            614           2334
btp_subaccount_subscription.subscription_117                767.33            582           1127
btp_subaccount_subscription.subscription_118               1342.67            861           1923
btp_subaccount_subscription.subscription_119                868.00            673           1203
btp_subaccount_subscription.subscription_12                 971.00            555           1485
btp_subaccount_subscription.subscription_120                961.00            707           1203
btp_subaccount_subscription.subscription_121               1406.33           1197           1820
btp_subaccount_subscription.subscription_122                971.33            663           1219
btp_subaccount_subscription.subscription_123               1578.00            681           2171
btp_subaccount_subscription.subscription_124                985.67            620           1192
btp_subaccount_subscription.subscription_125               1302.33            783           1812
btp_subaccount_subscription.subscription_126               1387.00            720           1830
btp_subaccount_subscription.subscription_127               7684.00            894          20934
btp_subaccount_subscription.subscription_128               1198.67           1013           1391
btp_subaccount_subscription.subscription_129                822.00            655           1115
btp_subaccount_subscription.subscription_13                1290.67            715           1698
btp_subaccount_subscription.subscription_130               1162.00            627           1842
btp_subaccount_subscription.subscription_131                998.00            614           1751
btp_subaccount_subscription.subscription_132               1064.33           1031           1115
btp_subaccount_subscription.subscription_133               1229.00            736           2099
btp_subaccount_subscription.subscription_134               1286.67            798           2143
btp_subaccount_subscription.subscription_135               1335.00           1016           1695
btp_subaccount_subscription.subscription_136               1305.67           1049           1657
btp_subaccount_subscription.subscription_137                946.00            599           1242
btp_subaccount_subscription.subscription_138                729.67            545           1041
btp_subaccount_subscription.subscription_139               1465.33            940           1955
btp_subaccount_subscription.subscription_14                4771.33           1193          11651
btp_subaccount_subscription.subscription_140               1393.33            794           2337
btp_subaccount_subscription.subscription_141               1333.00            843           1944
btp_subaccount_subscription.subscription_142               1025.33            764           1371
btp_subaccount_subscription.subscription_143                696.67            570            827
btp_subaccount_subscription.subscription_144               1056.00            874           1275
btp_subaccount_subscription.subscription_145               1197.33            629           1993
btp_subaccount_subscription.subscription_146               1514.67            677           2108
btp_subaccount_subscription.subscription_147                723.67            699            749
btp_subaccount_subscription.subscription_148               1215.00            623           2299
btp_subaccount_subscription.subscription_149               1354.67            621           2109
btp_subaccount_subscription.subscription_15                1511.33            683           2376
btp_subaccount_subscription.subscription_150               1136.67            666           1813
btp_subaccount_subscription.subscription_16                1246.00            665           2088
btp_subaccount_subscription.subscription_17                1066.67            665           1760
btp_subaccount_subscription.subscription_18                1437.67            672           2346
btp_subaccount_subscription.subscription_19                1066.00            688           1754
btp_subaccount_subscription.subscription_2                 1141.67            634           1900
btp_subaccount_subscription.subscription_20                1523.33            725           2046
btp_subaccount_subscription.subscription_21                1338.67           1068           1807
btp_subaccount_subscription.subscription_22                1439.00            729           2193
btp_subaccount_subscription.subscription_23                1572.33            722           2448
btp_subaccount_subscription.subscription_24                 893.33            686           1307
btp_subaccount_subscription.subscription_25                 816.67            579           1095
btp_subaccount_subscription.subscription_26                1634.33           1252           1884
btp_subaccount_subscription.subscription_27                1306.00            662           2391
btp_subaccount_subscription.subscription_28                1846.00           1152           2199
btp_subaccount_subscription.subscription_29                1372.00            695           2257
btp_subaccount_subscription.subscription_3                  691.00            619            801
btp_subaccount_subscription.subscription_30                 945.00            554           1326
btp_subaccount_subscription.subscription_31                1210.33            684           1547
btp_subaccount_subscription.subscription_32                1332.33            614           2395
btp_subaccount_subscription.subscription_33                1626.33           1347           1944
btp_subaccount_subscription.subscription_34                 749.67            642            815
btp_subaccount_subscription.subscription_35                 670.00            590            821
btp_subaccount_subscription.subscription_36                1736.67           1381           2151
btp_subaccount_subscription.subscription_37                5801.67           1057          14594
btp_subaccount_subscription.subscription_38                 886.67            694           1160
btp_subaccount_subscription.subscription_39                1137.67            595           1493
btp_subaccount_subscription.subscription_4                 1094.33            642           1544
btp_subaccount_subscription.subscription_40                1559.67           1013           2301
btp_subaccount_subscription.subscription_41                1071.67            692           1463
btp_subaccount_subscription.subscription_42                1061.33            706           1327
btp_subaccount_subscription.subscription_43                1180.33            594           1500
btp_subaccount_subscription.subscription_44                1319.33           1222           1429
btp_subaccount_subscription.subscription_45                1506.33            651           1999
btp_subaccount_subscription.subscription_46                1555.33           1193           2210
btp_subaccount_subscription.subscription_47                 865.00            650           1236
btp_subaccount_subscription.subscription_48                 771.67            750            792
btp_subaccount_subscription.subscription_49                1519.67           1209           2100
btp_subaccount_subscription.subscription_5                 1239.67            598           1684
btp_subaccount_subscription.subscription_50                1254.00            761           1971
btp_subaccount_subscription.subscription_51                 986.00            609           1659
btp_subaccount_subscription.subscription_52                1266.33            651           2202
btp_subaccount_subscription.subscription_53                1381.67            877           2075
btp_subaccount_subscription.subscription_54                1013.33            805           1327
btp_subaccount_subscription.subscription_55                1747.33            606           2624
btp_subaccount_subscription.subscription_56                1100.67            916           1227
btp_subaccount_subscription.subscription_57                1391.00           1201           1708
btp_subaccount_subscription.subscription_58                1229.33            575           2146
btp_subaccount_subscription.subscription_59                1166.67            663           1661
btp_subaccount_subscription.subscription_6                 1279.33            589           2574
btp_subaccount_subscription.subscription_60                1047.00            720           1355
btp_subaccount_subscription.subscription_61                1348.00            804           2016
btp_subaccount_subscription.subscription_62                 799.33            675           1032
btp_subaccount_subscription.subscription_63                 745.67            603            908
btp_subaccount_subscription.subscription_64                 997.33            770           1129
btp_subaccount_subscription.subscription_65                1001.33            636           1203
btp_subaccount_subscription.subscription_66                 886.33            581           1154
btp_subaccount_subscription.subscription_67                 810.33            659           1068
btp_subaccount_subscription.subscription_68                 952.67            622           1595
btp_subaccount_subscription.subscription_69                 933.67            754           1111
btp_subaccount_subscription.subscription_7                 2177.33           1697           2634
btp_subaccount_subscription.subscription_70                1511.00            673           2910
btp_subaccount_subscription.subscription_71                1197.33            650           1571
btp_subaccount_subscription.subscription_72                1834.00           1472           2154
btp_subaccount_subscription.subscription_73                1192.00            552           2347
btp_subaccount_subscription.subscription_74                1131.33            968           1366
btp_subaccount_subscription.subscription_75                1444.00           1215           1699
btp_subaccount_subscription.subscription_76                1986.67           1577           2365
btp_subaccount_subscription.subscription_77                1562.00            672           2965
btp_subaccount_subscription.subscription_78                1330.33            725           2042
btp_subaccount_subscription.subscription_79                1508.67            726           2571
btp_subaccount_subscription.subscription_8                 1046.67            557           1419
btp_subaccount_subscription.subscription_80                1392.67           1023           1887
btp_subaccount_subscription.subscription_81                 884.00            605           1045
btp_subaccount_subscription.subscription_82                1505.67            717           2471
btp_subaccount_subscription.subscription_83                1357.33            674           2410
btp_subaccount_subscription.subscription_84                 983.33            580           1319
btp_subaccount_subscription.subscription_85                1498.00            625           2156
btp_subaccount_subscription.subscription_86                1029.67            619           1741
btp_subaccount_subscription.subscription_87                1157.33            731           1942
btp_subaccount_subscription.subscription_88                1240.33            981           1519
btp_subaccount_subscription.subscription_89                1292.67            597           1941
btp_subaccount_subscription.subscription_9                 1430.67           1187           1799
btp_subaccount_subscription.subscription_90                1123.33            740           1704
btp_subaccount_subscription.subscription_91                1456.67           1156           1768
btp_subaccount_subscription.subscription_92                1066.00            738           1236
btp_subaccount_subscription.subscription_93                1169.67            796           1406
btp_subaccount_subscription.subscription_94                1452.33           1236           1642
btp_subaccount_subscription.subscription_95                1168.33            697           2062
btp_subaccount_subscription.subscription_96                1091.67            816           1604
btp_subaccount_subscription.subscription_97                1638.00           1210           1968
btp_subaccount_subscription.subscription_98                 835.33            699            999
btp_subaccount_subscription.subscription_99                1462.67           1236           1576
btp_subaccount_trust_configuration.trust_1                  485.33            191            873
btp_subaccount_trust_configuration.trust_10                 576.00            367            795
btp_subaccount_trust_configuration.trust_11                 389.67            191            687
btp_subaccount_trust_configuration.trust_12                 507.33            197            813
btp_subaccount_trust_configuration.trust_13                 344.00            203            548
btp_subaccount_trust_configuration.trust_14                 555.67            204            831
btp_subaccount_trust_configuration.trust_15                 310.67            165            508
btp_subaccount_trust_configuration.trust_16                4291.33            211          12420
btp_subaccount_trust_configuration.trust_17                 536.67            179            956
btp_subaccount_trust_configuration.trust_18                 427.33            178            552
btp_subaccount_trust_configuration.trust_19                 280.67            165            478
btp_subaccount_trust_configuration.trust_2                  497.00            372            574
btp_subaccount_trust_configuration.trust_20                 694.00            392           1153
btp_subaccount_trust_configuration.trust_21                 351.33            221            553
btp_subaccount_trust_configuration.trust_22                 233.33            159            365
btp_subaccount_trust_configuration.trust_23                 578.00            243            752
btp_subaccount_trust_configuration.trust_24                 596.33            207           1090
btp_subaccount_trust_configuration.trust_25                 543.33            212            716
btp_subaccount_trust_configuration.trust_26                 458.67            433            472
btp_subaccount_trust_configuration.trust_27                 611.33            168            971
btp_subaccount_trust_configuration.trust_28                 430.67            205            751
btp_subaccount_trust_configuration.trust_29                 613.67            421            719
btp_subaccount_trust_configuration.trust_3                  451.00            295            540
btp_subaccount_trust_configuration.trust_30                 497.33            199            832
btp_subaccount_trust_configuration.trust_31                 285.67            190            443
btp_subaccount_trust_configuration.trust_32                 673.00            228           1306
btp_subaccount_trust_configuration.trust_33                 436.67            222            783
btp_subaccount_trust_configuration.trust_34                 873.00            189           1267
btp_subaccount_trust_configuration.trust_35                 396.67            218            737
btp_subaccount_trust_configuration.trust_36                 255.67            224            312
btp_subaccount_trust_configuration.trust_37                 666.00            219           1020
btp_subaccount_trust_configuration.trust_38                 238.33            171            349
btp_subaccount_trust_configuration.trust_39                 558.67            220           1089
btp_subaccount_trust_configuration.trust_4                  478.00            174            759
btp_subaccount_trust_configuration.trust_40                 395.67            211            512
btp_subaccount_trust_configuration.trust_41                 697.00            581            821
btp_subaccount_trust_configuration.trust_42                 222.67            214            236
btp_subaccount_trust_configuration.trust_43                 356.33            218            486
btp_subaccount_trust_configuration.trust_44                 704.67            419            968
btp_subaccount_trust_configuration.trust_45                 738.00            193           1230
btp_subaccount_trust_configuration.trust_46                 588.67            275           1109
btp_subaccount_trust_configuration.trust_47                 638.33            191           1241
btp_subaccount_trust_configuration.trust_48                 415.33            227            694
btp_subaccount_trust_configuration.trust_49                 198.00            178            236
btp_subaccount_trust_configuration.trust_5                  513.33            171           1166
btp_subaccount_trust_configuration.trust_50                 306.33            176            534
btp_subaccount_trust_configuration.trust_6                  572.67            510            687
btp_subaccount_trust_configuration.trust_7                  671.33            379           1223
btp_subaccount_trust_configuration.trust_8                  490.67            401            620
btp_subaccount_trust_configuration.trust_9                  623.33            421            859
cloudfoundry_service_instance.instance_1                     59.67             46             67
cloudfoundry_service_instance.instance_10                    41.67             39             44
cloudfoundry_service_instance.instance_100                   54.33             43             73
cloudfoundry_service_instance.instance_101                   44.67             37             50
cloudfoundry_service_instance.instance_102                   44.00             38             55
cloudfoundry_service_instance.instance_103                   46.67             39             53
cloudfoundry_service_instance.instance_104                   45.67             39             53
cloudfoundry_service_instance.instance_105                   60.67             43             84
cloudfoundry_service_instance.instance_106                   55.33             45             71
cloudfoundry_service_instance.instance_107                   52.33             50             56
cloudfoundry_service_instance.instance_108                   51.33             39             58
cloudfoundry_service_instance.instance_109                   49.33             41             61
cloudfoundry_service_instance.instance_11                    45.33             39             51
cloudfoundry_service_instance.instance_110                   52.67             35             68
cloudfoundry_service_instance.instance_111                   61.00             53             74
cloudfoundry_service_instance.instance_112                   52.67             48             60
cloudfoundry_service_instance.instance_113                   56.67             53             61
cloudfoundry_service_instance.instance_114                   54.00             49             64
cloudfoundry_service_instance.instance_115                   44.00             36             51
cloudfoundry_service_instance.instance_116                   61.33             45             72
cloudfoundry_service_instance.instance_117                   43.33             39             50
cloudfoundry_service_instance.instance_118                   47.33             43             56
cloudfoundry_service_instance.instance_119                   73.00             48            104
cloudfoundry_service_instance.instance_12                    47.00             38             54
cloudfoundry_service_instance.instance_120                   59.00             47             77
cloudfoundry_service_instance.instance_121                   57.67             54             64
cloudfoundry_service_instance.instance_122                   54.67             43             71
cloudfoundry_service_instance.instance_123                   56.67             42             71
cloudfoundry_service_instance.instance_124                   51.00             47             53
cloudfoundry_service_instance.instance_125                   43.00             35             50
cloudfoundry_service_instance.instance_126                   45.67             34             53
cloudfoundry_service_instance.instance_127                   43.67             40             46
cloudfoundry_service_instance.instance_128                   41.67             37             47
cloudfoundry_service_instance.instance_129                   49.67             47             54
cloudfoundry_service_instance.instance_13                    51.33             39             70
cloudfoundry_service_instance.instance_130                   43.00             36             53
cloudfoundry_service_instance.instance_131                   49.33             41             61
cloudfoundry_service_instance.instance_132                   45.33             41             54
cloudfoundry_service_instance.instance_133                   49.33             43             54
cloudfoundry_service_instance.instance_134                   42.33             36             49
cloudfoundry_service_instance.instance_135                   67.67             35             85
cloudfoundry_service_instance.instance_136                   52.33             36             64
cloudfoundry_service_instance.instance_137                   61.33             48             75
cloudfoundry_service_instance.instance_138                   48.00             37             64
cloudfoundry_service_instance.instance_139                   51.00             45             60
cloudfoundry_service_instance.instance_14                    50.00             47             52
cloudfoundry_service_instance.instance_140                   45.33             41             52
cloudfoundry_service_instance.instance_141                   64.33             36             99
cloudfoundry_service_instance.instance_142                   53.67             49             61
cloudfoundry_service_instance.instance_143                   39.00             37             42
cloudfoundry_service_instance.instance_144                   57.00             40             89
cloudfoundry_service_instance.instance_145                   62.00             39             92
cloudfoundry_service_instance.instance_146                   49.33             42             61
cloudfoundry_service_instance.instance_147                   46.00             41             55
cloudfoundry_service_instance.instance_148                   45.00             40             53
cloudfoundry_service_instance.instance_149                   50.33             39             56
cloudfoundry_service_instance.instance_15                    50.67             40             70
cloudfoundry_service_instance.instance_150                   43.33             39             46
cloudfoundry_service_instance.instance_151                   54.00             41             76
cloudfoundry_service_instance.instance_152                   45.00             38             57
cloudfoundry_service_instance.instance_153                   64.33             50             86
cloudfoundry_service_instance.instance_154                   46.33             39             51
cloudfoundry_service_instance.instance_155                   53.67             39             70
cloudfoundry_service_instance.instance_156                   43.33             34             50
cloudfoundry_service_instance.instance_157                   46.33             37             58
cloudfoundry_service_instance.instance_158                   75.00             55             93
cloudfoundry_service_instance.instance_159                   49.33             47             51
cloudfoundry_service_instance.instance_16                    44.33             39             52
cloudfoundry_service_instance.instance_160                   50.67             45             58
cloudfoundry_service_instance.instance_161                   56.33             48             70
cloudfoundry_service_instance.instance_162                   82.00             47            150
cloudfoundry_service_instance.instance_163                   42.67             41             45
cloudfoundry_service_instance.instance_164                   40.67             35             44
cloudfoundry_service_instance.instance_165                   54.00             37             65
cloudfoundry_service_instance.instance_166                   54.67             51             61
cloudfoundry_service_instance.instance_167                   41.67             34             51
cloudfoundry_service_instance.instance_168                   42.00             38             48
cloudfoundry_service_instance.instance_169                   45.33             41             51
cloudfoundry_service_instance.instance_17                    49.00             42             61
cloudfoundry_service_instance.instance_170                   55.67             44             68
cloudfoundry_service_instance.instance_171                   58.67             52             66
cloudfoundry_service_instance.instance_172                   46.33             42             52
cloudfoundry_service_instance.instance_173                   46.00             40             50
cloudfoundry_service_instance.instance_174                   50.33             42             64
cloudfoundry_service_instance.instance_175                   45.67             39             55
cloudfoundry_service_instance.instance_176                   54.00             44             65
cloudfoundry_service_instance.instance_177                   47.00             37             54
cloudfoundry_service_instance.instance_178                   46.33             41             56
cloudfoundry_service_instance.instance_179                   43.33             41             47
cloudfoundry_service_instance.instance_18                    56.00             38             79
cloudfoundry_service_instance.instance_180                   48.00             36             56
cloudfoundry_service_instance.instance_181                   53.33             50             59
cloudfoundry_service_instance.instance_182                   50.67             43             61
cloudfoundry_service_instance.instance_183                   45.33             35             55
cloudfoundry_service_instance.instance_184                   66.67             34            112
cloudfoundry_service_instance.instance_185                   49.67             38             58
cloudfoundry_service_instance.instance_186                   50.33             38             70
cloudfoundry_service_instance.instance_187                   61.67             39             80
cloudfoundry_service_instance.instance_188                   47.00             34             58
cloudfoundry_service_instance.instance_189                   45.67             39             56
cloudfoundry_service_instance.instance_19                    82.33             62            116
cloudfoundry_service_instance.instance_190                   55.00             39             70
cloudfoundry_service_instance.instance_191                   44.33             38             49
cloudfoundry_service_instance.instance_192                   46.67             41             54
cloudfoundry_service_instance.instance_193                   63.00             44             93
cloudfoundry_service_instance.instance_194                   53.67             38             68
cloudfoundry_service_instance.instance_195                   53.33             40             70
cloudfoundry_service_instance.instance_196                   52.00             41             65
cloudfoundry_service_instance.instance_197                   44.67             43             46
cloudfoundry_service_instance.instance_198                   57.67             43             67
cloudfoundry_service_instance.instance_199                   64.00             54             82
cloudfoundry_service_instance.instance_2                     47.00             40             56
cloudfoundry_service_instance.instance_20                    46.00             37             55
cloudfoundry_service_instance.instance_200                   45.67             39             53
cloudfoundry_service_instance.instance_21                    48.33             46             53
cloudfoundry_service_instance.instance_22                    51.67             51             52
cloudfoundry_service_instance.instance_23                    76.33             39            149
cloudfoundry_service_instance.instance_24                    44.00             41             49
cloudfoundry_service_instance.instance_25                    73.67             48             92
cloudfoundry_service_instance.instance_26                    51.00             41             58
cloudfoundry_service_instance.instance_27                    51.33             48             56
cloudfoundry_service_instance.instance_28                    50.00             45             59
cloudfoundry_service_instance.instance_29                    45.00             38             56
cloudfoundry_service_instance.instance_3                     53.33             36             67
cloudfoundry_service_instance.instance_30                    44.33             35             53
cloudfoundry_service_instance.instance_31                   157.33             44            382
cloudfoundry_service_instance.instance_32                    53.67             35             76
cloudfoundry_service_instance.instance_33                    47.33             39             57
cloudfoundry_service_instance.instance_34                    45.33             42             52
cloudfoundry_service_instance.instance_35                    46.67             35             58
cloudfoundry_service_instance.instance_36                    47.00             38             61
cloudfoundry_service_instance.instance_37                    51.00             46             60
cloudfoundry_service_instance.instance_38                    42.33             41             43
cloudfoundry_service_instance.instance_39                    55.33             46             62
cloudfoundry_service_instance.instance_4                     44.00             37             54
cloudfoundry_service_instance.instance_40                    50.33             43             57
cloudfoundry_service_instance.instance_41                    41.33             40             42
cloudfoundry_service_instance.instance_42                    48.67             41             57
cloudfoundry_service_instance.instance_43                    46.67             42             52
cloudfoundry_service_instance.instance_44                    44.00             39             50
cloudfoundry_service_instance.instance_45                    50.33             42             58
cloudfoundry_service_instance.instance_46                    68.00             37            117
cloudfoundry_service_instance.instance_47                    63.33             54             74
cloudfoundry_service_instance.instance_48                    50.67             39             58
cloudfoundry_service_instance.instance_49                    43.00             42             45
cloudfoundry_service_instance.instance_5                     57.00             38             76
cloudfoundry_service_instance.instance_50                    51.33             42             62
cloudfoundry_service_instance.instance_51                    45.33             38             54
cloudfoundry_service_instance.instance_52                    48.67             43             54
cloudfoundry_service_instance.instance_53                    50.33             48             52
cloudfoundry_service_instance.instance_54                    56.00             43             63
cloudfoundry_service_instance.instance_55                    48.00             40             54
cloudfoundry_service_instance.instance_56                    43.33             37             52
cloudfoundry_service_instance.instance_57                    56.67             51             65
cloudfoundry_service_instance.instance_58                    48.00             38             54
cloudfoundry_service_instance.instance_59                    52.33             38             62
cloudfoundry_service_instance.instance_6                     53.33             47             65
cloudfoundry_service_instance.instance_60                    43.67             38             52
cloudfoundry_service_instance.instance_61                    51.00             43             59
cloudfoundry_service_instance.instance_62                    56.67             56             58
cloudfoundry_service_instance.instance_63                    46.00             39             51
cloudfoundry_service_instance.instance_64                    54.67             40             70
cloudfoundry_service_instance.instance_65                    52.00             39             67
cloudfoundry_service_instance.instance_66                    49.67             41             62
cloudfoundry_service_instance.instance_67                    47.00             40             55
cloudfoundry_service_instance.instance_68                    48.33             36             65
cloudfoundry_service_instance.instance_69                    44.33             39             52
cloudfoundry_service_instance.instance_7                     47.67             36             63
cloudfoundry_service_instance.instance_70                    44.33             41             49
cloudfoundry_service_instance.instance_71                    44.67             37             51
cloudfoundry_service_instance.instance_72                    46.33             43             50
cloudfoundry_service_instance.instance_73                    57.00             42             85
cloudfoundry_service_instance.instance_74                    50.33             45             54
cloudfoundry_service_instance.instance_75                    55.00             44             68
cloudfoundry_service_instance.instance_76                    49.00             38             65
cloudfoundry_service_instance.instance_77                    46.67             42             50
cloudfoundry_service_instance.instance_78                    58.33             55             63
cloudfoundry_service_instance.instance_79                    50.00             45             54
cloudfoundry_service_instance.instance_8                     52.67             39             75
cloudfoundry_service_instance.instance_80                    47.00             38             53
cloudfoundry_service_instance.instance_81                    43.33             36             50
cloudfoundry_service_instance.instance_82                    54.00             44             65
cloudfoundry_service_instance.instance_83                    43.00             41             46
cloudfoundry_service_instance.instance_84                    48.00             45             50
cloudfoundry_service_instance.instance_85                    44.67             37             49
cloudfoundry_service_instance.instance_86                    47.33             44             49
cloudfoundry_service_instance.instance_87                    45.00             36             56
cloudfoundry_service_instance.instance_88                    43.33             42             45
cloudfoundry_service_instance.instance_89                    54.67             38             81
cloudfoundry_service_instance.instance_9                     40.67             37             44
cloudfoundry_service_instance.instance_90                    59.33             49             77
cloudfoundry_service_instance.instance_91                    44.00             41             48
cloudfoundry_service_instance.instance_92                    64.33             40             93
cloudfoundry_service_instance.instance_93                    43.33             39             46
cloudfoundry_service_instance.instance_94                    53.67             46             68
cloudfoundry_service_instance.instance_95                    55.00             45             70
cloudfoundry_service_instance.instance_96                    48.67             42             57
cloudfoundry_service_instance.instance_97                    56.33             44             79
cloudfoundry_service_instance.instance_98                    44.33             36             50
cloudfoundry_service_instance.instance_99                    49.33             34             58
cloudfoundry_space.space_1                                  129.00            108            150
cloudfoundry_space.space_10                                 124.67            104            157
cloudfoundry_space.space_100                                126.00            114            147
cloudfoundry_space.space_11                                 134.33            121            159
cloudfoundry_space.space_12                                 113.00             93            132
cloudfoundry_space.space_13                                 110.67             94            124
cloudfoundry_space.space_14                                 115.67            113            119
cloudfoundry_space.space_15                                 122.00            108            135
cloudfoundry_space.space_16                                 122.00             99            165
cloudfoundry_space.space_17                                 119.67            100            145
cloudfoundry_space.space_18                                 121.67            113            137
cloudfoundry_space.space_19                                 127.33            102            141
cloudfoundry_space.space_2                                  126.33             93            172
cloudfoundry_space.space_20                                 126.00             93            152
cloudfoundry_space.space_21                                 117.67            101            128
cloudfoundry_space.space_22                                 100.33             90            114
cloudfoundry_space.space_23                                 121.00             98            158
cloudfoundry_space.space_24                                 113.33            104            125
cloudfoundry_space.space_25                                 124.33            108            154
cloudfoundry_space.space_26                                 125.00            118            134
cloudfoundry_space.space_27                                 121.00            110            136
cloudfoundry_space.space_28                                 115.67            104            136
cloudfoundry_space.space_29                                 122.67             79            181
cloudfoundry_space.space_3                                  132.00            123            142
cloudfoundry_space.space_30                                 114.33             90            142
cloudfoundry_space.space_31                                 111.67            104            123
cloudfoundry_space.space_32                                 133.67            113            158
cloudfoundry_space.space_33                                 119.00             91            159
cloudfoundry_space.space_34                                 116.67             95            132
cloudfoundry_space.space_35                                 136.33            110            182
cloudfoundry_space.space_36                                 112.00             96            125
cloudfoundry_space.space_37                                 113.33             93            129
cloudfoundry_space.space_38                                 126.67            101            156
cloudfoundry_space.space_39                                 121.67            105            132
cloudfoundry_space.space_4                                  110.33             94            132
cloudfoundry_space.space_40                                 107.00             97            115
cloudfoundry_space.space_41                                 106.00             99            111
cloudfoundry_space.space_42                                 120.00            116            128
cloudfoundry_space.space_43                                 106.00             95            113
cloudfoundry_space.space_44                                 132.00            107            165
cloudfoundry_space.space_45                                 121.00            112            132
cloudfoundry_space.space_46                                 117.33             96            141
cloudfoundry_space.space_47                                 100.00             95            106
cloudfoundry_space.space_48                                 118.00             99            130
cloudfoundry_space.space_49                                 109.33             95            136
cloudfoundry_space.space_5                                  102.00             95            106
cloudfoundry_space.space_50                                 100.33             84            115
cloudfoundry_space.space_51                                 113.67             90            129
cloudfoundry_space.space_52                                 125.00            103            142
cloudfoundry_space.space_53                                  97.67             96            100
cloudfoundry_space.space_54                                 145.33            117            182
cloudfoundry_space.space_55                                  97.67             93            105
cloudfoundry_space.space_56                                 113.00             87            136
cloudfoundry_space.space_57                                 126.33            106            161
cloudfoundry_space.space_58                                 115.00            106            122
cloudfoundry_space.space_59                                 121.00             92            155
cloudfoundry_space.space_6                                  117.67            106            134
cloudfoundry_space.space_60                                 115.33            103            125
cloudfoundry_space.space_61                                 131.33            109            150
cloudfoundry_space.space_62                                 131.67            102            180
cloudfoundry_space.space_63                                 121.67            114            128
cloudfoundry_space.space_64                                 124.00            100            140
cloudfoundry_space.space_65                                 123.00            103            157
cloudfoundry_space.space_66                                 115.67            100            127
cloudfoundry_space.space_67                                 126.33             96            176
cloudfoundry_space.space_68                                 117.33            112            127
cloudfoundry_space.space_69                                 121.67             97            138
cloudfoundry_space.space_7                                  110.67            100            130
cloudfoundry_space.space_70                                 105.67             96            116
cloudfoundry_space.space_71                                 117.67             94            137
cloudfoundry_space.space_72                                 111.00             82            138
cloudfoundry_space.space_73                                 128.33             87            191
cloudfoundry_space.space_74                                 105.00             98            114
cloudfoundry_space.space_75                                 105.00             86            118
cloudfoundry_space.space_76                                 115.33            104            125
cloudfoundry_space.space_77                                 107.00             90            127
cloudfoundry_space.space_78                                 125.33            104            150
cloudfoundry_space.space_79                                 128.00            108            147
cloudfoundry_space.space_8                                  121.67            111            142
cloudfoundry_space.space_80                                 120.33            105            135
cloudfoundry_space.space_81                                 112.67            106            121
cloudfoundry_space.space_82                                 116.33             94            131
cloudfoundry_space.space_83                                 111.67            105            118
cloudfoundry_space.space_84                                 115.33            102            127
cloudfoundry_space.space_85                                 117.67            100            149
cloudfoundry_space.space_86                                 109.00            102            113
cloudfoundry_space.space_87                                 129.00            110            144
cloudfoundry_space.space_88                                 113.67             94            142
cloudfoundry_space.space_89                                  99.33             83            114
cloudfoundry_space.space_9                                  110.67            105            121
cloudfoundry_space.space_90                                 107.67            102            113
cloudfoundry_space.space_91                                 112.00            104            122
cloudfoundry_space.space_92                                 112.67             98            123
cloudfoundry_space.space_93                                 113.00             90            134
cloudfoundry_space.space_94                                 117.33            102            137
cloudfoundry_space.space_95                                 109.33             96            117
cloudfoundry_space.space_96                                 114.67            105            133
cloudfoundry_space.space_97                                 111.00             97            122
cloudfoundry_space.space_98                                 121.33            104            138
cloudfoundry_space.space_99                                 105.67             98            116
scc_subaccount.subaccount_1                                1511.67            727           2255
scc_subaccount.subaccount_10                               1271.67           1071           1591
scc_subaccount.subaccount_11                               1284.67            750           1669
scc_subaccount.subaccount_12                               1380.33           1077           1617
scc_subaccount.subaccount_13                               1819.67           1562           2055
scc_subaccount.subaccount_14                               1620.67           1499           1750
scc_subaccount.subaccount_15                               1741.33           1293           1967
scc_subaccount.subaccount_16                               1840.33           1566           2184
scc_subaccount.subaccount_17                               1490.33           1164           2016
scc_subaccount.subaccount_18                               1917.67           1750           2070
scc_subaccount.subaccount_19                               1258.67           1121           1374
scc_subaccount.subaccount_2                                1392.33            491           2208
scc_subaccount.subaccount_20                               1430.67           1121           1876
scc_subaccount.subaccount_21                               1800.00           1477           1995
scc_subaccount.subaccount_22                               1616.00           1192           1872
scc_subaccount.subaccount_23                               1523.00           1380           1739
scc_subaccount.subaccount_24                               1365.33            836           1950
scc_subaccount.subaccount_25                               1305.00           1101           1647
scc_subaccount.subaccount_26                               1473.00           1192           1644
scc_subaccount.subaccount_27                               1404.33            879           1812
scc_subaccount.subaccount_28                               1567.33            842           2548
scc_subaccount.subaccount_29                               1271.67           1055           1383
scc_subaccount.subaccount_3                                1424.33           1320           1626
scc_subaccount.subaccount_30                               1453.67           1026           1856
scc_subaccount.subaccount_31                               1372.67           1057           1581
scc_subaccount.subaccount_32                               1567.00           1210           1893
scc_subaccount.subaccount_33                               1380.00            911           1848
scc_subaccount.subaccount_34                               1174.00            514           1588
scc_subaccount.subaccount_35                               1399.33            514           2036
scc_subaccount.subaccount_36                               1452.67            819           1923
scc_subaccount.subaccount_37                               1667.33           1257           1883
scc_subaccount.subaccount_38                               1381.00           1082           1908
scc_subaccount.subaccount_39                               1506.33           1331           1797
scc_subaccount.subaccount_4                                1662.33           1319           1884
scc_subaccount.subaccount_40                               1751.67           1655           1847
scc_subaccount.subaccount_41                               1766.67           1513           2036
scc_subaccount.subaccount_42                               1563.33           1071           1890
scc_subaccount.subaccount_43                                890.67            496           1653
scc_subaccount.subaccount_44                               1498.33            505           2226
scc_subaccount.subaccount_45                               1354.00            663           1771
scc_subaccount.subaccount_46                               1348.00            813           1646
scc_subaccount.subaccount_47                               1242.33            524           2129
scc_subaccount.subaccount_48                               1291.33            615           1878
scc_subaccount.subaccount_49                               1303.00            649           2056
scc_subaccount.subaccount_5                                1142.67            715           1453
scc_subaccount.subaccount_50                               1497.00            693           1983
scc_subaccount.subaccount_6                                1600.67            503           2630
scc_subaccount.subaccount_7                                2113.00           1921           2370
scc_subaccount.subaccount_8                                1021.67            680           1289
scc_subaccount.subaccount_9                                1373.00           1057           1929
scc_system_mapping.system_1                                  56.67             56             57
scc_system_mapping.system_10                                 61.00             56             66
scc_system_mapping.system_100                                60.00             59             61
scc_system_mapping.system_11                                 62.00             60             64
scc_system_mapping.system_12                                 59.33             58             62
scc_system_mapping.system_13                                 60.33             59             62
scc_system_mapping.system_14                                 62.33             60             66
scc_system_mapping.system_15                                 62.33             58             65
scc_system_mapping.system_16                                 89.67             61            147
scc_system_mapping.system_17                                 77.67             59            108
scc_system_mapping.system_18                                 60.00             55             64
scc_system_mapping.system_19                                 59.33             54             64
scc_system_mapping.system_2                                  64.33             56             79
scc_system_mapping.system_20                                 61.00             60             62
scc_system_mapping.system_21                                 58.00             56             60
scc_system_mapping.system_22                                 60.00             60             60
scc_system_mapping.system_23                                 76.00             60            106
scc_system_mapping.system_24                                 61.33             61             62
scc_system_mapping.system_25                                 60.00             59             62
scc_system_mapping.system_26                                 61.00             60             63
scc_system_mapping.system_27                                 58.00             57             59
scc_system_mapping.system_28                                 62.00             61             63
scc_system_mapping.system_29                                 71.33             59             92
scc_system_mapping.system_3                                  60.00             58             63
scc_system_mapping.system_30                                 63.67             58             74
scc_system_mapping.system_31                                 62.00             57             67
scc_system_mapping.system_32                                 59.67             56             63
scc_system_mapping.system_33                                 61.67             61             63
scc_system_mapping.system_34                                 66.00             60             71
scc_system_mapping.system_35                                 61.00             58             63
scc_system_mapping.system_36                                 58.67             56             62
scc_system_mapping.system_37                                 62.00             61             63
scc_system_mapping.system_38                                 61.00             57             65
scc_system_mapping.system_39                                 73.67             59             97
scc_system_mapping.system_4                                  58.00             57             59
scc_system_mapping.system_40                                 59.33             57             61
scc_system_mapping.system_41                                 60.33             58             64
scc_system_mapping.system_42                                 67.33             58             79
scc_system_mapping.system_43                                 62.33             61             64
scc_system_mapping.system_44                                 60.00             59             61
scc_system_mapping.system_45                                 60.00             59             61
scc_system_mapping.system_46                                 59.33             56             63
scc_system_mapping.system_47                                 62.00             59             66
scc_system_mapping.system_48                                 82.00             58            128
scc_system_mapping.system_49                                 66.33             63             72
scc_system_mapping.system_5                                  63.00             63             63
scc_system_mapping.system_50                                 59.67             58             61
scc_system_mapping.system_51                                 58.33             57             60
scc_system_mapping.system_52                                 62.33             58             69
scc_system_mapping.system_53                                 59.67             56             64
scc_system_mapping.system_54                                 61.00             58             66
scc_system_mapping.system_55                                 61.67             60             64
scc_system_mapping.system_56                                 97.00             56            150
scc_system_mapping.system_57                                 62.00             61             63
scc_system_mapping.system_58                                 61.67             61             62
scc_system_mapping.system_59                                 61.00             58             65
scc_system_mapping.system_6                                  60.33             58             62
scc_system_mapping.system_60                                 68.67             62             81
scc_system_mapping.system_61                                 60.00             58             62
scc_system_mapping.system_62                                 59.00             57             61
scc_system_mapping.system_63                                 58.33             56             60
scc_system_mapping.system_64                                 60.00             59             62
scc_system_mapping.system_65                                 65.33             58             76
scc_system_mapping.system_66                                 61.67             60             65
scc_system_mapping.system_67                                 64.67             62             69
scc_system_mapping.system_68                                 60.33             60             61
scc_system_mapping.system_69                                 58.67             58             59
scc_system_mapping.system_7                                  58.00             57             59
scc_system_mapping.system_70                                 61.33             59             64
scc_system_mapping.system_71                                 65.33             58             71
scc_system_mapping.system_72                                 58.67             58             60
scc_system_mapping.system_73                                 59.67             57             64
scc_system_mapping.system_74                                 60.00             58             64
scc_system_mapping.system_75                                 61.00             60             62
scc_system_mapping.system_76                                 59.00             58             60
scc_system_mapping.system_77                                 60.67             57             65
scc_system_mapping.system_78                                 60.00             59             61
scc_system_mapping.system_79                                 63.67             57             72
scc_system_mapping.system_8                                  59.00             57             61
scc_system_mapping.system_80                                 59.33             58             61
scc_system_mapping.system_81                                 59.00             56             61
scc_system_mapping.system_82                                 60.67             59             62
scc_system_mapping.system_83                                 62.67             59             66
scc_system_mapping.system_84                                 58.67             56             61
scc_system_mapping.system_85                                 63.33             59             67
scc_system_mapping.system_86                                 60.67             60             62
scc_system_mapping.system_87                                 60.67             60             61
scc_system_mapping.system_88                                 58.33             58             59
scc_system_mapping.system_89                                 61.67             57             67
scc_system_mapping.system_9                                  69.67             58             90
scc_system_mapping.system_90                                 60.67             58             62
scc_system_mapping.system_91                                 59.67             55             63
scc_system_mapping.system_92                                 58.67             56             62
scc_system_mapping.system_93                                 58.00             55             60
scc_system_mapping.system_94                                 60.00             57             62
scc_system_mapping.system_95                                 64.67             61             70
scc_system_mapping.system_96                                 58.67             57             60
scc_system_mapping.system_97                                231.67             62            564
scc_system_mapping.system_98                                 59.33             58             61
scc_system_mapping.system_99                                 63.33             61             67
scc_system_mapping_resource.resource_1                       58.33             58             59
scc_system_mapping_resource.resource_10                      62.33             58             69
scc_system_mapping_resource.resource_100                     58.33             56             61
scc_system_mapping_resource.resource_101                     58.00             56             60
scc_system_mapping_resource.resource_102                     59.33             58             61
scc_system_mapping_resource.resource_103                     61.00             57             66
scc_system_mapping_resource.resource_104                     58.33             55             62
scc_system_mapping_resource.resource_105                     57.67             55             59
scc_system_mapping_resource.resource_106                     62.33             57             68
scc_system_mapping_resource.resource_107                     58.67             58             59
scc_system_mapping_resource.resource_108                     57.33             54             61
scc_system_mapping_resource.resource_109                     62.00             56             70
scc_system_mapping_resource.resource_11                      62.00             59             64
scc_system_mapping_resource.resource_110                     59.33             57             61
scc_system_mapping_resource.resource_111                     57.67             57             58
scc_system_mapping_resource.resource_112                     80.67             59            123
scc_system_mapping_resource.resource_113                     56.33             55             57
scc_system_mapping_resource.resource_114                     59.67             58             63
scc_system_mapping_resource.resource_115                     57.00             56             58
scc_system_mapping_resource.resource_116                     78.67             63             88
scc_system_mapping_resource.resource_117                     56.67             56             58
scc_system_mapping_resource.resource_118                     57.33             54             61
scc_system_mapping_resource.resource_119                     61.00             56             67
scc_system_mapping_resource.resource_12                      58.00             57             60
scc_system_mapping_resource.resource_120                     67.00             57             82
scc_system_mapping_resource.resource_121                     64.00             58             73
scc_system_mapping_resource.resource_122                     57.00             54             60
scc_system_mapping_resource.resource_123                     62.33             57             66
scc_system_mapping_resource.resource_124                     57.67             56             59
scc_system_mapping_resource.resource_125                     58.33             57             60
scc_system_mapping_resource.resource_126                     61.33             59             66
scc_system_mapping_resource.resource_127                     76.33             59            101
scc_system_mapping_resource.resource_128                     57.00             56             58
scc_system_mapping_resource.resource_129                     60.33             58             62
scc_system_mapping_resource.resource_13                      59.67             55             65
scc_system_mapping_resource.resource_130                     56.33             56             57
scc_system_mapping_resource.resource_131                     57.67             55             60
scc_system_mapping_resource.resource_132                     58.00             55             62
scc_system_mapping_resource.resource_133                     58.67             58             59
scc_system_mapping_resource.resource_134                     57.00             55             60
scc_system_mapping_resource.resource_135                     63.67             58             74
scc_system_mapping_resource.resource_136                     58.33             56             61
scc_system_mapping_resource.resource_137                     58.00             55             60
scc_system_mapping_resource.resource_138                     59.33             55             64
scc_system_mapping_resource.resource_139                     58.67             57             62
scc_system_mapping_resource.resource_14                      57.00             56             58
scc_system_mapping_resource.resource_140                     64.33             61             71
scc_system_mapping_resource.resource_141                     60.33             59             61
scc_system_mapping_resource.resource_142                     75.67             57            108
scc_system_mapping_resource.resource_143                     57.33             56             58
scc_system_mapping_resource.resource_144                     71.00             58             95
scc_system_mapping_resource.resource_145                     60.67             59             62
scc_system_mapping_resource.resource_146                     56.00             55             58
scc_system_mapping_resource.resource_147                     58.33             57             61
scc_system_mapping_resource.resource_148                     56.33             55             58
scc_system_mapping_resource.resource_149                     56.00             54             58
scc_system_mapping_resource.resource_15                      58.33             57             60
scc_system_mapping_resource.resource_150                     62.67             58             70
scc_system_mapping_resource.resource_151                     58.67             57             62
scc_system_mapping_resource.resource_152                     60.67             60             62
scc_system_mapping_resource.resource_153                     59.33             55             62
scc_system_mapping_resource.resource_154                     62.67             58             70
scc_system_mapping_resource.resource_155                     58.33             55             63
scc_system_mapping_resource.resource_156                     59.67             58             62
scc_system_mapping_resource.resource_157                     56.33             55             59
scc_system_mapping_resource.resource_158                     77.67             56            119
scc_system_mapping_resource.resource_159                     57.33             54             60
scc_system_mapping_resource.resource_16                      57.67             56             59
scc_system_mapping_resource.resource_160                     58.33             56             62
scc_system_mapping_resource.resource_161                     58.67             56             60
scc_system_mapping_resource.resource_162                     66.67             58             81
scc_system_mapping_resource.resource_163                     58.33             57             60
scc_system_mapping_resource.resource_164                     59.67             56             62
scc_system_mapping_resource.resource_165                     58.33             57             60
scc_system_mapping_resource.resource_166                     62.67             55             69
scc_system_mapping_resource.resource_167                     59.00             58             60
scc_system_mapping_resource.resource_168                     61.33             58             65
scc_system_mapping_resource.resource_169                     57.00             55             60
scc_system_mapping_resource.resource_17                      69.33             55             83
scc_system_mapping_resource.resource_170                     92.00             57            159
scc_system_mapping_resource.resource_171                     81.67             61             96
scc_system_mapping_resource.resource_172                     61.00             56             69
scc_system_mapping_resource.resource_173                     57.00             55             60
scc_system_mapping_resource.resource_174                     60.33             56             66
scc_system_mapping_resource.resource_175                     58.00             57             59
scc_system_mapping_resource.resource_176                     56.00             55             57
scc_system_mapping_resource.resource_177                     59.67             56             62
scc_system_mapping_resource.resource_178                     58.00             57             59
scc_system_mapping_resource.resource_179                     58.33             55             61
scc_system_mapping_resource.resource_18                      63.00             59             69
scc_system_mapping_resource.resource_180                     59.00             58             60
scc_system_mapping_resource.resource_181                     59.00             58             60
scc_system_mapping_resource.resource_182                     76.67             56            112
scc_system_mapping_resource.resource_183                     82.00             56            128
scc_system_mapping_resource.resource_184                     89.00             59            144
scc_system_mapping_resource.resource_185                     60.33             55             69
scc_system_mapping_resource.resource_186                     62.00             56             69
scc_system_mapping_resource.resource_187                     59.00             57             62
scc_system_mapping_resource.resource_188                     59.33             54             67
scc_system_mapping_resource.resource_189                     64.00             61             68
scc_system_mapping_resource.resource_19                      59.00             55             61
scc_system_mapping_resource.resource_190                     58.67             58             60
scc_system_mapping_resource.resource_191                     62.33             61             65
scc_system_mapping_resource.resource_192                     61.33             60             63
scc_system_mapping_resource.resource_193                     57.67             57             59
scc_system_mapping_resource.resource_194                     58.00             58             58
scc_system_mapping_resource.resource_195                     65.00             57             80
scc_system_mapping_resource.resource_196                     58.67             57             60
scc_system_mapping_resource.resource_197                     59.67             55             65
scc_system_mapping_resource.resource_198                     59.33             57             61
scc_system_mapping_resource.resource_199                     60.33             55             66
scc_system_mapping_resource.resource_2                       57.33             55             60
scc_system_mapping_resource.resource_20                      60.33             57             66
scc_system_mapping_resource.resource_200                     60.33             55             65
scc_system_mapping_resource.resource_21                      85.00             58            124
scc_system_mapping_resource.resource_22                      60.00             56             64
scc_system_mapping_resource.resource_23                      60.33             54             67
scc_system_mapping_resource.resource_24                      57.00             56             58
scc_system_mapping_resource.resource_25                      59.00             57             60
scc_system_mapping_resource.resource_26                      58.67             56             61
scc_system_mapping_resource.resource_27                      57.67             55             59
scc_system_mapping_resource.resource_28                      61.33             56             66
scc_system_mapping_resource.resource_29                      57.67             55             59
scc_system_mapping_resource.resource_3                       60.00             57             62
scc_system_mapping_resource.resource_30                      62.00             55             73
scc_system_mapping_resource.resource_31                      57.67             53             61
scc_system_mapping_resource.resource_32                      59.00             57             61
scc_system_mapping_resource.resource_33                      61.00             59             64
scc_system_mapping_resource.resource_34                      59.00             57             61
scc_system_mapping_resource.resource_35                      58.33             56             60
scc_system_mapping_resource.resource_36                      60.00             56             64
scc_system_mapping_resource.resource_37                      59.00             56             61
scc_system_mapping_resource.resource_38                      56.67             56             57
scc_system_mapping_resource.resource_39                      60.33             58             64
scc_system_mapping_resource.resource_4                       61.67             58             64
scc_system_mapping_resource.resource_40                      60.33             60             61
scc_system_mapping_resource.resource_41                      60.67             57             67
scc_system_mapping_resource.resource_42                      58.67             58             60
scc_system_mapping_resource.resource_43                      59.00             57             61
scc_system_mapping_resource.resource_44                      59.33             57             63
scc_system_mapping_resource.resource_45                      59.00             57             60
scc_system_mapping_resource.resource_46                     438.00             61           1192
scc_system_mapping_resource.resource_47                      60.33             58             63
scc_system_mapping_resource.resource_48                      57.67             55             60
scc_system_mapping_resource.resource_49                      62.67             57             67
scc_system_mapping_resource.resource_5                       58.00             57             59
scc_system_mapping_resource.resource_50                      58.33             57             61
scc_system_mapping_resource.resource_51                      58.00             55             60
scc_system_mapping_resource.resource_52                      61.00             58             64
scc_system_mapping_resource.resource_53                      59.33             57             61
scc_system_mapping_resource.resource_54                      62.67             61             64
scc_system_mapping_resource.resource_55                      58.00             55             60
scc_system_mapping_resource.resource_56                      57.00             56             59
scc_system_mapping_resource.resource_57                      60.00             55             68
scc_system_mapping_resource.resource_58                      56.00             53             58
scc_system_mapping_resource.resource_59                      60.00             57             65
scc_system_mapping_resource.resource_6                       63.67             58             71
scc_system_mapping_resource.resource_60                      61.67             57             65
scc_system_mapping_resource.resource_61                      57.33             55             60
scc_system_mapping_resource.resource_62                      60.00             58             64
scc_system_mapping_resource.resource_63                      58.33             56             62
scc_system_mapping_resource.resource_64                      57.00             55             59
scc_system_mapping_resource.resource_65                      57.67             56             59
scc_system_mapping_resource.resource_66                      60.00             57             62
scc_system_mapping_resource.resource_67                      59.33             56             64
scc_system_mapping_resource.resource_68                      60.00             58             63
scc_system_mapping_resource.resource_69                      57.67             56             61
scc_system_mapping_resource.resource_7                       59.33             58             61
scc_system_mapping_resource.resource_70                      58.00             57             59
scc_system_mapping_resource.resource_71                      70.67             56             91
scc_system_mapping_resource.resource_72                      59.33             57             64
scc_system_mapping_resource.resource_73                      59.33             58             62
scc_system_mapping_resource.resource_74                      57.67             56             59
scc_system_mapping_resource.resource_75                      57.33             55             59
scc_system_mapping_resource.resource_76                      58.00             54             64
scc_system_mapping_resource.resource_77                      58.33             58             59
scc_system_mapping_resource.resource_78                      58.33             57             60
scc_system_mapping_resource.resource_79                      58.33             56             60
scc_system_mapping_resource.resource_8                       57.00             56             59
scc_system_mapping_resource.resource_80                      63.00             60             65
scc_system_mapping_resource.resource_81                      59.00             57             60
scc_system_mapping_resource.resource_82                      59.33             54             65
scc_system_mapping_resource.resource_83                      59.67             59             60
scc_system_mapping_resource.resource_84                      75.33             61            101
scc_system_mapping_resource.resource_85                      56.67             55             58
scc_system_mapping_resource.resource_86                      62.33             58             71
scc_system_mapping_resource.resource_87                      57.67             54             60
scc_system_mapping_resource.resource_88                      58.00             56             61
scc_system_mapping_resource.resource_89                      58.67             58             59
scc_system_mapping_resource.resource_9                       59.67             57             61
scc_system_mapping_resource.resource_90                      86.00             55            144
scc_system_mapping_resource.resource_91                      74.33             56            110
scc_system_mapping_resource.resource_92                      63.33             57             72
scc_system_mapping_resource.resource_93                      57.00             55             59
scc_system_mapping_resource.resource_94                      65.00             61             69
scc_system_mapping_resource.resource_95                      60.00             57             62
scc_system_mapping_resource.resource_96                      62.67             61             65
scc_system_mapping_resource.resource_97                      57.00             57             57
scc_system_mapping_resource.resource_98                      59.67             57             62
scc_system_mapping_resource.resource_99                      58.67             55             61
sci_application.app_1                                       126.33            124            129
sci_application.app_10                                      142.67            118            187
sci_application.app_100                                     120.00            105            128
sci_application.app_11                                      124.00            122            128
sci_application.app_12                                      121.67            117            127
sci_application.app_13                                      117.33            113            122
sci_application.app_14                                      132.00            117            146
sci_application.app_15                                      117.33            112            120
sci_application.app_16                                      121.33            115            132
sci_application.app_17                                      118.67            109            127
sci_application.app_18                                      119.33            108            134
sci_application.app_19                                      128.33            121            133
sci_application.app_2                                       124.00            117            130
sci_application.app_20                                      126.00            122            131
sci_application.app_21                                      118.00            112            124
sci_application.app_22                                      132.33            112            153
sci_application.app_23                                      122.33            115            128
sci_application.app_24                                      128.67            116            137
sci_application.app_25                                      123.00            116            131
sci_application.app_26                                      120.00            115            125
sci_application.app_27                                      132.33            117            145
sci_application.app_28                                      124.00            104            135
sci_application.app_29                                      124.33            114            131
sci_application.app_3                                       129.00            126            131
sci_application.app_30                                      125.67            123            130
sci_application.app_31                                      131.33            126            141
sci_application.app_32                                      123.00            122            124
sci_application.app_33                                      124.00            114            136
sci_application.app_34                                      129.00            124            135
sci_application.app_35                                      116.67            108            129
sci_application.app_36                                      126.67            123            130
sci_application.app_37                                      121.67            107            133
sci_application.app_38                                      130.67            126            136
sci_application.app_39                                      124.00            122            128
sci_application.app_4                                       124.67            116            137
sci_application.app_40                                      119.67            118            121
sci_application.app_41                                      125.67            123            130
sci_application.app_42                                      134.67            125            147
sci_application.app_43                                      119.33            116            123
sci_application.app_44                                      127.67            124            131
sci_application.app_45                                      121.00            120            122
sci_application.app_46                                      125.33            119            134
sci_application.app_47                                      123.33            111            131
sci_application.app_48                                      131.67            126            139
sci_application.app_49                                      122.00            116            125
sci_application.app_5                                       121.00            114            126
sci_application.app_50                                      117.00            108            127
sci_application.app_51                                      140.33            123            170
sci_application.app_52                                      122.33            119            126
sci_application.app_53                                      121.00            111            137
sci_application.app_54                                      117.67            112            124
sci_application.app_55                                      121.00            117            124
sci_application.app_56                                      128.33            121            136
sci_application.app_57                                      117.00            113            120
sci_application.app_58                                      122.00            118            125
sci_application.app_59                                      197.67            124            338
sci_application.app_6                                       123.00            112            131
sci_application.app_60                                      122.67            118            127
sci_application.app_61                                      130.67            126            135
sci_application.app_62                                      124.00            119            129
sci_application.app_63                                      123.00            117            128
sci_application.app_64                                      123.33            109            137
sci_application.app_65                                      132.67            117            147
sci_application.app_66                                      121.67            119            126
sci_application.app_67                                      138.67            122            153
sci_application.app_68                                      130.00            116            146
sci_application.app_69                                      117.00            103            126
sci_application.app_7                                       124.00            120            130
sci_application.app_70                                      124.00            119            133
sci_application.app_71                                      132.33            129            136
sci_application.app_72                                      131.00            108            157
sci_application.app_73                                      127.67            119            133
sci_application.app_74                                      123.67            116            129
sci_application.app_75                                      122.33            115            134
sci_application.app_76                                      119.00            113            123
sci_application.app_77                                      125.67            121            131
sci_application.app_78                                      122.33            116            127
sci_application.app_79                                      127.33            115            138
sci_application.app_8                                       118.33            113            127
sci_application.app_80                                      126.33            115            140
sci_application.app_81                                      131.00            120            142
sci_application.app_82                                      119.33            113            130
sci_application.app_83                                      123.00            117            129
sci_application.app_84                                      124.33            117            131
sci_application.app_85                                      124.33            122            127
sci_application.app_86                                      133.33            117            162
sci_application.app_87                                      119.33            118            120
sci_application.app_88                                      121.33            117            125
sci_application.app_89                                      123.67            122            127
sci_application.app_9                                       134.00            122            147
sci_application.app_90                                      126.33            124            129
sci_application.app_91                                      134.33            106            164
sci_application.app_92                                      197.00            130            330
sci_application.app_93                                      124.00            120            128
sci_application.app_94                                      116.67            114            120
sci_application.app_95                                      132.00            117            147
sci_application.app_96                                      129.00            124            133
sci_application.app_97                                      120.33            115            124
sci_application.app_98                                      127.67            120            138
sci_application.app_99                                      123.00            118            130
sci_group_base.group_1                                       98.33             95            102
sci_group_base.group_10                                      94.67             94             96
sci_group_base.group_100                                     98.33             95            103
sci_group_base.group_101                                    103.00             94            119
sci_group_base.group_102                                    101.33             94            106
sci_group_base.group_103                                    104.00             95            111
sci_group_base.group_104                                    164.00             94            301
sci_group_base.group_105                                     93.33             84            100
sci_group_base.group_106                                     99.67             97            101
sci_group_base.group_107                                     92.67             91             95
sci_group_base.group_108                                     91.67             88             98
sci_group_base.group_109                                     97.00             93            104
sci_group_base.group_11                                      93.33             91             95
sci_group_base.group_110                                    120.00             89            170
sci_group_base.group_111                                     92.33             86             98
sci_group_base.group_112                                     89.67             88             91
sci_group_base.group_113                                     98.00             95            102
sci_group_base.group_114                                     97.33             95            101
sci_group_base.group_115                                     99.33             94            107
sci_group_base.group_116                                    101.67             98            108
sci_group_base.group_117                                     99.33             94            105
sci_group_base.group_118                                     94.67             91            100
sci_group_base.group_119                                    117.33             95            159
sci_group_base.group_12                                      94.00             92             98
sci_group_base.group_120                                     95.67             92            103
sci_group_base.group_121                                     98.00             96            102
sci_group_base.group_122                                    100.67             95            110
sci_group_base.group_123                                     94.00             92             96
sci_group_base.group_124                                     97.67             93            107
sci_group_base.group_125                                    126.00             94            190
sci_group_base.group_126                                     95.33             94             96
sci_group_base.group_127                                     95.33             90             98
sci_group_base.group_128                                     98.00             87            110
sci_group_base.group_129                                    174.00             93            320
sci_group_base.group_13                                      97.67             96             99
sci_group_base.group_130                                     92.67             84             98
sci_group_base.group_131                                    104.67             88            128
sci_group_base.group_132                                     90.67             87             97
sci_group_base.group_133                                    163.33             94            298
sci_group_base.group_134                                     95.00             92            100
sci_group_base.group_135                                    111.33             91            143
sci_group_base.group_136                                     99.33             93            107
sci_group_base.group_137                                    122.00             95            139
sci_group_base.group_138                                     89.67             84             94
sci_group_base.group_139                                     93.33             84            100
sci_group_base.group_14                                      93.33             88             96
sci_group_base.group_140                                    107.00             92            126
sci_group_base.group_141                                    100.00             95            108
sci_group_base.group_142                                     93.33             89             96
sci_group_base.group_143                                     94.67             89             98
sci_group_base.group_144                                    106.00             87            136
sci_group_base.group_145                                     92.67             90             96
sci_group_base.group_146                                    101.33             92            116
sci_group_base.group_147                                     97.33             94            100
sci_group_base.group_148                                     96.33             94             99
sci_group_base.group_149                                     91.00             88             96
sci_group_base.group_15                                      91.67             89             96
sci_group_base.group_150                                    106.00             92            125
sci_group_base.group_16                                      95.67             87            102
sci_group_base.group_17                                      94.67             89             99
sci_group_base.group_18                                      95.67             94             99
sci_group_base.group_19                                     104.67             98            110
sci_group_base.group_2                                       96.33             92            100
sci_group_base.group_20                                     170.33             91            322
sci_group_base.group_21                                     165.00             93            299
sci_group_base.group_22                                     100.00             98            102
sci_group_base.group_23                                     169.00             97            310
sci_group_base.group_24                                      97.33             94            100
sci_group_base.group_25                                     186.00             99            315
sci_group_base.group_26                                      92.67             90             98
sci_group_base.group_27                                      95.00             85            101
sci_group_base.group_28                                      95.67             93             99
sci_group_base.group_29                                     100.67             90            119
sci_group_base.group_3                                      122.67             92            178
sci_group_base.group_30                                      94.67             85            100
sci_group_base.group_31                                     111.33             98            133
sci_group_base.group_32                                      98.00             94            102
sci_group_base.group_33                                      95.00             88             99
sci_group_base.group_34                                     103.33             91            110
sci_group_base.group_35                                      94.67             92             98
sci_group_base.group_36                                     108.67             95            133
sci_group_base.group_37                                      96.67             90            106
sci_group_base.group_38                                     166.33             89            315
sci_group_base.group_39                                      92.33             91             93
sci_group_base.group_4                                       91.67             83            100
sci_group_base.group_40                                      97.00             89            103
sci_group_base.group_41                                      97.33             90            102
sci_group_base.group_42                                     105.67             94            125
sci_group_base.group_43                                      94.67             92             99
sci_group_base.group_44                                      97.33             91            101
sci_group_base.group_45                                     168.00             96            305
sci_group_base.group_46                                      99.33             93            105
sci_group_base.group_47                                      95.33             93             98
sci_group_base.group_48                                      94.67             88            102
sci_group_base.group_49                                     166.00             86            303
sci_group_base.group_5                                      100.00             96            102
sci_group_base.group_50                                      98.00             91            110
sci_group_base.group_51                                     107.67             91            132
sci_group_base.group_52                                      96.33             89            109
sci_group_base.group_53                                     102.67             93            113
sci_group_base.group_54                                      99.00             91            113
sci_group_base.group_55                                      97.67             96            100
sci_group_base.group_56                                      94.67             88             98
sci_group_base.group_57                                     100.00             86            112
sci_group_base.group_58                                      98.00             94            104
sci_group_base.group_59                                     107.00             89            134
sci_group_base.group_6                                       98.67             98             99
sci_group_base.group_60                                      97.00             91            100
sci_group_base.group_61                                     168.33             92            315
sci_group_base.group_62                                      96.67             92            101
sci_group_base.group_63                                      98.67             94            103
sci_group_base.group_64                                      95.67             93             98
sci_group_base.group_65                                      93.33             87            102
sci_group_base.group_66                                      95.67             95             96
sci_group_base.group_67                                      95.67             90            104
sci_group_base.group_68                                     100.00             97            104
sci_group_base.group_69                                      98.00             91            108
sci_group_base.group_7                                      102.00             98            104
sci_group_base.group_70                                      90.33             89             92
sci_group_base.group_71                                      96.33             87            101
sci_group_base.group_72                                      98.67             96            103
sci_group_base.group_73                                      99.33             91            114
sci_group_base.group_74                                     108.00             92            135
sci_group_base.group_75                                      94.67             92             99
sci_group_base.group_76                                      93.00             89             95
sci_group_base.group_77                                     124.33             92            178
sci_group_base.group_78                                     101.33             92            110
sci_group_base.group_79                                      93.67             91             98
sci_group_base.group_8                                      166.67             93            308
sci_group_base.group_80                                      96.33             92            103
sci_group_base.group_81                                      94.33             93             96
sci_group_base.group_82                                      99.00             90            111
sci_group_base.group_83                                      97.33             90            103
sci_group_base.group_84                                      95.00             91             98
sci_group_base.group_85                                      94.33             88             98
sci_group_base.group_86                                      95.00             91            103
sci_group_base.group_87                                     108.67             96            126
sci_group_base.group_88                                      95.33             89            103
sci_group_base.group_89                                     174.00             95            331
sci_group_base.group_9                                       97.67             89            111
sci_group_base.group_90                                      93.67             91             97
sci_group_base.group_91                                     123.67             92            178
sci_group_base.group_92                                      95.33             90            104
sci_group_base.group_93                                      93.00             89             99
sci_group_base.group_94                                     165.33             93            309
sci_group_base.group_95                                      98.33             91            109
sci_group_base.group_96                                     100.00             96            103
sci_group_base.group_97                                     100.33             97            105
sci_group_base.group_98                                      96.33             96             97
sci_group_base.group_99                                      96.33             92             99
sci_user.user_1                                              95.67             91            105
sci_user.user_10                                             93.00             88            102
sci_user.user_100                                            98.00             97             99
sci_user.user_101                                            95.67             86            113
sci_user.user_102                                            98.67             96            102
sci_user.user_103                                            90.33             88             94
sci_user.user_104                                            90.00             89             91
sci_user.user_105                                            95.00             95             95
sci_user.user_106                                            92.67             91             95
sci_user.user_107                                            90.67             86             93
sci_user.user_108                                            93.33             82            104
sci_user.user_109                                            91.00             91             91
sci_user.user_11                                             93.67             84            103
sci_user.user_110                                            92.33             85            101
sci_user.user_111                                           102.67             97            111
sci_user.user_112                                            91.67             87             99
sci_user.user_113                                            89.33             87             93
sci_user.user_114                                            94.67             86            101
sci_user.user_115                                            94.33             90             97
sci_user.user_116                                            95.67             92            100
sci_user.user_117                                            94.67             91            101
sci_user.user_118                                           114.67             95            151
sci_user.user_119                                            89.00             85             95
sci_user.user_12                                             91.00             86             94
sci_user.user_120                                            93.67             86             98
sci_user.user_121                                            94.67             86            103
sci_user.user_122                                            98.33             89            107
sci_user.user_123                                            93.33             87            100
sci_user.user_124                                            99.33             89            109
sci_user.user_125                                            89.67             87             91
sci_user.user_126                                            86.33             84             88
sci_user.user_127                                            96.67             94            100
sci_user.user_128                                           109.33             90            144
sci_user.user_129                                           170.00             95            309
sci_user.user_13                                             97.33             90            112
sci_user.user_130                                            89.00             81            100
sci_user.user_131                                           108.33             89            138
sci_user.user_132                                            94.00             85            107
sci_user.user_133                                            89.67             88             91
sci_user.user_134                                           106.00             85            140
sci_user.user_135                                            91.67             90             93
sci_user.user_136                                           105.00             97            119
sci_user.user_137                                            97.33             84            114
sci_user.user_138                                            90.67             85             99
sci_user.user_139                                           103.67             83            137
sci_user.user_14                                             91.00             83             96
sci_user.user_140                                            88.67             87             92
sci_user.user_141                                            95.67             89            105
sci_user.user_142                                            93.00             78            108
sci_user.user_143                                            92.67             89             96
sci_user.user_144                                            96.67             92            104
sci_user.user_145                                            98.33             88            119
sci_user.user_146                                            94.33             88             99
sci_user.user_147                                            91.67             90             94
sci_user.user_148                                            92.00             90             95
sci_user.user_149                                            89.33             77             96
sci_user.user_15                                             96.33             92            100
sci_user.user_150                                           101.00             94            108
sci_user.user_151                                           107.67             94            133
sci_user.user_152                                            90.67             89             93
sci_user.user_153                                            93.00             89             95
sci_user.user_154                                            94.00             87             99
sci_user.user_155                                            92.33             87             97
sci_user.user_156                                           107.33             87            136
sci_user.user_157                                            92.67             85            105
sci_user.user_158                                           109.67             87            133
sci_user.user_159                                            94.33             92             96
sci_user.user_16                                             94.33             91            100
sci_user.user_160                                           161.00             86            310
sci_user.user_161                                            93.67             90             96
sci_user.user_162                                            87.33             85             89
sci_user.user_163                                            97.00             92            102
sci_user.user_164                                            99.00             86            118
sci_user.user_165                                            88.33             84             94
sci_user.user_166                                            87.67             86             90
sci_user.user_167                                            94.67             85            108
sci_user.user_168                                            99.00             96            104
sci_user.user_169                                            89.33             85             96
sci_user.user_17                                             94.33             87            105
sci_user.user_170                                            97.33             90            109
sci_user.user_171                                            93.67             91             97
sci_user.user_172                                            84.33             79             91
sci_user.user_173                                           107.33             79            145
sci_user.user_174                                            97.00             95             99
sci_user.user_175                                            91.67             88             96
sci_user.user_176                                            92.67             88             98
sci_user.user_177                                            96.67             91            105
sci_user.user_178                                           100.00             95            106
sci_user.user_179                                            94.00             91             98
sci_user.user_18                                             97.33             91            109
sci_user.user_180                                            92.33             86             98
sci_user.user_181                                            99.00             88            111
sci_user.user_182                                            92.67             85            103
sci_user.user_183                                            91.33             86             99
sci_user.user_184                                            95.00             93             97
sci_user.user_185                                           101.67             85            119
sci_user.user_186                                            92.00             87            100
sci_user.user_187                                            85.33             84             87
sci_user.user_188                                           103.33             87            123
sci_user.user_189                                            93.33             86             98
sci_user.user_19                                             89.67             87             92
sci_user.user_190                                            91.67             87            100
sci_user.user_191                                           101.67             96            106
sci_user.user_192                                            95.33             94             97
sci_user.user_193                                            92.33             88            100
sci_user.user_194                                            96.67             92            103
sci_user.user_195                                            95.33             84            105
sci_user.user_196                                            97.00             95             99
sci_user.user_197                                            95.67             90            101
sci_user.user_198                                            95.33             82            106
sci_user.user_199                                            94.00             93             95
sci_user.user_2                                              96.67             88            107
sci_user.user_20                                            100.67             92            117
sci_user.user_200                                            93.33             89             96
sci_user.user_201                                            96.00             91            103
sci_user.user_202                                            90.00             88             94
sci_user.user_203                                            92.00             87             96
sci_user.user_204                                           106.00             95            120
sci_user.user_205                                            87.33             86             89
sci_user.user_206                                            91.67             90             94
sci_user.user_207                                            89.00             87             91
sci_user.user_208                                            88.00             87             90
sci_user.user_209                                            91.67             88             96
sci_user.user_21                                             93.67             87            103
sci_user.user_210                                            90.33             85             94
sci_user.user_211                                            97.33             89            104
sci_user.user_212                                           103.33             97            116
sci_user.user_213                                            99.67             92            113
sci_user.user_214                                            95.00             91             98
sci_user.user_215                                            94.00             84            100
sci_user.user_216                                            92.00             88             98
sci_user.user_217                                           101.67            100            105
sci_user.user_218                                           110.33             93            139
sci_user.user_219                                            88.67             86             91
sci_user.user_22                                             93.00             86             99
sci_user.user_220                                            97.00             93            103
sci_user.user_221                                            89.33             81             97
sci_user.user_222                                            88.00             84             90
sci_user.user_223                                            97.67             92            108
sci_user.user_224                                            93.33             89             98
sci_user.user_225                                           124.33             88            189
sci_user.user_226                                            92.00             84             97
sci_user.user_227                                            99.67             94            109
sci_user.user_228                                            97.33             83            111
sci_user.user_229                                            90.00             79             96
sci_user.user_23                                             93.33             87             97
sci_user.user_230                                            90.00             84             95
sci_user.user_231                                            90.00             84             93
sci_user.user_232                                            92.67             88             97
sci_user.user_233                                           110.33             90            149
sci_user.user_234                                            90.67             83             95
sci_user.user_235                                           100.33             91            107
sci_user.user_236                                            90.33             86             95
sci_user.user_237                                            99.00             88            108
sci_user.user_238                                           110.33             91            147
sci_user.user_239                                           122.33             95            172
sci_user.user_24                                             95.33             89            101
sci_user.user_240                                           102.67             96            111
sci_user.user_241                                            94.33             93             96
sci_user.user_242                                            95.00             93             98
sci_user.user_243                                            92.00             87             98
sci_user.user_244                                            94.33             91             96
sci_user.user_245                                            89.67             82             98
sci_user.user_246                                            95.67             91            100
sci_user.user_247                                            89.00             87             93
sci_user.user_248                                            88.67             83             97
sci_user.user_249                                            93.33             92             94
sci_user.user_25                                             99.33             93            103
sci_user.user_250                                            95.33             86            108
sci_user.user_26                                             95.33             92             99
sci_user.user_27                                             90.67             85             96
sci_user.user_28                                             92.67             84             98
sci_user.user_29                                            117.33             95            153
sci_user.user_3                                              89.67             84             99
sci_user.user_30                                             88.67             84             97
sci_user.user_31                                             92.67             92             94
sci_user.user_32                                             87.00             80             91
sci_user.user_33                                             90.33             85             94
sci_user.user_34                                             98.67             87            111
sci_user.user_35                                            102.00             97            110
sci_user.user_36                                             88.33             84             92
sci_user.user_37                                             97.00             96             98
sci_user.user_38                                             92.67             89             95
sci_user.user_39                                             90.67             87             93
sci_user.user_4                                             107.67             91            136
sci_user.user_40                                            109.33             92            122
sci_user.user_41                                            106.00             89            131
sci_user.user_42                                            100.33             97            106
sci_user.user_43                                             99.00             95            101
sci_user.user_44                                             91.67             87             97
sci_user.user_45                                             93.33             92             96
sci_user.user_46                                             93.67             93             94
sci_user.user_47                                             92.00             92             92
sci_user.user_48                                             93.00             84            104
sci_user.user_49                                            103.00             87            123
sci_user.user_5                                             101.00             89            122
sci_user.user_50                                             94.00             88            102
sci_user.user_51                                             94.67             93             96
sci_user.user_52                                             88.33             80             93
sci_user.user_53                                             91.33             87             96
sci_user.user_54                                             95.67             87            100
sci_user.user_55                                            106.33             92            131
sci_user.user_56                                             95.00             94             96
sci_user.user_57                                             96.67             87            103
sci_user.user_58                                             92.00             86             97
sci_user.user_59                                            124.67             92            150
sci_user.user_6                                              91.33             88             96
sci_user.user_60                                            104.67             93            116
sci_user.user_61                                             90.00             88             92
sci_user.user_62                                             87.67             78             93
sci_user.user_63                                             87.00             83             93
sci_user.user_64                                            106.67             93            130
sci_user.user_65                                             95.00             85            103
sci_user.user_66                                             92.33             91             94
sci_user.user_67                                             91.33             87             95
sci_user.user_68                                            102.33             90            122
sci_user.user_69                                            129.00             90            197
sci_user.user_7                                             106.00             85            134
sci_user.user_70                                            104.00             96            109
sci_user.user_71                                             90.00             84             93
sci_user.user_72                                            102.00             85            111
sci_user.user_73                                             86.00             84             89
sci_user.user_74                                             89.33             85             95
sci_user.user_75                                             99.00             93            105
sci_user.user_76                                             92.00             84             97
sci_user.user_77                                             96.33             91            102
sci_user.user_78                                             91.33             88             93
sci_user.user_79                                             95.67             93             97
sci_user.user_8                                              90.67             87             94
sci_user.user_80                                             99.33             95            106
sci_user.user_81                                             99.67             89            114
sci_user.user_82                                             91.00             87             95
sci_user.user_83                                             95.67             88            102
sci_user.user_84                                             90.33             85             97
sci_user.user_85                                             99.33             88            115
sci_user.user_86                                             98.00             92            106
sci_user.user_87                                             89.00             87             92
sci_user.user_88                                             92.67             91             96
sci_user.user_89                                             93.33             91             95
sci_user.user_9                                              94.00             87             98
sci_user.user_90                                             90.00             87             93
sci_user.user_91                                            101.67             91            119
sci_user.user_92                                            101.33             89            115
sci_user.user_93                                             90.33             88             95
sci_user.user_94                                             96.33             92            100
sci_user.user_95                                             89.33             84             93
sci_user.user_96                                             97.00             86            109
sci_user.user_97                                            102.33             85            129
sci_user.user_98                                             96.67             84            110
sci_user.user_99                                             93.33             92             95

Grouped results:
-------                                 ------------    -----------    -----------
Element                                 Average (ms)   Minimum (ms)   Maximum (ms)
btp_directory.*                               691.98             86          21100
btp_subaccount.*                              470.25             39          12106
btp_subaccount_destination_generic.*          775.44            135          14236
btp_subaccount_entitlement.*                11752.50          10455          32142
btp_subaccount_environment_instance.*         646.19            271           1357
btp_subaccount_role.*                         466.44            148           1455
btp_subaccount_role_collection.*              471.54            124          14376
btp_subaccount_service_instance.*            1857.26            752          21447
btp_subaccount_subscription.*                1351.34            545          20934
btp_subaccount_trust_configuration.*          565.09            159          12420
cloudfoundry_service_instance.*                51.44             34            382
cloudfoundry_space.*                          117.27             79            191
scc_subaccount.*                             1469.67            491           2630
scc_system_mapping.*                           64.10             54            564
scc_system_mapping_resource.*                  62.91             53           1192
sci_application.*                             126.41            103            338
sci_group_base.*                              105.37             83            331
sci_user.*                                     96.28             77            310

Total wall-clock time: 1941.353078s
Average wall-clock time: 647.117693s
Minimum wall-clock time: 610.591737s
Maximum wall-clock time: 720.034715s
Total Ressources: 2150
