Running terraform plan -refresh-only 3 time(s)
Using Terraform parallelism: 5

Run 1/3:
  Total run time: 575.829668s
  btp_directory.directory_1                                              653ms
  btp_directory.directory_10                                             521ms
  btp_directory.directory_11                                             562ms
  btp_directory.directory_12                                             562ms
  btp_directory.directory_13                                             575ms
  btp_directory.directory_14                                             600ms
  btp_directory.directory_15                                             555ms
  btp_directory.directory_16                                             538ms
  btp_directory.directory_17                                             519ms
  btp_directory.directory_18                                             532ms
  btp_directory.directory_19                                             590ms
  btp_directory.directory_2                                              530ms
  btp_directory.directory_20                                             584ms
  btp_directory.directory_21                                             582ms
  btp_directory.directory_22                                             546ms
  btp_directory.directory_23                                             565ms
  btp_directory.directory_24                                             523ms
  btp_directory.directory_25                                             505ms
  btp_directory.directory_26                                             556ms
  btp_directory.directory_27                                             523ms
  btp_directory.directory_28                                             551ms
  btp_directory.directory_29                                             512ms
  btp_directory.directory_3                                              567ms
  btp_directory.directory_30                                             551ms
  btp_directory.directory_31                                             508ms
  btp_directory.directory_32                                             499ms
  btp_directory.directory_33                                             594ms
  btp_directory.directory_34                                             619ms
  btp_directory.directory_35                                             566ms
  btp_directory.directory_36                                             563ms
  btp_directory.directory_37                                             581ms
  btp_directory.directory_38                                             538ms
  btp_directory.directory_39                                             572ms
  btp_directory.directory_4                                              528ms
  btp_directory.directory_40                                             531ms
  btp_directory.directory_41                                             575ms
  btp_directory.directory_42                                             554ms
  btp_directory.directory_43                                             543ms
  btp_directory.directory_44                                             573ms
  btp_directory.directory_45                                             533ms
  btp_directory.directory_46                                             533ms
  btp_directory.directory_47                                             505ms
  btp_directory.directory_48                                             540ms
  btp_directory.directory_49                                             594ms
  btp_directory.directory_5                                              567ms
  btp_directory.directory_50                                             509ms
  btp_directory.directory_6                                              513ms
  btp_directory.directory_7                                              532ms
  btp_directory.directory_8                                              669ms
  btp_directory.directory_9                                              511ms
  btp_subaccount.subaccount_1                                            235ms
  btp_subaccount.subaccount_10                                           222ms
  btp_subaccount.subaccount_11                                           229ms
  btp_subaccount.subaccount_12                                           235ms
  btp_subaccount.subaccount_13                                           203ms
  btp_subaccount.subaccount_14                                           295ms
  btp_subaccount.subaccount_15                                           232ms
  btp_subaccount.subaccount_16                                           220ms
  btp_subaccount.subaccount_17                                           256ms
  btp_subaccount.subaccount_18                                           231ms
  btp_subaccount.subaccount_19                                           225ms
  btp_subaccount.subaccount_2                                            223ms
  btp_subaccount.subaccount_20                                           235ms
  btp_subaccount.subaccount_21                                           264ms
  btp_subaccount.subaccount_22                                           225ms
  btp_subaccount.subaccount_23                                           226ms
  btp_subaccount.subaccount_24                                           235ms
  btp_subaccount.subaccount_25                                           217ms
  btp_subaccount.subaccount_26                                           225ms
  btp_subaccount.subaccount_27                                           243ms
  btp_subaccount.subaccount_28                                           234ms
  btp_subaccount.subaccount_29                                           223ms
  btp_subaccount.subaccount_3                                            230ms
  btp_subaccount.subaccount_30                                           238ms
  btp_subaccount.subaccount_31                                           234ms
  btp_subaccount.subaccount_32                                           224ms
  btp_subaccount.subaccount_33                                           260ms
  btp_subaccount.subaccount_34                                           269ms
  btp_subaccount.subaccount_35                                           231ms
  btp_subaccount.subaccount_36                                           200ms
  btp_subaccount.subaccount_37                                           220ms
  btp_subaccount.subaccount_38                                           222ms
  btp_subaccount.subaccount_39                                           225ms
  btp_subaccount.subaccount_4                                            244ms
  btp_subaccount.subaccount_40                                           221ms
  btp_subaccount.subaccount_41                                           221ms
  btp_subaccount.subaccount_42                                           193ms
  btp_subaccount.subaccount_43                                           277ms
  btp_subaccount.subaccount_44                                           239ms
  btp_subaccount.subaccount_45                                           252ms
  btp_subaccount.subaccount_46                                           201ms
  btp_subaccount.subaccount_47                                           225ms
  btp_subaccount.subaccount_48                                           221ms
  btp_subaccount.subaccount_49                                           239ms
  btp_subaccount.subaccount_5                                            228ms
  btp_subaccount.subaccount_50                                           258ms
  btp_subaccount.subaccount_6                                            257ms
  btp_subaccount.subaccount_7                                            238ms
  btp_subaccount.subaccount_8                                            232ms
  btp_subaccount.subaccount_9                                            233ms
  btp_subaccount_destination_generic.destination_1                       483ms
  btp_subaccount_destination_generic.destination_10                      182ms
  btp_subaccount_destination_generic.destination_100                     137ms
  btp_subaccount_destination_generic.destination_11                      269ms
  btp_subaccount_destination_generic.destination_12                      159ms
  btp_subaccount_destination_generic.destination_13                      736ms
  btp_subaccount_destination_generic.destination_14                      654ms
  btp_subaccount_destination_generic.destination_15                      198ms
  btp_subaccount_destination_generic.destination_16                      172ms
  btp_subaccount_destination_generic.destination_17                      178ms
  btp_subaccount_destination_generic.destination_18                      434ms
  btp_subaccount_destination_generic.destination_19                      622ms
  btp_subaccount_destination_generic.destination_2                       201ms
  btp_subaccount_destination_generic.destination_20                      161ms
  btp_subaccount_destination_generic.destination_21                      192ms
  btp_subaccount_destination_generic.destination_22                      712ms
  btp_subaccount_destination_generic.destination_23                      167ms
  btp_subaccount_destination_generic.destination_24                      156ms
  btp_subaccount_destination_generic.destination_25                      647ms
  btp_subaccount_destination_generic.destination_26                      477ms
  btp_subaccount_destination_generic.destination_27                      154ms
  btp_subaccount_destination_generic.destination_28                      295ms
  btp_subaccount_destination_generic.destination_29                      158ms
  btp_subaccount_destination_generic.destination_3                       193ms
  btp_subaccount_destination_generic.destination_30                      132ms
  btp_subaccount_destination_generic.destination_31                      187ms
  btp_subaccount_destination_generic.destination_32                      482ms
  btp_subaccount_destination_generic.destination_33                      313ms
  btp_subaccount_destination_generic.destination_34                      225ms
  btp_subaccount_destination_generic.destination_35                      186ms
  btp_subaccount_destination_generic.destination_36                      420ms
  btp_subaccount_destination_generic.destination_37                      178ms
  btp_subaccount_destination_generic.destination_38                      169ms
  btp_subaccount_destination_generic.destination_39                      235ms
  btp_subaccount_destination_generic.destination_4                       559ms
  btp_subaccount_destination_generic.destination_40                      190ms
  btp_subaccount_destination_generic.destination_41                      193ms
  btp_subaccount_destination_generic.destination_42                      165ms
  btp_subaccount_destination_generic.destination_43                      311ms
  btp_subaccount_destination_generic.destination_44                      181ms
  btp_subaccount_destination_generic.destination_45                      841ms
  btp_subaccount_destination_generic.destination_46                      462ms
  btp_subaccount_destination_generic.destination_47                      552ms
  btp_subaccount_destination_generic.destination_48                      286ms
  btp_subaccount_destination_generic.destination_49                      231ms
  btp_subaccount_destination_generic.destination_5                       331ms
  btp_subaccount_destination_generic.destination_50                      378ms
  btp_subaccount_destination_generic.destination_51                      227ms
  btp_subaccount_destination_generic.destination_52                      208ms
  btp_subaccount_destination_generic.destination_53                      152ms
  btp_subaccount_destination_generic.destination_54                      190ms
  btp_subaccount_destination_generic.destination_55                      489ms
  btp_subaccount_destination_generic.destination_56                      338ms
  btp_subaccount_destination_generic.destination_57                      477ms
  btp_subaccount_destination_generic.destination_58                      180ms
  btp_subaccount_destination_generic.destination_59                      186ms
  btp_subaccount_destination_generic.destination_6                       486ms
  btp_subaccount_destination_generic.destination_60                      178ms
  btp_subaccount_destination_generic.destination_61                      117ms
  btp_subaccount_destination_generic.destination_62                      207ms
  btp_subaccount_destination_generic.destination_63                      632ms
  btp_subaccount_destination_generic.destination_64                      485ms
  btp_subaccount_destination_generic.destination_65                      176ms
  btp_subaccount_destination_generic.destination_66                      148ms
  btp_subaccount_destination_generic.destination_67                      158ms
  btp_subaccount_destination_generic.destination_68                      184ms
  btp_subaccount_destination_generic.destination_69                      159ms
  btp_subaccount_destination_generic.destination_7                       1030ms
  btp_subaccount_destination_generic.destination_70                      869ms
  btp_subaccount_destination_generic.destination_71                      187ms
  btp_subaccount_destination_generic.destination_72                      152ms
  btp_subaccount_destination_generic.destination_73                      960ms
  btp_subaccount_destination_generic.destination_74                      742ms
  btp_subaccount_destination_generic.destination_75                      331ms
  btp_subaccount_destination_generic.destination_76                      934ms
  btp_subaccount_destination_generic.destination_77                      436ms
  btp_subaccount_destination_generic.destination_78                      179ms
  btp_subaccount_destination_generic.destination_79                      304ms
  btp_subaccount_destination_generic.destination_8                       558ms
  btp_subaccount_destination_generic.destination_80                      772ms
  btp_subaccount_destination_generic.destination_81                      270ms
  btp_subaccount_destination_generic.destination_82                      165ms
  btp_subaccount_destination_generic.destination_83                      475ms
  btp_subaccount_destination_generic.destination_84                      718ms
  btp_subaccount_destination_generic.destination_85                      317ms
  btp_subaccount_destination_generic.destination_86                      576ms
  btp_subaccount_destination_generic.destination_87                      636ms
  btp_subaccount_destination_generic.destination_88                      157ms
  btp_subaccount_destination_generic.destination_89                      220ms
  btp_subaccount_destination_generic.destination_9                       188ms
  btp_subaccount_destination_generic.destination_90                      188ms
  btp_subaccount_destination_generic.destination_91                      509ms
  btp_subaccount_destination_generic.destination_92                      160ms
  btp_subaccount_destination_generic.destination_93                      237ms
  btp_subaccount_destination_generic.destination_94                      412ms
  btp_subaccount_destination_generic.destination_95                      798ms
  btp_subaccount_destination_generic.destination_96                      270ms
  btp_subaccount_destination_generic.destination_97                      910ms
  btp_subaccount_destination_generic.destination_98                      685ms
  btp_subaccount_destination_generic.destination_99                      476ms
  btp_subaccount_entitlement.entitlement_1                               10763ms
  btp_subaccount_entitlement.entitlement_10                              11382ms
  btp_subaccount_entitlement.entitlement_100                             11348ms
  btp_subaccount_entitlement.entitlement_101                             11353ms
  btp_subaccount_entitlement.entitlement_102                             11854ms
  btp_subaccount_entitlement.entitlement_103                             11404ms
  btp_subaccount_entitlement.entitlement_104                             11960ms
  btp_subaccount_entitlement.entitlement_105                             12394ms
  btp_subaccount_entitlement.entitlement_106                             11782ms
  btp_subaccount_entitlement.entitlement_107                             11714ms
  btp_subaccount_entitlement.entitlement_108                             11250ms
  btp_subaccount_entitlement.entitlement_109                             11217ms
  btp_subaccount_entitlement.entitlement_11                              11230ms
  btp_subaccount_entitlement.entitlement_110                             10512ms
  btp_subaccount_entitlement.entitlement_111                             10984ms
  btp_subaccount_entitlement.entitlement_112                             10717ms
  btp_subaccount_entitlement.entitlement_113                             12081ms
  btp_subaccount_entitlement.entitlement_114                             10843ms
  btp_subaccount_entitlement.entitlement_115                             11706ms
  btp_subaccount_entitlement.entitlement_116                             11449ms
  btp_subaccount_entitlement.entitlement_117                             10595ms
  btp_subaccount_entitlement.entitlement_118                             11049ms
  btp_subaccount_entitlement.entitlement_119                             11026ms
  btp_subaccount_entitlement.entitlement_12                              11116ms
  btp_subaccount_entitlement.entitlement_120                             10683ms
  btp_subaccount_entitlement.entitlement_121                             10976ms
  btp_subaccount_entitlement.entitlement_122                             10915ms
  btp_subaccount_entitlement.entitlement_123                             11197ms
  btp_subaccount_entitlement.entitlement_124                             10873ms
  btp_subaccount_entitlement.entitlement_125                             11891ms
  btp_subaccount_entitlement.entitlement_126                             11846ms
  btp_subaccount_entitlement.entitlement_127                             11055ms
  btp_subaccount_entitlement.entitlement_128                             11765ms
  btp_subaccount_entitlement.entitlement_129                             10796ms
  btp_subaccount_entitlement.entitlement_13                              11577ms
  btp_subaccount_entitlement.entitlement_130                             10517ms
  btp_subaccount_entitlement.entitlement_131                             10628ms
  btp_subaccount_entitlement.entitlement_132                             11163ms
  btp_subaccount_entitlement.entitlement_133                             10513ms
  btp_subaccount_entitlement.entitlement_134                             11301ms
  btp_subaccount_entitlement.entitlement_135                             10534ms
  btp_subaccount_entitlement.entitlement_136                             10630ms
  btp_subaccount_entitlement.entitlement_137                             11147ms
  btp_subaccount_entitlement.entitlement_138                             10863ms
  btp_subaccount_entitlement.entitlement_139                             11430ms
  btp_subaccount_entitlement.entitlement_14                              11641ms
  btp_subaccount_entitlement.entitlement_140                             11270ms
  btp_subaccount_entitlement.entitlement_141                             11049ms
  btp_subaccount_entitlement.entitlement_142                             10876ms
  btp_subaccount_entitlement.entitlement_143                             10849ms
  btp_subaccount_entitlement.entitlement_144                             11450ms
  btp_subaccount_entitlement.entitlement_145                             11695ms
  btp_subaccount_entitlement.entitlement_146                             10961ms
  btp_subaccount_entitlement.entitlement_147                             11746ms
  btp_subaccount_entitlement.entitlement_148                             10926ms
  btp_subaccount_entitlement.entitlement_149                             12474ms
  btp_subaccount_entitlement.entitlement_15                              11843ms
  btp_subaccount_entitlement.entitlement_150                             11625ms
  btp_subaccount_entitlement.entitlement_151                             10547ms
  btp_subaccount_entitlement.entitlement_152                             12083ms
  btp_subaccount_entitlement.entitlement_153                             11363ms
  btp_subaccount_entitlement.entitlement_154                             11667ms
  btp_subaccount_entitlement.entitlement_155                             11967ms
  btp_subaccount_entitlement.entitlement_156                             12006ms
  btp_subaccount_entitlement.entitlement_157                             11379ms
  btp_subaccount_entitlement.entitlement_158                             11176ms
  btp_subaccount_entitlement.entitlement_159                             11150ms
  btp_subaccount_entitlement.entitlement_16                              12082ms
  btp_subaccount_entitlement.entitlement_160                             11451ms
  btp_subaccount_entitlement.entitlement_161                             11029ms
  btp_subaccount_entitlement.entitlement_162                             10842ms
  btp_subaccount_entitlement.entitlement_163                             11229ms
  btp_subaccount_entitlement.entitlement_164                             10574ms
  btp_subaccount_entitlement.entitlement_165                             11627ms
  btp_subaccount_entitlement.entitlement_166                             11638ms
  btp_subaccount_entitlement.entitlement_167                             11579ms
  btp_subaccount_entitlement.entitlement_168                             11737ms
  btp_subaccount_entitlement.entitlement_169                             12855ms
  btp_subaccount_entitlement.entitlement_17                              10829ms
  btp_subaccount_entitlement.entitlement_170                             10675ms
  btp_subaccount_entitlement.entitlement_171                             11728ms
  btp_subaccount_entitlement.entitlement_172                             12068ms
  btp_subaccount_entitlement.entitlement_173                             11205ms
  btp_subaccount_entitlement.entitlement_174                             10883ms
  btp_subaccount_entitlement.entitlement_175                             12298ms
  btp_subaccount_entitlement.entitlement_176                             10581ms
  btp_subaccount_entitlement.entitlement_177                             11327ms
  btp_subaccount_entitlement.entitlement_178                             11041ms
  btp_subaccount_entitlement.entitlement_179                             11287ms
  btp_subaccount_entitlement.entitlement_18                              11340ms
  btp_subaccount_entitlement.entitlement_180                             11323ms
  btp_subaccount_entitlement.entitlement_181                             11263ms
  btp_subaccount_entitlement.entitlement_182                             11309ms
  btp_subaccount_entitlement.entitlement_183                             10968ms
  btp_subaccount_entitlement.entitlement_184                             11109ms
  btp_subaccount_entitlement.entitlement_185                             11242ms
  btp_subaccount_entitlement.entitlement_186                             10753ms
  btp_subaccount_entitlement.entitlement_187                             11451ms
  btp_subaccount_entitlement.entitlement_188                             10816ms
  btp_subaccount_entitlement.entitlement_189                             10538ms
  btp_subaccount_entitlement.entitlement_19                              10885ms
  btp_subaccount_entitlement.entitlement_190                             11183ms
  btp_subaccount_entitlement.entitlement_191                             11192ms
  btp_subaccount_entitlement.entitlement_192                             11843ms
  btp_subaccount_entitlement.entitlement_193                             12228ms
  btp_subaccount_entitlement.entitlement_194                             10856ms
  btp_subaccount_entitlement.entitlement_195                             11015ms
  btp_subaccount_entitlement.entitlement_196                             11984ms
  btp_subaccount_entitlement.entitlement_197                             11592ms
  btp_subaccount_entitlement.entitlement_198                             10843ms
  btp_subaccount_entitlement.entitlement_199                             11127ms
  btp_subaccount_entitlement.entitlement_2                               11044ms
  btp_subaccount_entitlement.entitlement_20                              11325ms
  btp_subaccount_entitlement.entitlement_200                             10576ms
  btp_subaccount_entitlement.entitlement_21                              11150ms
  btp_subaccount_entitlement.entitlement_22                              10604ms
  btp_subaccount_entitlement.entitlement_23                              11576ms
  btp_subaccount_entitlement.entitlement_24                              11462ms
  btp_subaccount_entitlement.entitlement_25                              11336ms
  btp_subaccount_entitlement.entitlement_26                              11214ms
  btp_subaccount_entitlement.entitlement_27                              11504ms
  btp_subaccount_entitlement.entitlement_28                              10674ms
  btp_subaccount_entitlement.entitlement_29                              11209ms
  btp_subaccount_entitlement.entitlement_3                               11014ms
  btp_subaccount_entitlement.entitlement_30                              10595ms
  btp_subaccount_entitlement.entitlement_31                              11276ms
  btp_subaccount_entitlement.entitlement_32                              11265ms
  btp_subaccount_entitlement.entitlement_33                              11306ms
  btp_subaccount_entitlement.entitlement_34                              11450ms
  btp_subaccount_entitlement.entitlement_35                              10632ms
  btp_subaccount_entitlement.entitlement_36                              10696ms
  btp_subaccount_entitlement.entitlement_37                              12106ms
  btp_subaccount_entitlement.entitlement_38                              12321ms
  btp_subaccount_entitlement.entitlement_39                              11424ms
  btp_subaccount_entitlement.entitlement_4                               11206ms
  btp_subaccount_entitlement.entitlement_40                              11254ms
  btp_subaccount_entitlement.entitlement_41                              11717ms
  btp_subaccount_entitlement.entitlement_42                              11356ms
  btp_subaccount_entitlement.entitlement_43                              10873ms
  btp_subaccount_entitlement.entitlement_44                              12089ms
  btp_subaccount_entitlement.entitlement_45                              11652ms
  btp_subaccount_entitlement.entitlement_46                              10821ms
  btp_subaccount_entitlement.entitlement_47                              11452ms
  btp_subaccount_entitlement.entitlement_48                              10686ms
  btp_subaccount_entitlement.entitlement_49                              11641ms
  btp_subaccount_entitlement.entitlement_5                               10730ms
  btp_subaccount_entitlement.entitlement_50                              11046ms
  btp_subaccount_entitlement.entitlement_51                              11718ms
  btp_subaccount_entitlement.entitlement_52                              11488ms
  btp_subaccount_entitlement.entitlement_53                              10489ms
  btp_subaccount_entitlement.entitlement_54                              10963ms
  btp_subaccount_entitlement.entitlement_55                              10652ms
  btp_subaccount_entitlement.entitlement_56                              10896ms
  btp_subaccount_entitlement.entitlement_57                              11137ms
  btp_subaccount_entitlement.entitlement_58                              10577ms
  btp_subaccount_entitlement.entitlement_59                              11077ms
  btp_subaccount_entitlement.entitlement_6                               11119ms
  btp_subaccount_entitlement.entitlement_60                              10640ms
  btp_subaccount_entitlement.entitlement_61                              11259ms
  btp_subaccount_entitlement.entitlement_62                              11326ms
  btp_subaccount_entitlement.entitlement_63                              10872ms
  btp_subaccount_entitlement.entitlement_64                              10988ms
  btp_subaccount_entitlement.entitlement_65                              11406ms
  btp_subaccount_entitlement.entitlement_66                              11615ms
  btp_subaccount_entitlement.entitlement_67                              10699ms
  btp_subaccount_entitlement.entitlement_68                              11225ms
  btp_subaccount_entitlement.entitlement_69                              10559ms
  btp_subaccount_entitlement.entitlement_7                               11005ms
  btp_subaccount_entitlement.entitlement_70                              11338ms
  btp_subaccount_entitlement.entitlement_71                              11315ms
  btp_subaccount_entitlement.entitlement_72                              10778ms
  btp_subaccount_entitlement.entitlement_73                              11045ms
  btp_subaccount_entitlement.entitlement_74                              10912ms
  btp_subaccount_entitlement.entitlement_75                              10972ms
  btp_subaccount_entitlement.entitlement_76                              10678ms
  btp_subaccount_entitlement.entitlement_77                              10687ms
  btp_subaccount_entitlement.entitlement_78                              11112ms
  btp_subaccount_entitlement.entitlement_79                              10598ms
  btp_subaccount_entitlement.entitlement_8                               11382ms
  btp_subaccount_entitlement.entitlement_80                              10655ms
  btp_subaccount_entitlement.entitlement_81                              10632ms
  btp_subaccount_entitlement.entitlement_82                              11104ms
  btp_subaccount_entitlement.entitlement_83                              10566ms
  btp_subaccount_entitlement.entitlement_84                              10877ms
  btp_subaccount_entitlement.entitlement_85                              11469ms
  btp_subaccount_entitlement.entitlement_86                              11256ms
  btp_subaccount_entitlement.entitlement_87                              11217ms
  btp_subaccount_entitlement.entitlement_88                              10987ms
  btp_subaccount_entitlement.entitlement_89                              11554ms
  btp_subaccount_entitlement.entitlement_9                               11202ms
  btp_subaccount_entitlement.entitlement_90                              11148ms
  btp_subaccount_entitlement.entitlement_91                              10704ms
  btp_subaccount_entitlement.entitlement_92                              10696ms
  btp_subaccount_entitlement.entitlement_93                              11315ms
  btp_subaccount_entitlement.entitlement_94                              11236ms
  btp_subaccount_entitlement.entitlement_95                              10980ms
  btp_subaccount_entitlement.entitlement_96                              10982ms
  btp_subaccount_entitlement.entitlement_97                              11590ms
  btp_subaccount_entitlement.entitlement_98                              10742ms
  btp_subaccount_entitlement.entitlement_99                              11224ms
  btp_subaccount_environment_instance.cloudfoundry_1                     309ms
  btp_subaccount_environment_instance.cloudfoundry_10                    963ms
  btp_subaccount_environment_instance.cloudfoundry_11                    862ms
  btp_subaccount_environment_instance.cloudfoundry_12                    661ms
  btp_subaccount_environment_instance.cloudfoundry_13                    777ms
  btp_subaccount_environment_instance.cloudfoundry_14                    281ms
  btp_subaccount_environment_instance.cloudfoundry_15                    509ms
  btp_subaccount_environment_instance.cloudfoundry_16                    560ms
  btp_subaccount_environment_instance.cloudfoundry_17                    527ms
  btp_subaccount_environment_instance.cloudfoundry_18                    384ms
  btp_subaccount_environment_instance.cloudfoundry_19                    395ms
  btp_subaccount_environment_instance.cloudfoundry_2                     432ms
  btp_subaccount_environment_instance.cloudfoundry_20                    317ms
  btp_subaccount_environment_instance.cloudfoundry_21                    393ms
  btp_subaccount_environment_instance.cloudfoundry_22                    309ms
  btp_subaccount_environment_instance.cloudfoundry_23                    548ms
  btp_subaccount_environment_instance.cloudfoundry_24                    319ms
  btp_subaccount_environment_instance.cloudfoundry_25                    363ms
  btp_subaccount_environment_instance.cloudfoundry_26                    351ms
  btp_subaccount_environment_instance.cloudfoundry_27                    568ms
  btp_subaccount_environment_instance.cloudfoundry_28                    531ms
  btp_subaccount_environment_instance.cloudfoundry_29                    544ms
  btp_subaccount_environment_instance.cloudfoundry_3                     1035ms
  btp_subaccount_environment_instance.cloudfoundry_30                    367ms
  btp_subaccount_environment_instance.cloudfoundry_31                    357ms
  btp_subaccount_environment_instance.cloudfoundry_32                    763ms
  btp_subaccount_environment_instance.cloudfoundry_33                    392ms
  btp_subaccount_environment_instance.cloudfoundry_34                    338ms
  btp_subaccount_environment_instance.cloudfoundry_35                    406ms
  btp_subaccount_environment_instance.cloudfoundry_36                    1211ms
  btp_subaccount_environment_instance.cloudfoundry_37                    433ms
  btp_subaccount_environment_instance.cloudfoundry_38                    1205ms
  btp_subaccount_environment_instance.cloudfoundry_39                    513ms
  btp_subaccount_environment_instance.cloudfoundry_4                     329ms
  btp_subaccount_environment_instance.cloudfoundry_40                    408ms
  btp_subaccount_environment_instance.cloudfoundry_41                    612ms
  btp_subaccount_environment_instance.cloudfoundry_42                    419ms
  btp_subaccount_environment_instance.cloudfoundry_43                    570ms
  btp_subaccount_environment_instance.cloudfoundry_44                    1108ms
  btp_subaccount_environment_instance.cloudfoundry_45                    525ms
  btp_subaccount_environment_instance.cloudfoundry_46                    457ms
  btp_subaccount_environment_instance.cloudfoundry_47                    671ms
  btp_subaccount_environment_instance.cloudfoundry_48                    818ms
  btp_subaccount_environment_instance.cloudfoundry_49                    1208ms
  btp_subaccount_environment_instance.cloudfoundry_5                     593ms
  btp_subaccount_environment_instance.cloudfoundry_50                    297ms
  btp_subaccount_environment_instance.cloudfoundry_6                     644ms
  btp_subaccount_environment_instance.cloudfoundry_7                     603ms
  btp_subaccount_environment_instance.cloudfoundry_8                     484ms
  btp_subaccount_environment_instance.cloudfoundry_9                     602ms
  btp_subaccount_role.role_1                                             179ms
  btp_subaccount_role.role_10                                            184ms
  btp_subaccount_role.role_100                                           211ms
  btp_subaccount_role.role_11                                            290ms
  btp_subaccount_role.role_12                                            180ms
  btp_subaccount_role.role_13                                            615ms
  btp_subaccount_role.role_14                                            297ms
  btp_subaccount_role.role_15                                            445ms
  btp_subaccount_role.role_16                                            248ms
  btp_subaccount_role.role_17                                            208ms
  btp_subaccount_role.role_18                                            162ms
  btp_subaccount_role.role_19                                            489ms
  btp_subaccount_role.role_2                                             225ms
  btp_subaccount_role.role_20                                            607ms
  btp_subaccount_role.role_21                                            294ms
  btp_subaccount_role.role_22                                            443ms
  btp_subaccount_role.role_23                                            128ms
  btp_subaccount_role.role_24                                            178ms
  btp_subaccount_role.role_25                                            677ms
  btp_subaccount_role.role_26                                            714ms
  btp_subaccount_role.role_27                                            216ms
  btp_subaccount_role.role_28                                            170ms
  btp_subaccount_role.role_29                                            476ms
  btp_subaccount_role.role_3                                             452ms
  btp_subaccount_role.role_30                                            546ms
  btp_subaccount_role.role_31                                            189ms
  btp_subaccount_role.role_32                                            531ms
  btp_subaccount_role.role_33                                            607ms
  btp_subaccount_role.role_34                                            148ms
  btp_subaccount_role.role_35                                            183ms
  btp_subaccount_role.role_36                                            181ms
  btp_subaccount_role.role_37                                            186ms
  btp_subaccount_role.role_38                                            198ms
  btp_subaccount_role.role_39                                            190ms
  btp_subaccount_role.role_4                                             396ms
  btp_subaccount_role.role_40                                            225ms
  btp_subaccount_role.role_41                                            195ms
  btp_subaccount_role.role_42                                            201ms
  btp_subaccount_role.role_43                                            213ms
  btp_subaccount_role.role_44                                            174ms
  btp_subaccount_role.role_45                                            552ms
  btp_subaccount_role.role_46                                            364ms
  btp_subaccount_role.role_47                                            202ms
  btp_subaccount_role.role_48                                            267ms
  btp_subaccount_role.role_49                                            373ms
  btp_subaccount_role.role_5                                             545ms
  btp_subaccount_role.role_50                                            448ms
  btp_subaccount_role.role_51                                            470ms
  btp_subaccount_role.role_52                                            242ms
  btp_subaccount_role.role_53                                            247ms
  btp_subaccount_role.role_54                                            195ms
  btp_subaccount_role.role_55                                            250ms
  btp_subaccount_role.role_56                                            259ms
  btp_subaccount_role.role_57                                            164ms
  btp_subaccount_role.role_58                                            476ms
  btp_subaccount_role.role_59                                            213ms
  btp_subaccount_role.role_6                                             460ms
  btp_subaccount_role.role_60                                            155ms
  btp_subaccount_role.role_61                                            252ms
  btp_subaccount_role.role_62                                            194ms
  btp_subaccount_role.role_63                                            467ms
  btp_subaccount_role.role_64                                            464ms
  btp_subaccount_role.role_65                                            177ms
  btp_subaccount_role.role_66                                            193ms
  btp_subaccount_role.role_67                                            157ms
  btp_subaccount_role.role_68                                            215ms
  btp_subaccount_role.role_69                                            188ms
  btp_subaccount_role.role_7                                             1388ms
  btp_subaccount_role.role_70                                            194ms
  btp_subaccount_role.role_71                                            204ms
  btp_subaccount_role.role_72                                            232ms
  btp_subaccount_role.role_73                                            1035ms
  btp_subaccount_role.role_74                                            191ms
  btp_subaccount_role.role_75                                            362ms
  btp_subaccount_role.role_76                                            211ms
  btp_subaccount_role.role_77                                            648ms
  btp_subaccount_role.role_78                                            149ms
  btp_subaccount_role.role_79                                            277ms
  btp_subaccount_role.role_8                                             433ms
  btp_subaccount_role.role_80                                            505ms
  btp_subaccount_role.role_81                                            250ms
  btp_subaccount_role.role_82                                            323ms
  btp_subaccount_role.role_83                                            862ms
  btp_subaccount_role.role_84                                            525ms
  btp_subaccount_role.role_85                                            848ms
  btp_subaccount_role.role_86                                            167ms
  btp_subaccount_role.role_87                                            199ms
  btp_subaccount_role.role_88                                            623ms
  btp_subaccount_role.role_89                                            178ms
  btp_subaccount_role.role_9                                             571ms
  btp_subaccount_role.role_90                                            609ms
  btp_subaccount_role.role_91                                            286ms
  btp_subaccount_role.role_92                                            237ms
  btp_subaccount_role.role_93                                            193ms
  btp_subaccount_role.role_94                                            580ms
  btp_subaccount_role.role_95                                            163ms
  btp_subaccount_role.role_96                                            635ms
  btp_subaccount_role.role_97                                            683ms
  btp_subaccount_role.role_98                                            837ms
  btp_subaccount_role.role_99                                            380ms
  btp_subaccount_role_collection.collection_1                            164ms
  btp_subaccount_role_collection.collection_10                           568ms
  btp_subaccount_role_collection.collection_100                          140ms
  btp_subaccount_role_collection.collection_101                          436ms
  btp_subaccount_role_collection.collection_102                          228ms
  btp_subaccount_role_collection.collection_103                          260ms
  btp_subaccount_role_collection.collection_104                          141ms
  btp_subaccount_role_collection.collection_105                          181ms
  btp_subaccount_role_collection.collection_106                          126ms
  btp_subaccount_role_collection.collection_107                          327ms
  btp_subaccount_role_collection.collection_108                          191ms
  btp_subaccount_role_collection.collection_109                          190ms
  btp_subaccount_role_collection.collection_11                           425ms
  btp_subaccount_role_collection.collection_110                          844ms
  btp_subaccount_role_collection.collection_111                          425ms
  btp_subaccount_role_collection.collection_112                          149ms
  btp_subaccount_role_collection.collection_113                          183ms
  btp_subaccount_role_collection.collection_114                          144ms
  btp_subaccount_role_collection.collection_115                          600ms
  btp_subaccount_role_collection.collection_116                          923ms
  btp_subaccount_role_collection.collection_117                          175ms
  btp_subaccount_role_collection.collection_118                          900ms
  btp_subaccount_role_collection.collection_119                          393ms
  btp_subaccount_role_collection.collection_12                           606ms
  btp_subaccount_role_collection.collection_120                          172ms
  btp_subaccount_role_collection.collection_121                          188ms
  btp_subaccount_role_collection.collection_122                          175ms
  btp_subaccount_role_collection.collection_123                          622ms
  btp_subaccount_role_collection.collection_124                          462ms
  btp_subaccount_role_collection.collection_125                          169ms
  btp_subaccount_role_collection.collection_126                          176ms
  btp_subaccount_role_collection.collection_127                          937ms
  btp_subaccount_role_collection.collection_128                          1015ms
  btp_subaccount_role_collection.collection_129                          171ms
  btp_subaccount_role_collection.collection_13                           464ms
  btp_subaccount_role_collection.collection_130                          556ms
  btp_subaccount_role_collection.collection_131                          166ms
  btp_subaccount_role_collection.collection_132                          178ms
  btp_subaccount_role_collection.collection_133                          518ms
  btp_subaccount_role_collection.collection_134                          333ms
  btp_subaccount_role_collection.collection_135                          308ms
  btp_subaccount_role_collection.collection_136                          387ms
  btp_subaccount_role_collection.collection_137                          179ms
  btp_subaccount_role_collection.collection_138                          189ms
  btp_subaccount_role_collection.collection_139                          580ms
  btp_subaccount_role_collection.collection_14                           350ms
  btp_subaccount_role_collection.collection_140                          530ms
  btp_subaccount_role_collection.collection_141                          465ms
  btp_subaccount_role_collection.collection_142                          164ms
  btp_subaccount_role_collection.collection_143                          154ms
  btp_subaccount_role_collection.collection_144                          270ms
  btp_subaccount_role_collection.collection_145                          681ms
  btp_subaccount_role_collection.collection_146                          647ms
  btp_subaccount_role_collection.collection_147                          735ms
  btp_subaccount_role_collection.collection_148                          430ms
  btp_subaccount_role_collection.collection_149                          197ms
  btp_subaccount_role_collection.collection_15                           141ms
  btp_subaccount_role_collection.collection_150                          217ms
  btp_subaccount_role_collection.collection_16                           199ms
  btp_subaccount_role_collection.collection_17                           184ms
  btp_subaccount_role_collection.collection_18                           184ms
  btp_subaccount_role_collection.collection_19                           753ms
  btp_subaccount_role_collection.collection_2                            403ms
  btp_subaccount_role_collection.collection_20                           428ms
  btp_subaccount_role_collection.collection_21                           715ms
  btp_subaccount_role_collection.collection_22                           277ms
  btp_subaccount_role_collection.collection_23                           170ms
  btp_subaccount_role_collection.collection_24                           196ms
  btp_subaccount_role_collection.collection_25                           549ms
  btp_subaccount_role_collection.collection_26                           587ms
  btp_subaccount_role_collection.collection_27                           190ms
  btp_subaccount_role_collection.collection_28                           435ms
  btp_subaccount_role_collection.collection_29                           293ms
  btp_subaccount_role_collection.collection_3                            205ms
  btp_subaccount_role_collection.collection_30                           938ms
  btp_subaccount_role_collection.collection_31                           466ms
  btp_subaccount_role_collection.collection_32                           218ms
  btp_subaccount_role_collection.collection_33                           456ms
  btp_subaccount_role_collection.collection_34                           164ms
  btp_subaccount_role_collection.collection_35                           154ms
  btp_subaccount_role_collection.collection_36                           620ms
  btp_subaccount_role_collection.collection_37                           434ms
  btp_subaccount_role_collection.collection_38                           277ms
  btp_subaccount_role_collection.collection_39                           480ms
  btp_subaccount_role_collection.collection_4                            525ms
  btp_subaccount_role_collection.collection_40                           216ms
  btp_subaccount_role_collection.collection_41                           257ms
  btp_subaccount_role_collection.collection_42                           208ms
  btp_subaccount_role_collection.collection_43                           205ms
  btp_subaccount_role_collection.collection_44                           334ms
  btp_subaccount_role_collection.collection_45                           223ms
  btp_subaccount_role_collection.collection_46                           174ms
  btp_subaccount_role_collection.collection_47                           155ms
  btp_subaccount_role_collection.collection_48                           513ms
  btp_subaccount_role_collection.collection_49                           188ms
  btp_subaccount_role_collection.collection_5                            247ms
  btp_subaccount_role_collection.collection_50                           172ms
  btp_subaccount_role_collection.collection_51                           226ms
  btp_subaccount_role_collection.collection_52                           151ms
  btp_subaccount_role_collection.collection_53                           213ms
  btp_subaccount_role_collection.collection_54                           232ms
  btp_subaccount_role_collection.collection_55                           169ms
  btp_subaccount_role_collection.collection_56                           196ms
  btp_subaccount_role_collection.collection_57                           168ms
  btp_subaccount_role_collection.collection_58                           149ms
  btp_subaccount_role_collection.collection_59                           176ms
  btp_subaccount_role_collection.collection_6                            439ms
  btp_subaccount_role_collection.collection_60                           144ms
  btp_subaccount_role_collection.collection_61                           191ms
  btp_subaccount_role_collection.collection_62                           185ms
  btp_subaccount_role_collection.collection_63                           172ms
  btp_subaccount_role_collection.collection_64                           181ms
  btp_subaccount_role_collection.collection_65                           231ms
  btp_subaccount_role_collection.collection_66                           164ms
  btp_subaccount_role_collection.collection_67                           546ms
  btp_subaccount_role_collection.collection_68                           410ms
  btp_subaccount_role_collection.collection_69                           390ms
  btp_subaccount_role_collection.collection_7                            720ms
  btp_subaccount_role_collection.collection_70                           462ms
  btp_subaccount_role_collection.collection_71                           161ms
  btp_subaccount_role_collection.collection_72                           417ms
  btp_subaccount_role_collection.collection_73                           388ms
  btp_subaccount_role_collection.collection_74                           221ms
  btp_subaccount_role_collection.collection_75                           499ms
  btp_subaccount_role_collection.collection_76                           534ms
  btp_subaccount_role_collection.collection_77                           609ms
  btp_subaccount_role_collection.collection_78                           383ms
  btp_subaccount_role_collection.collection_79                           183ms
  btp_subaccount_role_collection.collection_8                            168ms
  btp_subaccount_role_collection.collection_80                           188ms
  btp_subaccount_role_collection.collection_81                           383ms
  btp_subaccount_role_collection.collection_82                           151ms
  btp_subaccount_role_collection.collection_83                           638ms
  btp_subaccount_role_collection.collection_84                           473ms
  btp_subaccount_role_collection.collection_85                           581ms
  btp_subaccount_role_collection.collection_86                           235ms
  btp_subaccount_role_collection.collection_87                           198ms
  btp_subaccount_role_collection.collection_88                           170ms
  btp_subaccount_role_collection.collection_89                           156ms
  btp_subaccount_role_collection.collection_9                            134ms
  btp_subaccount_role_collection.collection_90                           169ms
  btp_subaccount_role_collection.collection_91                           367ms
  btp_subaccount_role_collection.collection_92                           201ms
  btp_subaccount_role_collection.collection_93                           199ms
  btp_subaccount_role_collection.collection_94                           218ms
  btp_subaccount_role_collection.collection_95                           804ms
  btp_subaccount_role_collection.collection_96                           378ms
  btp_subaccount_role_collection.collection_97                           180ms
  btp_subaccount_role_collection.collection_98                           176ms
  btp_subaccount_role_collection.collection_99                           234ms
  btp_subaccount_service_instance.instance_1                             1303ms
  btp_subaccount_service_instance.instance_10                            1950ms
  btp_subaccount_service_instance.instance_100                           830ms
  btp_subaccount_service_instance.instance_11                            1231ms
  btp_subaccount_service_instance.instance_12                            1359ms
  btp_subaccount_service_instance.instance_13                            2107ms
  btp_subaccount_service_instance.instance_14                            2000ms
  btp_subaccount_service_instance.instance_15                            884ms
  btp_subaccount_service_instance.instance_16                            854ms
  btp_subaccount_service_instance.instance_17                            892ms
  btp_subaccount_service_instance.instance_18                            866ms
  btp_subaccount_service_instance.instance_19                            2570ms
  btp_subaccount_service_instance.instance_2                             1461ms
  btp_subaccount_service_instance.instance_20                            1040ms
  btp_subaccount_service_instance.instance_21                            1228ms
  btp_subaccount_service_instance.instance_22                            1833ms
  btp_subaccount_service_instance.instance_23                            883ms
  btp_subaccount_service_instance.instance_24                            873ms
  btp_subaccount_service_instance.instance_25                            1517ms
  btp_subaccount_service_instance.instance_26                            1667ms
  btp_subaccount_service_instance.instance_27                            902ms
  btp_subaccount_service_instance.instance_28                            1227ms
  btp_subaccount_service_instance.instance_29                            777ms
  btp_subaccount_service_instance.instance_3                             1645ms
  btp_subaccount_service_instance.instance_30                            828ms
  btp_subaccount_service_instance.instance_31                            1561ms
  btp_subaccount_service_instance.instance_32                            767ms
  btp_subaccount_service_instance.instance_33                            939ms
  btp_subaccount_service_instance.instance_34                            1817ms
  btp_subaccount_service_instance.instance_35                            1421ms
  btp_subaccount_service_instance.instance_36                            874ms
  btp_subaccount_service_instance.instance_37                            984ms
  btp_subaccount_service_instance.instance_38                            810ms
  btp_subaccount_service_instance.instance_39                            1311ms
  btp_subaccount_service_instance.instance_4                             1903ms
  btp_subaccount_service_instance.instance_40                            815ms
  btp_subaccount_service_instance.instance_41                            915ms
  btp_subaccount_service_instance.instance_42                            1316ms
  btp_subaccount_service_instance.instance_43                            850ms
  btp_subaccount_service_instance.instance_44                            927ms
  btp_subaccount_service_instance.instance_45                            1228ms
  btp_subaccount_service_instance.instance_46                            2110ms
  btp_subaccount_service_instance.instance_47                            2413ms
  btp_subaccount_service_instance.instance_48                            834ms
  btp_subaccount_service_instance.instance_49                            1545ms
  btp_subaccount_service_instance.instance_5                             889ms
  btp_subaccount_service_instance.instance_50                            1336ms
  btp_subaccount_service_instance.instance_51                            867ms
  btp_subaccount_service_instance.instance_52                            2000ms
  btp_subaccount_service_instance.instance_53                            866ms
  btp_subaccount_service_instance.instance_54                            963ms
  btp_subaccount_service_instance.instance_55                            923ms
  btp_subaccount_service_instance.instance_56                            1156ms
  btp_subaccount_service_instance.instance_57                            1547ms
  btp_subaccount_service_instance.instance_58                            1229ms
  btp_subaccount_service_instance.instance_59                            955ms
  btp_subaccount_service_instance.instance_6                             997ms
  btp_subaccount_service_instance.instance_60                            1062ms
  btp_subaccount_service_instance.instance_61                            917ms
  btp_subaccount_service_instance.instance_62                            1157ms
  btp_subaccount_service_instance.instance_63                            1766ms
  btp_subaccount_service_instance.instance_64                            1596ms
  btp_subaccount_service_instance.instance_65                            938ms
  btp_subaccount_service_instance.instance_66                            837ms
  btp_subaccount_service_instance.instance_67                            852ms
  btp_subaccount_service_instance.instance_68                            827ms
  btp_subaccount_service_instance.instance_69                            2117ms
  btp_subaccount_service_instance.instance_7                             2773ms
  btp_subaccount_service_instance.instance_70                            1954ms
  btp_subaccount_service_instance.instance_71                            1544ms
  btp_subaccount_service_instance.instance_72                            1647ms
  btp_subaccount_service_instance.instance_73                            1711ms
  btp_subaccount_service_instance.instance_74                            1829ms
  btp_subaccount_service_instance.instance_75                            1613ms
  btp_subaccount_service_instance.instance_76                            950ms
  btp_subaccount_service_instance.instance_77                            754ms
  btp_subaccount_service_instance.instance_78                            1697ms
  btp_subaccount_service_instance.instance_79                            1669ms
  btp_subaccount_service_instance.instance_8                             889ms
  btp_subaccount_service_instance.instance_80                            1841ms
  btp_subaccount_service_instance.instance_81                            787ms
  btp_subaccount_service_instance.instance_82                            798ms
  btp_subaccount_service_instance.instance_83                            816ms
  btp_subaccount_service_instance.instance_84                            1321ms
  btp_subaccount_service_instance.instance_85                            2658ms
  btp_subaccount_service_instance.instance_86                            2824ms
  btp_subaccount_service_instance.instance_87                            1976ms
  btp_subaccount_service_instance.instance_88                            970ms
  btp_subaccount_service_instance.instance_89                            968ms
  btp_subaccount_service_instance.instance_9                             1784ms
  btp_subaccount_service_instance.instance_90                            898ms
  btp_subaccount_service_instance.instance_91                            955ms
  btp_subaccount_service_instance.instance_92                            846ms
  btp_subaccount_service_instance.instance_93                            1822ms
  btp_subaccount_service_instance.instance_94                            1800ms
  btp_subaccount_service_instance.instance_95                            2454ms
  btp_subaccount_service_instance.instance_96                            844ms
  btp_subaccount_service_instance.instance_97                            889ms
  btp_subaccount_service_instance.instance_98                            2445ms
  btp_subaccount_service_instance.instance_99                            835ms
  btp_subaccount_subscription.subscription_1                             671ms
  btp_subaccount_subscription.subscription_10                            1880ms
  btp_subaccount_subscription.subscription_100                           630ms
  btp_subaccount_subscription.subscription_101                           635ms
  btp_subaccount_subscription.subscription_102                           789ms
  btp_subaccount_subscription.subscription_103                           721ms
  btp_subaccount_subscription.subscription_104                           1149ms
  btp_subaccount_subscription.subscription_105                           590ms
  btp_subaccount_subscription.subscription_106                           624ms
  btp_subaccount_subscription.subscription_107                           2133ms
  btp_subaccount_subscription.subscription_108                           1023ms
  btp_subaccount_subscription.subscription_109                           1733ms
  btp_subaccount_subscription.subscription_11                            1370ms
  btp_subaccount_subscription.subscription_110                           680ms
  btp_subaccount_subscription.subscription_111                           1576ms
  btp_subaccount_subscription.subscription_112                           1022ms
  btp_subaccount_subscription.subscription_113                           645ms
  btp_subaccount_subscription.subscription_114                           896ms
  btp_subaccount_subscription.subscription_115                           1836ms
  btp_subaccount_subscription.subscription_116                           746ms
  btp_subaccount_subscription.subscription_117                           677ms
  btp_subaccount_subscription.subscription_118                           851ms
  btp_subaccount_subscription.subscription_119                           661ms
  btp_subaccount_subscription.subscription_12                            2060ms
  btp_subaccount_subscription.subscription_120                           637ms
  btp_subaccount_subscription.subscription_121                           634ms
  btp_subaccount_subscription.subscription_122                           737ms
  btp_subaccount_subscription.subscription_123                           821ms
  btp_subaccount_subscription.subscription_124                           1080ms
  btp_subaccount_subscription.subscription_125                           1790ms
  btp_subaccount_subscription.subscription_126                           663ms
  btp_subaccount_subscription.subscription_127                           1869ms
  btp_subaccount_subscription.subscription_128                           1521ms
  btp_subaccount_subscription.subscription_129                           1830ms
  btp_subaccount_subscription.subscription_13                            1344ms
  btp_subaccount_subscription.subscription_130                           1362ms
  btp_subaccount_subscription.subscription_131                           1127ms
  btp_subaccount_subscription.subscription_132                           1434ms
  btp_subaccount_subscription.subscription_133                           660ms
  btp_subaccount_subscription.subscription_134                           971ms
  btp_subaccount_subscription.subscription_135                           684ms
  btp_subaccount_subscription.subscription_136                           852ms
  btp_subaccount_subscription.subscription_137                           881ms
  btp_subaccount_subscription.subscription_138                           1129ms
  btp_subaccount_subscription.subscription_139                           964ms
  btp_subaccount_subscription.subscription_14                            1019ms
  btp_subaccount_subscription.subscription_140                           1157ms
  btp_subaccount_subscription.subscription_141                           1101ms
  btp_subaccount_subscription.subscription_142                           620ms
  btp_subaccount_subscription.subscription_143                           1843ms
  btp_subaccount_subscription.subscription_144                           2203ms
  btp_subaccount_subscription.subscription_145                           1457ms
  btp_subaccount_subscription.subscription_146                           2025ms
  btp_subaccount_subscription.subscription_147                           2223ms
  btp_subaccount_subscription.subscription_148                           673ms
  btp_subaccount_subscription.subscription_149                           660ms
  btp_subaccount_subscription.subscription_15                            644ms
  btp_subaccount_subscription.subscription_150                           941ms
  btp_subaccount_subscription.subscription_16                            660ms
  btp_subaccount_subscription.subscription_17                            1067ms
  btp_subaccount_subscription.subscription_18                            1098ms
  btp_subaccount_subscription.subscription_19                            1251ms
  btp_subaccount_subscription.subscription_2                             1317ms
  btp_subaccount_subscription.subscription_20                            1281ms
  btp_subaccount_subscription.subscription_21                            703ms
  btp_subaccount_subscription.subscription_22                            756ms
  btp_subaccount_subscription.subscription_23                            650ms
  btp_subaccount_subscription.subscription_24                            658ms
  btp_subaccount_subscription.subscription_25                            1093ms
  btp_subaccount_subscription.subscription_26                            932ms
  btp_subaccount_subscription.subscription_27                            648ms
  btp_subaccount_subscription.subscription_28                            2246ms
  btp_subaccount_subscription.subscription_29                            1198ms
  btp_subaccount_subscription.subscription_3                             660ms
  btp_subaccount_subscription.subscription_30                            1388ms
  btp_subaccount_subscription.subscription_31                            1657ms
  btp_subaccount_subscription.subscription_32                            728ms
  btp_subaccount_subscription.subscription_33                            1230ms
  btp_subaccount_subscription.subscription_34                            572ms
  btp_subaccount_subscription.subscription_35                            646ms
  btp_subaccount_subscription.subscription_36                            936ms
  btp_subaccount_subscription.subscription_37                            1327ms
  btp_subaccount_subscription.subscription_38                            858ms
  btp_subaccount_subscription.subscription_39                            1236ms
  btp_subaccount_subscription.subscription_4                             855ms
  btp_subaccount_subscription.subscription_40                            707ms
  btp_subaccount_subscription.subscription_41                            992ms
  btp_subaccount_subscription.subscription_42                            805ms
  btp_subaccount_subscription.subscription_43                            1054ms
  btp_subaccount_subscription.subscription_44                            825ms
  btp_subaccount_subscription.subscription_45                            889ms
  btp_subaccount_subscription.subscription_46                            859ms
  btp_subaccount_subscription.subscription_47                            806ms
  btp_subaccount_subscription.subscription_48                            845ms
  btp_subaccount_subscription.subscription_49                            1340ms
  btp_subaccount_subscription.subscription_5                             960ms
  btp_subaccount_subscription.subscription_50                            659ms
  btp_subaccount_subscription.subscription_51                            666ms
  btp_subaccount_subscription.subscription_52                            638ms
  btp_subaccount_subscription.subscription_53                            756ms
  btp_subaccount_subscription.subscription_54                            514ms
  btp_subaccount_subscription.subscription_55                            667ms
  btp_subaccount_subscription.subscription_56                            608ms
  btp_subaccount_subscription.subscription_57                            744ms
  btp_subaccount_subscription.subscription_58                            729ms
  btp_subaccount_subscription.subscription_59                            614ms
  btp_subaccount_subscription.subscription_6                             704ms
  btp_subaccount_subscription.subscription_60                            569ms
  btp_subaccount_subscription.subscription_61                            761ms
  btp_subaccount_subscription.subscription_62                            652ms
  btp_subaccount_subscription.subscription_63                            611ms
  btp_subaccount_subscription.subscription_64                            592ms
  btp_subaccount_subscription.subscription_65                            1627ms
  btp_subaccount_subscription.subscription_66                            711ms
  btp_subaccount_subscription.subscription_67                            1018ms
  btp_subaccount_subscription.subscription_68                            1397ms
  btp_subaccount_subscription.subscription_69                            1103ms
  btp_subaccount_subscription.subscription_7                             1537ms
  btp_subaccount_subscription.subscription_70                            713ms
  btp_subaccount_subscription.subscription_71                            1913ms
  btp_subaccount_subscription.subscription_72                            708ms
  btp_subaccount_subscription.subscription_73                            918ms
  btp_subaccount_subscription.subscription_74                            1618ms
  btp_subaccount_subscription.subscription_75                            1144ms
  btp_subaccount_subscription.subscription_76                            786ms
  btp_subaccount_subscription.subscription_77                            658ms
  btp_subaccount_subscription.subscription_78                            571ms
  btp_subaccount_subscription.subscription_79                            1548ms
  btp_subaccount_subscription.subscription_8                             1452ms
  btp_subaccount_subscription.subscription_80                            1260ms
  btp_subaccount_subscription.subscription_81                            719ms
  btp_subaccount_subscription.subscription_82                            753ms
  btp_subaccount_subscription.subscription_83                            657ms
  btp_subaccount_subscription.subscription_84                            750ms
  btp_subaccount_subscription.subscription_85                            1363ms
  btp_subaccount_subscription.subscription_86                            1319ms
  btp_subaccount_subscription.subscription_87                            1109ms
  btp_subaccount_subscription.subscription_88                            631ms
  btp_subaccount_subscription.subscription_89                            715ms
  btp_subaccount_subscription.subscription_9                             1716ms
  btp_subaccount_subscription.subscription_90                            688ms
  btp_subaccount_subscription.subscription_91                            696ms
  btp_subaccount_subscription.subscription_92                            652ms
  btp_subaccount_subscription.subscription_93                            603ms
  btp_subaccount_subscription.subscription_94                            1262ms
  btp_subaccount_subscription.subscription_95                            919ms
  btp_subaccount_subscription.subscription_96                            1062ms
  btp_subaccount_subscription.subscription_97                            741ms
  btp_subaccount_subscription.subscription_98                            649ms
  btp_subaccount_subscription.subscription_99                            688ms
  btp_subaccount_trust_configuration.trust_1                             209ms
  btp_subaccount_trust_configuration.trust_10                            769ms
  btp_subaccount_trust_configuration.trust_11                            271ms
  btp_subaccount_trust_configuration.trust_12                            220ms
  btp_subaccount_trust_configuration.trust_13                            175ms
  btp_subaccount_trust_configuration.trust_14                            190ms
  btp_subaccount_trust_configuration.trust_15                            213ms
  btp_subaccount_trust_configuration.trust_16                            513ms
  btp_subaccount_trust_configuration.trust_17                            182ms
  btp_subaccount_trust_configuration.trust_18                            159ms
  btp_subaccount_trust_configuration.trust_19                            260ms
  btp_subaccount_trust_configuration.trust_2                             166ms
  btp_subaccount_trust_configuration.trust_20                            246ms
  btp_subaccount_trust_configuration.trust_21                            272ms
  btp_subaccount_trust_configuration.trust_22                            742ms
  btp_subaccount_trust_configuration.trust_23                            228ms
  btp_subaccount_trust_configuration.trust_24                            706ms
  btp_subaccount_trust_configuration.trust_25                            189ms
  btp_subaccount_trust_configuration.trust_26                            210ms
  btp_subaccount_trust_configuration.trust_27                            181ms
  btp_subaccount_trust_configuration.trust_28                            209ms
  btp_subaccount_trust_configuration.trust_29                            209ms
  btp_subaccount_trust_configuration.trust_3                             151ms
  btp_subaccount_trust_configuration.trust_30                            201ms
  btp_subaccount_trust_configuration.trust_31                            364ms
  btp_subaccount_trust_configuration.trust_32                            539ms
  btp_subaccount_trust_configuration.trust_33                            207ms
  btp_subaccount_trust_configuration.trust_34                            193ms
  btp_subaccount_trust_configuration.trust_35                            641ms
  btp_subaccount_trust_configuration.trust_36                            230ms
  btp_subaccount_trust_configuration.trust_37                            176ms
  btp_subaccount_trust_configuration.trust_38                            301ms
  btp_subaccount_trust_configuration.trust_39                            172ms
  btp_subaccount_trust_configuration.trust_4                             1174ms
  btp_subaccount_trust_configuration.trust_40                            593ms
  btp_subaccount_trust_configuration.trust_41                            469ms
  btp_subaccount_trust_configuration.trust_42                            183ms
  btp_subaccount_trust_configuration.trust_43                            256ms
  btp_subaccount_trust_configuration.trust_44                            156ms
  btp_subaccount_trust_configuration.trust_45                            244ms
  btp_subaccount_trust_configuration.trust_46                            249ms
  btp_subaccount_trust_configuration.trust_47                            509ms
  btp_subaccount_trust_configuration.trust_48                            177ms
  btp_subaccount_trust_configuration.trust_49                            1025ms
  btp_subaccount_trust_configuration.trust_5                             575ms
  btp_subaccount_trust_configuration.trust_50                            238ms
  btp_subaccount_trust_configuration.trust_6                             238ms
  btp_subaccount_trust_configuration.trust_7                             603ms
  btp_subaccount_trust_configuration.trust_8                             475ms
  btp_subaccount_trust_configuration.trust_9                             248ms
  cloudfoundry_service_instance.instance_1                               51ms
  cloudfoundry_service_instance.instance_10                              72ms
  cloudfoundry_service_instance.instance_100                             74ms
  cloudfoundry_service_instance.instance_101                             43ms
  cloudfoundry_service_instance.instance_102                             43ms
  cloudfoundry_service_instance.instance_103                             38ms
  cloudfoundry_service_instance.instance_104                             43ms
  cloudfoundry_service_instance.instance_105                             66ms
  cloudfoundry_service_instance.instance_106                             51ms
  cloudfoundry_service_instance.instance_107                             53ms
  cloudfoundry_service_instance.instance_108                             48ms
  cloudfoundry_service_instance.instance_109                             47ms
  cloudfoundry_service_instance.instance_11                              63ms
  cloudfoundry_service_instance.instance_110                             47ms
  cloudfoundry_service_instance.instance_111                             62ms
  cloudfoundry_service_instance.instance_112                             64ms
  cloudfoundry_service_instance.instance_113                             60ms
  cloudfoundry_service_instance.instance_114                             75ms
  cloudfoundry_service_instance.instance_115                             58ms
  cloudfoundry_service_instance.instance_116                             56ms
  cloudfoundry_service_instance.instance_117                             45ms
  cloudfoundry_service_instance.instance_118                             49ms
  cloudfoundry_service_instance.instance_119                             48ms
  cloudfoundry_service_instance.instance_12                              85ms
  cloudfoundry_service_instance.instance_120                             58ms
  cloudfoundry_service_instance.instance_121                             47ms
  cloudfoundry_service_instance.instance_122                             60ms
  cloudfoundry_service_instance.instance_123                             50ms
  cloudfoundry_service_instance.instance_124                             42ms
  cloudfoundry_service_instance.instance_125                             43ms
  cloudfoundry_service_instance.instance_126                             54ms
  cloudfoundry_service_instance.instance_127                             41ms
  cloudfoundry_service_instance.instance_128                             42ms
  cloudfoundry_service_instance.instance_129                             52ms
  cloudfoundry_service_instance.instance_13                              39ms
  cloudfoundry_service_instance.instance_130                             38ms
  cloudfoundry_service_instance.instance_131                             55ms
  cloudfoundry_service_instance.instance_132                             44ms
  cloudfoundry_service_instance.instance_133                             48ms
  cloudfoundry_service_instance.instance_134                             48ms
  cloudfoundry_service_instance.instance_135                             43ms
  cloudfoundry_service_instance.instance_136                             41ms
  cloudfoundry_service_instance.instance_137                             51ms
  cloudfoundry_service_instance.instance_138                             49ms
  cloudfoundry_service_instance.instance_139                             51ms
  cloudfoundry_service_instance.instance_14                              61ms
  cloudfoundry_service_instance.instance_140                             43ms
  cloudfoundry_service_instance.instance_141                             45ms
  cloudfoundry_service_instance.instance_142                             42ms
  cloudfoundry_service_instance.instance_143                             37ms
  cloudfoundry_service_instance.instance_144                             41ms
  cloudfoundry_service_instance.instance_145                             75ms
  cloudfoundry_service_instance.instance_146                             55ms
  cloudfoundry_service_instance.instance_147                             64ms
  cloudfoundry_service_instance.instance_148                             57ms
  cloudfoundry_service_instance.instance_149                             63ms
  cloudfoundry_service_instance.instance_15                              59ms
  cloudfoundry_service_instance.instance_150                             55ms
  cloudfoundry_service_instance.instance_151                             66ms
  cloudfoundry_service_instance.instance_152                             49ms
  cloudfoundry_service_instance.instance_153                             85ms
  cloudfoundry_service_instance.instance_154                             45ms
  cloudfoundry_service_instance.instance_155                             44ms
  cloudfoundry_service_instance.instance_156                             42ms
  cloudfoundry_service_instance.instance_157                             52ms
  cloudfoundry_service_instance.instance_158                             40ms
  cloudfoundry_service_instance.instance_159                             47ms
  cloudfoundry_service_instance.instance_16                              38ms
  cloudfoundry_service_instance.instance_160                             55ms
  cloudfoundry_service_instance.instance_161                             49ms
  cloudfoundry_service_instance.instance_162                             41ms
  cloudfoundry_service_instance.instance_163                             47ms
  cloudfoundry_service_instance.instance_164                             46ms
  cloudfoundry_service_instance.instance_165                             49ms
  cloudfoundry_service_instance.instance_166                             47ms
  cloudfoundry_service_instance.instance_167                             89ms
  cloudfoundry_service_instance.instance_168                             39ms
  cloudfoundry_service_instance.instance_169                             46ms
  cloudfoundry_service_instance.instance_17                              63ms
  cloudfoundry_service_instance.instance_170                             42ms
  cloudfoundry_service_instance.instance_171                             52ms
  cloudfoundry_service_instance.instance_172                             46ms
  cloudfoundry_service_instance.instance_173                             48ms
  cloudfoundry_service_instance.instance_174                             41ms
  cloudfoundry_service_instance.instance_175                             64ms
  cloudfoundry_service_instance.instance_176                             55ms
  cloudfoundry_service_instance.instance_177                             42ms
  cloudfoundry_service_instance.instance_178                             59ms
  cloudfoundry_service_instance.instance_179                             50ms
  cloudfoundry_service_instance.instance_18                              44ms
  cloudfoundry_service_instance.instance_180                             46ms
  cloudfoundry_service_instance.instance_181                             47ms
  cloudfoundry_service_instance.instance_182                             43ms
  cloudfoundry_service_instance.instance_183                             41ms
  cloudfoundry_service_instance.instance_184                             43ms
  cloudfoundry_service_instance.instance_185                             106ms
  cloudfoundry_service_instance.instance_186                             57ms
  cloudfoundry_service_instance.instance_187                             108ms
  cloudfoundry_service_instance.instance_188                             108ms
  cloudfoundry_service_instance.instance_189                             38ms
  cloudfoundry_service_instance.instance_19                              81ms
  cloudfoundry_service_instance.instance_190                             68ms
  cloudfoundry_service_instance.instance_191                             38ms
  cloudfoundry_service_instance.instance_192                             43ms
  cloudfoundry_service_instance.instance_193                             55ms
  cloudfoundry_service_instance.instance_194                             50ms
  cloudfoundry_service_instance.instance_195                             39ms
  cloudfoundry_service_instance.instance_196                             39ms
  cloudfoundry_service_instance.instance_197                             44ms
  cloudfoundry_service_instance.instance_198                             46ms
  cloudfoundry_service_instance.instance_199                             52ms
  cloudfoundry_service_instance.instance_2                               49ms
  cloudfoundry_service_instance.instance_20                              58ms
  cloudfoundry_service_instance.instance_200                             60ms
  cloudfoundry_service_instance.instance_21                              52ms
  cloudfoundry_service_instance.instance_22                              50ms
  cloudfoundry_service_instance.instance_23                              43ms
  cloudfoundry_service_instance.instance_24                              44ms
  cloudfoundry_service_instance.instance_25                              48ms
  cloudfoundry_service_instance.instance_26                              44ms
  cloudfoundry_service_instance.instance_27                              44ms
  cloudfoundry_service_instance.instance_28                              50ms
  cloudfoundry_service_instance.instance_29                              41ms
  cloudfoundry_service_instance.instance_3                               53ms
  cloudfoundry_service_instance.instance_30                              50ms
  cloudfoundry_service_instance.instance_31                              39ms
  cloudfoundry_service_instance.instance_32                              61ms
  cloudfoundry_service_instance.instance_33                              45ms
  cloudfoundry_service_instance.instance_34                              115ms
  cloudfoundry_service_instance.instance_35                              39ms
  cloudfoundry_service_instance.instance_36                              39ms
  cloudfoundry_service_instance.instance_37                              51ms
  cloudfoundry_service_instance.instance_38                              49ms
  cloudfoundry_service_instance.instance_39                              45ms
  cloudfoundry_service_instance.instance_4                               48ms
  cloudfoundry_service_instance.instance_40                              48ms
  cloudfoundry_service_instance.instance_41                              62ms
  cloudfoundry_service_instance.instance_42                              50ms
  cloudfoundry_service_instance.instance_43                              59ms
  cloudfoundry_service_instance.instance_44                              55ms
  cloudfoundry_service_instance.instance_45                              45ms
  cloudfoundry_service_instance.instance_46                              46ms
  cloudfoundry_service_instance.instance_47                              51ms
  cloudfoundry_service_instance.instance_48                              52ms
  cloudfoundry_service_instance.instance_49                              47ms
  cloudfoundry_service_instance.instance_5                               55ms
  cloudfoundry_service_instance.instance_50                              45ms
  cloudfoundry_service_instance.instance_51                              61ms
  cloudfoundry_service_instance.instance_52                              46ms
  cloudfoundry_service_instance.instance_53                              39ms
  cloudfoundry_service_instance.instance_54                              53ms
  cloudfoundry_service_instance.instance_55                              49ms
  cloudfoundry_service_instance.instance_56                              46ms
  cloudfoundry_service_instance.instance_57                              102ms
  cloudfoundry_service_instance.instance_58                              52ms
  cloudfoundry_service_instance.instance_59                              45ms
  cloudfoundry_service_instance.instance_6                               48ms
  cloudfoundry_service_instance.instance_60                              41ms
  cloudfoundry_service_instance.instance_61                              46ms
  cloudfoundry_service_instance.instance_62                              39ms
  cloudfoundry_service_instance.instance_63                              44ms
  cloudfoundry_service_instance.instance_64                              40ms
  cloudfoundry_service_instance.instance_65                              39ms
  cloudfoundry_service_instance.instance_66                              45ms
  cloudfoundry_service_instance.instance_67                              44ms
  cloudfoundry_service_instance.instance_68                              38ms
  cloudfoundry_service_instance.instance_69                              52ms
  cloudfoundry_service_instance.instance_7                               39ms
  cloudfoundry_service_instance.instance_70                              53ms
  cloudfoundry_service_instance.instance_71                              38ms
  cloudfoundry_service_instance.instance_72                              49ms
  cloudfoundry_service_instance.instance_73                              50ms
  cloudfoundry_service_instance.instance_74                              49ms
  cloudfoundry_service_instance.instance_75                              40ms
  cloudfoundry_service_instance.instance_76                              52ms
  cloudfoundry_service_instance.instance_77                              43ms
  cloudfoundry_service_instance.instance_78                              46ms
  cloudfoundry_service_instance.instance_79                              42ms
  cloudfoundry_service_instance.instance_8                               56ms
  cloudfoundry_service_instance.instance_80                              42ms
  cloudfoundry_service_instance.instance_81                              68ms
  cloudfoundry_service_instance.instance_82                              40ms
  cloudfoundry_service_instance.instance_83                              46ms
  cloudfoundry_service_instance.instance_84                              49ms
  cloudfoundry_service_instance.instance_85                              52ms
  cloudfoundry_service_instance.instance_86                              51ms
  cloudfoundry_service_instance.instance_87                              56ms
  cloudfoundry_service_instance.instance_88                              41ms
  cloudfoundry_service_instance.instance_89                              55ms
  cloudfoundry_service_instance.instance_9                               64ms
  cloudfoundry_service_instance.instance_90                              44ms
  cloudfoundry_service_instance.instance_91                              43ms
  cloudfoundry_service_instance.instance_92                              53ms
  cloudfoundry_service_instance.instance_93                              46ms
  cloudfoundry_service_instance.instance_94                              59ms
  cloudfoundry_service_instance.instance_95                              58ms
  cloudfoundry_service_instance.instance_96                              46ms
  cloudfoundry_service_instance.instance_97                              42ms
  cloudfoundry_service_instance.instance_98                              43ms
  cloudfoundry_service_instance.instance_99                              59ms
  cloudfoundry_space.space_1                                             104ms
  cloudfoundry_space.space_10                                            111ms
  cloudfoundry_space.space_100                                           108ms
  cloudfoundry_space.space_11                                            117ms
  cloudfoundry_space.space_12                                            108ms
  cloudfoundry_space.space_13                                            124ms
  cloudfoundry_space.space_14                                            152ms
  cloudfoundry_space.space_15                                            102ms
  cloudfoundry_space.space_16                                            99ms
  cloudfoundry_space.space_17                                            110ms
  cloudfoundry_space.space_18                                            112ms
  cloudfoundry_space.space_19                                            109ms
  cloudfoundry_space.space_2                                             106ms
  cloudfoundry_space.space_20                                            97ms
  cloudfoundry_space.space_21                                            108ms
  cloudfoundry_space.space_22                                            95ms
  cloudfoundry_space.space_23                                            102ms
  cloudfoundry_space.space_24                                            104ms
  cloudfoundry_space.space_25                                            110ms
  cloudfoundry_space.space_26                                            110ms
  cloudfoundry_space.space_27                                            102ms
  cloudfoundry_space.space_28                                            142ms
  cloudfoundry_space.space_29                                            119ms
  cloudfoundry_space.space_3                                             137ms
  cloudfoundry_space.space_30                                            164ms
  cloudfoundry_space.space_31                                            160ms
  cloudfoundry_space.space_32                                            222ms
  cloudfoundry_space.space_33                                            214ms
  cloudfoundry_space.space_34                                            119ms
  cloudfoundry_space.space_35                                            106ms
  cloudfoundry_space.space_36                                            107ms
  cloudfoundry_space.space_37                                            236ms
  cloudfoundry_space.space_38                                            227ms
  cloudfoundry_space.space_39                                            98ms
  cloudfoundry_space.space_4                                             104ms
  cloudfoundry_space.space_40                                            109ms
  cloudfoundry_space.space_41                                            134ms
  cloudfoundry_space.space_42                                            130ms
  cloudfoundry_space.space_43                                            152ms
  cloudfoundry_space.space_44                                            163ms
  cloudfoundry_space.space_45                                            125ms
  cloudfoundry_space.space_46                                            104ms
  cloudfoundry_space.space_47                                            111ms
  cloudfoundry_space.space_48                                            125ms
  cloudfoundry_space.space_49                                            119ms
  cloudfoundry_space.space_5                                             134ms
  cloudfoundry_space.space_50                                            128ms
  cloudfoundry_space.space_51                                            140ms
  cloudfoundry_space.space_52                                            172ms
  cloudfoundry_space.space_53                                            137ms
  cloudfoundry_space.space_54                                            109ms
  cloudfoundry_space.space_55                                            104ms
  cloudfoundry_space.space_56                                            147ms
  cloudfoundry_space.space_57                                            105ms
  cloudfoundry_space.space_58                                            106ms
  cloudfoundry_space.space_59                                            114ms
  cloudfoundry_space.space_6                                             122ms
  cloudfoundry_space.space_60                                            113ms
  cloudfoundry_space.space_61                                            163ms
  cloudfoundry_space.space_62                                            106ms
  cloudfoundry_space.space_63                                            130ms
  cloudfoundry_space.space_64                                            137ms
  cloudfoundry_space.space_65                                            140ms
  cloudfoundry_space.space_66                                            100ms
  cloudfoundry_space.space_67                                            104ms
  cloudfoundry_space.space_68                                            151ms
  cloudfoundry_space.space_69                                            131ms
  cloudfoundry_space.space_7                                             141ms
  cloudfoundry_space.space_70                                            128ms
  cloudfoundry_space.space_71                                            128ms
  cloudfoundry_space.space_72                                            125ms
  cloudfoundry_space.space_73                                            109ms
  cloudfoundry_space.space_74                                            101ms
  cloudfoundry_space.space_75                                            100ms
  cloudfoundry_space.space_76                                            101ms
  cloudfoundry_space.space_77                                            100ms
  cloudfoundry_space.space_78                                            111ms
  cloudfoundry_space.space_79                                            129ms
  cloudfoundry_space.space_8                                             127ms
  cloudfoundry_space.space_80                                            127ms
  cloudfoundry_space.space_81                                            108ms
  cloudfoundry_space.space_82                                            117ms
  cloudfoundry_space.space_83                                            107ms
  cloudfoundry_space.space_84                                            102ms
  cloudfoundry_space.space_85                                            205ms
  cloudfoundry_space.space_86                                            106ms
  cloudfoundry_space.space_87                                            130ms
  cloudfoundry_space.space_88                                            124ms
  cloudfoundry_space.space_89                                            98ms
  cloudfoundry_space.space_9                                             133ms
  cloudfoundry_space.space_90                                            116ms
  cloudfoundry_space.space_91                                            111ms
  cloudfoundry_space.space_92                                            110ms
  cloudfoundry_space.space_93                                            113ms
  cloudfoundry_space.space_94                                            104ms
  cloudfoundry_space.space_95                                            106ms
  cloudfoundry_space.space_96                                            139ms
  cloudfoundry_space.space_97                                            117ms
  cloudfoundry_space.space_98                                            122ms
  cloudfoundry_space.space_99                                            125ms
  scc_subaccount.subaccount_1                                            589ms
  scc_subaccount.subaccount_10                                           592ms
  scc_subaccount.subaccount_11                                           729ms
  scc_subaccount.subaccount_12                                           574ms
  scc_subaccount.subaccount_13                                           603ms
  scc_subaccount.subaccount_14                                           583ms
  scc_subaccount.subaccount_15                                           625ms
  scc_subaccount.subaccount_16                                           610ms
  scc_subaccount.subaccount_17                                           758ms
  scc_subaccount.subaccount_18                                           621ms
  scc_subaccount.subaccount_19                                           632ms
  scc_subaccount.subaccount_2                                            620ms
  scc_subaccount.subaccount_20                                           583ms
  scc_subaccount.subaccount_21                                           551ms
  scc_subaccount.subaccount_22                                           652ms
  scc_subaccount.subaccount_23                                           673ms
  scc_subaccount.subaccount_24                                           888ms
  scc_subaccount.subaccount_25                                           707ms
  scc_subaccount.subaccount_26                                           507ms
  scc_subaccount.subaccount_27                                           601ms
  scc_subaccount.subaccount_28                                           641ms
  scc_subaccount.subaccount_29                                           670ms
  scc_subaccount.subaccount_3                                            818ms
  scc_subaccount.subaccount_30                                           602ms
  scc_subaccount.subaccount_31                                           789ms
  scc_subaccount.subaccount_32                                           612ms
  scc_subaccount.subaccount_33                                           566ms
  scc_subaccount.subaccount_34                                           556ms
  scc_subaccount.subaccount_35                                           635ms
  scc_subaccount.subaccount_36                                           600ms
  scc_subaccount.subaccount_37                                           571ms
  scc_subaccount.subaccount_38                                           749ms
  scc_subaccount.subaccount_39                                           697ms
  scc_subaccount.subaccount_4                                            568ms
  scc_subaccount.subaccount_40                                           749ms
  scc_subaccount.subaccount_41                                           598ms
  scc_subaccount.subaccount_42                                           608ms
  scc_subaccount.subaccount_43                                           788ms
  scc_subaccount.subaccount_44                                           628ms
  scc_subaccount.subaccount_45                                           521ms
  scc_subaccount.subaccount_46                                           537ms
  scc_subaccount.subaccount_47                                           572ms
  scc_subaccount.subaccount_48                                           591ms
  scc_subaccount.subaccount_49                                           841ms
  scc_subaccount.subaccount_5                                            561ms
  scc_subaccount.subaccount_50                                           692ms
  scc_subaccount.subaccount_6                                            562ms
  scc_subaccount.subaccount_7                                            564ms
  scc_subaccount.subaccount_8                                            630ms
  scc_subaccount.subaccount_9                                            660ms
  scc_system_mapping.system_1                                            69ms
  scc_system_mapping.system_10                                           79ms
  scc_system_mapping.system_100                                          58ms
  scc_system_mapping.system_11                                           61ms
  scc_system_mapping.system_12                                           58ms
  scc_system_mapping.system_13                                           59ms
  scc_system_mapping.system_14                                           59ms
  scc_system_mapping.system_15                                           60ms
  scc_system_mapping.system_16                                           60ms
  scc_system_mapping.system_17                                           67ms
  scc_system_mapping.system_18                                           75ms
  scc_system_mapping.system_19                                           79ms
  scc_system_mapping.system_2                                            60ms
  scc_system_mapping.system_20                                           61ms
  scc_system_mapping.system_21                                           66ms
  scc_system_mapping.system_22                                           57ms
  scc_system_mapping.system_23                                           59ms
  scc_system_mapping.system_24                                           62ms
  scc_system_mapping.system_25                                           68ms
  scc_system_mapping.system_26                                           57ms
  scc_system_mapping.system_27                                           58ms
  scc_system_mapping.system_28                                           122ms
  scc_system_mapping.system_29                                           70ms
  scc_system_mapping.system_3                                            76ms
  scc_system_mapping.system_30                                           58ms
  scc_system_mapping.system_31                                           70ms
  scc_system_mapping.system_32                                           62ms
  scc_system_mapping.system_33                                           68ms
  scc_system_mapping.system_34                                           59ms
  scc_system_mapping.system_35                                           61ms
  scc_system_mapping.system_36                                           60ms
  scc_system_mapping.system_37                                           67ms
  scc_system_mapping.system_38                                           59ms
  scc_system_mapping.system_39                                           60ms
  scc_system_mapping.system_4                                            59ms
  scc_system_mapping.system_40                                           62ms
  scc_system_mapping.system_41                                           106ms
  scc_system_mapping.system_42                                           81ms
  scc_system_mapping.system_43                                           58ms
  scc_system_mapping.system_44                                           59ms
  scc_system_mapping.system_45                                           57ms
  scc_system_mapping.system_46                                           77ms
  scc_system_mapping.system_47                                           63ms
  scc_system_mapping.system_48                                           57ms
  scc_system_mapping.system_49                                           96ms
  scc_system_mapping.system_5                                            58ms
  scc_system_mapping.system_50                                           105ms
  scc_system_mapping.system_51                                           59ms
  scc_system_mapping.system_52                                           60ms
  scc_system_mapping.system_53                                           61ms
  scc_system_mapping.system_54                                           56ms
  scc_system_mapping.system_55                                           58ms
  scc_system_mapping.system_56                                           60ms
  scc_system_mapping.system_57                                           61ms
  scc_system_mapping.system_58                                           60ms
  scc_system_mapping.system_59                                           58ms
  scc_system_mapping.system_6                                            71ms
  scc_system_mapping.system_60                                           59ms
  scc_system_mapping.system_61                                           64ms
  scc_system_mapping.system_62                                           57ms
  scc_system_mapping.system_63                                           61ms
  scc_system_mapping.system_64                                           60ms
  scc_system_mapping.system_65                                           55ms
  scc_system_mapping.system_66                                           79ms
  scc_system_mapping.system_67                                           75ms
  scc_system_mapping.system_68                                           70ms
  scc_system_mapping.system_69                                           61ms
  scc_system_mapping.system_7                                            65ms
  scc_system_mapping.system_70                                           61ms
  scc_system_mapping.system_71                                           64ms
  scc_system_mapping.system_72                                           108ms
  scc_system_mapping.system_73                                           65ms
  scc_system_mapping.system_74                                           63ms
  scc_system_mapping.system_75                                           56ms
  scc_system_mapping.system_76                                           59ms
  scc_system_mapping.system_77                                           57ms
  scc_system_mapping.system_78                                           59ms
  scc_system_mapping.system_79                                           59ms
  scc_system_mapping.system_8                                            60ms
  scc_system_mapping.system_80                                           60ms
  scc_system_mapping.system_81                                           115ms
  scc_system_mapping.system_82                                           62ms
  scc_system_mapping.system_83                                           55ms
  scc_system_mapping.system_84                                           60ms
  scc_system_mapping.system_85                                           710ms
  scc_system_mapping.system_86                                           1281ms
  scc_system_mapping.system_87                                           61ms
  scc_system_mapping.system_88                                           63ms
  scc_system_mapping.system_89                                           76ms
  scc_system_mapping.system_9                                            59ms
  scc_system_mapping.system_90                                           62ms
  scc_system_mapping.system_91                                           58ms
  scc_system_mapping.system_92                                           58ms
  scc_system_mapping.system_93                                           61ms
  scc_system_mapping.system_94                                           62ms
  scc_system_mapping.system_95                                           61ms
  scc_system_mapping.system_96                                           60ms
  scc_system_mapping.system_97                                           55ms
  scc_system_mapping.system_98                                           59ms
  scc_system_mapping.system_99                                           61ms
  scc_system_mapping_resource.resource_1                                 64ms
  scc_system_mapping_resource.resource_10                                64ms
  scc_system_mapping_resource.resource_100                               64ms
  scc_system_mapping_resource.resource_101                               54ms
  scc_system_mapping_resource.resource_102                               59ms
  scc_system_mapping_resource.resource_103                               72ms
  scc_system_mapping_resource.resource_104                               58ms
  scc_system_mapping_resource.resource_105                               59ms
  scc_system_mapping_resource.resource_106                               64ms
  scc_system_mapping_resource.resource_107                               104ms
  scc_system_mapping_resource.resource_108                               74ms
  scc_system_mapping_resource.resource_109                               58ms
  scc_system_mapping_resource.resource_11                                86ms
  scc_system_mapping_resource.resource_110                               80ms
  scc_system_mapping_resource.resource_111                               71ms
  scc_system_mapping_resource.resource_112                               69ms
  scc_system_mapping_resource.resource_113                               58ms
  scc_system_mapping_resource.resource_114                               66ms
  scc_system_mapping_resource.resource_115                               60ms
  scc_system_mapping_resource.resource_116                               57ms
  scc_system_mapping_resource.resource_117                               58ms
  scc_system_mapping_resource.resource_118                               56ms
  scc_system_mapping_resource.resource_119                               97ms
  scc_system_mapping_resource.resource_12                                75ms
  scc_system_mapping_resource.resource_120                               104ms
  scc_system_mapping_resource.resource_121                               63ms
  scc_system_mapping_resource.resource_122                               54ms
  scc_system_mapping_resource.resource_123                               62ms
  scc_system_mapping_resource.resource_124                               60ms
  scc_system_mapping_resource.resource_125                               59ms
  scc_system_mapping_resource.resource_126                               69ms
  scc_system_mapping_resource.resource_127                               72ms
  scc_system_mapping_resource.resource_128                               76ms
  scc_system_mapping_resource.resource_129                               57ms
  scc_system_mapping_resource.resource_13                                80ms
  scc_system_mapping_resource.resource_130                               117ms
  scc_system_mapping_resource.resource_131                               72ms
  scc_system_mapping_resource.resource_132                               103ms
  scc_system_mapping_resource.resource_133                               59ms
  scc_system_mapping_resource.resource_134                               71ms
  scc_system_mapping_resource.resource_135                               59ms
  scc_system_mapping_resource.resource_136                               55ms
  scc_system_mapping_resource.resource_137                               58ms
  scc_system_mapping_resource.resource_138                               57ms
  scc_system_mapping_resource.resource_139                               60ms
  scc_system_mapping_resource.resource_14                                65ms
  scc_system_mapping_resource.resource_140                               56ms
  scc_system_mapping_resource.resource_141                               58ms
  scc_system_mapping_resource.resource_142                               114ms
  scc_system_mapping_resource.resource_143                               108ms
  scc_system_mapping_resource.resource_144                               87ms
  scc_system_mapping_resource.resource_145                               64ms
  scc_system_mapping_resource.resource_146                               65ms
  scc_system_mapping_resource.resource_147                               71ms
  scc_system_mapping_resource.resource_148                               67ms
  scc_system_mapping_resource.resource_149                               57ms
  scc_system_mapping_resource.resource_15                                101ms
  scc_system_mapping_resource.resource_150                               60ms
  scc_system_mapping_resource.resource_151                               61ms
  scc_system_mapping_resource.resource_152                               63ms
  scc_system_mapping_resource.resource_153                               59ms
  scc_system_mapping_resource.resource_154                               61ms
  scc_system_mapping_resource.resource_155                               63ms
  scc_system_mapping_resource.resource_156                               58ms
  scc_system_mapping_resource.resource_157                               67ms
  scc_system_mapping_resource.resource_158                               55ms
  scc_system_mapping_resource.resource_159                               58ms
  scc_system_mapping_resource.resource_16                                72ms
  scc_system_mapping_resource.resource_160                               82ms
  scc_system_mapping_resource.resource_161                               138ms
  scc_system_mapping_resource.resource_162                               97ms
  scc_system_mapping_resource.resource_163                               87ms
  scc_system_mapping_resource.resource_164                               56ms
  scc_system_mapping_resource.resource_165                               58ms
  scc_system_mapping_resource.resource_166                               72ms
  scc_system_mapping_resource.resource_167                               56ms
  scc_system_mapping_resource.resource_168                               106ms
  scc_system_mapping_resource.resource_169                               59ms
  scc_system_mapping_resource.resource_17                                80ms
  scc_system_mapping_resource.resource_170                               89ms
  scc_system_mapping_resource.resource_171                               70ms
  scc_system_mapping_resource.resource_172                               73ms
  scc_system_mapping_resource.resource_173                               56ms
  scc_system_mapping_resource.resource_174                               62ms
  scc_system_mapping_resource.resource_175                               67ms
  scc_system_mapping_resource.resource_176                               55ms
  scc_system_mapping_resource.resource_177                               56ms
  scc_system_mapping_resource.resource_178                               99ms
  scc_system_mapping_resource.resource_179                               59ms
  scc_system_mapping_resource.resource_18                                57ms
  scc_system_mapping_resource.resource_180                               56ms
  scc_system_mapping_resource.resource_181                               56ms
  scc_system_mapping_resource.resource_182                               56ms
  scc_system_mapping_resource.resource_183                               72ms
  scc_system_mapping_resource.resource_184                               63ms
  scc_system_mapping_resource.resource_185                               94ms
  scc_system_mapping_resource.resource_186                               62ms
  scc_system_mapping_resource.resource_187                               62ms
  scc_system_mapping_resource.resource_188                               60ms
  scc_system_mapping_resource.resource_189                               61ms
  scc_system_mapping_resource.resource_19                                64ms
  scc_system_mapping_resource.resource_190                               105ms
  scc_system_mapping_resource.resource_191                               56ms
  scc_system_mapping_resource.resource_192                               59ms
  scc_system_mapping_resource.resource_193                               64ms
  scc_system_mapping_resource.resource_194                               87ms
  scc_system_mapping_resource.resource_195                               55ms
  scc_system_mapping_resource.resource_196                               60ms
  scc_system_mapping_resource.resource_197                               57ms
  scc_system_mapping_resource.resource_198                               61ms
  scc_system_mapping_resource.resource_199                               59ms
  scc_system_mapping_resource.resource_2                                 109ms
  scc_system_mapping_resource.resource_20                                100ms
  scc_system_mapping_resource.resource_200                               57ms
  scc_system_mapping_resource.resource_21                                84ms
  scc_system_mapping_resource.resource_22                                61ms
  scc_system_mapping_resource.resource_23                                65ms
  scc_system_mapping_resource.resource_24                                71ms
  scc_system_mapping_resource.resource_25                                59ms
  scc_system_mapping_resource.resource_26                                91ms
  scc_system_mapping_resource.resource_27                                109ms
  scc_system_mapping_resource.resource_28                                108ms
  scc_system_mapping_resource.resource_29                                59ms
  scc_system_mapping_resource.resource_3                                 121ms
  scc_system_mapping_resource.resource_30                                114ms
  scc_system_mapping_resource.resource_31                                96ms
  scc_system_mapping_resource.resource_32                                99ms
  scc_system_mapping_resource.resource_33                                57ms
  scc_system_mapping_resource.resource_34                                66ms
  scc_system_mapping_resource.resource_35                                56ms
  scc_system_mapping_resource.resource_36                                60ms
  scc_system_mapping_resource.resource_37                                63ms
  scc_system_mapping_resource.resource_38                                82ms
  scc_system_mapping_resource.resource_39                                73ms
  scc_system_mapping_resource.resource_4                                 57ms
  scc_system_mapping_resource.resource_40                                79ms
  scc_system_mapping_resource.resource_41                                87ms
  scc_system_mapping_resource.resource_42                                95ms
  scc_system_mapping_resource.resource_43                                57ms
  scc_system_mapping_resource.resource_44                                59ms
  scc_system_mapping_resource.resource_45                                104ms
  scc_system_mapping_resource.resource_46                                89ms
  scc_system_mapping_resource.resource_47                                99ms
  scc_system_mapping_resource.resource_48                                60ms
  scc_system_mapping_resource.resource_49                                59ms
  scc_system_mapping_resource.resource_5                                 78ms
  scc_system_mapping_resource.resource_50                                88ms
  scc_system_mapping_resource.resource_51                                86ms
  scc_system_mapping_resource.resource_52                                106ms
  scc_system_mapping_resource.resource_53                                85ms
  scc_system_mapping_resource.resource_54                                122ms
  scc_system_mapping_resource.resource_55                                120ms
  scc_system_mapping_resource.resource_56                                116ms
  scc_system_mapping_resource.resource_57                                129ms
  scc_system_mapping_resource.resource_58                                112ms
  scc_system_mapping_resource.resource_59                                133ms
  scc_system_mapping_resource.resource_6                                 62ms
  scc_system_mapping_resource.resource_60                                71ms
  scc_system_mapping_resource.resource_61                                72ms
  scc_system_mapping_resource.resource_62                                123ms
  scc_system_mapping_resource.resource_63                                111ms
  scc_system_mapping_resource.resource_64                                119ms
  scc_system_mapping_resource.resource_65                                88ms
  scc_system_mapping_resource.resource_66                                99ms
  scc_system_mapping_resource.resource_67                                63ms
  scc_system_mapping_resource.resource_68                                59ms
  scc_system_mapping_resource.resource_69                                101ms
  scc_system_mapping_resource.resource_7                                 58ms
  scc_system_mapping_resource.resource_70                                83ms
  scc_system_mapping_resource.resource_71                                86ms
  scc_system_mapping_resource.resource_72                                108ms
  scc_system_mapping_resource.resource_73                                58ms
  scc_system_mapping_resource.resource_74                                80ms
  scc_system_mapping_resource.resource_75                                99ms
  scc_system_mapping_resource.resource_76                                56ms
  scc_system_mapping_resource.resource_77                                103ms
  scc_system_mapping_resource.resource_78                                65ms
  scc_system_mapping_resource.resource_79                                58ms
  scc_system_mapping_resource.resource_8                                 87ms
  scc_system_mapping_resource.resource_80                                64ms
  scc_system_mapping_resource.resource_81                                68ms
  scc_system_mapping_resource.resource_82                                114ms
  scc_system_mapping_resource.resource_83                                113ms
  scc_system_mapping_resource.resource_84                                117ms
  scc_system_mapping_resource.resource_85                                101ms
  scc_system_mapping_resource.resource_86                                104ms
  scc_system_mapping_resource.resource_87                                104ms
  scc_system_mapping_resource.resource_88                                94ms
  scc_system_mapping_resource.resource_89                                110ms
  scc_system_mapping_resource.resource_9                                 63ms
  scc_system_mapping_resource.resource_90                                63ms
  scc_system_mapping_resource.resource_91                                120ms
  scc_system_mapping_resource.resource_92                                101ms
  scc_system_mapping_resource.resource_93                                60ms
  scc_system_mapping_resource.resource_94                                67ms
  scc_system_mapping_resource.resource_95                                72ms
  scc_system_mapping_resource.resource_96                                100ms
  scc_system_mapping_resource.resource_97                                62ms
  scc_system_mapping_resource.resource_98                                92ms
  scc_system_mapping_resource.resource_99                                112ms
  sci_application.app_1                                                  130ms
  sci_application.app_10                                                 126ms
  sci_application.app_100                                                143ms
  sci_application.app_11                                                 122ms
  sci_application.app_12                                                 131ms
  sci_application.app_13                                                 116ms
  sci_application.app_14                                                 154ms
  sci_application.app_15                                                 124ms
  sci_application.app_16                                                 134ms
  sci_application.app_17                                                 123ms
  sci_application.app_18                                                 123ms
  sci_application.app_19                                                 133ms
  sci_application.app_2                                                  119ms
  sci_application.app_20                                                 140ms
  sci_application.app_21                                                 123ms
  sci_application.app_22                                                 129ms
  sci_application.app_23                                                 150ms
  sci_application.app_24                                                 145ms
  sci_application.app_25                                                 126ms
  sci_application.app_26                                                 138ms
  sci_application.app_27                                                 138ms
  sci_application.app_28                                                 119ms
  sci_application.app_29                                                 129ms
  sci_application.app_3                                                  133ms
  sci_application.app_30                                                 131ms
  sci_application.app_31                                                 147ms
  sci_application.app_32                                                 145ms
  sci_application.app_33                                                 123ms
  sci_application.app_34                                                 131ms
  sci_application.app_35                                                 126ms
  sci_application.app_36                                                 126ms
  sci_application.app_37                                                 137ms
  sci_application.app_38                                                 139ms
  sci_application.app_39                                                 159ms
  sci_application.app_4                                                  130ms
  sci_application.app_40                                                 127ms
  sci_application.app_41                                                 125ms
  sci_application.app_42                                                 126ms
  sci_application.app_43                                                 133ms
  sci_application.app_44                                                 122ms
  sci_application.app_45                                                 128ms
  sci_application.app_46                                                 123ms
  sci_application.app_47                                                 164ms
  sci_application.app_48                                                 124ms
  sci_application.app_49                                                 136ms
  sci_application.app_5                                                  127ms
  sci_application.app_50                                                 131ms
  sci_application.app_51                                                 124ms
  sci_application.app_52                                                 129ms
  sci_application.app_53                                                 148ms
  sci_application.app_54                                                 129ms
  sci_application.app_55                                                 148ms
  sci_application.app_56                                                 142ms
  sci_application.app_57                                                 124ms
  sci_application.app_58                                                 126ms
  sci_application.app_59                                                 146ms
  sci_application.app_6                                                  129ms
  sci_application.app_60                                                 129ms
  sci_application.app_61                                                 123ms
  sci_application.app_62                                                 147ms
  sci_application.app_63                                                 130ms
  sci_application.app_64                                                 120ms
  sci_application.app_65                                                 132ms
  sci_application.app_66                                                 121ms
  sci_application.app_67                                                 136ms
  sci_application.app_68                                                 136ms
  sci_application.app_69                                                 115ms
  sci_application.app_7                                                  127ms
  sci_application.app_70                                                 123ms
  sci_application.app_71                                                 161ms
  sci_application.app_72                                                 132ms
  sci_application.app_73                                                 238ms
  sci_application.app_74                                                 126ms
  sci_application.app_75                                                 133ms
  sci_application.app_76                                                 220ms
  sci_application.app_77                                                 127ms
  sci_application.app_78                                                 130ms
  sci_application.app_79                                                 128ms
  sci_application.app_8                                                  123ms
  sci_application.app_80                                                 129ms
  sci_application.app_81                                                 135ms
  sci_application.app_82                                                 149ms
  sci_application.app_83                                                 125ms
  sci_application.app_84                                                 137ms
  sci_application.app_85                                                 177ms
  sci_application.app_86                                                 130ms
  sci_application.app_87                                                 133ms
  sci_application.app_88                                                 129ms
  sci_application.app_89                                                 135ms
  sci_application.app_9                                                  124ms
  sci_application.app_90                                                 129ms
  sci_application.app_91                                                 176ms
  sci_application.app_92                                                 127ms
  sci_application.app_93                                                 146ms
  sci_application.app_94                                                 140ms
  sci_application.app_95                                                 119ms
  sci_application.app_96                                                 123ms
  sci_application.app_97                                                 130ms
  sci_application.app_98                                                 130ms
  sci_application.app_99                                                 117ms
  sci_group_base.group_1                                                 100ms
  sci_group_base.group_10                                                102ms
  sci_group_base.group_100                                               95ms
  sci_group_base.group_101                                               97ms
  sci_group_base.group_102                                               99ms
  sci_group_base.group_103                                               86ms
  sci_group_base.group_104                                               100ms
  sci_group_base.group_105                                               89ms
  sci_group_base.group_106                                               93ms
  sci_group_base.group_107                                               89ms
  sci_group_base.group_108                                               97ms
  sci_group_base.group_109                                               94ms
  sci_group_base.group_11                                                202ms
  sci_group_base.group_110                                               93ms
  sci_group_base.group_111                                               93ms
  sci_group_base.group_112                                               95ms
  sci_group_base.group_113                                               98ms
  sci_group_base.group_114                                               103ms
  sci_group_base.group_115                                               98ms
  sci_group_base.group_116                                               93ms
  sci_group_base.group_117                                               95ms
  sci_group_base.group_118                                               89ms
  sci_group_base.group_119                                               104ms
  sci_group_base.group_12                                                113ms
  sci_group_base.group_120                                               105ms
  sci_group_base.group_121                                               95ms
  sci_group_base.group_122                                               95ms
  sci_group_base.group_123                                               98ms
  sci_group_base.group_124                                               303ms
  sci_group_base.group_125                                               92ms
  sci_group_base.group_126                                               112ms
  sci_group_base.group_127                                               98ms
  sci_group_base.group_128                                               137ms
  sci_group_base.group_129                                               86ms
  sci_group_base.group_13                                                98ms
  sci_group_base.group_130                                               121ms
  sci_group_base.group_131                                               93ms
  sci_group_base.group_132                                               95ms
  sci_group_base.group_133                                               95ms
  sci_group_base.group_134                                               112ms
  sci_group_base.group_135                                               104ms
  sci_group_base.group_136                                               89ms
  sci_group_base.group_137                                               313ms
  sci_group_base.group_138                                               99ms
  sci_group_base.group_139                                               106ms
  sci_group_base.group_14                                                153ms
  sci_group_base.group_140                                               98ms
  sci_group_base.group_141                                               93ms
  sci_group_base.group_142                                               94ms
  sci_group_base.group_143                                               87ms
  sci_group_base.group_144                                               88ms
  sci_group_base.group_145                                               314ms
  sci_group_base.group_146                                               97ms
  sci_group_base.group_147                                               94ms
  sci_group_base.group_148                                               95ms
  sci_group_base.group_149                                               102ms
  sci_group_base.group_15                                                94ms
  sci_group_base.group_150                                               139ms
  sci_group_base.group_16                                                93ms
  sci_group_base.group_17                                                95ms
  sci_group_base.group_18                                                94ms
  sci_group_base.group_19                                                98ms
  sci_group_base.group_2                                                 97ms
  sci_group_base.group_20                                                92ms
  sci_group_base.group_21                                                96ms
  sci_group_base.group_22                                                90ms
  sci_group_base.group_23                                                94ms
  sci_group_base.group_24                                                108ms
  sci_group_base.group_25                                                143ms
  sci_group_base.group_26                                                100ms
  sci_group_base.group_27                                                96ms
  sci_group_base.group_28                                                95ms
  sci_group_base.group_29                                                93ms
  sci_group_base.group_3                                                 150ms
  sci_group_base.group_30                                                316ms
  sci_group_base.group_31                                                99ms
  sci_group_base.group_32                                                114ms
  sci_group_base.group_33                                                87ms
  sci_group_base.group_34                                                97ms
  sci_group_base.group_35                                                163ms
  sci_group_base.group_36                                                90ms
  sci_group_base.group_37                                                102ms
  sci_group_base.group_38                                                96ms
  sci_group_base.group_39                                                101ms
  sci_group_base.group_4                                                 92ms
  sci_group_base.group_40                                                102ms
  sci_group_base.group_41                                                92ms
  sci_group_base.group_42                                                93ms
  sci_group_base.group_43                                                95ms
  sci_group_base.group_44                                                101ms
  sci_group_base.group_45                                                89ms
  sci_group_base.group_46                                                100ms
  sci_group_base.group_47                                                99ms
  sci_group_base.group_48                                                97ms
  sci_group_base.group_49                                                102ms
  sci_group_base.group_5                                                 98ms
  sci_group_base.group_50                                                124ms
  sci_group_base.group_51                                                92ms
  sci_group_base.group_52                                                92ms
  sci_group_base.group_53                                                99ms
  sci_group_base.group_54                                                82ms
  sci_group_base.group_55                                                90ms
  sci_group_base.group_56                                                85ms
  sci_group_base.group_57                                                159ms
  sci_group_base.group_58                                                102ms
  sci_group_base.group_59                                                299ms
  sci_group_base.group_6                                                 96ms
  sci_group_base.group_60                                                103ms
  sci_group_base.group_61                                                92ms
  sci_group_base.group_62                                                93ms
  sci_group_base.group_63                                                92ms
  sci_group_base.group_64                                                131ms
  sci_group_base.group_65                                                97ms
  sci_group_base.group_66                                                93ms
  sci_group_base.group_67                                                100ms
  sci_group_base.group_68                                                143ms
  sci_group_base.group_69                                                103ms
  sci_group_base.group_7                                                 93ms
  sci_group_base.group_70                                                95ms
  sci_group_base.group_71                                                122ms
  sci_group_base.group_72                                                103ms
  sci_group_base.group_73                                                96ms
  sci_group_base.group_74                                                100ms
  sci_group_base.group_75                                                103ms
  sci_group_base.group_76                                                98ms
  sci_group_base.group_77                                                96ms
  sci_group_base.group_78                                                92ms
  sci_group_base.group_79                                                96ms
  sci_group_base.group_8                                                 92ms
  sci_group_base.group_80                                                94ms
  sci_group_base.group_81                                                98ms
  sci_group_base.group_82                                                89ms
  sci_group_base.group_83                                                90ms
  sci_group_base.group_84                                                92ms
  sci_group_base.group_85                                                97ms
  sci_group_base.group_86                                                126ms
  sci_group_base.group_87                                                94ms
  sci_group_base.group_88                                                97ms
  sci_group_base.group_89                                                94ms
  sci_group_base.group_9                                                 91ms
  sci_group_base.group_90                                                103ms
  sci_group_base.group_91                                                90ms
  sci_group_base.group_92                                                102ms
  sci_group_base.group_93                                                96ms
  sci_group_base.group_94                                                97ms
  sci_group_base.group_95                                                92ms
  sci_group_base.group_96                                                101ms
  sci_group_base.group_97                                                88ms
  sci_group_base.group_98                                                91ms
  sci_group_base.group_99                                                98ms
  sci_user.user_1                                                        92ms
  sci_user.user_10                                                       88ms
  sci_user.user_100                                                      94ms
  sci_user.user_101                                                      92ms
  sci_user.user_102                                                      116ms
  sci_user.user_103                                                      93ms
  sci_user.user_104                                                      99ms
  sci_user.user_105                                                      102ms
  sci_user.user_106                                                      100ms
  sci_user.user_107                                                      92ms
  sci_user.user_108                                                      173ms
  sci_user.user_109                                                      95ms
  sci_user.user_11                                                       94ms
  sci_user.user_110                                                      89ms
  sci_user.user_111                                                      89ms
  sci_user.user_112                                                      90ms
  sci_user.user_113                                                      92ms
  sci_user.user_114                                                      104ms
  sci_user.user_115                                                      88ms
  sci_user.user_116                                                      99ms
  sci_user.user_117                                                      100ms
  sci_user.user_118                                                      91ms
  sci_user.user_119                                                      90ms
  sci_user.user_12                                                       90ms
  sci_user.user_120                                                      90ms
  sci_user.user_121                                                      95ms
  sci_user.user_122                                                      94ms
  sci_user.user_123                                                      96ms
  sci_user.user_124                                                      93ms
  sci_user.user_125                                                      84ms
  sci_user.user_126                                                      93ms
  sci_user.user_127                                                      99ms
  sci_user.user_128                                                      99ms
  sci_user.user_129                                                      93ms
  sci_user.user_13                                                       97ms
  sci_user.user_130                                                      88ms
  sci_user.user_131                                                      92ms
  sci_user.user_132                                                      90ms
  sci_user.user_133                                                      93ms
  sci_user.user_134                                                      92ms
  sci_user.user_135                                                      97ms
  sci_user.user_136                                                      114ms
  sci_user.user_137                                                      143ms
  sci_user.user_138                                                      94ms
  sci_user.user_139                                                      99ms
  sci_user.user_14                                                       93ms
  sci_user.user_140                                                      97ms
  sci_user.user_141                                                      88ms
  sci_user.user_142                                                      98ms
  sci_user.user_143                                                      103ms
  sci_user.user_144                                                      97ms
  sci_user.user_145                                                      89ms
  sci_user.user_146                                                      101ms
  sci_user.user_147                                                      96ms
  sci_user.user_148                                                      100ms
  sci_user.user_149                                                      103ms
  sci_user.user_15                                                       99ms
  sci_user.user_150                                                      164ms
  sci_user.user_151                                                      88ms
  sci_user.user_152                                                      93ms
  sci_user.user_153                                                      96ms
  sci_user.user_154                                                      100ms
  sci_user.user_155                                                      101ms
  sci_user.user_156                                                      90ms
  sci_user.user_157                                                      97ms
  sci_user.user_158                                                      92ms
  sci_user.user_159                                                      89ms
  sci_user.user_16                                                       116ms
  sci_user.user_160                                                      98ms
  sci_user.user_161                                                      90ms
  sci_user.user_162                                                      86ms
  sci_user.user_163                                                      115ms
  sci_user.user_164                                                      89ms
  sci_user.user_165                                                      92ms
  sci_user.user_166                                                      97ms
  sci_user.user_167                                                      96ms
  sci_user.user_168                                                      96ms
  sci_user.user_169                                                      102ms
  sci_user.user_17                                                       95ms
  sci_user.user_170                                                      89ms
  sci_user.user_171                                                      90ms
  sci_user.user_172                                                      96ms
  sci_user.user_173                                                      100ms
  sci_user.user_174                                                      92ms
  sci_user.user_175                                                      99ms
  sci_user.user_176                                                      94ms
  sci_user.user_177                                                      87ms
  sci_user.user_178                                                      96ms
  sci_user.user_179                                                      96ms
  sci_user.user_18                                                       98ms
  sci_user.user_180                                                      87ms
  sci_user.user_181                                                      89ms
  sci_user.user_182                                                      88ms
  sci_user.user_183                                                      89ms
  sci_user.user_184                                                      100ms
  sci_user.user_185                                                      88ms
  sci_user.user_186                                                      99ms
  sci_user.user_187                                                      102ms
  sci_user.user_188                                                      90ms
  sci_user.user_189                                                      91ms
  sci_user.user_19                                                       99ms
  sci_user.user_190                                                      98ms
  sci_user.user_191                                                      100ms
  sci_user.user_192                                                      95ms
  sci_user.user_193                                                      100ms
  sci_user.user_194                                                      88ms
  sci_user.user_195                                                      87ms
  sci_user.user_196                                                      114ms
  sci_user.user_197                                                      90ms
  sci_user.user_198                                                      107ms
  sci_user.user_199                                                      105ms
  sci_user.user_2                                                        100ms
  sci_user.user_20                                                       91ms
  sci_user.user_200                                                      100ms
  sci_user.user_201                                                      89ms
  sci_user.user_202                                                      93ms
  sci_user.user_203                                                      92ms
  sci_user.user_204                                                      113ms
  sci_user.user_205                                                      92ms
  sci_user.user_206                                                      90ms
  sci_user.user_207                                                      95ms
  sci_user.user_208                                                      92ms
  sci_user.user_209                                                      91ms
  sci_user.user_21                                                       95ms
  sci_user.user_210                                                      101ms
  sci_user.user_211                                                      99ms
  sci_user.user_212                                                      79ms
  sci_user.user_213                                                      98ms
  sci_user.user_214                                                      86ms
  sci_user.user_215                                                      96ms
  sci_user.user_216                                                      97ms
  sci_user.user_217                                                      91ms
  sci_user.user_218                                                      96ms
  sci_user.user_219                                                      97ms
  sci_user.user_22                                                       88ms
  sci_user.user_220                                                      87ms
  sci_user.user_221                                                      83ms
  sci_user.user_222                                                      88ms
  sci_user.user_223                                                      106ms
  sci_user.user_224                                                      97ms
  sci_user.user_225                                                      95ms
  sci_user.user_226                                                      98ms
  sci_user.user_227                                                      88ms
  sci_user.user_228                                                      93ms
  sci_user.user_229                                                      103ms
  sci_user.user_23                                                       105ms
  sci_user.user_230                                                      95ms
  sci_user.user_231                                                      243ms
  sci_user.user_232                                                      88ms
  sci_user.user_233                                                      103ms
  sci_user.user_234                                                      88ms
  sci_user.user_235                                                      98ms
  sci_user.user_236                                                      98ms
  sci_user.user_237                                                      92ms
  sci_user.user_238                                                      88ms
  sci_user.user_239                                                      99ms
  sci_user.user_24                                                       104ms
  sci_user.user_240                                                      85ms
  sci_user.user_241                                                      93ms
  sci_user.user_242                                                      95ms
  sci_user.user_243                                                      100ms
  sci_user.user_244                                                      93ms
  sci_user.user_245                                                      108ms
  sci_user.user_246                                                      93ms
  sci_user.user_247                                                      88ms
  sci_user.user_248                                                      94ms
  sci_user.user_249                                                      108ms
  sci_user.user_25                                                       93ms
  sci_user.user_250                                                      92ms
  sci_user.user_26                                                       104ms
  sci_user.user_27                                                       165ms
  sci_user.user_28                                                       90ms
  sci_user.user_29                                                       95ms
  sci_user.user_3                                                        85ms
  sci_user.user_30                                                       93ms
  sci_user.user_31                                                       90ms
  sci_user.user_32                                                       95ms
  sci_user.user_33                                                       105ms
  sci_user.user_34                                                       98ms
  sci_user.user_35                                                       94ms
  sci_user.user_36                                                       87ms
  sci_user.user_37                                                       94ms
  sci_user.user_38                                                       105ms
  sci_user.user_39                                                       102ms
  sci_user.user_4                                                        98ms
  sci_user.user_40                                                       91ms
  sci_user.user_41                                                       97ms
  sci_user.user_42                                                       118ms
  sci_user.user_43                                                       96ms
  sci_user.user_44                                                       90ms
  sci_user.user_45                                                       95ms
  sci_user.user_46                                                       104ms
  sci_user.user_47                                                       118ms
  sci_user.user_48                                                       89ms
  sci_user.user_49                                                       113ms
  sci_user.user_5                                                        107ms
  sci_user.user_50                                                       82ms
  sci_user.user_51                                                       90ms
  sci_user.user_52                                                       93ms
  sci_user.user_53                                                       103ms
  sci_user.user_54                                                       94ms
  sci_user.user_55                                                       94ms
  sci_user.user_56                                                       93ms
  sci_user.user_57                                                       99ms
  sci_user.user_58                                                       104ms
  sci_user.user_59                                                       99ms
  sci_user.user_6                                                        98ms
  sci_user.user_60                                                       91ms
  sci_user.user_61                                                       90ms
  sci_user.user_62                                                       105ms
  sci_user.user_63                                                       92ms
  sci_user.user_64                                                       106ms
  sci_user.user_65                                                       98ms
  sci_user.user_66                                                       91ms
  sci_user.user_67                                                       95ms
  sci_user.user_68                                                       147ms
  sci_user.user_69                                                       96ms
  sci_user.user_7                                                        94ms
  sci_user.user_70                                                       86ms
  sci_user.user_71                                                       82ms
  sci_user.user_72                                                       95ms
  sci_user.user_73                                                       89ms
  sci_user.user_74                                                       101ms
  sci_user.user_75                                                       103ms
  sci_user.user_76                                                       86ms
  sci_user.user_77                                                       97ms
  sci_user.user_78                                                       94ms
  sci_user.user_79                                                       92ms
  sci_user.user_8                                                        101ms
  sci_user.user_80                                                       92ms
  sci_user.user_81                                                       109ms
  sci_user.user_82                                                       94ms
  sci_user.user_83                                                       101ms
  sci_user.user_84                                                       93ms
  sci_user.user_85                                                       94ms
  sci_user.user_86                                                       120ms
  sci_user.user_87                                                       90ms
  sci_user.user_88                                                       88ms
  sci_user.user_89                                                       97ms
  sci_user.user_9                                                        99ms
  sci_user.user_90                                                       100ms
  sci_user.user_91                                                       99ms
  sci_user.user_92                                                       97ms
  sci_user.user_93                                                       99ms
  sci_user.user_94                                                       100ms
  sci_user.user_95                                                       101ms
  sci_user.user_96                                                       105ms
  sci_user.user_97                                                       101ms
  sci_user.user_98                                                       95ms
  sci_user.user_99                                                       94ms


Run 2/3:
  Total run time: 582.769150s
  btp_directory.directory_1                                              791ms
  btp_directory.directory_10                                             496ms
  btp_directory.directory_11                                             537ms
  btp_directory.directory_12                                             994ms
  btp_directory.directory_13                                             522ms
  btp_directory.directory_14                                             584ms
  btp_directory.directory_15                                             580ms
  btp_directory.directory_16                                             522ms
  btp_directory.directory_17                                             532ms
  btp_directory.directory_18                                             527ms
  btp_directory.directory_19                                             512ms
  btp_directory.directory_2                                              495ms
  btp_directory.directory_20                                             572ms
  btp_directory.directory_21                                             582ms
  btp_directory.directory_22                                             530ms
  btp_directory.directory_23                                             513ms
  btp_directory.directory_24                                             621ms
  btp_directory.directory_25                                             569ms
  btp_directory.directory_26                                             578ms
  btp_directory.directory_27                                             520ms
  btp_directory.directory_28                                             606ms
  btp_directory.directory_29                                             515ms
  btp_directory.directory_3                                              517ms
  btp_directory.directory_30                                             536ms
  btp_directory.directory_31                                             621ms
  btp_directory.directory_32                                             988ms
  btp_directory.directory_33                                             507ms
  btp_directory.directory_34                                             751ms
  btp_directory.directory_35                                             531ms
  btp_directory.directory_36                                             475ms
  btp_directory.directory_37                                             542ms
  btp_directory.directory_38                                             519ms
  btp_directory.directory_39                                             496ms
  btp_directory.directory_4                                              513ms
  btp_directory.directory_40                                             621ms
  btp_directory.directory_41                                             983ms
  btp_directory.directory_42                                             530ms
  btp_directory.directory_43                                             515ms
  btp_directory.directory_44                                             499ms
  btp_directory.directory_45                                             619ms
  btp_directory.directory_46                                             515ms
  btp_directory.directory_47                                             982ms
  btp_directory.directory_48                                             519ms
  btp_directory.directory_49                                             544ms
  btp_directory.directory_5                                              560ms
  btp_directory.directory_50                                             582ms
  btp_directory.directory_6                                              537ms
  btp_directory.directory_7                                              499ms
  btp_directory.directory_8                                              548ms
  btp_directory.directory_9                                              518ms
  btp_subaccount.subaccount_1                                            237ms
  btp_subaccount.subaccount_10                                           175ms
  btp_subaccount.subaccount_11                                           245ms
  btp_subaccount.subaccount_12                                           242ms
  btp_subaccount.subaccount_13                                           214ms
  btp_subaccount.subaccount_14                                           231ms
  btp_subaccount.subaccount_15                                           237ms
  btp_subaccount.subaccount_16                                           197ms
  btp_subaccount.subaccount_17                                           245ms
  btp_subaccount.subaccount_18                                           219ms
  btp_subaccount.subaccount_19                                           195ms
  btp_subaccount.subaccount_2                                            191ms
  btp_subaccount.subaccount_20                                           227ms
  btp_subaccount.subaccount_21                                           216ms
  btp_subaccount.subaccount_22                                           209ms
  btp_subaccount.subaccount_23                                           181ms
  btp_subaccount.subaccount_24                                           233ms
  btp_subaccount.subaccount_25                                           227ms
  btp_subaccount.subaccount_26                                           243ms
  btp_subaccount.subaccount_27                                           224ms
  btp_subaccount.subaccount_28                                           223ms
  btp_subaccount.subaccount_29                                           227ms
  btp_subaccount.subaccount_3                                            198ms
  btp_subaccount.subaccount_30                                           246ms
  btp_subaccount.subaccount_31                                           229ms
  btp_subaccount.subaccount_32                                           217ms
  btp_subaccount.subaccount_33                                           210ms
  btp_subaccount.subaccount_34                                           236ms
  btp_subaccount.subaccount_35                                           221ms
  btp_subaccount.subaccount_36                                           232ms
  btp_subaccount.subaccount_37                                           211ms
  btp_subaccount.subaccount_38                                           227ms
  btp_subaccount.subaccount_39                                           221ms
  btp_subaccount.subaccount_4                                            214ms
  btp_subaccount.subaccount_40                                           209ms
  btp_subaccount.subaccount_41                                           233ms
  btp_subaccount.subaccount_42                                           242ms
  btp_subaccount.subaccount_43                                           234ms
  btp_subaccount.subaccount_44                                           225ms
  btp_subaccount.subaccount_45                                           227ms
  btp_subaccount.subaccount_46                                           198ms
  btp_subaccount.subaccount_47                                           239ms
  btp_subaccount.subaccount_48                                           226ms
  btp_subaccount.subaccount_49                                           237ms
  btp_subaccount.subaccount_5                                            211ms
  btp_subaccount.subaccount_50                                           230ms
  btp_subaccount.subaccount_6                                            247ms
  btp_subaccount.subaccount_7                                            184ms
  btp_subaccount.subaccount_8                                            235ms
  btp_subaccount.subaccount_9                                            210ms
  btp_subaccount_destination_generic.destination_1                       446ms
  btp_subaccount_destination_generic.destination_10                      211ms
  btp_subaccount_destination_generic.destination_100                     553ms
  btp_subaccount_destination_generic.destination_11                      453ms
  btp_subaccount_destination_generic.destination_12                      328ms
  btp_subaccount_destination_generic.destination_13                      160ms
  btp_subaccount_destination_generic.destination_14                      214ms
  btp_subaccount_destination_generic.destination_15                      362ms
  btp_subaccount_destination_generic.destination_16                      417ms
  btp_subaccount_destination_generic.destination_17                      162ms
  btp_subaccount_destination_generic.destination_18                      249ms
  btp_subaccount_destination_generic.destination_19                      259ms
  btp_subaccount_destination_generic.destination_2                       159ms
  btp_subaccount_destination_generic.destination_20                      457ms
  btp_subaccount_destination_generic.destination_21                      241ms
  btp_subaccount_destination_generic.destination_22                      170ms
  btp_subaccount_destination_generic.destination_23                      456ms
  btp_subaccount_destination_generic.destination_24                      171ms
  btp_subaccount_destination_generic.destination_25                      153ms
  btp_subaccount_destination_generic.destination_26                      160ms
  btp_subaccount_destination_generic.destination_27                      184ms
  btp_subaccount_destination_generic.destination_28                      178ms
  btp_subaccount_destination_generic.destination_29                      814ms
  btp_subaccount_destination_generic.destination_3                       410ms
  btp_subaccount_destination_generic.destination_30                      451ms
  btp_subaccount_destination_generic.destination_31                      226ms
  btp_subaccount_destination_generic.destination_32                      532ms
  btp_subaccount_destination_generic.destination_33                      544ms
  btp_subaccount_destination_generic.destination_34                      587ms
  btp_subaccount_destination_generic.destination_35                      582ms
  btp_subaccount_destination_generic.destination_36                      970ms
  btp_subaccount_destination_generic.destination_37                      405ms
  btp_subaccount_destination_generic.destination_38                      650ms
  btp_subaccount_destination_generic.destination_39                      506ms
  btp_subaccount_destination_generic.destination_4                       731ms
  btp_subaccount_destination_generic.destination_40                      878ms
  btp_subaccount_destination_generic.destination_41                      448ms
  btp_subaccount_destination_generic.destination_42                      240ms
  btp_subaccount_destination_generic.destination_43                      234ms
  btp_subaccount_destination_generic.destination_44                      195ms
  btp_subaccount_destination_generic.destination_45                      157ms
  btp_subaccount_destination_generic.destination_46                      316ms
  btp_subaccount_destination_generic.destination_47                      488ms
  btp_subaccount_destination_generic.destination_48                      271ms
  btp_subaccount_destination_generic.destination_49                      210ms
  btp_subaccount_destination_generic.destination_5                       363ms
  btp_subaccount_destination_generic.destination_50                      476ms
  btp_subaccount_destination_generic.destination_51                      1126ms
  btp_subaccount_destination_generic.destination_52                      485ms
  btp_subaccount_destination_generic.destination_53                      502ms
  btp_subaccount_destination_generic.destination_54                      734ms
  btp_subaccount_destination_generic.destination_55                      187ms
  btp_subaccount_destination_generic.destination_56                      162ms
  btp_subaccount_destination_generic.destination_57                      171ms
  btp_subaccount_destination_generic.destination_58                      796ms
  btp_subaccount_destination_generic.destination_59                      162ms
  btp_subaccount_destination_generic.destination_6                       197ms
  btp_subaccount_destination_generic.destination_60                      744ms
  btp_subaccount_destination_generic.destination_61                      231ms
  btp_subaccount_destination_generic.destination_62                      314ms
  btp_subaccount_destination_generic.destination_63                      570ms
  btp_subaccount_destination_generic.destination_64                      534ms
  btp_subaccount_destination_generic.destination_65                      370ms
  btp_subaccount_destination_generic.destination_66                      1042ms
  btp_subaccount_destination_generic.destination_67                      553ms
  btp_subaccount_destination_generic.destination_68                      164ms
  btp_subaccount_destination_generic.destination_69                      170ms
  btp_subaccount_destination_generic.destination_7                       344ms
  btp_subaccount_destination_generic.destination_70                      220ms
  btp_subaccount_destination_generic.destination_71                      179ms
  btp_subaccount_destination_generic.destination_72                      270ms
  btp_subaccount_destination_generic.destination_73                      190ms
  btp_subaccount_destination_generic.destination_74                      224ms
  btp_subaccount_destination_generic.destination_75                      232ms
  btp_subaccount_destination_generic.destination_76                      185ms
  btp_subaccount_destination_generic.destination_77                      528ms
  btp_subaccount_destination_generic.destination_78                      760ms
  btp_subaccount_destination_generic.destination_79                      478ms
  btp_subaccount_destination_generic.destination_8                       152ms
  btp_subaccount_destination_generic.destination_80                      443ms
  btp_subaccount_destination_generic.destination_81                      183ms
  btp_subaccount_destination_generic.destination_82                      169ms
  btp_subaccount_destination_generic.destination_83                      447ms
  btp_subaccount_destination_generic.destination_84                      726ms
  btp_subaccount_destination_generic.destination_85                      154ms
  btp_subaccount_destination_generic.destination_86                      267ms
  btp_subaccount_destination_generic.destination_87                      376ms
  btp_subaccount_destination_generic.destination_88                      170ms
  btp_subaccount_destination_generic.destination_89                      170ms
  btp_subaccount_destination_generic.destination_9                       178ms
  btp_subaccount_destination_generic.destination_90                      523ms
  btp_subaccount_destination_generic.destination_91                      161ms
  btp_subaccount_destination_generic.destination_92                      166ms
  btp_subaccount_destination_generic.destination_93                      725ms
  btp_subaccount_destination_generic.destination_94                      436ms
  btp_subaccount_destination_generic.destination_95                      167ms
  btp_subaccount_destination_generic.destination_96                      873ms
  btp_subaccount_destination_generic.destination_97                      303ms
  btp_subaccount_destination_generic.destination_98                      268ms
  btp_subaccount_destination_generic.destination_99                      170ms
  btp_subaccount_entitlement.entitlement_1                               10848ms
  btp_subaccount_entitlement.entitlement_10                              11384ms
  btp_subaccount_entitlement.entitlement_100                             10886ms
  btp_subaccount_entitlement.entitlement_101                             11139ms
  btp_subaccount_entitlement.entitlement_102                             12266ms
  btp_subaccount_entitlement.entitlement_103                             12454ms
  btp_subaccount_entitlement.entitlement_104                             11896ms
  btp_subaccount_entitlement.entitlement_105                             10637ms
  btp_subaccount_entitlement.entitlement_106                             10556ms
  btp_subaccount_entitlement.entitlement_107                             10803ms
  btp_subaccount_entitlement.entitlement_108                             11448ms
  btp_subaccount_entitlement.entitlement_109                             10900ms
  btp_subaccount_entitlement.entitlement_11                              11144ms
  btp_subaccount_entitlement.entitlement_110                             10979ms
  btp_subaccount_entitlement.entitlement_111                             10838ms
  btp_subaccount_entitlement.entitlement_112                             10562ms
  btp_subaccount_entitlement.entitlement_113                             11573ms
  btp_subaccount_entitlement.entitlement_114                             11021ms
  btp_subaccount_entitlement.entitlement_115                             10891ms
  btp_subaccount_entitlement.entitlement_116                             10776ms
  btp_subaccount_entitlement.entitlement_117                             11156ms
  btp_subaccount_entitlement.entitlement_118                             10942ms
  btp_subaccount_entitlement.entitlement_119                             10513ms
  btp_subaccount_entitlement.entitlement_12                              10567ms
  btp_subaccount_entitlement.entitlement_120                             11015ms
  btp_subaccount_entitlement.entitlement_121                             11283ms
  btp_subaccount_entitlement.entitlement_122                             11245ms
  btp_subaccount_entitlement.entitlement_123                             11171ms
  btp_subaccount_entitlement.entitlement_124                             10820ms
  btp_subaccount_entitlement.entitlement_125                             10917ms
  btp_subaccount_entitlement.entitlement_126                             11700ms
  btp_subaccount_entitlement.entitlement_127                             11524ms
  btp_subaccount_entitlement.entitlement_128                             12227ms
  btp_subaccount_entitlement.entitlement_129                             11172ms
  btp_subaccount_entitlement.entitlement_13                              11022ms
  btp_subaccount_entitlement.entitlement_130                             10963ms
  btp_subaccount_entitlement.entitlement_131                             11371ms
  btp_subaccount_entitlement.entitlement_132                             11555ms
  btp_subaccount_entitlement.entitlement_133                             10858ms
  btp_subaccount_entitlement.entitlement_134                             11055ms
  btp_subaccount_entitlement.entitlement_135                             11263ms
  btp_subaccount_entitlement.entitlement_136                             10743ms
  btp_subaccount_entitlement.entitlement_137                             10888ms
  btp_subaccount_entitlement.entitlement_138                             11382ms
  btp_subaccount_entitlement.entitlement_139                             11598ms
  btp_subaccount_entitlement.entitlement_14                              10875ms
  btp_subaccount_entitlement.entitlement_140                             11155ms
  btp_subaccount_entitlement.entitlement_141                             11139ms
  btp_subaccount_entitlement.entitlement_142                             11737ms
  btp_subaccount_entitlement.entitlement_143                             11040ms
  btp_subaccount_entitlement.entitlement_144                             11234ms
  btp_subaccount_entitlement.entitlement_145                             10909ms
  btp_subaccount_entitlement.entitlement_146                             10587ms
  btp_subaccount_entitlement.entitlement_147                             10873ms
  btp_subaccount_entitlement.entitlement_148                             11182ms
  btp_subaccount_entitlement.entitlement_149                             11075ms
  btp_subaccount_entitlement.entitlement_15                              11361ms
  btp_subaccount_entitlement.entitlement_150                             11722ms
  btp_subaccount_entitlement.entitlement_151                             11107ms
  btp_subaccount_entitlement.entitlement_152                             11279ms
  btp_subaccount_entitlement.entitlement_153                             11579ms
  btp_subaccount_entitlement.entitlement_154                             11670ms
  btp_subaccount_entitlement.entitlement_155                             10955ms
  btp_subaccount_entitlement.entitlement_156                             10952ms
  btp_subaccount_entitlement.entitlement_157                             11185ms
  btp_subaccount_entitlement.entitlement_158                             10660ms
  btp_subaccount_entitlement.entitlement_159                             10911ms
  btp_subaccount_entitlement.entitlement_16                              11132ms
  btp_subaccount_entitlement.entitlement_160                             10820ms
  btp_subaccount_entitlement.entitlement_161                             11043ms
  btp_subaccount_entitlement.entitlement_162                             10964ms
  btp_subaccount_entitlement.entitlement_163                             10825ms
  btp_subaccount_entitlement.entitlement_164                             11026ms
  btp_subaccount_entitlement.entitlement_165                             11381ms
  btp_subaccount_entitlement.entitlement_166                             11293ms
  btp_subaccount_entitlement.entitlement_167                             11353ms
  btp_subaccount_entitlement.entitlement_168                             11603ms
  btp_subaccount_entitlement.entitlement_169                             10825ms
  btp_subaccount_entitlement.entitlement_17                              11179ms
  btp_subaccount_entitlement.entitlement_170                             11426ms
  btp_subaccount_entitlement.entitlement_171                             11369ms
  btp_subaccount_entitlement.entitlement_172                             10866ms
  btp_subaccount_entitlement.entitlement_173                             11087ms
  btp_subaccount_entitlement.entitlement_174                             11093ms
  btp_subaccount_entitlement.entitlement_175                             11249ms
  btp_subaccount_entitlement.entitlement_176                             10961ms
  btp_subaccount_entitlement.entitlement_177                             11109ms
  btp_subaccount_entitlement.entitlement_178                             11258ms
  btp_subaccount_entitlement.entitlement_179                             10825ms
  btp_subaccount_entitlement.entitlement_18                              11433ms
  btp_subaccount_entitlement.entitlement_180                             11546ms
  btp_subaccount_entitlement.entitlement_181                             10547ms
  btp_subaccount_entitlement.entitlement_182                             11633ms
  btp_subaccount_entitlement.entitlement_183                             10987ms
  btp_subaccount_entitlement.entitlement_184                             10510ms
  btp_subaccount_entitlement.entitlement_185                             11273ms
  btp_subaccount_entitlement.entitlement_186                             11194ms
  btp_subaccount_entitlement.entitlement_187                             11219ms
  btp_subaccount_entitlement.entitlement_188                             11834ms
  btp_subaccount_entitlement.entitlement_189                             11661ms
  btp_subaccount_entitlement.entitlement_19                              11187ms
  btp_subaccount_entitlement.entitlement_190                             11749ms
  btp_subaccount_entitlement.entitlement_191                             12240ms
  btp_subaccount_entitlement.entitlement_192                             11811ms
  btp_subaccount_entitlement.entitlement_193                             11227ms
  btp_subaccount_entitlement.entitlement_194                             10691ms
  btp_subaccount_entitlement.entitlement_195                             11265ms
  btp_subaccount_entitlement.entitlement_196                             11467ms
  btp_subaccount_entitlement.entitlement_197                             11279ms
  btp_subaccount_entitlement.entitlement_198                             11611ms
  btp_subaccount_entitlement.entitlement_199                             10735ms
  btp_subaccount_entitlement.entitlement_2                               11045ms
  btp_subaccount_entitlement.entitlement_20                              11481ms
  btp_subaccount_entitlement.entitlement_200                             11217ms
  btp_subaccount_entitlement.entitlement_21                              11390ms
  btp_subaccount_entitlement.entitlement_22                              10995ms
  btp_subaccount_entitlement.entitlement_23                              10695ms
  btp_subaccount_entitlement.entitlement_24                              11248ms
  btp_subaccount_entitlement.entitlement_25                              12150ms
  btp_subaccount_entitlement.entitlement_26                              11367ms
  btp_subaccount_entitlement.entitlement_27                              10641ms
  btp_subaccount_entitlement.entitlement_28                              11535ms
  btp_subaccount_entitlement.entitlement_29                              10722ms
  btp_subaccount_entitlement.entitlement_3                               11386ms
  btp_subaccount_entitlement.entitlement_30                              10890ms
  btp_subaccount_entitlement.entitlement_31                              10611ms
  btp_subaccount_entitlement.entitlement_32                              10817ms
  btp_subaccount_entitlement.entitlement_33                              11047ms
  btp_subaccount_entitlement.entitlement_34                              11012ms
  btp_subaccount_entitlement.entitlement_35                              11299ms
  btp_subaccount_entitlement.entitlement_36                              11184ms
  btp_subaccount_entitlement.entitlement_37                              11498ms
  btp_subaccount_entitlement.entitlement_38                              11823ms
  btp_subaccount_entitlement.entitlement_39                              11355ms
  btp_subaccount_entitlement.entitlement_4                               10512ms
  btp_subaccount_entitlement.entitlement_40                              10776ms
  btp_subaccount_entitlement.entitlement_41                              11326ms
  btp_subaccount_entitlement.entitlement_42                              10831ms
  btp_subaccount_entitlement.entitlement_43                              11415ms
  btp_subaccount_entitlement.entitlement_44                              11536ms
  btp_subaccount_entitlement.entitlement_45                              10755ms
  btp_subaccount_entitlement.entitlement_46                              10686ms
  btp_subaccount_entitlement.entitlement_47                              10535ms
  btp_subaccount_entitlement.entitlement_48                              11123ms
  btp_subaccount_entitlement.entitlement_49                              11081ms
  btp_subaccount_entitlement.entitlement_5                               10969ms
  btp_subaccount_entitlement.entitlement_50                              10846ms
  btp_subaccount_entitlement.entitlement_51                              11448ms
  btp_subaccount_entitlement.entitlement_52                              11293ms
  btp_subaccount_entitlement.entitlement_53                              10588ms
  btp_subaccount_entitlement.entitlement_54                              10659ms
  btp_subaccount_entitlement.entitlement_55                              10872ms
  btp_subaccount_entitlement.entitlement_56                              10613ms
  btp_subaccount_entitlement.entitlement_57                              11786ms
  btp_subaccount_entitlement.entitlement_58                              11327ms
  btp_subaccount_entitlement.entitlement_59                              12051ms
  btp_subaccount_entitlement.entitlement_6                               11375ms
  btp_subaccount_entitlement.entitlement_60                              12168ms
  btp_subaccount_entitlement.entitlement_61                              11771ms
  btp_subaccount_entitlement.entitlement_62                              10570ms
  btp_subaccount_entitlement.entitlement_63                              10928ms
  btp_subaccount_entitlement.entitlement_64                              11145ms
  btp_subaccount_entitlement.entitlement_65                              12083ms
  btp_subaccount_entitlement.entitlement_66                              11306ms
  btp_subaccount_entitlement.entitlement_67                              11613ms
  btp_subaccount_entitlement.entitlement_68                              11114ms
  btp_subaccount_entitlement.entitlement_69                              11966ms
  btp_subaccount_entitlement.entitlement_7                               11057ms
  btp_subaccount_entitlement.entitlement_70                              11354ms
  btp_subaccount_entitlement.entitlement_71                              10574ms
  btp_subaccount_entitlement.entitlement_72                              12217ms
  btp_subaccount_entitlement.entitlement_73                              11969ms
  btp_subaccount_entitlement.entitlement_74                              11179ms
  btp_subaccount_entitlement.entitlement_75                              11511ms
  btp_subaccount_entitlement.entitlement_76                              10841ms
  btp_subaccount_entitlement.entitlement_77                              12046ms
  btp_subaccount_entitlement.entitlement_78                              12736ms
  btp_subaccount_entitlement.entitlement_79                              12000ms
  btp_subaccount_entitlement.entitlement_8                               11108ms
  btp_subaccount_entitlement.entitlement_80                              11546ms
  btp_subaccount_entitlement.entitlement_81                              11464ms
  btp_subaccount_entitlement.entitlement_82                              10643ms
  btp_subaccount_entitlement.entitlement_83                              10715ms
  btp_subaccount_entitlement.entitlement_84                              11968ms
  btp_subaccount_entitlement.entitlement_85                              10662ms
  btp_subaccount_entitlement.entitlement_86                              10845ms
  btp_subaccount_entitlement.entitlement_87                              11219ms
  btp_subaccount_entitlement.entitlement_88                              10832ms
  btp_subaccount_entitlement.entitlement_89                              11394ms
  btp_subaccount_entitlement.entitlement_9                               10604ms
  btp_subaccount_entitlement.entitlement_90                              11757ms
  btp_subaccount_entitlement.entitlement_91                              10943ms
  btp_subaccount_entitlement.entitlement_92                              10913ms
  btp_subaccount_entitlement.entitlement_93                              10862ms
  btp_subaccount_entitlement.entitlement_94                              10950ms
  btp_subaccount_entitlement.entitlement_95                              10581ms
  btp_subaccount_entitlement.entitlement_96                              10698ms
  btp_subaccount_entitlement.entitlement_97                              10665ms
  btp_subaccount_entitlement.entitlement_98                              10760ms
  btp_subaccount_entitlement.entitlement_99                              10972ms
  btp_subaccount_environment_instance.cloudfoundry_1                     387ms
  btp_subaccount_environment_instance.cloudfoundry_10                    1002ms
  btp_subaccount_environment_instance.cloudfoundry_11                    357ms
  btp_subaccount_environment_instance.cloudfoundry_12                    382ms
  btp_subaccount_environment_instance.cloudfoundry_13                    366ms
  btp_subaccount_environment_instance.cloudfoundry_14                    333ms
  btp_subaccount_environment_instance.cloudfoundry_15                    369ms
  btp_subaccount_environment_instance.cloudfoundry_16                    660ms
  btp_subaccount_environment_instance.cloudfoundry_17                    485ms
  btp_subaccount_environment_instance.cloudfoundry_18                    324ms
  btp_subaccount_environment_instance.cloudfoundry_19                    373ms
  btp_subaccount_environment_instance.cloudfoundry_2                     503ms
  btp_subaccount_environment_instance.cloudfoundry_20                    385ms
  btp_subaccount_environment_instance.cloudfoundry_21                    803ms
  btp_subaccount_environment_instance.cloudfoundry_22                    511ms
  btp_subaccount_environment_instance.cloudfoundry_23                    528ms
  btp_subaccount_environment_instance.cloudfoundry_24                    301ms
  btp_subaccount_environment_instance.cloudfoundry_25                    573ms
  btp_subaccount_environment_instance.cloudfoundry_26                    1143ms
  btp_subaccount_environment_instance.cloudfoundry_27                    326ms
  btp_subaccount_environment_instance.cloudfoundry_28                    533ms
  btp_subaccount_environment_instance.cloudfoundry_29                    616ms
  btp_subaccount_environment_instance.cloudfoundry_3                     534ms
  btp_subaccount_environment_instance.cloudfoundry_30                    381ms
  btp_subaccount_environment_instance.cloudfoundry_31                    679ms
  btp_subaccount_environment_instance.cloudfoundry_32                    605ms
  btp_subaccount_environment_instance.cloudfoundry_33                    1201ms
  btp_subaccount_environment_instance.cloudfoundry_34                    679ms
  btp_subaccount_environment_instance.cloudfoundry_35                    270ms
  btp_subaccount_environment_instance.cloudfoundry_36                    332ms
  btp_subaccount_environment_instance.cloudfoundry_37                    358ms
  btp_subaccount_environment_instance.cloudfoundry_38                    597ms
  btp_subaccount_environment_instance.cloudfoundry_39                    507ms
  btp_subaccount_environment_instance.cloudfoundry_4                     348ms
  btp_subaccount_environment_instance.cloudfoundry_40                    347ms
  btp_subaccount_environment_instance.cloudfoundry_41                    276ms
  btp_subaccount_environment_instance.cloudfoundry_42                    759ms
  btp_subaccount_environment_instance.cloudfoundry_43                    314ms
  btp_subaccount_environment_instance.cloudfoundry_44                    755ms
  btp_subaccount_environment_instance.cloudfoundry_45                    461ms
  btp_subaccount_environment_instance.cloudfoundry_46                    497ms
  btp_subaccount_environment_instance.cloudfoundry_47                    367ms
  btp_subaccount_environment_instance.cloudfoundry_48                    592ms
  btp_subaccount_environment_instance.cloudfoundry_49                    483ms
  btp_subaccount_environment_instance.cloudfoundry_5                     400ms
  btp_subaccount_environment_instance.cloudfoundry_50                    702ms
  btp_subaccount_environment_instance.cloudfoundry_6                     645ms
  btp_subaccount_environment_instance.cloudfoundry_7                     369ms
  btp_subaccount_environment_instance.cloudfoundry_8                     689ms
  btp_subaccount_environment_instance.cloudfoundry_9                     375ms
  btp_subaccount_role.role_1                                             161ms
  btp_subaccount_role.role_10                                            561ms
  btp_subaccount_role.role_100                                           192ms
  btp_subaccount_role.role_11                                            528ms
  btp_subaccount_role.role_12                                            354ms
  btp_subaccount_role.role_13                                            170ms
  btp_subaccount_role.role_14                                            293ms
  btp_subaccount_role.role_15                                            385ms
  btp_subaccount_role.role_16                                            179ms
  btp_subaccount_role.role_17                                            219ms
  btp_subaccount_role.role_18                                            386ms
  btp_subaccount_role.role_19                                            705ms
  btp_subaccount_role.role_2                                             228ms
  btp_subaccount_role.role_20                                            833ms
  btp_subaccount_role.role_21                                            447ms
  btp_subaccount_role.role_22                                            449ms
  btp_subaccount_role.role_23                                            189ms
  btp_subaccount_role.role_24                                            163ms
  btp_subaccount_role.role_25                                            578ms
  btp_subaccount_role.role_26                                            441ms
  btp_subaccount_role.role_27                                            498ms
  btp_subaccount_role.role_28                                            316ms
  btp_subaccount_role.role_29                                            403ms
  btp_subaccount_role.role_3                                             474ms
  btp_subaccount_role.role_30                                            580ms
  btp_subaccount_role.role_31                                            278ms
  btp_subaccount_role.role_32                                            312ms
  btp_subaccount_role.role_33                                            395ms
  btp_subaccount_role.role_34                                            774ms
  btp_subaccount_role.role_35                                            272ms
  btp_subaccount_role.role_36                                            806ms
  btp_subaccount_role.role_37                                            638ms
  btp_subaccount_role.role_38                                            282ms
  btp_subaccount_role.role_39                                            332ms
  btp_subaccount_role.role_4                                             593ms
  btp_subaccount_role.role_40                                            579ms
  btp_subaccount_role.role_41                                            439ms
  btp_subaccount_role.role_42                                            215ms
  btp_subaccount_role.role_43                                            210ms
  btp_subaccount_role.role_44                                            191ms
  btp_subaccount_role.role_45                                            383ms
  btp_subaccount_role.role_46                                            229ms
  btp_subaccount_role.role_47                                            516ms
  btp_subaccount_role.role_48                                            248ms
  btp_subaccount_role.role_49                                            182ms
  btp_subaccount_role.role_5                                             350ms
  btp_subaccount_role.role_50                                            219ms
  btp_subaccount_role.role_51                                            876ms
  btp_subaccount_role.role_52                                            848ms
  btp_subaccount_role.role_53                                            157ms
  btp_subaccount_role.role_54                                            208ms
  btp_subaccount_role.role_55                                            168ms
  btp_subaccount_role.role_56                                            204ms
  btp_subaccount_role.role_57                                            199ms
  btp_subaccount_role.role_58                                            188ms
  btp_subaccount_role.role_59                                            220ms
  btp_subaccount_role.role_6                                             290ms
  btp_subaccount_role.role_60                                            673ms
  btp_subaccount_role.role_61                                            417ms
  btp_subaccount_role.role_62                                            211ms
  btp_subaccount_role.role_63                                            783ms
  btp_subaccount_role.role_64                                            460ms
  btp_subaccount_role.role_65                                            153ms
  btp_subaccount_role.role_66                                            194ms
  btp_subaccount_role.role_67                                            649ms
  btp_subaccount_role.role_68                                            220ms
  btp_subaccount_role.role_69                                            163ms
  btp_subaccount_role.role_7                                             207ms
  btp_subaccount_role.role_70                                            175ms
  btp_subaccount_role.role_71                                            190ms
  btp_subaccount_role.role_72                                            244ms
  btp_subaccount_role.role_73                                            227ms
  btp_subaccount_role.role_74                                            227ms
  btp_subaccount_role.role_75                                            146ms
  btp_subaccount_role.role_76                                            524ms
  btp_subaccount_role.role_77                                            678ms
  btp_subaccount_role.role_78                                            610ms
  btp_subaccount_role.role_79                                            201ms
  btp_subaccount_role.role_8                                             188ms
  btp_subaccount_role.role_80                                            186ms
  btp_subaccount_role.role_81                                            200ms
  btp_subaccount_role.role_82                                            181ms
  btp_subaccount_role.role_83                                            314ms
  btp_subaccount_role.role_84                                            606ms
  btp_subaccount_role.role_85                                            539ms
  btp_subaccount_role.role_86                                            280ms
  btp_subaccount_role.role_87                                            207ms
  btp_subaccount_role.role_88                                            799ms
  btp_subaccount_role.role_89                                            597ms
  btp_subaccount_role.role_9                                             211ms
  btp_subaccount_role.role_90                                            619ms
  btp_subaccount_role.role_91                                            358ms
  btp_subaccount_role.role_92                                            456ms
  btp_subaccount_role.role_93                                            195ms
  btp_subaccount_role.role_94                                            277ms
  btp_subaccount_role.role_95                                            684ms
  btp_subaccount_role.role_96                                            981ms
  btp_subaccount_role.role_97                                            472ms
  btp_subaccount_role.role_98                                            438ms
  btp_subaccount_role.role_99                                            514ms
  btp_subaccount_role_collection.collection_1                            220ms
  btp_subaccount_role_collection.collection_10                           457ms
  btp_subaccount_role_collection.collection_100                          211ms
  btp_subaccount_role_collection.collection_101                          438ms
  btp_subaccount_role_collection.collection_102                          357ms
  btp_subaccount_role_collection.collection_103                          3955ms
  btp_subaccount_role_collection.collection_104                          201ms
  btp_subaccount_role_collection.collection_105                          161ms
  btp_subaccount_role_collection.collection_106                          159ms
  btp_subaccount_role_collection.collection_107                          156ms
  btp_subaccount_role_collection.collection_108                          143ms
  btp_subaccount_role_collection.collection_109                          856ms
  btp_subaccount_role_collection.collection_11                           147ms
  btp_subaccount_role_collection.collection_110                          391ms
  btp_subaccount_role_collection.collection_111                          446ms
  btp_subaccount_role_collection.collection_112                          535ms
  btp_subaccount_role_collection.collection_113                          149ms
  btp_subaccount_role_collection.collection_114                          480ms
  btp_subaccount_role_collection.collection_115                          764ms
  btp_subaccount_role_collection.collection_116                          657ms
  btp_subaccount_role_collection.collection_117                          691ms
  btp_subaccount_role_collection.collection_118                          491ms
  btp_subaccount_role_collection.collection_119                          158ms
  btp_subaccount_role_collection.collection_12                           141ms
  btp_subaccount_role_collection.collection_120                          182ms
  btp_subaccount_role_collection.collection_121                          203ms
  btp_subaccount_role_collection.collection_122                          162ms
  btp_subaccount_role_collection.collection_123                          206ms
  btp_subaccount_role_collection.collection_124                          828ms
  btp_subaccount_role_collection.collection_125                          474ms
  btp_subaccount_role_collection.collection_126                          409ms
  btp_subaccount_role_collection.collection_127                          175ms
  btp_subaccount_role_collection.collection_128                          218ms
  btp_subaccount_role_collection.collection_129                          166ms
  btp_subaccount_role_collection.collection_13                           533ms
  btp_subaccount_role_collection.collection_130                          168ms
  btp_subaccount_role_collection.collection_131                          539ms
  btp_subaccount_role_collection.collection_132                          511ms
  btp_subaccount_role_collection.collection_133                          362ms
  btp_subaccount_role_collection.collection_134                          235ms
  btp_subaccount_role_collection.collection_135                          204ms
  btp_subaccount_role_collection.collection_136                          201ms
  btp_subaccount_role_collection.collection_137                          534ms
  btp_subaccount_role_collection.collection_138                          289ms
  btp_subaccount_role_collection.collection_139                          211ms
  btp_subaccount_role_collection.collection_14                           733ms
  btp_subaccount_role_collection.collection_140                          523ms
  btp_subaccount_role_collection.collection_141                          373ms
  btp_subaccount_role_collection.collection_142                          484ms
  btp_subaccount_role_collection.collection_143                          559ms
  btp_subaccount_role_collection.collection_144                          491ms
  btp_subaccount_role_collection.collection_145                          253ms
  btp_subaccount_role_collection.collection_146                          559ms
  btp_subaccount_role_collection.collection_147                          429ms
  btp_subaccount_role_collection.collection_148                          333ms
  btp_subaccount_role_collection.collection_149                          269ms
  btp_subaccount_role_collection.collection_15                           204ms
  btp_subaccount_role_collection.collection_150                          362ms
  btp_subaccount_role_collection.collection_16                           395ms
  btp_subaccount_role_collection.collection_17                           372ms
  btp_subaccount_role_collection.collection_18                           493ms
  btp_subaccount_role_collection.collection_19                           681ms
  btp_subaccount_role_collection.collection_2                            186ms
  btp_subaccount_role_collection.collection_20                           175ms
  btp_subaccount_role_collection.collection_21                           684ms
  btp_subaccount_role_collection.collection_22                           288ms
  btp_subaccount_role_collection.collection_23                           311ms
  btp_subaccount_role_collection.collection_24                           384ms
  btp_subaccount_role_collection.collection_25                           453ms
  btp_subaccount_role_collection.collection_26                           172ms
  btp_subaccount_role_collection.collection_27                           170ms
  btp_subaccount_role_collection.collection_28                           984ms
  btp_subaccount_role_collection.collection_29                           411ms
  btp_subaccount_role_collection.collection_3                            414ms
  btp_subaccount_role_collection.collection_30                           805ms
  btp_subaccount_role_collection.collection_31                           210ms
  btp_subaccount_role_collection.collection_32                           181ms
  btp_subaccount_role_collection.collection_33                           224ms
  btp_subaccount_role_collection.collection_34                           177ms
  btp_subaccount_role_collection.collection_35                           186ms
  btp_subaccount_role_collection.collection_36                           201ms
  btp_subaccount_role_collection.collection_37                           237ms
  btp_subaccount_role_collection.collection_38                           560ms
  btp_subaccount_role_collection.collection_39                           552ms
  btp_subaccount_role_collection.collection_4                            462ms
  btp_subaccount_role_collection.collection_40                           208ms
  btp_subaccount_role_collection.collection_41                           173ms
  btp_subaccount_role_collection.collection_42                           181ms
  btp_subaccount_role_collection.collection_43                           836ms
  btp_subaccount_role_collection.collection_44                           215ms
  btp_subaccount_role_collection.collection_45                           752ms
  btp_subaccount_role_collection.collection_46                           519ms
  btp_subaccount_role_collection.collection_47                           394ms
  btp_subaccount_role_collection.collection_48                           570ms
  btp_subaccount_role_collection.collection_49                           812ms
  btp_subaccount_role_collection.collection_5                            618ms
  btp_subaccount_role_collection.collection_50                           198ms
  btp_subaccount_role_collection.collection_51                           690ms
  btp_subaccount_role_collection.collection_52                           161ms
  btp_subaccount_role_collection.collection_53                           884ms
  btp_subaccount_role_collection.collection_54                           183ms
  btp_subaccount_role_collection.collection_55                           212ms
  btp_subaccount_role_collection.collection_56                           529ms
  btp_subaccount_role_collection.collection_57                           686ms
  btp_subaccount_role_collection.collection_58                           208ms
  btp_subaccount_role_collection.collection_59                           928ms
  btp_subaccount_role_collection.collection_6                            374ms
  btp_subaccount_role_collection.collection_60                           480ms
  btp_subaccount_role_collection.collection_61                           184ms
  btp_subaccount_role_collection.collection_62                           168ms
  btp_subaccount_role_collection.collection_63                           580ms
  btp_subaccount_role_collection.collection_64                           191ms
  btp_subaccount_role_collection.collection_65                           201ms
  btp_subaccount_role_collection.collection_66                           184ms
  btp_subaccount_role_collection.collection_67                           415ms
  btp_subaccount_role_collection.collection_68                           487ms
  btp_subaccount_role_collection.collection_69                           895ms
  btp_subaccount_role_collection.collection_7                            143ms
  btp_subaccount_role_collection.collection_70                           458ms
  btp_subaccount_role_collection.collection_71                           574ms
  btp_subaccount_role_collection.collection_72                           225ms
  btp_subaccount_role_collection.collection_73                           166ms
  btp_subaccount_role_collection.collection_74                           1170ms
  btp_subaccount_role_collection.collection_75                           731ms
  btp_subaccount_role_collection.collection_76                           1099ms
  btp_subaccount_role_collection.collection_77                           176ms
  btp_subaccount_role_collection.collection_78                           1039ms
  btp_subaccount_role_collection.collection_79                           567ms
  btp_subaccount_role_collection.collection_8                            495ms
  btp_subaccount_role_collection.collection_80                           194ms
  btp_subaccount_role_collection.collection_81                           353ms
  btp_subaccount_role_collection.collection_82                           498ms
  btp_subaccount_role_collection.collection_83                           207ms
  btp_subaccount_role_collection.collection_84                           191ms
  btp_subaccount_role_collection.collection_85                           496ms
  btp_subaccount_role_collection.collection_86                           518ms
  btp_subaccount_role_collection.collection_87                           566ms
  btp_subaccount_role_collection.collection_88                           187ms
  btp_subaccount_role_collection.collection_89                           809ms
  btp_subaccount_role_collection.collection_9                            571ms
  btp_subaccount_role_collection.collection_90                           192ms
  btp_subaccount_role_collection.collection_91                           191ms
  btp_subaccount_role_collection.collection_92                           564ms
  btp_subaccount_role_collection.collection_93                           198ms
  btp_subaccount_role_collection.collection_94                           646ms
  btp_subaccount_role_collection.collection_95                           233ms
  btp_subaccount_role_collection.collection_96                           736ms
  btp_subaccount_role_collection.collection_97                           183ms
  btp_subaccount_role_collection.collection_98                           630ms
  btp_subaccount_role_collection.collection_99                           257ms
  btp_subaccount_service_instance.instance_1                             824ms
  btp_subaccount_service_instance.instance_10                            1473ms
  btp_subaccount_service_instance.instance_100                           1560ms
  btp_subaccount_service_instance.instance_11                            1071ms
  btp_subaccount_service_instance.instance_12                            861ms
  btp_subaccount_service_instance.instance_13                            831ms
  btp_subaccount_service_instance.instance_14                            1736ms
  btp_subaccount_service_instance.instance_15                            821ms
  btp_subaccount_service_instance.instance_16                            1480ms
  btp_subaccount_service_instance.instance_17                            1190ms
  btp_subaccount_service_instance.instance_18                            924ms
  btp_subaccount_service_instance.instance_19                            1714ms
  btp_subaccount_service_instance.instance_2                             900ms
  btp_subaccount_service_instance.instance_20                            924ms
  btp_subaccount_service_instance.instance_21                            786ms
  btp_subaccount_service_instance.instance_22                            909ms
  btp_subaccount_service_instance.instance_23                            1167ms
  btp_subaccount_service_instance.instance_24                            1096ms
  btp_subaccount_service_instance.instance_25                            854ms
  btp_subaccount_service_instance.instance_26                            1511ms
  btp_subaccount_service_instance.instance_27                            878ms
  btp_subaccount_service_instance.instance_28                            1043ms
  btp_subaccount_service_instance.instance_29                            1964ms
  btp_subaccount_service_instance.instance_3                             1088ms
  btp_subaccount_service_instance.instance_30                            2368ms
  btp_subaccount_service_instance.instance_31                            1846ms
  btp_subaccount_service_instance.instance_32                            1299ms
  btp_subaccount_service_instance.instance_33                            1631ms
  btp_subaccount_service_instance.instance_34                            1963ms
  btp_subaccount_service_instance.instance_35                            2121ms
  btp_subaccount_service_instance.instance_36                            2539ms
  btp_subaccount_service_instance.instance_37                            1083ms
  btp_subaccount_service_instance.instance_38                            1094ms
  btp_subaccount_service_instance.instance_39                            2154ms
  btp_subaccount_service_instance.instance_4                             1134ms
  btp_subaccount_service_instance.instance_40                            1020ms
  btp_subaccount_service_instance.instance_41                            962ms
  btp_subaccount_service_instance.instance_42                            846ms
  btp_subaccount_service_instance.instance_43                            1816ms
  btp_subaccount_service_instance.instance_44                            809ms
  btp_subaccount_service_instance.instance_45                            1458ms
  btp_subaccount_service_instance.instance_46                            1320ms
  btp_subaccount_service_instance.instance_47                            868ms
  btp_subaccount_service_instance.instance_48                            988ms
  btp_subaccount_service_instance.instance_49                            2810ms
  btp_subaccount_service_instance.instance_5                             809ms
  btp_subaccount_service_instance.instance_50                            864ms
  btp_subaccount_service_instance.instance_51                            3206ms
  btp_subaccount_service_instance.instance_52                            2564ms
  btp_subaccount_service_instance.instance_53                            810ms
  btp_subaccount_service_instance.instance_54                            1458ms
  btp_subaccount_service_instance.instance_55                            877ms
  btp_subaccount_service_instance.instance_56                            895ms
  btp_subaccount_service_instance.instance_57                            849ms
  btp_subaccount_service_instance.instance_58                            915ms
  btp_subaccount_service_instance.instance_59                            2024ms
  btp_subaccount_service_instance.instance_6                             1284ms
  btp_subaccount_service_instance.instance_60                            1888ms
  btp_subaccount_service_instance.instance_61                            1113ms
  btp_subaccount_service_instance.instance_62                            1083ms
  btp_subaccount_service_instance.instance_63                            2139ms
  btp_subaccount_service_instance.instance_64                            1851ms
  btp_subaccount_service_instance.instance_65                            840ms
  btp_subaccount_service_instance.instance_66                            2087ms
  btp_subaccount_service_instance.instance_67                            885ms
  btp_subaccount_service_instance.instance_68                            930ms
  btp_subaccount_service_instance.instance_69                            896ms
  btp_subaccount_service_instance.instance_7                             931ms
  btp_subaccount_service_instance.instance_70                            905ms
  btp_subaccount_service_instance.instance_71                            831ms
  btp_subaccount_service_instance.instance_72                            1290ms
  btp_subaccount_service_instance.instance_73                            1347ms
  btp_subaccount_service_instance.instance_74                            1499ms
  btp_subaccount_service_instance.instance_75                            1082ms
  btp_subaccount_service_instance.instance_76                            1358ms
  btp_subaccount_service_instance.instance_77                            1188ms
  btp_subaccount_service_instance.instance_78                            2133ms
  btp_subaccount_service_instance.instance_79                            951ms
  btp_subaccount_service_instance.instance_8                             812ms
  btp_subaccount_service_instance.instance_80                            906ms
  btp_subaccount_service_instance.instance_81                            1100ms
  btp_subaccount_service_instance.instance_82                            861ms
  btp_subaccount_service_instance.instance_83                            1251ms
  btp_subaccount_service_instance.instance_84                            1440ms
  btp_subaccount_service_instance.instance_85                            842ms
  btp_subaccount_service_instance.instance_86                            949ms
  btp_subaccount_service_instance.instance_87                            830ms
  btp_subaccount_service_instance.instance_88                            1753ms
  btp_subaccount_service_instance.instance_89                            1684ms
  btp_subaccount_service_instance.instance_9                             1510ms
  btp_subaccount_service_instance.instance_90                            892ms
  btp_subaccount_service_instance.instance_91                            947ms
  btp_subaccount_service_instance.instance_92                            858ms
  btp_subaccount_service_instance.instance_93                            2070ms
  btp_subaccount_service_instance.instance_94                            1063ms
  btp_subaccount_service_instance.instance_95                            2770ms
  btp_subaccount_service_instance.instance_96                            2457ms
  btp_subaccount_service_instance.instance_97                            1446ms
  btp_subaccount_service_instance.instance_98                            1433ms
  btp_subaccount_service_instance.instance_99                            875ms
  btp_subaccount_subscription.subscription_1                             971ms
  btp_subaccount_subscription.subscription_10                            734ms
  btp_subaccount_subscription.subscription_100                           967ms
  btp_subaccount_subscription.subscription_101                           987ms
  btp_subaccount_subscription.subscription_102                           1246ms
  btp_subaccount_subscription.subscription_103                           643ms
  btp_subaccount_subscription.subscription_104                           668ms
  btp_subaccount_subscription.subscription_105                           726ms
  btp_subaccount_subscription.subscription_106                           595ms
  btp_subaccount_subscription.subscription_107                           562ms
  btp_subaccount_subscription.subscription_108                           603ms
  btp_subaccount_subscription.subscription_109                           873ms
  btp_subaccount_subscription.subscription_11                            555ms
  btp_subaccount_subscription.subscription_110                           752ms
  btp_subaccount_subscription.subscription_111                           934ms
  btp_subaccount_subscription.subscription_112                           906ms
  btp_subaccount_subscription.subscription_113                           780ms
  btp_subaccount_subscription.subscription_114                           1400ms
  btp_subaccount_subscription.subscription_115                           1499ms
  btp_subaccount_subscription.subscription_116                           1518ms
  btp_subaccount_subscription.subscription_117                           1137ms
  btp_subaccount_subscription.subscription_118                           604ms
  btp_subaccount_subscription.subscription_119                           754ms
  btp_subaccount_subscription.subscription_12                            649ms
  btp_subaccount_subscription.subscription_120                           657ms
  btp_subaccount_subscription.subscription_121                           830ms
  btp_subaccount_subscription.subscription_122                           592ms
  btp_subaccount_subscription.subscription_123                           578ms
  btp_subaccount_subscription.subscription_124                           852ms
  btp_subaccount_subscription.subscription_125                           1172ms
  btp_subaccount_subscription.subscription_126                           1005ms
  btp_subaccount_subscription.subscription_127                           798ms
  btp_subaccount_subscription.subscription_128                           638ms
  btp_subaccount_subscription.subscription_129                           662ms
  btp_subaccount_subscription.subscription_13                            653ms
  btp_subaccount_subscription.subscription_130                           1267ms
  btp_subaccount_subscription.subscription_131                           628ms
  btp_subaccount_subscription.subscription_132                           575ms
  btp_subaccount_subscription.subscription_133                           810ms
  btp_subaccount_subscription.subscription_134                           1322ms
  btp_subaccount_subscription.subscription_135                           1221ms
  btp_subaccount_subscription.subscription_136                           991ms
  btp_subaccount_subscription.subscription_137                           681ms
  btp_subaccount_subscription.subscription_138                           1004ms
  btp_subaccount_subscription.subscription_139                           620ms
  btp_subaccount_subscription.subscription_14                            1145ms
  btp_subaccount_subscription.subscription_140                           901ms
  btp_subaccount_subscription.subscription_141                           1180ms
  btp_subaccount_subscription.subscription_142                           1419ms
  btp_subaccount_subscription.subscription_143                           1933ms
  btp_subaccount_subscription.subscription_144                           1466ms
  btp_subaccount_subscription.subscription_145                           737ms
  btp_subaccount_subscription.subscription_146                           1000ms
  btp_subaccount_subscription.subscription_147                           1441ms
  btp_subaccount_subscription.subscription_148                           1435ms
  btp_subaccount_subscription.subscription_149                           770ms
  btp_subaccount_subscription.subscription_15                            1194ms
  btp_subaccount_subscription.subscription_150                           1576ms
  btp_subaccount_subscription.subscription_16                            773ms
  btp_subaccount_subscription.subscription_17                            1362ms
  btp_subaccount_subscription.subscription_18                            815ms
  btp_subaccount_subscription.subscription_19                            1041ms
  btp_subaccount_subscription.subscription_2                             734ms
  btp_subaccount_subscription.subscription_20                            911ms
  btp_subaccount_subscription.subscription_21                            849ms
  btp_subaccount_subscription.subscription_22                            601ms
  btp_subaccount_subscription.subscription_23                            1173ms
  btp_subaccount_subscription.subscription_24                            740ms
  btp_subaccount_subscription.subscription_25                            642ms
  btp_subaccount_subscription.subscription_26                            622ms
  btp_subaccount_subscription.subscription_27                            742ms
  btp_subaccount_subscription.subscription_28                            1571ms
  btp_subaccount_subscription.subscription_29                            1386ms
  btp_subaccount_subscription.subscription_3                             794ms
  btp_subaccount_subscription.subscription_30                            1788ms
  btp_subaccount_subscription.subscription_31                            604ms
  btp_subaccount_subscription.subscription_32                            656ms
  btp_subaccount_subscription.subscription_33                            703ms
  btp_subaccount_subscription.subscription_34                            631ms
  btp_subaccount_subscription.subscription_35                            903ms
  btp_subaccount_subscription.subscription_36                            823ms
  btp_subaccount_subscription.subscription_37                            891ms
  btp_subaccount_subscription.subscription_38                            936ms
  btp_subaccount_subscription.subscription_39                            1207ms
  btp_subaccount_subscription.subscription_4                             696ms
  btp_subaccount_subscription.subscription_40                            979ms
  btp_subaccount_subscription.subscription_41                            1095ms
  btp_subaccount_subscription.subscription_42                            662ms
  btp_subaccount_subscription.subscription_43                            1119ms
  btp_subaccount_subscription.subscription_44                            1667ms
  btp_subaccount_subscription.subscription_45                            1951ms
  btp_subaccount_subscription.subscription_46                            1080ms
  btp_subaccount_subscription.subscription_47                            1509ms
  btp_subaccount_subscription.subscription_48                            1095ms
  btp_subaccount_subscription.subscription_49                            1765ms
  btp_subaccount_subscription.subscription_5                             1601ms
  btp_subaccount_subscription.subscription_50                            1316ms
  btp_subaccount_subscription.subscription_51                            1466ms
  btp_subaccount_subscription.subscription_52                            691ms
  btp_subaccount_subscription.subscription_53                            1734ms
  btp_subaccount_subscription.subscription_54                            618ms
  btp_subaccount_subscription.subscription_55                            1606ms
  btp_subaccount_subscription.subscription_56                            1011ms
  btp_subaccount_subscription.subscription_57                            658ms
  btp_subaccount_subscription.subscription_58                            936ms
  btp_subaccount_subscription.subscription_59                            1283ms
  btp_subaccount_subscription.subscription_6                             1545ms
  btp_subaccount_subscription.subscription_60                            2206ms
  btp_subaccount_subscription.subscription_61                            1495ms
  btp_subaccount_subscription.subscription_62                            1560ms
  btp_subaccount_subscription.subscription_63                            1518ms
  btp_subaccount_subscription.subscription_64                            673ms
  btp_subaccount_subscription.subscription_65                            694ms
  btp_subaccount_subscription.subscription_66                            705ms
  btp_subaccount_subscription.subscription_67                            705ms
  btp_subaccount_subscription.subscription_68                            966ms
  btp_subaccount_subscription.subscription_69                            1267ms
  btp_subaccount_subscription.subscription_7                             684ms
  btp_subaccount_subscription.subscription_70                            1019ms
  btp_subaccount_subscription.subscription_71                            1094ms
  btp_subaccount_subscription.subscription_72                            1065ms
  btp_subaccount_subscription.subscription_73                            642ms
  btp_subaccount_subscription.subscription_74                            1442ms
  btp_subaccount_subscription.subscription_75                            732ms
  btp_subaccount_subscription.subscription_76                            1792ms
  btp_subaccount_subscription.subscription_77                            646ms
  btp_subaccount_subscription.subscription_78                            634ms
  btp_subaccount_subscription.subscription_79                            658ms
  btp_subaccount_subscription.subscription_8                             902ms
  btp_subaccount_subscription.subscription_80                            655ms
  btp_subaccount_subscription.subscription_81                            718ms
  btp_subaccount_subscription.subscription_82                            644ms
  btp_subaccount_subscription.subscription_83                            678ms
  btp_subaccount_subscription.subscription_84                            621ms
  btp_subaccount_subscription.subscription_85                            1287ms
  btp_subaccount_subscription.subscription_86                            1077ms
  btp_subaccount_subscription.subscription_87                            1002ms
  btp_subaccount_subscription.subscription_88                            702ms
  btp_subaccount_subscription.subscription_89                            1296ms
  btp_subaccount_subscription.subscription_9                             1023ms
  btp_subaccount_subscription.subscription_90                            681ms
  btp_subaccount_subscription.subscription_91                            1188ms
  btp_subaccount_subscription.subscription_92                            758ms
  btp_subaccount_subscription.subscription_93                            1083ms
  btp_subaccount_subscription.subscription_94                            1820ms
  btp_subaccount_subscription.subscription_95                            1863ms
  btp_subaccount_subscription.subscription_96                            1699ms
  btp_subaccount_subscription.subscription_97                            1965ms
  btp_subaccount_subscription.subscription_98                            1325ms
  btp_subaccount_subscription.subscription_99                            726ms
  btp_subaccount_trust_configuration.trust_1                             183ms
  btp_subaccount_trust_configuration.trust_10                            521ms
  btp_subaccount_trust_configuration.trust_11                            222ms
  btp_subaccount_trust_configuration.trust_12                            194ms
  btp_subaccount_trust_configuration.trust_13                            184ms
  btp_subaccount_trust_configuration.trust_14                            190ms
  btp_subaccount_trust_configuration.trust_15                            609ms
  btp_subaccount_trust_configuration.trust_16                            302ms
  btp_subaccount_trust_configuration.trust_17                            513ms
  btp_subaccount_trust_configuration.trust_18                            209ms
  btp_subaccount_trust_configuration.trust_19                            175ms
  btp_subaccount_trust_configuration.trust_2                             669ms
  btp_subaccount_trust_configuration.trust_20                            725ms
  btp_subaccount_trust_configuration.trust_21                            684ms
  btp_subaccount_trust_configuration.trust_22                            164ms
  btp_subaccount_trust_configuration.trust_23                            567ms
  btp_subaccount_trust_configuration.trust_24                            220ms
  btp_subaccount_trust_configuration.trust_25                            1176ms
  btp_subaccount_trust_configuration.trust_26                            946ms
  btp_subaccount_trust_configuration.trust_27                            228ms
  btp_subaccount_trust_configuration.trust_28                            184ms
  btp_subaccount_trust_configuration.trust_29                            215ms
  btp_subaccount_trust_configuration.trust_3                             251ms
  btp_subaccount_trust_configuration.trust_30                            143ms
  btp_subaccount_trust_configuration.trust_31                            389ms
  btp_subaccount_trust_configuration.trust_32                            529ms
  btp_subaccount_trust_configuration.trust_33                            226ms
  btp_subaccount_trust_configuration.trust_34                            463ms
  btp_subaccount_trust_configuration.trust_35                            248ms
  btp_subaccount_trust_configuration.trust_36                            198ms
  btp_subaccount_trust_configuration.trust_37                            189ms
  btp_subaccount_trust_configuration.trust_38                            666ms
  btp_subaccount_trust_configuration.trust_39                            696ms
  btp_subaccount_trust_configuration.trust_4                             387ms
  btp_subaccount_trust_configuration.trust_40                            232ms
  btp_subaccount_trust_configuration.trust_41                            219ms
  btp_subaccount_trust_configuration.trust_42                            804ms
  btp_subaccount_trust_configuration.trust_43                            191ms
  btp_subaccount_trust_configuration.trust_44                            173ms
  btp_subaccount_trust_configuration.trust_45                            179ms
  btp_subaccount_trust_configuration.trust_46                            218ms
  btp_subaccount_trust_configuration.trust_47                            206ms
  btp_subaccount_trust_configuration.trust_48                            278ms
  btp_subaccount_trust_configuration.trust_49                            465ms
  btp_subaccount_trust_configuration.trust_5                             200ms
  btp_subaccount_trust_configuration.trust_50                            667ms
  btp_subaccount_trust_configuration.trust_6                             211ms
  btp_subaccount_trust_configuration.trust_7                             588ms
  btp_subaccount_trust_configuration.trust_8                             390ms
  btp_subaccount_trust_configuration.trust_9                             171ms
  cloudfoundry_service_instance.instance_1                               52ms
  cloudfoundry_service_instance.instance_10                              68ms
  cloudfoundry_service_instance.instance_100                             51ms
  cloudfoundry_service_instance.instance_101                             51ms
  cloudfoundry_service_instance.instance_102                             47ms
  cloudfoundry_service_instance.instance_103                             60ms
  cloudfoundry_service_instance.instance_104                             43ms
  cloudfoundry_service_instance.instance_105                             47ms
  cloudfoundry_service_instance.instance_106                             48ms
  cloudfoundry_service_instance.instance_107                             47ms
  cloudfoundry_service_instance.instance_108                             41ms
  cloudfoundry_service_instance.instance_109                             65ms
  cloudfoundry_service_instance.instance_11                              56ms
  cloudfoundry_service_instance.instance_110                             43ms
  cloudfoundry_service_instance.instance_111                             41ms
  cloudfoundry_service_instance.instance_112                             51ms
  cloudfoundry_service_instance.instance_113                             44ms
  cloudfoundry_service_instance.instance_114                             39ms
  cloudfoundry_service_instance.instance_115                             44ms
  cloudfoundry_service_instance.instance_116                             52ms
  cloudfoundry_service_instance.instance_117                             72ms
  cloudfoundry_service_instance.instance_118                             42ms
  cloudfoundry_service_instance.instance_119                             55ms
  cloudfoundry_service_instance.instance_12                              47ms
  cloudfoundry_service_instance.instance_120                             47ms
  cloudfoundry_service_instance.instance_121                             38ms
  cloudfoundry_service_instance.instance_122                             68ms
  cloudfoundry_service_instance.instance_123                             51ms
  cloudfoundry_service_instance.instance_124                             47ms
  cloudfoundry_service_instance.instance_125                             54ms
  cloudfoundry_service_instance.instance_126                             81ms
  cloudfoundry_service_instance.instance_127                             47ms
  cloudfoundry_service_instance.instance_128                             48ms
  cloudfoundry_service_instance.instance_129                             42ms
  cloudfoundry_service_instance.instance_13                              40ms
  cloudfoundry_service_instance.instance_130                             49ms
  cloudfoundry_service_instance.instance_131                             50ms
  cloudfoundry_service_instance.instance_132                             57ms
  cloudfoundry_service_instance.instance_133                             44ms
  cloudfoundry_service_instance.instance_134                             47ms
  cloudfoundry_service_instance.instance_135                             46ms
  cloudfoundry_service_instance.instance_136                             52ms
  cloudfoundry_service_instance.instance_137                             46ms
  cloudfoundry_service_instance.instance_138                             42ms
  cloudfoundry_service_instance.instance_139                             62ms
  cloudfoundry_service_instance.instance_14                              42ms
  cloudfoundry_service_instance.instance_140                             44ms
  cloudfoundry_service_instance.instance_141                             52ms
  cloudfoundry_service_instance.instance_142                             48ms
  cloudfoundry_service_instance.instance_143                             53ms
  cloudfoundry_service_instance.instance_144                             54ms
  cloudfoundry_service_instance.instance_145                             56ms
  cloudfoundry_service_instance.instance_146                             44ms
  cloudfoundry_service_instance.instance_147                             39ms
  cloudfoundry_service_instance.instance_148                             49ms
  cloudfoundry_service_instance.instance_149                             53ms
  cloudfoundry_service_instance.instance_15                              44ms
  cloudfoundry_service_instance.instance_150                             68ms
  cloudfoundry_service_instance.instance_151                             40ms
  cloudfoundry_service_instance.instance_152                             42ms
  cloudfoundry_service_instance.instance_153                             40ms
  cloudfoundry_service_instance.instance_154                             63ms
  cloudfoundry_service_instance.instance_155                             45ms
  cloudfoundry_service_instance.instance_156                             45ms
  cloudfoundry_service_instance.instance_157                             43ms
  cloudfoundry_service_instance.instance_158                             41ms
  cloudfoundry_service_instance.instance_159                             67ms
  cloudfoundry_service_instance.instance_16                              57ms
  cloudfoundry_service_instance.instance_160                             49ms
  cloudfoundry_service_instance.instance_161                             41ms
  cloudfoundry_service_instance.instance_162                             40ms
  cloudfoundry_service_instance.instance_163                             51ms
  cloudfoundry_service_instance.instance_164                             42ms
  cloudfoundry_service_instance.instance_165                             57ms
  cloudfoundry_service_instance.instance_166                             48ms
  cloudfoundry_service_instance.instance_167                             41ms
  cloudfoundry_service_instance.instance_168                             48ms
  cloudfoundry_service_instance.instance_169                             45ms
  cloudfoundry_service_instance.instance_17                              40ms
  cloudfoundry_service_instance.instance_170                             51ms
  cloudfoundry_service_instance.instance_171                             44ms
  cloudfoundry_service_instance.instance_172                             70ms
  cloudfoundry_service_instance.instance_173                             45ms
  cloudfoundry_service_instance.instance_174                             42ms
  cloudfoundry_service_instance.instance_175                             89ms
  cloudfoundry_service_instance.instance_176                             50ms
  cloudfoundry_service_instance.instance_177                             49ms
  cloudfoundry_service_instance.instance_178                             48ms
  cloudfoundry_service_instance.instance_179                             53ms
  cloudfoundry_service_instance.instance_18                              54ms
  cloudfoundry_service_instance.instance_180                             52ms
  cloudfoundry_service_instance.instance_181                             84ms
  cloudfoundry_service_instance.instance_182                             109ms
  cloudfoundry_service_instance.instance_183                             66ms
  cloudfoundry_service_instance.instance_184                             51ms
  cloudfoundry_service_instance.instance_185                             61ms
  cloudfoundry_service_instance.instance_186                             41ms
  cloudfoundry_service_instance.instance_187                             54ms
  cloudfoundry_service_instance.instance_188                             45ms
  cloudfoundry_service_instance.instance_189                             47ms
  cloudfoundry_service_instance.instance_19                              47ms
  cloudfoundry_service_instance.instance_190                             79ms
  cloudfoundry_service_instance.instance_191                             47ms
  cloudfoundry_service_instance.instance_192                             47ms
  cloudfoundry_service_instance.instance_193                             75ms
  cloudfoundry_service_instance.instance_194                             40ms
  cloudfoundry_service_instance.instance_195                             44ms
  cloudfoundry_service_instance.instance_196                             62ms
  cloudfoundry_service_instance.instance_197                             40ms
  cloudfoundry_service_instance.instance_198                             43ms
  cloudfoundry_service_instance.instance_199                             43ms
  cloudfoundry_service_instance.instance_2                               58ms
  cloudfoundry_service_instance.instance_20                              58ms
  cloudfoundry_service_instance.instance_200                             42ms
  cloudfoundry_service_instance.instance_21                              42ms
  cloudfoundry_service_instance.instance_22                              55ms
  cloudfoundry_service_instance.instance_23                              42ms
  cloudfoundry_service_instance.instance_24                              56ms
  cloudfoundry_service_instance.instance_25                              61ms
  cloudfoundry_service_instance.instance_26                              50ms
  cloudfoundry_service_instance.instance_27                              46ms
  cloudfoundry_service_instance.instance_28                              69ms
  cloudfoundry_service_instance.instance_29                              50ms
  cloudfoundry_service_instance.instance_3                               57ms
  cloudfoundry_service_instance.instance_30                              43ms
  cloudfoundry_service_instance.instance_31                              41ms
  cloudfoundry_service_instance.instance_32                              58ms
  cloudfoundry_service_instance.instance_33                              58ms
  cloudfoundry_service_instance.instance_34                              60ms
  cloudfoundry_service_instance.instance_35                              44ms
  cloudfoundry_service_instance.instance_36                              50ms
  cloudfoundry_service_instance.instance_37                              64ms
  cloudfoundry_service_instance.instance_38                              46ms
  cloudfoundry_service_instance.instance_39                              63ms
  cloudfoundry_service_instance.instance_4                               48ms
  cloudfoundry_service_instance.instance_40                              45ms
  cloudfoundry_service_instance.instance_41                              79ms
  cloudfoundry_service_instance.instance_42                              65ms
  cloudfoundry_service_instance.instance_43                              53ms
  cloudfoundry_service_instance.instance_44                              42ms
  cloudfoundry_service_instance.instance_45                              54ms
  cloudfoundry_service_instance.instance_46                              48ms
  cloudfoundry_service_instance.instance_47                              46ms
  cloudfoundry_service_instance.instance_48                              61ms
  cloudfoundry_service_instance.instance_49                              66ms
  cloudfoundry_service_instance.instance_5                               42ms
  cloudfoundry_service_instance.instance_50                              49ms
  cloudfoundry_service_instance.instance_51                              43ms
  cloudfoundry_service_instance.instance_52                              60ms
  cloudfoundry_service_instance.instance_53                              45ms
  cloudfoundry_service_instance.instance_54                              45ms
  cloudfoundry_service_instance.instance_55                              47ms
  cloudfoundry_service_instance.instance_56                              56ms
  cloudfoundry_service_instance.instance_57                              45ms
  cloudfoundry_service_instance.instance_58                              49ms
  cloudfoundry_service_instance.instance_59                              52ms
  cloudfoundry_service_instance.instance_6                               46ms
  cloudfoundry_service_instance.instance_60                              44ms
  cloudfoundry_service_instance.instance_61                              66ms
  cloudfoundry_service_instance.instance_62                              42ms
  cloudfoundry_service_instance.instance_63                              43ms
  cloudfoundry_service_instance.instance_64                              97ms
  cloudfoundry_service_instance.instance_65                              50ms
  cloudfoundry_service_instance.instance_66                              50ms
  cloudfoundry_service_instance.instance_67                              41ms
  cloudfoundry_service_instance.instance_68                              53ms
  cloudfoundry_service_instance.instance_69                              55ms
  cloudfoundry_service_instance.instance_7                               53ms
  cloudfoundry_service_instance.instance_70                              46ms
  cloudfoundry_service_instance.instance_71                              41ms
  cloudfoundry_service_instance.instance_72                              44ms
  cloudfoundry_service_instance.instance_73                              53ms
  cloudfoundry_service_instance.instance_74                              56ms
  cloudfoundry_service_instance.instance_75                              51ms
  cloudfoundry_service_instance.instance_76                              61ms
  cloudfoundry_service_instance.instance_77                              48ms
  cloudfoundry_service_instance.instance_78                              58ms
  cloudfoundry_service_instance.instance_79                              60ms
  cloudfoundry_service_instance.instance_8                               42ms
  cloudfoundry_service_instance.instance_80                              45ms
  cloudfoundry_service_instance.instance_81                              47ms
  cloudfoundry_service_instance.instance_82                              55ms
  cloudfoundry_service_instance.instance_83                              45ms
  cloudfoundry_service_instance.instance_84                              58ms
  cloudfoundry_service_instance.instance_85                              53ms
  cloudfoundry_service_instance.instance_86                              56ms
  cloudfoundry_service_instance.instance_87                              61ms
  cloudfoundry_service_instance.instance_88                              57ms
  cloudfoundry_service_instance.instance_89                              56ms
  cloudfoundry_service_instance.instance_9                               70ms
  cloudfoundry_service_instance.instance_90                              47ms
  cloudfoundry_service_instance.instance_91                              60ms
  cloudfoundry_service_instance.instance_92                              45ms
  cloudfoundry_service_instance.instance_93                              41ms
  cloudfoundry_service_instance.instance_94                              55ms
  cloudfoundry_service_instance.instance_95                              53ms
  cloudfoundry_service_instance.instance_96                              44ms
  cloudfoundry_service_instance.instance_97                              40ms
  cloudfoundry_service_instance.instance_98                              73ms
  cloudfoundry_service_instance.instance_99                              55ms
  cloudfoundry_space.space_1                                             155ms
  cloudfoundry_space.space_10                                            144ms
  cloudfoundry_space.space_100                                           96ms
  cloudfoundry_space.space_11                                            122ms
  cloudfoundry_space.space_12                                            100ms
  cloudfoundry_space.space_13                                            111ms
  cloudfoundry_space.space_14                                            100ms
  cloudfoundry_space.space_15                                            108ms
  cloudfoundry_space.space_16                                            100ms
  cloudfoundry_space.space_17                                            105ms
  cloudfoundry_space.space_18                                            112ms
  cloudfoundry_space.space_19                                            144ms
  cloudfoundry_space.space_2                                             116ms
  cloudfoundry_space.space_20                                            124ms
  cloudfoundry_space.space_21                                            104ms
  cloudfoundry_space.space_22                                            98ms
  cloudfoundry_space.space_23                                            115ms
  cloudfoundry_space.space_24                                            110ms
  cloudfoundry_space.space_25                                            128ms
  cloudfoundry_space.space_26                                            98ms
  cloudfoundry_space.space_27                                            132ms
  cloudfoundry_space.space_28                                            128ms
  cloudfoundry_space.space_29                                            123ms
  cloudfoundry_space.space_3                                             110ms
  cloudfoundry_space.space_30                                            109ms
  cloudfoundry_space.space_31                                            106ms
  cloudfoundry_space.space_32                                            109ms
  cloudfoundry_space.space_33                                            113ms
  cloudfoundry_space.space_34                                            126ms
  cloudfoundry_space.space_35                                            153ms
  cloudfoundry_space.space_36                                            104ms
  cloudfoundry_space.space_37                                            112ms
  cloudfoundry_space.space_38                                            117ms
  cloudfoundry_space.space_39                                            103ms
  cloudfoundry_space.space_4                                             119ms
  cloudfoundry_space.space_40                                            127ms
  cloudfoundry_space.space_41                                            108ms
  cloudfoundry_space.space_42                                            103ms
  cloudfoundry_space.space_43                                            123ms
  cloudfoundry_space.space_44                                            117ms
  cloudfoundry_space.space_45                                            118ms
  cloudfoundry_space.space_46                                            108ms
  cloudfoundry_space.space_47                                            100ms
  cloudfoundry_space.space_48                                            107ms
  cloudfoundry_space.space_49                                            111ms
  cloudfoundry_space.space_5                                             107ms
  cloudfoundry_space.space_50                                            108ms
  cloudfoundry_space.space_51                                            103ms
  cloudfoundry_space.space_52                                            101ms
  cloudfoundry_space.space_53                                            174ms
  cloudfoundry_space.space_54                                            148ms
  cloudfoundry_space.space_55                                            134ms
  cloudfoundry_space.space_56                                            109ms
  cloudfoundry_space.space_57                                            105ms
  cloudfoundry_space.space_58                                            108ms
  cloudfoundry_space.space_59                                            149ms
  cloudfoundry_space.space_6                                             123ms
  cloudfoundry_space.space_60                                            115ms
  cloudfoundry_space.space_61                                            105ms
  cloudfoundry_space.space_62                                            116ms
  cloudfoundry_space.space_63                                            116ms
  cloudfoundry_space.space_64                                            133ms
  cloudfoundry_space.space_65                                            119ms
  cloudfoundry_space.space_66                                            269ms
  cloudfoundry_space.space_67                                            108ms
  cloudfoundry_space.space_68                                            103ms
  cloudfoundry_space.space_69                                            131ms
  cloudfoundry_space.space_7                                             138ms
  cloudfoundry_space.space_70                                            117ms
  cloudfoundry_space.space_71                                            112ms
  cloudfoundry_space.space_72                                            206ms
  cloudfoundry_space.space_73                                            738ms
  cloudfoundry_space.space_74                                            127ms
  cloudfoundry_space.space_75                                            103ms
  cloudfoundry_space.space_76                                            103ms
  cloudfoundry_space.space_77                                            112ms
  cloudfoundry_space.space_78                                            102ms
  cloudfoundry_space.space_79                                            99ms
  cloudfoundry_space.space_8                                             131ms
  cloudfoundry_space.space_80                                            111ms
  cloudfoundry_space.space_81                                            109ms
  cloudfoundry_space.space_82                                            117ms
  cloudfoundry_space.space_83                                            138ms
  cloudfoundry_space.space_84                                            123ms
  cloudfoundry_space.space_85                                            98ms
  cloudfoundry_space.space_86                                            133ms
  cloudfoundry_space.space_87                                            124ms
  cloudfoundry_space.space_88                                            135ms
  cloudfoundry_space.space_89                                            111ms
  cloudfoundry_space.space_9                                             119ms
  cloudfoundry_space.space_90                                            179ms
  cloudfoundry_space.space_91                                            129ms
  cloudfoundry_space.space_92                                            104ms
  cloudfoundry_space.space_93                                            103ms
  cloudfoundry_space.space_94                                            114ms
  cloudfoundry_space.space_95                                            126ms
  cloudfoundry_space.space_96                                            165ms
  cloudfoundry_space.space_97                                            98ms
  cloudfoundry_space.space_98                                            118ms
  cloudfoundry_space.space_99                                            117ms
  scc_subaccount.subaccount_1                                            628ms
  scc_subaccount.subaccount_10                                           538ms
  scc_subaccount.subaccount_11                                           597ms
  scc_subaccount.subaccount_12                                           6691ms
  scc_subaccount.subaccount_13                                           616ms
  scc_subaccount.subaccount_14                                           579ms
  scc_subaccount.subaccount_15                                           601ms
  scc_subaccount.subaccount_16                                           2205ms
  scc_subaccount.subaccount_17                                           716ms
  scc_subaccount.subaccount_18                                           581ms
  scc_subaccount.subaccount_19                                           590ms
  scc_subaccount.subaccount_2                                            592ms
  scc_subaccount.subaccount_20                                           535ms
  scc_subaccount.subaccount_21                                           625ms
  scc_subaccount.subaccount_22                                           741ms
  scc_subaccount.subaccount_23                                           747ms
  scc_subaccount.subaccount_24                                           637ms
  scc_subaccount.subaccount_25                                           1736ms
  scc_subaccount.subaccount_26                                           670ms
  scc_subaccount.subaccount_27                                           535ms
  scc_subaccount.subaccount_28                                           647ms
  scc_subaccount.subaccount_29                                           502ms
  scc_subaccount.subaccount_3                                            527ms
  scc_subaccount.subaccount_30                                           633ms
  scc_subaccount.subaccount_31                                           526ms
  scc_subaccount.subaccount_32                                           607ms
  scc_subaccount.subaccount_33                                           616ms
  scc_subaccount.subaccount_34                                           748ms
  scc_subaccount.subaccount_35                                           626ms
  scc_subaccount.subaccount_36                                           6804ms
  scc_subaccount.subaccount_37                                           573ms
  scc_subaccount.subaccount_38                                           485ms
  scc_subaccount.subaccount_39                                           570ms
  scc_subaccount.subaccount_4                                            593ms
  scc_subaccount.subaccount_40                                           632ms
  scc_subaccount.subaccount_41                                           1491ms
  scc_subaccount.subaccount_42                                           619ms
  scc_subaccount.subaccount_43                                           577ms
  scc_subaccount.subaccount_44                                           725ms
  scc_subaccount.subaccount_45                                           702ms
  scc_subaccount.subaccount_46                                           601ms
  scc_subaccount.subaccount_47                                           777ms
  scc_subaccount.subaccount_48                                           537ms
  scc_subaccount.subaccount_49                                           600ms
  scc_subaccount.subaccount_5                                            1595ms
  scc_subaccount.subaccount_50                                           641ms
  scc_subaccount.subaccount_6                                            610ms
  scc_subaccount.subaccount_7                                            599ms
  scc_subaccount.subaccount_8                                            614ms
  scc_subaccount.subaccount_9                                            1467ms
  scc_system_mapping.system_1                                            56ms
  scc_system_mapping.system_10                                           70ms
  scc_system_mapping.system_100                                          66ms
  scc_system_mapping.system_11                                           62ms
  scc_system_mapping.system_12                                           60ms
  scc_system_mapping.system_13                                           73ms
  scc_system_mapping.system_14                                           66ms
  scc_system_mapping.system_15                                           61ms
  scc_system_mapping.system_16                                           63ms
  scc_system_mapping.system_17                                           66ms
  scc_system_mapping.system_18                                           60ms
  scc_system_mapping.system_19                                           55ms
  scc_system_mapping.system_2                                            59ms
  scc_system_mapping.system_20                                           60ms
  scc_system_mapping.system_21                                           66ms
  scc_system_mapping.system_22                                           67ms
  scc_system_mapping.system_23                                           58ms
  scc_system_mapping.system_24                                           57ms
  scc_system_mapping.system_25                                           64ms
  scc_system_mapping.system_26                                           69ms
  scc_system_mapping.system_27                                           83ms
  scc_system_mapping.system_28                                           62ms
  scc_system_mapping.system_29                                           59ms
  scc_system_mapping.system_3                                            120ms
  scc_system_mapping.system_30                                           60ms
  scc_system_mapping.system_31                                           65ms
  scc_system_mapping.system_32                                           58ms
  scc_system_mapping.system_33                                           59ms
  scc_system_mapping.system_34                                           565ms
  scc_system_mapping.system_35                                           63ms
  scc_system_mapping.system_36                                           59ms
  scc_system_mapping.system_37                                           58ms
  scc_system_mapping.system_38                                           74ms
  scc_system_mapping.system_39                                           60ms
  scc_system_mapping.system_4                                            120ms
  scc_system_mapping.system_40                                           61ms
  scc_system_mapping.system_41                                           58ms
  scc_system_mapping.system_42                                           76ms
  scc_system_mapping.system_43                                           76ms
  scc_system_mapping.system_44                                           55ms
  scc_system_mapping.system_45                                           63ms
  scc_system_mapping.system_46                                           66ms
  scc_system_mapping.system_47                                           63ms
  scc_system_mapping.system_48                                           61ms
  scc_system_mapping.system_49                                           61ms
  scc_system_mapping.system_5                                            60ms
  scc_system_mapping.system_50                                           65ms
  scc_system_mapping.system_51                                           65ms
  scc_system_mapping.system_52                                           64ms
  scc_system_mapping.system_53                                           64ms
  scc_system_mapping.system_54                                           59ms
  scc_system_mapping.system_55                                           60ms
  scc_system_mapping.system_56                                           60ms
  scc_system_mapping.system_57                                           84ms
  scc_system_mapping.system_58                                           77ms
  scc_system_mapping.system_59                                           55ms
  scc_system_mapping.system_6                                            60ms
  scc_system_mapping.system_60                                           67ms
  scc_system_mapping.system_61                                           63ms
  scc_system_mapping.system_62                                           80ms
  scc_system_mapping.system_63                                           61ms
  scc_system_mapping.system_64                                           76ms
  scc_system_mapping.system_65                                           65ms
  scc_system_mapping.system_66                                           59ms
  scc_system_mapping.system_67                                           59ms
  scc_system_mapping.system_68                                           67ms
  scc_system_mapping.system_69                                           63ms
  scc_system_mapping.system_7                                            65ms
  scc_system_mapping.system_70                                           62ms
  scc_system_mapping.system_71                                           1225ms
  scc_system_mapping.system_72                                           1065ms
  scc_system_mapping.system_73                                           61ms
  scc_system_mapping.system_74                                           63ms
  scc_system_mapping.system_75                                           76ms
  scc_system_mapping.system_76                                           60ms
  scc_system_mapping.system_77                                           64ms
  scc_system_mapping.system_78                                           58ms
  scc_system_mapping.system_79                                           60ms
  scc_system_mapping.system_8                                            61ms
  scc_system_mapping.system_80                                           91ms
  scc_system_mapping.system_81                                           60ms
  scc_system_mapping.system_82                                           80ms
  scc_system_mapping.system_83                                           59ms
  scc_system_mapping.system_84                                           57ms
  scc_system_mapping.system_85                                           86ms
  scc_system_mapping.system_86                                           99ms
  scc_system_mapping.system_87                                           62ms
  scc_system_mapping.system_88                                           66ms
  scc_system_mapping.system_89                                           60ms
  scc_system_mapping.system_9                                            57ms
  scc_system_mapping.system_90                                           60ms
  scc_system_mapping.system_91                                           61ms
  scc_system_mapping.system_92                                           62ms
  scc_system_mapping.system_93                                           61ms
  scc_system_mapping.system_94                                           66ms
  scc_system_mapping.system_95                                           88ms
  scc_system_mapping.system_96                                           58ms
  scc_system_mapping.system_97                                           61ms
  scc_system_mapping.system_98                                           60ms
  scc_system_mapping.system_99                                           62ms
  scc_system_mapping_resource.resource_1                                 65ms
  scc_system_mapping_resource.resource_10                                74ms
  scc_system_mapping_resource.resource_100                               87ms
  scc_system_mapping_resource.resource_101                               79ms
  scc_system_mapping_resource.resource_102                               74ms
  scc_system_mapping_resource.resource_103                               113ms
  scc_system_mapping_resource.resource_104                               101ms
  scc_system_mapping_resource.resource_105                               90ms
  scc_system_mapping_resource.resource_106                               86ms
  scc_system_mapping_resource.resource_107                               58ms
  scc_system_mapping_resource.resource_108                               64ms
  scc_system_mapping_resource.resource_109                               56ms
  scc_system_mapping_resource.resource_11                                69ms
  scc_system_mapping_resource.resource_110                               76ms
  scc_system_mapping_resource.resource_111                               70ms
  scc_system_mapping_resource.resource_112                               119ms
  scc_system_mapping_resource.resource_113                               104ms
  scc_system_mapping_resource.resource_114                               62ms
  scc_system_mapping_resource.resource_115                               114ms
  scc_system_mapping_resource.resource_116                               92ms
  scc_system_mapping_resource.resource_117                               58ms
  scc_system_mapping_resource.resource_118                               78ms
  scc_system_mapping_resource.resource_119                               66ms
  scc_system_mapping_resource.resource_12                                111ms
  scc_system_mapping_resource.resource_120                               61ms
  scc_system_mapping_resource.resource_121                               102ms
  scc_system_mapping_resource.resource_122                               106ms
  scc_system_mapping_resource.resource_123                               114ms
  scc_system_mapping_resource.resource_124                               108ms
  scc_system_mapping_resource.resource_125                               68ms
  scc_system_mapping_resource.resource_126                               117ms
  scc_system_mapping_resource.resource_127                               114ms
  scc_system_mapping_resource.resource_128                               69ms
  scc_system_mapping_resource.resource_129                               65ms
  scc_system_mapping_resource.resource_13                                136ms
  scc_system_mapping_resource.resource_130                               58ms
  scc_system_mapping_resource.resource_131                               64ms
  scc_system_mapping_resource.resource_132                               62ms
  scc_system_mapping_resource.resource_133                               66ms
  scc_system_mapping_resource.resource_134                               68ms
  scc_system_mapping_resource.resource_135                               71ms
  scc_system_mapping_resource.resource_136                               57ms
  scc_system_mapping_resource.resource_137                               85ms
  scc_system_mapping_resource.resource_138                               54ms
  scc_system_mapping_resource.resource_139                               59ms
  scc_system_mapping_resource.resource_14                                56ms
  scc_system_mapping_resource.resource_140                               88ms
  scc_system_mapping_resource.resource_141                               110ms
  scc_system_mapping_resource.resource_142                               92ms
  scc_system_mapping_resource.resource_143                               107ms
  scc_system_mapping_resource.resource_144                               95ms
  scc_system_mapping_resource.resource_145                               55ms
  scc_system_mapping_resource.resource_146                               59ms
  scc_system_mapping_resource.resource_147                               56ms
  scc_system_mapping_resource.resource_148                               63ms
  scc_system_mapping_resource.resource_149                               136ms
  scc_system_mapping_resource.resource_15                                60ms
  scc_system_mapping_resource.resource_150                               86ms
  scc_system_mapping_resource.resource_151                               117ms
  scc_system_mapping_resource.resource_152                               107ms
  scc_system_mapping_resource.resource_153                               59ms
  scc_system_mapping_resource.resource_154                               57ms
  scc_system_mapping_resource.resource_155                               55ms
  scc_system_mapping_resource.resource_156                               54ms
  scc_system_mapping_resource.resource_157                               56ms
  scc_system_mapping_resource.resource_158                               89ms
  scc_system_mapping_resource.resource_159                               111ms
  scc_system_mapping_resource.resource_16                                63ms
  scc_system_mapping_resource.resource_160                               115ms
  scc_system_mapping_resource.resource_161                               94ms
  scc_system_mapping_resource.resource_162                               125ms
  scc_system_mapping_resource.resource_163                               136ms
  scc_system_mapping_resource.resource_164                               113ms
  scc_system_mapping_resource.resource_165                               74ms
  scc_system_mapping_resource.resource_166                               117ms
  scc_system_mapping_resource.resource_167                               115ms
  scc_system_mapping_resource.resource_168                               116ms
  scc_system_mapping_resource.resource_169                               55ms
  scc_system_mapping_resource.resource_17                                57ms
  scc_system_mapping_resource.resource_170                               67ms
  scc_system_mapping_resource.resource_171                               82ms
  scc_system_mapping_resource.resource_172                               59ms
  scc_system_mapping_resource.resource_173                               65ms
  scc_system_mapping_resource.resource_174                               56ms
  scc_system_mapping_resource.resource_175                               55ms
  scc_system_mapping_resource.resource_176                               57ms
  scc_system_mapping_resource.resource_177                               64ms
  scc_system_mapping_resource.resource_178                               59ms
  scc_system_mapping_resource.resource_179                               55ms
  scc_system_mapping_resource.resource_18                                112ms
  scc_system_mapping_resource.resource_180                               69ms
  scc_system_mapping_resource.resource_181                               59ms
  scc_system_mapping_resource.resource_182                               79ms
  scc_system_mapping_resource.resource_183                               123ms
  scc_system_mapping_resource.resource_184                               63ms
  scc_system_mapping_resource.resource_185                               57ms
  scc_system_mapping_resource.resource_186                               60ms
  scc_system_mapping_resource.resource_187                               55ms
  scc_system_mapping_resource.resource_188                               70ms
  scc_system_mapping_resource.resource_189                               101ms
  scc_system_mapping_resource.resource_19                                119ms
  scc_system_mapping_resource.resource_190                               88ms
  scc_system_mapping_resource.resource_191                               54ms
  scc_system_mapping_resource.resource_192                               102ms
  scc_system_mapping_resource.resource_193                               85ms
  scc_system_mapping_resource.resource_194                               61ms
  scc_system_mapping_resource.resource_195                               84ms
  scc_system_mapping_resource.resource_196                               56ms
  scc_system_mapping_resource.resource_197                               110ms
  scc_system_mapping_resource.resource_198                               70ms
  scc_system_mapping_resource.resource_199                               74ms
  scc_system_mapping_resource.resource_2                                 56ms
  scc_system_mapping_resource.resource_20                                122ms
  scc_system_mapping_resource.resource_200                               60ms
  scc_system_mapping_resource.resource_21                                58ms
  scc_system_mapping_resource.resource_22                                84ms
  scc_system_mapping_resource.resource_23                                101ms
  scc_system_mapping_resource.resource_24                                60ms
  scc_system_mapping_resource.resource_25                                80ms
  scc_system_mapping_resource.resource_26                                60ms
  scc_system_mapping_resource.resource_27                                64ms
  scc_system_mapping_resource.resource_28                                93ms
  scc_system_mapping_resource.resource_29                                71ms
  scc_system_mapping_resource.resource_3                                 59ms
  scc_system_mapping_resource.resource_30                                85ms
  scc_system_mapping_resource.resource_31                                60ms
  scc_system_mapping_resource.resource_32                                60ms
  scc_system_mapping_resource.resource_33                                63ms
  scc_system_mapping_resource.resource_34                                55ms
  scc_system_mapping_resource.resource_35                                60ms
  scc_system_mapping_resource.resource_36                                56ms
  scc_system_mapping_resource.resource_37                                97ms
  scc_system_mapping_resource.resource_38                                59ms
  scc_system_mapping_resource.resource_39                                77ms
  scc_system_mapping_resource.resource_4                                 63ms
  scc_system_mapping_resource.resource_40                                70ms
  scc_system_mapping_resource.resource_41                                56ms
  scc_system_mapping_resource.resource_42                                57ms
  scc_system_mapping_resource.resource_43                                59ms
  scc_system_mapping_resource.resource_44                                63ms
  scc_system_mapping_resource.resource_45                                63ms
  scc_system_mapping_resource.resource_46                                86ms
  scc_system_mapping_resource.resource_47                                63ms
  scc_system_mapping_resource.resource_48                                59ms
  scc_system_mapping_resource.resource_49                                109ms
  scc_system_mapping_resource.resource_5                                 76ms
  scc_system_mapping_resource.resource_50                                88ms
  scc_system_mapping_resource.resource_51                                56ms
  scc_system_mapping_resource.resource_52                                75ms
  scc_system_mapping_resource.resource_53                                57ms
  scc_system_mapping_resource.resource_54                                83ms
  scc_system_mapping_resource.resource_55                                56ms
  scc_system_mapping_resource.resource_56                                60ms
  scc_system_mapping_resource.resource_57                                55ms
  scc_system_mapping_resource.resource_58                                59ms
  scc_system_mapping_resource.resource_59                                56ms
  scc_system_mapping_resource.resource_6                                 158ms
  scc_system_mapping_resource.resource_60                                58ms
  scc_system_mapping_resource.resource_61                                65ms
  scc_system_mapping_resource.resource_62                                56ms
  scc_system_mapping_resource.resource_63                                60ms
  scc_system_mapping_resource.resource_64                                58ms
  scc_system_mapping_resource.resource_65                                68ms
  scc_system_mapping_resource.resource_66                                57ms
  scc_system_mapping_resource.resource_67                                103ms
  scc_system_mapping_resource.resource_68                                57ms
  scc_system_mapping_resource.resource_69                                66ms
  scc_system_mapping_resource.resource_7                                 121ms
  scc_system_mapping_resource.resource_70                                113ms
  scc_system_mapping_resource.resource_71                                58ms
  scc_system_mapping_resource.resource_72                                113ms
  scc_system_mapping_resource.resource_73                                55ms
  scc_system_mapping_resource.resource_74                                66ms
  scc_system_mapping_resource.resource_75                                89ms
  scc_system_mapping_resource.resource_76                                98ms
  scc_system_mapping_resource.resource_77                                96ms
  scc_system_mapping_resource.resource_78                                65ms
  scc_system_mapping_resource.resource_79                                114ms
  scc_system_mapping_resource.resource_8                                 173ms
  scc_system_mapping_resource.resource_80                                61ms
  scc_system_mapping_resource.resource_81                                59ms
  scc_system_mapping_resource.resource_82                                104ms
  scc_system_mapping_resource.resource_83                                57ms
  scc_system_mapping_resource.resource_84                                64ms
  scc_system_mapping_resource.resource_85                                100ms
  scc_system_mapping_resource.resource_86                                110ms
  scc_system_mapping_resource.resource_87                                110ms
  scc_system_mapping_resource.resource_88                                149ms
  scc_system_mapping_resource.resource_89                                56ms
  scc_system_mapping_resource.resource_9                                 70ms
  scc_system_mapping_resource.resource_90                                63ms
  scc_system_mapping_resource.resource_91                                130ms
  scc_system_mapping_resource.resource_92                                58ms
  scc_system_mapping_resource.resource_93                                56ms
  scc_system_mapping_resource.resource_94                                60ms
  scc_system_mapping_resource.resource_95                                61ms
  scc_system_mapping_resource.resource_96                                56ms
  scc_system_mapping_resource.resource_97                                60ms
  scc_system_mapping_resource.resource_98                                88ms
  scc_system_mapping_resource.resource_99                                60ms
  sci_application.app_1                                                  122ms
  sci_application.app_10                                                 147ms
  sci_application.app_100                                                129ms
  sci_application.app_11                                                 124ms
  sci_application.app_12                                                 123ms
  sci_application.app_13                                                 120ms
  sci_application.app_14                                                 124ms
  sci_application.app_15                                                 124ms
  sci_application.app_16                                                 115ms
  sci_application.app_17                                                 119ms
  sci_application.app_18                                                 154ms
  sci_application.app_19                                                 132ms
  sci_application.app_2                                                  122ms
  sci_application.app_20                                                 130ms
  sci_application.app_21                                                 117ms
  sci_application.app_22                                                 133ms
  sci_application.app_23                                                 134ms
  sci_application.app_24                                                 140ms
  sci_application.app_25                                                 116ms
  sci_application.app_26                                                 123ms
  sci_application.app_27                                                 123ms
  sci_application.app_28                                                 125ms
  sci_application.app_29                                                 120ms
  sci_application.app_3                                                  129ms
  sci_application.app_30                                                 143ms
  sci_application.app_31                                                 119ms
  sci_application.app_32                                                 128ms
  sci_application.app_33                                                 121ms
  sci_application.app_34                                                 119ms
  sci_application.app_35                                                 123ms
  sci_application.app_36                                                 120ms
  sci_application.app_37                                                 119ms
  sci_application.app_38                                                 118ms
  sci_application.app_39                                                 118ms
  sci_application.app_4                                                  143ms
  sci_application.app_40                                                 129ms
  sci_application.app_41                                                 136ms
  sci_application.app_42                                                 139ms
  sci_application.app_43                                                 136ms
  sci_application.app_44                                                 122ms
  sci_application.app_45                                                 125ms
  sci_application.app_46                                                 244ms
  sci_application.app_47                                                 127ms
  sci_application.app_48                                                 121ms
  sci_application.app_49                                                 126ms
  sci_application.app_5                                                  129ms
  sci_application.app_50                                                 133ms
  sci_application.app_51                                                 142ms
  sci_application.app_52                                                 135ms
  sci_application.app_53                                                 127ms
  sci_application.app_54                                                 123ms
  sci_application.app_55                                                 124ms
  sci_application.app_56                                                 120ms
  sci_application.app_57                                                 125ms
  sci_application.app_58                                                 114ms
  sci_application.app_59                                                 120ms
  sci_application.app_6                                                  123ms
  sci_application.app_60                                                 133ms
  sci_application.app_61                                                 132ms
  sci_application.app_62                                                 118ms
  sci_application.app_63                                                 126ms
  sci_application.app_64                                                 130ms
  sci_application.app_65                                                 140ms
  sci_application.app_66                                                 141ms
  sci_application.app_67                                                 120ms
  sci_application.app_68                                                 125ms
  sci_application.app_69                                                 128ms
  sci_application.app_7                                                  132ms
  sci_application.app_70                                                 122ms
  sci_application.app_71                                                 118ms
  sci_application.app_72                                                 117ms
  sci_application.app_73                                                 130ms
  sci_application.app_74                                                 115ms
  sci_application.app_75                                                 123ms
  sci_application.app_76                                                 152ms
  sci_application.app_77                                                 122ms
  sci_application.app_78                                                 126ms
  sci_application.app_79                                                 129ms
  sci_application.app_8                                                  171ms
  sci_application.app_80                                                 130ms
  sci_application.app_81                                                 130ms
  sci_application.app_82                                                 122ms
  sci_application.app_83                                                 127ms
  sci_application.app_84                                                 135ms
  sci_application.app_85                                                 128ms
  sci_application.app_86                                                 168ms
  sci_application.app_87                                                 126ms
  sci_application.app_88                                                 136ms
  sci_application.app_89                                                 117ms
  sci_application.app_9                                                  130ms
  sci_application.app_90                                                 123ms
  sci_application.app_91                                                 143ms
  sci_application.app_92                                                 120ms
  sci_application.app_93                                                 130ms
  sci_application.app_94                                                 122ms
  sci_application.app_95                                                 139ms
  sci_application.app_96                                                 132ms
  sci_application.app_97                                                 122ms
  sci_application.app_98                                                 120ms
  sci_application.app_99                                                 145ms
  sci_group_base.group_1                                                 96ms
  sci_group_base.group_10                                                102ms
  sci_group_base.group_100                                               96ms
  sci_group_base.group_101                                               99ms
  sci_group_base.group_102                                               100ms
  sci_group_base.group_103                                               99ms
  sci_group_base.group_104                                               105ms
  sci_group_base.group_105                                               94ms
  sci_group_base.group_106                                               99ms
  sci_group_base.group_107                                               95ms
  sci_group_base.group_108                                               96ms
  sci_group_base.group_109                                               98ms
  sci_group_base.group_11                                                97ms
  sci_group_base.group_110                                               97ms
  sci_group_base.group_111                                               92ms
  sci_group_base.group_112                                               90ms
  sci_group_base.group_113                                               119ms
  sci_group_base.group_114                                               83ms
  sci_group_base.group_115                                               124ms
  sci_group_base.group_116                                               105ms
  sci_group_base.group_117                                               97ms
  sci_group_base.group_118                                               101ms
  sci_group_base.group_119                                               100ms
  sci_group_base.group_12                                                97ms
  sci_group_base.group_120                                               100ms
  sci_group_base.group_121                                               90ms
  sci_group_base.group_122                                               96ms
  sci_group_base.group_123                                               97ms
  sci_group_base.group_124                                               97ms
  sci_group_base.group_125                                               119ms
  sci_group_base.group_126                                               93ms
  sci_group_base.group_127                                               163ms
  sci_group_base.group_128                                               99ms
  sci_group_base.group_129                                               95ms
  sci_group_base.group_13                                                95ms
  sci_group_base.group_130                                               89ms
  sci_group_base.group_131                                               92ms
  sci_group_base.group_132                                               98ms
  sci_group_base.group_133                                               94ms
  sci_group_base.group_134                                               87ms
  sci_group_base.group_135                                               89ms
  sci_group_base.group_136                                               93ms
  sci_group_base.group_137                                               103ms
  sci_group_base.group_138                                               103ms
  sci_group_base.group_139                                               91ms
  sci_group_base.group_14                                                91ms
  sci_group_base.group_140                                               96ms
  sci_group_base.group_141                                               97ms
  sci_group_base.group_142                                               154ms
  sci_group_base.group_143                                               97ms
  sci_group_base.group_144                                               94ms
  sci_group_base.group_145                                               105ms
  sci_group_base.group_146                                               100ms
  sci_group_base.group_147                                               100ms
  sci_group_base.group_148                                               97ms
  sci_group_base.group_149                                               96ms
  sci_group_base.group_15                                                101ms
  sci_group_base.group_150                                               98ms
  sci_group_base.group_16                                                96ms
  sci_group_base.group_17                                                94ms
  sci_group_base.group_18                                                114ms
  sci_group_base.group_19                                                94ms
  sci_group_base.group_2                                                 99ms
  sci_group_base.group_20                                                91ms
  sci_group_base.group_21                                                96ms
  sci_group_base.group_22                                                99ms
  sci_group_base.group_23                                                121ms
  sci_group_base.group_24                                                98ms
  sci_group_base.group_25                                                110ms
  sci_group_base.group_26                                                99ms
  sci_group_base.group_27                                                80ms
  sci_group_base.group_28                                                96ms
  sci_group_base.group_29                                                99ms
  sci_group_base.group_3                                                 93ms
  sci_group_base.group_30                                                97ms
  sci_group_base.group_31                                                99ms
  sci_group_base.group_32                                                130ms
  sci_group_base.group_33                                                139ms
  sci_group_base.group_34                                                91ms
  sci_group_base.group_35                                                99ms
  sci_group_base.group_36                                                95ms
  sci_group_base.group_37                                                99ms
  sci_group_base.group_38                                                89ms
  sci_group_base.group_39                                                86ms
  sci_group_base.group_4                                                 103ms
  sci_group_base.group_40                                                101ms
  sci_group_base.group_41                                                94ms
  sci_group_base.group_42                                                88ms
  sci_group_base.group_43                                                101ms
  sci_group_base.group_44                                                100ms
  sci_group_base.group_45                                                98ms
  sci_group_base.group_46                                                90ms
  sci_group_base.group_47                                                98ms
  sci_group_base.group_48                                                97ms
  sci_group_base.group_49                                                96ms
  sci_group_base.group_5                                                 99ms
  sci_group_base.group_50                                                93ms
  sci_group_base.group_51                                                92ms
  sci_group_base.group_52                                                93ms
  sci_group_base.group_53                                                97ms
  sci_group_base.group_54                                                310ms
  sci_group_base.group_55                                                91ms
  sci_group_base.group_56                                                100ms
  sci_group_base.group_57                                                97ms
  sci_group_base.group_58                                                99ms
  sci_group_base.group_59                                                100ms
  sci_group_base.group_6                                                 92ms
  sci_group_base.group_60                                                94ms
  sci_group_base.group_61                                                94ms
  sci_group_base.group_62                                                97ms
  sci_group_base.group_63                                                117ms
  sci_group_base.group_64                                                98ms
  sci_group_base.group_65                                                97ms
  sci_group_base.group_66                                                97ms
  sci_group_base.group_67                                                96ms
  sci_group_base.group_68                                                101ms
  sci_group_base.group_69                                                92ms
  sci_group_base.group_7                                                 104ms
  sci_group_base.group_70                                                97ms
  sci_group_base.group_71                                                104ms
  sci_group_base.group_72                                                92ms
  sci_group_base.group_73                                                94ms
  sci_group_base.group_74                                                97ms
  sci_group_base.group_75                                                108ms
  sci_group_base.group_76                                                102ms
  sci_group_base.group_77                                                93ms
  sci_group_base.group_78                                                97ms
  sci_group_base.group_79                                                97ms
  sci_group_base.group_8                                                 93ms
  sci_group_base.group_80                                                97ms
  sci_group_base.group_81                                                98ms
  sci_group_base.group_82                                                97ms
  sci_group_base.group_83                                                95ms
  sci_group_base.group_84                                                94ms
  sci_group_base.group_85                                                99ms
  sci_group_base.group_86                                                88ms
  sci_group_base.group_87                                                100ms
  sci_group_base.group_88                                                90ms
  sci_group_base.group_89                                                129ms
  sci_group_base.group_9                                                 91ms
  sci_group_base.group_90                                                92ms
  sci_group_base.group_91                                                91ms
  sci_group_base.group_92                                                299ms
  sci_group_base.group_93                                                99ms
  sci_group_base.group_94                                                91ms
  sci_group_base.group_95                                                101ms
  sci_group_base.group_96                                                96ms
  sci_group_base.group_97                                                97ms
  sci_group_base.group_98                                                98ms
  sci_group_base.group_99                                                96ms
  sci_user.user_1                                                        104ms
  sci_user.user_10                                                       90ms
  sci_user.user_100                                                      94ms
  sci_user.user_101                                                      93ms
  sci_user.user_102                                                      100ms
  sci_user.user_103                                                      84ms
  sci_user.user_104                                                      88ms
  sci_user.user_105                                                      87ms
  sci_user.user_106                                                      87ms
  sci_user.user_107                                                      99ms
  sci_user.user_108                                                      97ms
  sci_user.user_109                                                      119ms
  sci_user.user_11                                                       96ms
  sci_user.user_110                                                      103ms
  sci_user.user_111                                                      91ms
  sci_user.user_112                                                      101ms
  sci_user.user_113                                                      86ms
  sci_user.user_114                                                      91ms
  sci_user.user_115                                                      90ms
  sci_user.user_116                                                      87ms
  sci_user.user_117                                                      97ms
  sci_user.user_118                                                      94ms
  sci_user.user_119                                                      94ms
  sci_user.user_12                                                       76ms
  sci_user.user_120                                                      83ms
  sci_user.user_121                                                      101ms
  sci_user.user_122                                                      131ms
  sci_user.user_123                                                      88ms
  sci_user.user_124                                                      93ms
  sci_user.user_125                                                      88ms
  sci_user.user_126                                                      90ms
  sci_user.user_127                                                      220ms
  sci_user.user_128                                                      86ms
  sci_user.user_129                                                      85ms
  sci_user.user_13                                                       93ms
  sci_user.user_130                                                      92ms
  sci_user.user_131                                                      89ms
  sci_user.user_132                                                      92ms
  sci_user.user_133                                                      102ms
  sci_user.user_134                                                      92ms
  sci_user.user_135                                                      98ms
  sci_user.user_136                                                      83ms
  sci_user.user_137                                                      96ms
  sci_user.user_138                                                      92ms
  sci_user.user_139                                                      89ms
  sci_user.user_14                                                       129ms
  sci_user.user_140                                                      92ms
  sci_user.user_141                                                      96ms
  sci_user.user_142                                                      90ms
  sci_user.user_143                                                      90ms
  sci_user.user_144                                                      98ms
  sci_user.user_145                                                      93ms
  sci_user.user_146                                                      95ms
  sci_user.user_147                                                      90ms
  sci_user.user_148                                                      98ms
  sci_user.user_149                                                      94ms
  sci_user.user_15                                                       84ms
  sci_user.user_150                                                      88ms
  sci_user.user_151                                                      96ms
  sci_user.user_152                                                      96ms
  sci_user.user_153                                                      115ms
  sci_user.user_154                                                      85ms
  sci_user.user_155                                                      97ms
  sci_user.user_156                                                      91ms
  sci_user.user_157                                                      94ms
  sci_user.user_158                                                      92ms
  sci_user.user_159                                                      97ms
  sci_user.user_16                                                       100ms
  sci_user.user_160                                                      131ms
  sci_user.user_161                                                      87ms
  sci_user.user_162                                                      95ms
  sci_user.user_163                                                      93ms
  sci_user.user_164                                                      88ms
  sci_user.user_165                                                      95ms
  sci_user.user_166                                                      83ms
  sci_user.user_167                                                      87ms
  sci_user.user_168                                                      92ms
  sci_user.user_169                                                      93ms
  sci_user.user_17                                                       92ms
  sci_user.user_170                                                      102ms
  sci_user.user_171                                                      92ms
  sci_user.user_172                                                      92ms
  sci_user.user_173                                                      93ms
  sci_user.user_174                                                      95ms
  sci_user.user_175                                                      87ms
  sci_user.user_176                                                      184ms
  sci_user.user_177                                                      95ms
  sci_user.user_178                                                      80ms
  sci_user.user_179                                                      185ms
  sci_user.user_18                                                       95ms
  sci_user.user_180                                                      98ms
  sci_user.user_181                                                      95ms
  sci_user.user_182                                                      93ms
  sci_user.user_183                                                      96ms
  sci_user.user_184                                                      97ms
  sci_user.user_185                                                      103ms
  sci_user.user_186                                                      92ms
  sci_user.user_187                                                      134ms
  sci_user.user_188                                                      92ms
  sci_user.user_189                                                      96ms
  sci_user.user_19                                                       93ms
  sci_user.user_190                                                      100ms
  sci_user.user_191                                                      124ms
  sci_user.user_192                                                      96ms
  sci_user.user_193                                                      91ms
  sci_user.user_194                                                      99ms
  sci_user.user_195                                                      90ms
  sci_user.user_196                                                      82ms
  sci_user.user_197                                                      92ms
  sci_user.user_198                                                      86ms
  sci_user.user_199                                                      89ms
  sci_user.user_2                                                        98ms
  sci_user.user_20                                                       89ms
  sci_user.user_200                                                      92ms
  sci_user.user_201                                                      92ms
  sci_user.user_202                                                      94ms
  sci_user.user_203                                                      91ms
  sci_user.user_204                                                      84ms
  sci_user.user_205                                                      91ms
  sci_user.user_206                                                      102ms
  sci_user.user_207                                                      92ms
  sci_user.user_208                                                      91ms
  sci_user.user_209                                                      85ms
  sci_user.user_21                                                       91ms
  sci_user.user_210                                                      88ms
  sci_user.user_211                                                      95ms
  sci_user.user_212                                                      100ms
  sci_user.user_213                                                      91ms
  sci_user.user_214                                                      88ms
  sci_user.user_215                                                      93ms
  sci_user.user_216                                                      97ms
  sci_user.user_217                                                      103ms
  sci_user.user_218                                                      105ms
  sci_user.user_219                                                      104ms
  sci_user.user_22                                                       90ms
  sci_user.user_220                                                      98ms
  sci_user.user_221                                                      86ms
  sci_user.user_222                                                      89ms
  sci_user.user_223                                                      96ms
  sci_user.user_224                                                      91ms
  sci_user.user_225                                                      87ms
  sci_user.user_226                                                      88ms
  sci_user.user_227                                                      98ms
  sci_user.user_228                                                      106ms
  sci_user.user_229                                                      93ms
  sci_user.user_23                                                       92ms
  sci_user.user_230                                                      92ms
  sci_user.user_231                                                      95ms
  sci_user.user_232                                                      99ms
  sci_user.user_233                                                      89ms
  sci_user.user_234                                                      99ms
  sci_user.user_235                                                      90ms
  sci_user.user_236                                                      95ms
  sci_user.user_237                                                      96ms
  sci_user.user_238                                                      93ms
  sci_user.user_239                                                      89ms
  sci_user.user_24                                                       123ms
  sci_user.user_240                                                      97ms
  sci_user.user_241                                                      92ms
  sci_user.user_242                                                      104ms
  sci_user.user_243                                                      92ms
  sci_user.user_244                                                      117ms
  sci_user.user_245                                                      93ms
  sci_user.user_246                                                      92ms
  sci_user.user_247                                                      88ms
  sci_user.user_248                                                      99ms
  sci_user.user_249                                                      85ms
  sci_user.user_25                                                       86ms
  sci_user.user_250                                                      94ms
  sci_user.user_26                                                       85ms
  sci_user.user_27                                                       89ms
  sci_user.user_28                                                       90ms
  sci_user.user_29                                                       92ms
  sci_user.user_3                                                        98ms
  sci_user.user_30                                                       105ms
  sci_user.user_31                                                       93ms
  sci_user.user_32                                                       100ms
  sci_user.user_33                                                       99ms
  sci_user.user_34                                                       90ms
  sci_user.user_35                                                       90ms
  sci_user.user_36                                                       91ms
  sci_user.user_37                                                       86ms
  sci_user.user_38                                                       95ms
  sci_user.user_39                                                       89ms
  sci_user.user_4                                                        107ms
  sci_user.user_40                                                       95ms
  sci_user.user_41                                                       97ms
  sci_user.user_42                                                       108ms
  sci_user.user_43                                                       92ms
  sci_user.user_44                                                       103ms
  sci_user.user_45                                                       138ms
  sci_user.user_46                                                       83ms
  sci_user.user_47                                                       88ms
  sci_user.user_48                                                       92ms
  sci_user.user_49                                                       93ms
  sci_user.user_5                                                        89ms
  sci_user.user_50                                                       95ms
  sci_user.user_51                                                       94ms
  sci_user.user_52                                                       129ms
  sci_user.user_53                                                       101ms
  sci_user.user_54                                                       91ms
  sci_user.user_55                                                       99ms
  sci_user.user_56                                                       90ms
  sci_user.user_57                                                       93ms
  sci_user.user_58                                                       89ms
  sci_user.user_59                                                       94ms
  sci_user.user_6                                                        88ms
  sci_user.user_60                                                       81ms
  sci_user.user_61                                                       103ms
  sci_user.user_62                                                       156ms
  sci_user.user_63                                                       97ms
  sci_user.user_64                                                       93ms
  sci_user.user_65                                                       97ms
  sci_user.user_66                                                       93ms
  sci_user.user_67                                                       93ms
  sci_user.user_68                                                       99ms
  sci_user.user_69                                                       93ms
  sci_user.user_7                                                        89ms
  sci_user.user_70                                                       92ms
  sci_user.user_71                                                       92ms
  sci_user.user_72                                                       92ms
  sci_user.user_73                                                       98ms
  sci_user.user_74                                                       86ms
  sci_user.user_75                                                       90ms
  sci_user.user_76                                                       98ms
  sci_user.user_77                                                       99ms
  sci_user.user_78                                                       93ms
  sci_user.user_79                                                       89ms
  sci_user.user_8                                                        97ms
  sci_user.user_80                                                       97ms
  sci_user.user_81                                                       93ms
  sci_user.user_82                                                       93ms
  sci_user.user_83                                                       97ms
  sci_user.user_84                                                       91ms
  sci_user.user_85                                                       101ms
  sci_user.user_86                                                       91ms
  sci_user.user_87                                                       99ms
  sci_user.user_88                                                       97ms
  sci_user.user_89                                                       105ms
  sci_user.user_9                                                        96ms
  sci_user.user_90                                                       91ms
  sci_user.user_91                                                       124ms
  sci_user.user_92                                                       98ms
  sci_user.user_93                                                       133ms
  sci_user.user_94                                                       100ms
  sci_user.user_95                                                       89ms
  sci_user.user_96                                                       96ms
  sci_user.user_97                                                       87ms
  sci_user.user_98                                                       95ms
  sci_user.user_99                                                       87ms


Run 3/3:
  Total run time: 633.401294s
  btp_directory.directory_1                                              542ms
  btp_directory.directory_10                                             549ms
  btp_directory.directory_11                                             507ms
  btp_directory.directory_12                                             531ms
  btp_directory.directory_13                                             534ms
  btp_directory.directory_14                                             477ms
  btp_directory.directory_15                                             534ms
  btp_directory.directory_16                                             495ms
  btp_directory.directory_17                                             503ms
  btp_directory.directory_18                                             537ms
  btp_directory.directory_19                                             505ms
  btp_directory.directory_2                                              520ms
  btp_directory.directory_20                                             463ms
  btp_directory.directory_21                                             557ms
  btp_directory.directory_22                                             477ms
  btp_directory.directory_23                                             529ms
  btp_directory.directory_24                                             502ms
  btp_directory.directory_25                                             549ms
  btp_directory.directory_26                                             514ms
  btp_directory.directory_27                                             523ms
  btp_directory.directory_28                                             514ms
  btp_directory.directory_29                                             531ms
  btp_directory.directory_3                                              488ms
  btp_directory.directory_30                                             530ms
  btp_directory.directory_31                                             511ms
  btp_directory.directory_32                                             528ms
  btp_directory.directory_33                                             534ms
  btp_directory.directory_34                                             548ms
  btp_directory.directory_35                                             481ms
  btp_directory.directory_36                                             520ms
  btp_directory.directory_37                                             555ms
  btp_directory.directory_38                                             557ms
  btp_directory.directory_39                                             553ms
  btp_directory.directory_4                                              525ms
  btp_directory.directory_40                                             553ms
  btp_directory.directory_41                                             490ms
  btp_directory.directory_42                                             511ms
  btp_directory.directory_43                                             465ms
  btp_directory.directory_44                                             513ms
  btp_directory.directory_45                                             594ms
  btp_directory.directory_46                                             466ms
  btp_directory.directory_47                                             552ms
  btp_directory.directory_48                                             597ms
  btp_directory.directory_49                                             533ms
  btp_directory.directory_5                                              504ms
  btp_directory.directory_50                                             554ms
  btp_directory.directory_6                                              471ms
  btp_directory.directory_7                                              466ms
  btp_directory.directory_8                                              545ms
  btp_directory.directory_9                                              548ms
  btp_subaccount.subaccount_1                                            223ms
  btp_subaccount.subaccount_10                                           212ms
  btp_subaccount.subaccount_11                                           205ms
  btp_subaccount.subaccount_12                                           235ms
  btp_subaccount.subaccount_13                                           224ms
  btp_subaccount.subaccount_14                                           224ms
  btp_subaccount.subaccount_15                                           259ms
  btp_subaccount.subaccount_16                                           236ms
  btp_subaccount.subaccount_17                                           218ms
  btp_subaccount.subaccount_18                                           209ms
  btp_subaccount.subaccount_19                                           239ms
  btp_subaccount.subaccount_2                                            205ms
  btp_subaccount.subaccount_20                                           228ms
  btp_subaccount.subaccount_21                                           233ms
  btp_subaccount.subaccount_22                                           219ms
  btp_subaccount.subaccount_23                                           226ms
  btp_subaccount.subaccount_24                                           216ms
  btp_subaccount.subaccount_25                                           215ms
  btp_subaccount.subaccount_26                                           208ms
  btp_subaccount.subaccount_27                                           207ms
  btp_subaccount.subaccount_28                                           239ms
  btp_subaccount.subaccount_29                                           230ms
  btp_subaccount.subaccount_3                                            228ms
  btp_subaccount.subaccount_30                                           226ms
  btp_subaccount.subaccount_31                                           202ms
  btp_subaccount.subaccount_32                                           270ms
  btp_subaccount.subaccount_33                                           229ms
  btp_subaccount.subaccount_34                                           210ms
  btp_subaccount.subaccount_35                                           213ms
  btp_subaccount.subaccount_36                                           228ms
  btp_subaccount.subaccount_37                                           228ms
  btp_subaccount.subaccount_38                                           209ms
  btp_subaccount.subaccount_39                                           220ms
  btp_subaccount.subaccount_4                                            224ms
  btp_subaccount.subaccount_40                                           215ms
  btp_subaccount.subaccount_41                                           244ms
  btp_subaccount.subaccount_42                                           217ms
  btp_subaccount.subaccount_43                                           216ms
  btp_subaccount.subaccount_44                                           205ms
  btp_subaccount.subaccount_45                                           203ms
  btp_subaccount.subaccount_46                                           257ms
  btp_subaccount.subaccount_47                                           224ms
  btp_subaccount.subaccount_48                                           201ms
  btp_subaccount.subaccount_49                                           248ms
  btp_subaccount.subaccount_5                                            224ms
  btp_subaccount.subaccount_50                                           218ms
  btp_subaccount.subaccount_6                                            214ms
  btp_subaccount.subaccount_7                                            266ms
  btp_subaccount.subaccount_8                                            230ms
  btp_subaccount.subaccount_9                                            223ms
  btp_subaccount_destination_generic.destination_1                       1122ms
  btp_subaccount_destination_generic.destination_10                      176ms
  btp_subaccount_destination_generic.destination_100                     296ms
  btp_subaccount_destination_generic.destination_11                      231ms
  btp_subaccount_destination_generic.destination_12                      186ms
  btp_subaccount_destination_generic.destination_13                      168ms
  btp_subaccount_destination_generic.destination_14                      359ms
  btp_subaccount_destination_generic.destination_15                      876ms
  btp_subaccount_destination_generic.destination_16                      387ms
  btp_subaccount_destination_generic.destination_17                      148ms
  btp_subaccount_destination_generic.destination_18                      230ms
  btp_subaccount_destination_generic.destination_19                      140ms
  btp_subaccount_destination_generic.destination_2                       14323ms
  btp_subaccount_destination_generic.destination_20                      151ms
  btp_subaccount_destination_generic.destination_21                      157ms
  btp_subaccount_destination_generic.destination_22                      158ms
  btp_subaccount_destination_generic.destination_23                      903ms
  btp_subaccount_destination_generic.destination_24                      11824ms
  btp_subaccount_destination_generic.destination_25                      187ms
  btp_subaccount_destination_generic.destination_26                      139ms
  btp_subaccount_destination_generic.destination_27                      295ms
  btp_subaccount_destination_generic.destination_28                      167ms
  btp_subaccount_destination_generic.destination_29                      182ms
  btp_subaccount_destination_generic.destination_3                       678ms
  btp_subaccount_destination_generic.destination_30                      380ms
  btp_subaccount_destination_generic.destination_31                      942ms
  btp_subaccount_destination_generic.destination_32                      903ms
  btp_subaccount_destination_generic.destination_33                      560ms
  btp_subaccount_destination_generic.destination_34                      392ms
  btp_subaccount_destination_generic.destination_35                      494ms
  btp_subaccount_destination_generic.destination_36                      261ms
  btp_subaccount_destination_generic.destination_37                      346ms
  btp_subaccount_destination_generic.destination_38                      789ms
  btp_subaccount_destination_generic.destination_39                      170ms
  btp_subaccount_destination_generic.destination_4                       772ms
  btp_subaccount_destination_generic.destination_40                      149ms
  btp_subaccount_destination_generic.destination_41                      277ms
  btp_subaccount_destination_generic.destination_42                      292ms
  btp_subaccount_destination_generic.destination_43                      167ms
  btp_subaccount_destination_generic.destination_44                      379ms
  btp_subaccount_destination_generic.destination_45                      154ms
  btp_subaccount_destination_generic.destination_46                      360ms
  btp_subaccount_destination_generic.destination_47                      205ms
  btp_subaccount_destination_generic.destination_48                      445ms
  btp_subaccount_destination_generic.destination_49                      154ms
  btp_subaccount_destination_generic.destination_5                       244ms
  btp_subaccount_destination_generic.destination_50                      540ms
  btp_subaccount_destination_generic.destination_51                      556ms
  btp_subaccount_destination_generic.destination_52                      762ms
  btp_subaccount_destination_generic.destination_53                      349ms
  btp_subaccount_destination_generic.destination_54                      501ms
  btp_subaccount_destination_generic.destination_55                      507ms
  btp_subaccount_destination_generic.destination_56                      344ms
  btp_subaccount_destination_generic.destination_57                      221ms
  btp_subaccount_destination_generic.destination_58                      172ms
  btp_subaccount_destination_generic.destination_59                      941ms
  btp_subaccount_destination_generic.destination_6                       144ms
  btp_subaccount_destination_generic.destination_60                      12054ms
  btp_subaccount_destination_generic.destination_61                      235ms
  btp_subaccount_destination_generic.destination_62                      233ms
  btp_subaccount_destination_generic.destination_63                      140ms
  btp_subaccount_destination_generic.destination_64                      176ms
  btp_subaccount_destination_generic.destination_65                      374ms
  btp_subaccount_destination_generic.destination_66                      1191ms
  btp_subaccount_destination_generic.destination_67                      416ms
  btp_subaccount_destination_generic.destination_68                      505ms
  btp_subaccount_destination_generic.destination_69                      386ms
  btp_subaccount_destination_generic.destination_7                       154ms
  btp_subaccount_destination_generic.destination_70                      151ms
  btp_subaccount_destination_generic.destination_71                      152ms
  btp_subaccount_destination_generic.destination_72                      184ms
  btp_subaccount_destination_generic.destination_73                      171ms
  btp_subaccount_destination_generic.destination_74                      164ms
  btp_subaccount_destination_generic.destination_75                      205ms
  btp_subaccount_destination_generic.destination_76                      190ms
  btp_subaccount_destination_generic.destination_77                      336ms
  btp_subaccount_destination_generic.destination_78                      358ms
  btp_subaccount_destination_generic.destination_79                      346ms
  btp_subaccount_destination_generic.destination_8                       190ms
  btp_subaccount_destination_generic.destination_80                      163ms
  btp_subaccount_destination_generic.destination_81                      207ms
  btp_subaccount_destination_generic.destination_82                      259ms
  btp_subaccount_destination_generic.destination_83                      437ms
  btp_subaccount_destination_generic.destination_84                      657ms
  btp_subaccount_destination_generic.destination_85                      176ms
  btp_subaccount_destination_generic.destination_86                      210ms
  btp_subaccount_destination_generic.destination_87                      820ms
  btp_subaccount_destination_generic.destination_88                      156ms
  btp_subaccount_destination_generic.destination_89                      160ms
  btp_subaccount_destination_generic.destination_9                       179ms
  btp_subaccount_destination_generic.destination_90                      463ms
  btp_subaccount_destination_generic.destination_91                      165ms
  btp_subaccount_destination_generic.destination_92                      124ms
  btp_subaccount_destination_generic.destination_93                      224ms
  btp_subaccount_destination_generic.destination_94                      178ms
  btp_subaccount_destination_generic.destination_95                      141ms
  btp_subaccount_destination_generic.destination_96                      437ms
  btp_subaccount_destination_generic.destination_97                      172ms
  btp_subaccount_destination_generic.destination_98                      195ms
  btp_subaccount_destination_generic.destination_99                      926ms
  btp_subaccount_entitlement.entitlement_1                               14463ms
  btp_subaccount_entitlement.entitlement_10                              10976ms
  btp_subaccount_entitlement.entitlement_100                             11082ms
  btp_subaccount_entitlement.entitlement_101                             10535ms
  btp_subaccount_entitlement.entitlement_102                             11032ms
  btp_subaccount_entitlement.entitlement_103                             10738ms
  btp_subaccount_entitlement.entitlement_104                             11375ms
  btp_subaccount_entitlement.entitlement_105                             10888ms
  btp_subaccount_entitlement.entitlement_106                             11153ms
  btp_subaccount_entitlement.entitlement_107                             10646ms
  btp_subaccount_entitlement.entitlement_108                             10844ms
  btp_subaccount_entitlement.entitlement_109                             10820ms
  btp_subaccount_entitlement.entitlement_11                              10943ms
  btp_subaccount_entitlement.entitlement_110                             10859ms
  btp_subaccount_entitlement.entitlement_111                             10585ms
  btp_subaccount_entitlement.entitlement_112                             10712ms
  btp_subaccount_entitlement.entitlement_113                             11429ms
  btp_subaccount_entitlement.entitlement_114                             11405ms
  btp_subaccount_entitlement.entitlement_115                             11440ms
  btp_subaccount_entitlement.entitlement_116                             11358ms
  btp_subaccount_entitlement.entitlement_117                             16814ms
  btp_subaccount_entitlement.entitlement_118                             29034ms
  btp_subaccount_entitlement.entitlement_119                             13330ms
  btp_subaccount_entitlement.entitlement_12                              10975ms
  btp_subaccount_entitlement.entitlement_120                             36819ms
  btp_subaccount_entitlement.entitlement_121                             10717ms
  btp_subaccount_entitlement.entitlement_122                             11377ms
  btp_subaccount_entitlement.entitlement_123                             11412ms
  btp_subaccount_entitlement.entitlement_124                             11025ms
  btp_subaccount_entitlement.entitlement_125                             10645ms
  btp_subaccount_entitlement.entitlement_126                             10634ms
  btp_subaccount_entitlement.entitlement_127                             11062ms
  btp_subaccount_entitlement.entitlement_128                             10737ms
  btp_subaccount_entitlement.entitlement_129                             11375ms
  btp_subaccount_entitlement.entitlement_13                              10839ms
  btp_subaccount_entitlement.entitlement_130                             11959ms
  btp_subaccount_entitlement.entitlement_131                             19453ms
  btp_subaccount_entitlement.entitlement_132                             21803ms
  btp_subaccount_entitlement.entitlement_133                             10936ms
  btp_subaccount_entitlement.entitlement_134                             11590ms
  btp_subaccount_entitlement.entitlement_135                             10891ms
  btp_subaccount_entitlement.entitlement_136                             10955ms
  btp_subaccount_entitlement.entitlement_137                             12018ms
  btp_subaccount_entitlement.entitlement_138                             11193ms
  btp_subaccount_entitlement.entitlement_139                             11484ms
  btp_subaccount_entitlement.entitlement_14                              10834ms
  btp_subaccount_entitlement.entitlement_140                             11186ms
  btp_subaccount_entitlement.entitlement_141                             11431ms
  btp_subaccount_entitlement.entitlement_142                             10865ms
  btp_subaccount_entitlement.entitlement_143                             11075ms
  btp_subaccount_entitlement.entitlement_144                             10523ms
  btp_subaccount_entitlement.entitlement_145                             10806ms
  btp_subaccount_entitlement.entitlement_146                             10766ms
  btp_subaccount_entitlement.entitlement_147                             10740ms
  btp_subaccount_entitlement.entitlement_148                             11073ms
  btp_subaccount_entitlement.entitlement_149                             10773ms
  btp_subaccount_entitlement.entitlement_15                              11239ms
  btp_subaccount_entitlement.entitlement_150                             10875ms
  btp_subaccount_entitlement.entitlement_151                             10892ms
  btp_subaccount_entitlement.entitlement_152                             10817ms
  btp_subaccount_entitlement.entitlement_153                             11374ms
  btp_subaccount_entitlement.entitlement_154                             10987ms
  btp_subaccount_entitlement.entitlement_155                             11560ms
  btp_subaccount_entitlement.entitlement_156                             11350ms
  btp_subaccount_entitlement.entitlement_157                             11350ms
  btp_subaccount_entitlement.entitlement_158                             10730ms
  btp_subaccount_entitlement.entitlement_159                             11019ms
  btp_subaccount_entitlement.entitlement_16                              10538ms
  btp_subaccount_entitlement.entitlement_160                             10556ms
  btp_subaccount_entitlement.entitlement_161                             10509ms
  btp_subaccount_entitlement.entitlement_162                             10733ms
  btp_subaccount_entitlement.entitlement_163                             10511ms
  btp_subaccount_entitlement.entitlement_164                             11075ms
  btp_subaccount_entitlement.entitlement_165                             11366ms
  btp_subaccount_entitlement.entitlement_166                             11738ms
  btp_subaccount_entitlement.entitlement_167                             11802ms
  btp_subaccount_entitlement.entitlement_168                             11150ms
  btp_subaccount_entitlement.entitlement_169                             10534ms
  btp_subaccount_entitlement.entitlement_17                              10603ms
  btp_subaccount_entitlement.entitlement_170                             10560ms
  btp_subaccount_entitlement.entitlement_171                             11336ms
  btp_subaccount_entitlement.entitlement_172                             11263ms
  btp_subaccount_entitlement.entitlement_173                             10728ms
  btp_subaccount_entitlement.entitlement_174                             10786ms
  btp_subaccount_entitlement.entitlement_175                             10863ms
  btp_subaccount_entitlement.entitlement_176                             11139ms
  btp_subaccount_entitlement.entitlement_177                             10666ms
  btp_subaccount_entitlement.entitlement_178                             10907ms
  btp_subaccount_entitlement.entitlement_179                             11754ms
  btp_subaccount_entitlement.entitlement_18                              10885ms
  btp_subaccount_entitlement.entitlement_180                             11572ms
  btp_subaccount_entitlement.entitlement_181                             10714ms
  btp_subaccount_entitlement.entitlement_182                             10835ms
  btp_subaccount_entitlement.entitlement_183                             10852ms
  btp_subaccount_entitlement.entitlement_184                             11001ms
  btp_subaccount_entitlement.entitlement_185                             11136ms
  btp_subaccount_entitlement.entitlement_186                             10859ms
  btp_subaccount_entitlement.entitlement_187                             10519ms
  btp_subaccount_entitlement.entitlement_188                             10743ms
  btp_subaccount_entitlement.entitlement_189                             10826ms
  btp_subaccount_entitlement.entitlement_19                              10751ms
  btp_subaccount_entitlement.entitlement_190                             11034ms
  btp_subaccount_entitlement.entitlement_191                             11799ms
  btp_subaccount_entitlement.entitlement_192                             11361ms
  btp_subaccount_entitlement.entitlement_193                             10544ms
  btp_subaccount_entitlement.entitlement_194                             11188ms
  btp_subaccount_entitlement.entitlement_195                             10717ms
  btp_subaccount_entitlement.entitlement_196                             10989ms
  btp_subaccount_entitlement.entitlement_197                             12287ms
  btp_subaccount_entitlement.entitlement_198                             11495ms
  btp_subaccount_entitlement.entitlement_199                             11507ms
  btp_subaccount_entitlement.entitlement_2                               13695ms
  btp_subaccount_entitlement.entitlement_20                              10527ms
  btp_subaccount_entitlement.entitlement_200                             11345ms
  btp_subaccount_entitlement.entitlement_21                              10662ms
  btp_subaccount_entitlement.entitlement_22                              11601ms
  btp_subaccount_entitlement.entitlement_23                              11338ms
  btp_subaccount_entitlement.entitlement_24                              10861ms
  btp_subaccount_entitlement.entitlement_25                              10824ms
  btp_subaccount_entitlement.entitlement_26                              11239ms
  btp_subaccount_entitlement.entitlement_27                              11053ms
  btp_subaccount_entitlement.entitlement_28                              11419ms
  btp_subaccount_entitlement.entitlement_29                              11450ms
  btp_subaccount_entitlement.entitlement_3                               16761ms
  btp_subaccount_entitlement.entitlement_30                              11928ms
  btp_subaccount_entitlement.entitlement_31                              12023ms
  btp_subaccount_entitlement.entitlement_32                              10962ms
  btp_subaccount_entitlement.entitlement_33                              11324ms
  btp_subaccount_entitlement.entitlement_34                              11086ms
  btp_subaccount_entitlement.entitlement_35                              10801ms
  btp_subaccount_entitlement.entitlement_36                              10693ms
  btp_subaccount_entitlement.entitlement_37                              10785ms
  btp_subaccount_entitlement.entitlement_38                              10680ms
  btp_subaccount_entitlement.entitlement_39                              10904ms
  btp_subaccount_entitlement.entitlement_4                               16363ms
  btp_subaccount_entitlement.entitlement_40                              10560ms
  btp_subaccount_entitlement.entitlement_41                              11171ms
  btp_subaccount_entitlement.entitlement_42                              10527ms
  btp_subaccount_entitlement.entitlement_43                              10575ms
  btp_subaccount_entitlement.entitlement_44                              10972ms
  btp_subaccount_entitlement.entitlement_45                              12065ms
  btp_subaccount_entitlement.entitlement_46                              11648ms
  btp_subaccount_entitlement.entitlement_47                              11160ms
  btp_subaccount_entitlement.entitlement_48                              23039ms
  btp_subaccount_entitlement.entitlement_49                              10617ms
  btp_subaccount_entitlement.entitlement_5                               11175ms
  btp_subaccount_entitlement.entitlement_50                              10600ms
  btp_subaccount_entitlement.entitlement_51                              10506ms
  btp_subaccount_entitlement.entitlement_52                              10637ms
  btp_subaccount_entitlement.entitlement_53                              11216ms
  btp_subaccount_entitlement.entitlement_54                              10653ms
  btp_subaccount_entitlement.entitlement_55                              11279ms
  btp_subaccount_entitlement.entitlement_56                              11064ms
  btp_subaccount_entitlement.entitlement_57                              10901ms
  btp_subaccount_entitlement.entitlement_58                              10967ms
  btp_subaccount_entitlement.entitlement_59                              11727ms
  btp_subaccount_entitlement.entitlement_6                               10945ms
  btp_subaccount_entitlement.entitlement_60                              10681ms
  btp_subaccount_entitlement.entitlement_61                              11143ms
  btp_subaccount_entitlement.entitlement_62                              11749ms
  btp_subaccount_entitlement.entitlement_63                              11763ms
  btp_subaccount_entitlement.entitlement_64                              12200ms
  btp_subaccount_entitlement.entitlement_65                              11775ms
  btp_subaccount_entitlement.entitlement_66                              11342ms
  btp_subaccount_entitlement.entitlement_67                              11198ms
  btp_subaccount_entitlement.entitlement_68                              10562ms
  btp_subaccount_entitlement.entitlement_69                              20821ms
  btp_subaccount_entitlement.entitlement_7                               11326ms
  btp_subaccount_entitlement.entitlement_70                              20099ms
  btp_subaccount_entitlement.entitlement_71                              19018ms
  btp_subaccount_entitlement.entitlement_72                              18921ms
  btp_subaccount_entitlement.entitlement_73                              10559ms
  btp_subaccount_entitlement.entitlement_74                              10843ms
  btp_subaccount_entitlement.entitlement_75                              11404ms
  btp_subaccount_entitlement.entitlement_76                              11481ms
  btp_subaccount_entitlement.entitlement_77                              10682ms
  btp_subaccount_entitlement.entitlement_78                              11019ms
  btp_subaccount_entitlement.entitlement_79                              10734ms
  btp_subaccount_entitlement.entitlement_8                               11354ms
  btp_subaccount_entitlement.entitlement_80                              10609ms
  btp_subaccount_entitlement.entitlement_81                              10636ms
  btp_subaccount_entitlement.entitlement_82                              10590ms
  btp_subaccount_entitlement.entitlement_83                              10957ms
  btp_subaccount_entitlement.entitlement_84                              10589ms
  btp_subaccount_entitlement.entitlement_85                              11496ms
  btp_subaccount_entitlement.entitlement_86                              11190ms
  btp_subaccount_entitlement.entitlement_87                              10726ms
  btp_subaccount_entitlement.entitlement_88                              11666ms
  btp_subaccount_entitlement.entitlement_89                              10627ms
  btp_subaccount_entitlement.entitlement_9                               11113ms
  btp_subaccount_entitlement.entitlement_90                              10552ms
  btp_subaccount_entitlement.entitlement_91                              10645ms
  btp_subaccount_entitlement.entitlement_92                              11349ms
  btp_subaccount_entitlement.entitlement_93                              11172ms
  btp_subaccount_entitlement.entitlement_94                              11291ms
  btp_subaccount_entitlement.entitlement_95                              11475ms
  btp_subaccount_entitlement.entitlement_96                              11716ms
  btp_subaccount_entitlement.entitlement_97                              10955ms
  btp_subaccount_entitlement.entitlement_98                              10689ms
  btp_subaccount_entitlement.entitlement_99                              10784ms
  btp_subaccount_environment_instance.cloudfoundry_1                     512ms
  btp_subaccount_environment_instance.cloudfoundry_10                    461ms
  btp_subaccount_environment_instance.cloudfoundry_11                    525ms
  btp_subaccount_environment_instance.cloudfoundry_12                    1006ms
  btp_subaccount_environment_instance.cloudfoundry_13                    378ms
  btp_subaccount_environment_instance.cloudfoundry_14                    354ms
  btp_subaccount_environment_instance.cloudfoundry_15                    657ms
  btp_subaccount_environment_instance.cloudfoundry_16                    465ms
  btp_subaccount_environment_instance.cloudfoundry_17                    417ms
  btp_subaccount_environment_instance.cloudfoundry_18                    373ms
  btp_subaccount_environment_instance.cloudfoundry_19                    299ms
  btp_subaccount_environment_instance.cloudfoundry_2                     709ms
  btp_subaccount_environment_instance.cloudfoundry_20                    381ms
  btp_subaccount_environment_instance.cloudfoundry_21                    294ms
  btp_subaccount_environment_instance.cloudfoundry_22                    551ms
  btp_subaccount_environment_instance.cloudfoundry_23                    516ms
  btp_subaccount_environment_instance.cloudfoundry_24                    422ms
  btp_subaccount_environment_instance.cloudfoundry_25                    928ms
  btp_subaccount_environment_instance.cloudfoundry_26                    628ms
  btp_subaccount_environment_instance.cloudfoundry_27                    416ms
  btp_subaccount_environment_instance.cloudfoundry_28                    519ms
  btp_subaccount_environment_instance.cloudfoundry_29                    545ms
  btp_subaccount_environment_instance.cloudfoundry_3                     426ms
  btp_subaccount_environment_instance.cloudfoundry_30                    981ms
  btp_subaccount_environment_instance.cloudfoundry_31                    643ms
  btp_subaccount_environment_instance.cloudfoundry_32                    409ms
  btp_subaccount_environment_instance.cloudfoundry_33                    425ms
  btp_subaccount_environment_instance.cloudfoundry_34                    505ms
  btp_subaccount_environment_instance.cloudfoundry_35                    461ms
  btp_subaccount_environment_instance.cloudfoundry_36                    408ms
  btp_subaccount_environment_instance.cloudfoundry_37                    321ms
  btp_subaccount_environment_instance.cloudfoundry_38                    576ms
  btp_subaccount_environment_instance.cloudfoundry_39                    758ms
  btp_subaccount_environment_instance.cloudfoundry_4                     348ms
  btp_subaccount_environment_instance.cloudfoundry_40                    715ms
  btp_subaccount_environment_instance.cloudfoundry_41                    303ms
  btp_subaccount_environment_instance.cloudfoundry_42                    340ms
  btp_subaccount_environment_instance.cloudfoundry_43                    750ms
  btp_subaccount_environment_instance.cloudfoundry_44                    314ms
  btp_subaccount_environment_instance.cloudfoundry_45                    300ms
  btp_subaccount_environment_instance.cloudfoundry_46                    327ms
  btp_subaccount_environment_instance.cloudfoundry_47                    300ms
  btp_subaccount_environment_instance.cloudfoundry_48                    419ms
  btp_subaccount_environment_instance.cloudfoundry_49                    399ms
  btp_subaccount_environment_instance.cloudfoundry_5                     311ms
  btp_subaccount_environment_instance.cloudfoundry_50                    335ms
  btp_subaccount_environment_instance.cloudfoundry_6                     350ms
  btp_subaccount_environment_instance.cloudfoundry_7                     355ms
  btp_subaccount_environment_instance.cloudfoundry_8                     361ms
  btp_subaccount_environment_instance.cloudfoundry_9                     567ms
  btp_subaccount_role.role_1                                             1284ms
  btp_subaccount_role.role_10                                            194ms
  btp_subaccount_role.role_100                                           347ms
  btp_subaccount_role.role_11                                            540ms
  btp_subaccount_role.role_12                                            340ms
  btp_subaccount_role.role_13                                            147ms
  btp_subaccount_role.role_14                                            210ms
  btp_subaccount_role.role_15                                            738ms
  btp_subaccount_role.role_16                                            210ms
  btp_subaccount_role.role_17                                            608ms
  btp_subaccount_role.role_18                                            344ms
  btp_subaccount_role.role_19                                            210ms
  btp_subaccount_role.role_2                                             1177ms
  btp_subaccount_role.role_20                                            172ms
  btp_subaccount_role.role_21                                            513ms
  btp_subaccount_role.role_22                                            183ms
  btp_subaccount_role.role_23                                            688ms
  btp_subaccount_role.role_24                                            883ms
  btp_subaccount_role.role_25                                            178ms
  btp_subaccount_role.role_26                                            203ms
  btp_subaccount_role.role_27                                            189ms
  btp_subaccount_role.role_28                                            171ms
  btp_subaccount_role.role_29                                            596ms
  btp_subaccount_role.role_3                                             228ms
  btp_subaccount_role.role_30                                            231ms
  btp_subaccount_role.role_31                                            217ms
  btp_subaccount_role.role_32                                            260ms
  btp_subaccount_role.role_33                                            524ms
  btp_subaccount_role.role_34                                            530ms
  btp_subaccount_role.role_35                                            344ms
  btp_subaccount_role.role_36                                            507ms
  btp_subaccount_role.role_37                                            249ms
  btp_subaccount_role.role_38                                            752ms
  btp_subaccount_role.role_39                                            159ms
  btp_subaccount_role.role_4                                             433ms
  btp_subaccount_role.role_40                                            229ms
  btp_subaccount_role.role_41                                            201ms
  btp_subaccount_role.role_42                                            482ms
  btp_subaccount_role.role_43                                            213ms
  btp_subaccount_role.role_44                                            216ms
  btp_subaccount_role.role_45                                            210ms
  btp_subaccount_role.role_46                                            501ms
  btp_subaccount_role.role_47                                            694ms
  btp_subaccount_role.role_48                                            159ms
  btp_subaccount_role.role_49                                            432ms
  btp_subaccount_role.role_5                                             177ms
  btp_subaccount_role.role_50                                            730ms
  btp_subaccount_role.role_51                                            205ms
  btp_subaccount_role.role_52                                            153ms
  btp_subaccount_role.role_53                                            251ms
  btp_subaccount_role.role_54                                            771ms
  btp_subaccount_role.role_55                                            155ms
  btp_subaccount_role.role_56                                            583ms
  btp_subaccount_role.role_57                                            178ms
  btp_subaccount_role.role_58                                            476ms
  btp_subaccount_role.role_59                                            12080ms
  btp_subaccount_role.role_6                                             184ms
  btp_subaccount_role.role_60                                            888ms
  btp_subaccount_role.role_61                                            534ms
  btp_subaccount_role.role_62                                            204ms
  btp_subaccount_role.role_63                                            178ms
  btp_subaccount_role.role_64                                            535ms
  btp_subaccount_role.role_65                                            757ms
  btp_subaccount_role.role_66                                            1202ms
  btp_subaccount_role.role_67                                            243ms
  btp_subaccount_role.role_68                                            183ms
  btp_subaccount_role.role_69                                            492ms
  btp_subaccount_role.role_7                                             353ms
  btp_subaccount_role.role_70                                            508ms
  btp_subaccount_role.role_71                                            211ms
  btp_subaccount_role.role_72                                            140ms
  btp_subaccount_role.role_73                                            171ms
  btp_subaccount_role.role_74                                            235ms
  btp_subaccount_role.role_75                                            524ms
  btp_subaccount_role.role_76                                            295ms
  btp_subaccount_role.role_77                                            367ms
  btp_subaccount_role.role_78                                            405ms
  btp_subaccount_role.role_79                                            238ms
  btp_subaccount_role.role_8                                             466ms
  btp_subaccount_role.role_80                                            194ms
  btp_subaccount_role.role_81                                            160ms
  btp_subaccount_role.role_82                                            178ms
  btp_subaccount_role.role_83                                            540ms
  btp_subaccount_role.role_84                                            787ms
  btp_subaccount_role.role_85                                            169ms
  btp_subaccount_role.role_86                                            172ms
  btp_subaccount_role.role_87                                            217ms
  btp_subaccount_role.role_88                                            137ms
  btp_subaccount_role.role_89                                            536ms
  btp_subaccount_role.role_9                                             200ms
  btp_subaccount_role.role_90                                            557ms
  btp_subaccount_role.role_91                                            155ms
  btp_subaccount_role.role_92                                            200ms
  btp_subaccount_role.role_93                                            155ms
  btp_subaccount_role.role_94                                            181ms
  btp_subaccount_role.role_95                                            227ms
  btp_subaccount_role.role_96                                            199ms
  btp_subaccount_role.role_97                                            214ms
  btp_subaccount_role.role_98                                            176ms
  btp_subaccount_role.role_99                                            830ms
  btp_subaccount_role_collection.collection_1                            1054ms
  btp_subaccount_role_collection.collection_10                           210ms
  btp_subaccount_role_collection.collection_100                          231ms
  btp_subaccount_role_collection.collection_101                          212ms
  btp_subaccount_role_collection.collection_102                          348ms
  btp_subaccount_role_collection.collection_103                          286ms
  btp_subaccount_role_collection.collection_104                          133ms
  btp_subaccount_role_collection.collection_105                          526ms
  btp_subaccount_role_collection.collection_106                          185ms
  btp_subaccount_role_collection.collection_107                          185ms
  btp_subaccount_role_collection.collection_108                          204ms
  btp_subaccount_role_collection.collection_109                          363ms
  btp_subaccount_role_collection.collection_11                           205ms
  btp_subaccount_role_collection.collection_110                          188ms
  btp_subaccount_role_collection.collection_111                          181ms
  btp_subaccount_role_collection.collection_112                          344ms
  btp_subaccount_role_collection.collection_113                          155ms
  btp_subaccount_role_collection.collection_114                          367ms
  btp_subaccount_role_collection.collection_115                          509ms
  btp_subaccount_role_collection.collection_116                          485ms
  btp_subaccount_role_collection.collection_117                          599ms
  btp_subaccount_role_collection.collection_118                          156ms
  btp_subaccount_role_collection.collection_119                          287ms
  btp_subaccount_role_collection.collection_12                           170ms
  btp_subaccount_role_collection.collection_120                          530ms
  btp_subaccount_role_collection.collection_121                          251ms
  btp_subaccount_role_collection.collection_122                          189ms
  btp_subaccount_role_collection.collection_123                          249ms
  btp_subaccount_role_collection.collection_124                          607ms
  btp_subaccount_role_collection.collection_125                          186ms
  btp_subaccount_role_collection.collection_126                          465ms
  btp_subaccount_role_collection.collection_127                          187ms
  btp_subaccount_role_collection.collection_128                          166ms
  btp_subaccount_role_collection.collection_129                          171ms
  btp_subaccount_role_collection.collection_13                           169ms
  btp_subaccount_role_collection.collection_130                          156ms
  btp_subaccount_role_collection.collection_131                          287ms
  btp_subaccount_role_collection.collection_132                          170ms
  btp_subaccount_role_collection.collection_133                          986ms
  btp_subaccount_role_collection.collection_134                          270ms
  btp_subaccount_role_collection.collection_135                          250ms
  btp_subaccount_role_collection.collection_136                          192ms
  btp_subaccount_role_collection.collection_137                          166ms
  btp_subaccount_role_collection.collection_138                          196ms
  btp_subaccount_role_collection.collection_139                          181ms
  btp_subaccount_role_collection.collection_14                           177ms
  btp_subaccount_role_collection.collection_140                          432ms
  btp_subaccount_role_collection.collection_141                          157ms
  btp_subaccount_role_collection.collection_142                          369ms
  btp_subaccount_role_collection.collection_143                          478ms
  btp_subaccount_role_collection.collection_144                          446ms
  btp_subaccount_role_collection.collection_145                          153ms
  btp_subaccount_role_collection.collection_146                          521ms
  btp_subaccount_role_collection.collection_147                          182ms
  btp_subaccount_role_collection.collection_148                          552ms
  btp_subaccount_role_collection.collection_149                          974ms
  btp_subaccount_role_collection.collection_15                           188ms
  btp_subaccount_role_collection.collection_150                          671ms
  btp_subaccount_role_collection.collection_16                           195ms
  btp_subaccount_role_collection.collection_17                           193ms
  btp_subaccount_role_collection.collection_18                           181ms
  btp_subaccount_role_collection.collection_19                           531ms
  btp_subaccount_role_collection.collection_2                            928ms
  btp_subaccount_role_collection.collection_20                           471ms
  btp_subaccount_role_collection.collection_21                           422ms
  btp_subaccount_role_collection.collection_22                           488ms
  btp_subaccount_role_collection.collection_23                           749ms
  btp_subaccount_role_collection.collection_24                           413ms
  btp_subaccount_role_collection.collection_25                           183ms
  btp_subaccount_role_collection.collection_26                           199ms
  btp_subaccount_role_collection.collection_27                           375ms
  btp_subaccount_role_collection.collection_28                           133ms
  btp_subaccount_role_collection.collection_29                           231ms
  btp_subaccount_role_collection.collection_3                            591ms
  btp_subaccount_role_collection.collection_30                           502ms
  btp_subaccount_role_collection.collection_31                           191ms
  btp_subaccount_role_collection.collection_32                           158ms
  btp_subaccount_role_collection.collection_33                           184ms
  btp_subaccount_role_collection.collection_34                           11907ms
  btp_subaccount_role_collection.collection_35                           601ms
  btp_subaccount_role_collection.collection_36                           966ms
  btp_subaccount_role_collection.collection_37                           367ms
  btp_subaccount_role_collection.collection_38                           639ms
  btp_subaccount_role_collection.collection_39                           163ms
  btp_subaccount_role_collection.collection_4                            594ms
  btp_subaccount_role_collection.collection_40                           226ms
  btp_subaccount_role_collection.collection_41                           366ms
  btp_subaccount_role_collection.collection_42                           194ms
  btp_subaccount_role_collection.collection_43                           155ms
  btp_subaccount_role_collection.collection_44                           204ms
  btp_subaccount_role_collection.collection_45                           478ms
  btp_subaccount_role_collection.collection_46                           499ms
  btp_subaccount_role_collection.collection_47                           186ms
  btp_subaccount_role_collection.collection_48                           389ms
  btp_subaccount_role_collection.collection_49                           1101ms
  btp_subaccount_role_collection.collection_5                            672ms
  btp_subaccount_role_collection.collection_50                           599ms
  btp_subaccount_role_collection.collection_51                           339ms
  btp_subaccount_role_collection.collection_52                           396ms
  btp_subaccount_role_collection.collection_53                           518ms
  btp_subaccount_role_collection.collection_54                           563ms
  btp_subaccount_role_collection.collection_55                           599ms
  btp_subaccount_role_collection.collection_56                           575ms
  btp_subaccount_role_collection.collection_57                           565ms
  btp_subaccount_role_collection.collection_58                           152ms
  btp_subaccount_role_collection.collection_59                           182ms
  btp_subaccount_role_collection.collection_6                            882ms
  btp_subaccount_role_collection.collection_60                           217ms
  btp_subaccount_role_collection.collection_61                           150ms
  btp_subaccount_role_collection.collection_62                           158ms
  btp_subaccount_role_collection.collection_63                           155ms
  btp_subaccount_role_collection.collection_64                           241ms
  btp_subaccount_role_collection.collection_65                           192ms
  btp_subaccount_role_collection.collection_66                           212ms
  btp_subaccount_role_collection.collection_67                           131ms
  btp_subaccount_role_collection.collection_68                           503ms
  btp_subaccount_role_collection.collection_69                           309ms
  btp_subaccount_role_collection.collection_7                            192ms
  btp_subaccount_role_collection.collection_70                           481ms
  btp_subaccount_role_collection.collection_71                           357ms
  btp_subaccount_role_collection.collection_72                           572ms
  btp_subaccount_role_collection.collection_73                           229ms
  btp_subaccount_role_collection.collection_74                           341ms
  btp_subaccount_role_collection.collection_75                           790ms
  btp_subaccount_role_collection.collection_76                           355ms
  btp_subaccount_role_collection.collection_77                           408ms
  btp_subaccount_role_collection.collection_78                           172ms
  btp_subaccount_role_collection.collection_79                           240ms
  btp_subaccount_role_collection.collection_8                            179ms
  btp_subaccount_role_collection.collection_80                           248ms
  btp_subaccount_role_collection.collection_81                           162ms
  btp_subaccount_role_collection.collection_82                           324ms
  btp_subaccount_role_collection.collection_83                           354ms
  btp_subaccount_role_collection.collection_84                           163ms
  btp_subaccount_role_collection.collection_85                           175ms
  btp_subaccount_role_collection.collection_86                           1065ms
  btp_subaccount_role_collection.collection_87                           200ms
  btp_subaccount_role_collection.collection_88                           196ms
  btp_subaccount_role_collection.collection_89                           14351ms
  btp_subaccount_role_collection.collection_9                            201ms
  btp_subaccount_role_collection.collection_90                           802ms
  btp_subaccount_role_collection.collection_91                           401ms
  btp_subaccount_role_collection.collection_92                           712ms
  btp_subaccount_role_collection.collection_93                           466ms
  btp_subaccount_role_collection.collection_94                           178ms
  btp_subaccount_role_collection.collection_95                           452ms
  btp_subaccount_role_collection.collection_96                           156ms
  btp_subaccount_role_collection.collection_97                           419ms
  btp_subaccount_role_collection.collection_98                           241ms
  btp_subaccount_role_collection.collection_99                           667ms
  btp_subaccount_service_instance.instance_1                             876ms
  btp_subaccount_service_instance.instance_10                            815ms
  btp_subaccount_service_instance.instance_100                           2033ms
  btp_subaccount_service_instance.instance_11                            1149ms
  btp_subaccount_service_instance.instance_12                            1565ms
  btp_subaccount_service_instance.instance_13                            798ms
  btp_subaccount_service_instance.instance_14                            1351ms
  btp_subaccount_service_instance.instance_15                            876ms
  btp_subaccount_service_instance.instance_16                            1578ms
  btp_subaccount_service_instance.instance_17                            1376ms
  btp_subaccount_service_instance.instance_18                            732ms
  btp_subaccount_service_instance.instance_19                            1539ms
  btp_subaccount_service_instance.instance_2                             16432ms
  btp_subaccount_service_instance.instance_20                            847ms
  btp_subaccount_service_instance.instance_21                            1698ms
  btp_subaccount_service_instance.instance_22                            845ms
  btp_subaccount_service_instance.instance_23                            13785ms
  btp_subaccount_service_instance.instance_24                            1989ms
  btp_subaccount_service_instance.instance_25                            817ms
  btp_subaccount_service_instance.instance_26                            1053ms
  btp_subaccount_service_instance.instance_27                            2078ms
  btp_subaccount_service_instance.instance_28                            947ms
  btp_subaccount_service_instance.instance_29                            847ms
  btp_subaccount_service_instance.instance_3                             1348ms
  btp_subaccount_service_instance.instance_30                            851ms
  btp_subaccount_service_instance.instance_31                            1969ms
  btp_subaccount_service_instance.instance_32                            2968ms
  btp_subaccount_service_instance.instance_33                            1743ms
  btp_subaccount_service_instance.instance_34                            1319ms
  btp_subaccount_service_instance.instance_35                            1823ms
  btp_subaccount_service_instance.instance_36                            802ms
  btp_subaccount_service_instance.instance_37                            1536ms
  btp_subaccount_service_instance.instance_38                            960ms
  btp_subaccount_service_instance.instance_39                            823ms
  btp_subaccount_service_instance.instance_4                             1793ms
  btp_subaccount_service_instance.instance_40                            962ms
  btp_subaccount_service_instance.instance_41                            906ms
  btp_subaccount_service_instance.instance_42                            840ms
  btp_subaccount_service_instance.instance_43                            1199ms
  btp_subaccount_service_instance.instance_44                            887ms
  btp_subaccount_service_instance.instance_45                            1303ms
  btp_subaccount_service_instance.instance_46                            1452ms
  btp_subaccount_service_instance.instance_47                            1232ms
  btp_subaccount_service_instance.instance_48                            1250ms
  btp_subaccount_service_instance.instance_49                            1373ms
  btp_subaccount_service_instance.instance_5                             845ms
  btp_subaccount_service_instance.instance_50                            919ms
  btp_subaccount_service_instance.instance_51                            1115ms
  btp_subaccount_service_instance.instance_52                            1735ms
  btp_subaccount_service_instance.instance_53                            1341ms
  btp_subaccount_service_instance.instance_54                            1237ms
  btp_subaccount_service_instance.instance_55                            849ms
  btp_subaccount_service_instance.instance_56                            1136ms
  btp_subaccount_service_instance.instance_57                            815ms
  btp_subaccount_service_instance.instance_58                            1391ms
  btp_subaccount_service_instance.instance_59                            2948ms
  btp_subaccount_service_instance.instance_6                             916ms
  btp_subaccount_service_instance.instance_60                            16339ms
  btp_subaccount_service_instance.instance_61                            1146ms
  btp_subaccount_service_instance.instance_62                            1928ms
  btp_subaccount_service_instance.instance_63                            958ms
  btp_subaccount_service_instance.instance_64                            945ms
  btp_subaccount_service_instance.instance_65                            2362ms
  btp_subaccount_service_instance.instance_66                            2820ms
  btp_subaccount_service_instance.instance_67                            1770ms
  btp_subaccount_service_instance.instance_68                            1020ms
  btp_subaccount_service_instance.instance_69                            1759ms
  btp_subaccount_service_instance.instance_7                             1267ms
  btp_subaccount_service_instance.instance_70                            1928ms
  btp_subaccount_service_instance.instance_71                            1006ms
  btp_subaccount_service_instance.instance_72                            854ms
  btp_subaccount_service_instance.instance_73                            824ms
  btp_subaccount_service_instance.instance_74                            844ms
  btp_subaccount_service_instance.instance_75                            883ms
  btp_subaccount_service_instance.instance_76                            1417ms
  btp_subaccount_service_instance.instance_77                            1483ms
  btp_subaccount_service_instance.instance_78                            1784ms
  btp_subaccount_service_instance.instance_79                            848ms
  btp_subaccount_service_instance.instance_8                             869ms
  btp_subaccount_service_instance.instance_80                            867ms
  btp_subaccount_service_instance.instance_81                            1444ms
  btp_subaccount_service_instance.instance_82                            1285ms
  btp_subaccount_service_instance.instance_83                            1418ms
  btp_subaccount_service_instance.instance_84                            1784ms
  btp_subaccount_service_instance.instance_85                            1195ms
  btp_subaccount_service_instance.instance_86                            789ms
  btp_subaccount_service_instance.instance_87                            1145ms
  btp_subaccount_service_instance.instance_88                            829ms
  btp_subaccount_service_instance.instance_89                            1997ms
  btp_subaccount_service_instance.instance_9                             842ms
  btp_subaccount_service_instance.instance_90                            2191ms
  btp_subaccount_service_instance.instance_91                            966ms
  btp_subaccount_service_instance.instance_92                            1126ms
  btp_subaccount_service_instance.instance_93                            866ms
  btp_subaccount_service_instance.instance_94                            864ms
  btp_subaccount_service_instance.instance_95                            894ms
  btp_subaccount_service_instance.instance_96                            883ms
  btp_subaccount_service_instance.instance_97                            1334ms
  btp_subaccount_service_instance.instance_98                            962ms
  btp_subaccount_service_instance.instance_99                            2508ms
  btp_subaccount_subscription.subscription_1                             2292ms
  btp_subaccount_subscription.subscription_10                            680ms
  btp_subaccount_subscription.subscription_100                           939ms
  btp_subaccount_subscription.subscription_101                           1237ms
  btp_subaccount_subscription.subscription_102                           936ms
  btp_subaccount_subscription.subscription_103                           834ms
  btp_subaccount_subscription.subscription_104                           939ms
  btp_subaccount_subscription.subscription_105                           689ms
  btp_subaccount_subscription.subscription_106                           721ms
  btp_subaccount_subscription.subscription_107                           712ms
  btp_subaccount_subscription.subscription_108                           714ms
  btp_subaccount_subscription.subscription_109                           675ms
  btp_subaccount_subscription.subscription_11                            1024ms
  btp_subaccount_subscription.subscription_110                           554ms
  btp_subaccount_subscription.subscription_111                           769ms
  btp_subaccount_subscription.subscription_112                           632ms
  btp_subaccount_subscription.subscription_113                           991ms
  btp_subaccount_subscription.subscription_114                           627ms
  btp_subaccount_subscription.subscription_115                           1227ms
  btp_subaccount_subscription.subscription_116                           978ms
  btp_subaccount_subscription.subscription_117                           1248ms
  btp_subaccount_subscription.subscription_118                           621ms
  btp_subaccount_subscription.subscription_119                           1115ms
  btp_subaccount_subscription.subscription_12                            645ms
  btp_subaccount_subscription.subscription_120                           892ms
  btp_subaccount_subscription.subscription_121                           1331ms
  btp_subaccount_subscription.subscription_122                           647ms
  btp_subaccount_subscription.subscription_123                           840ms
  btp_subaccount_subscription.subscription_124                           1267ms
  btp_subaccount_subscription.subscription_125                           1535ms
  btp_subaccount_subscription.subscription_126                           1304ms
  btp_subaccount_subscription.subscription_127                           740ms
  btp_subaccount_subscription.subscription_128                           927ms
  btp_subaccount_subscription.subscription_129                           589ms
  btp_subaccount_subscription.subscription_13                            568ms
  btp_subaccount_subscription.subscription_130                           624ms
  btp_subaccount_subscription.subscription_131                           640ms
  btp_subaccount_subscription.subscription_132                           609ms
  btp_subaccount_subscription.subscription_133                           1844ms
  btp_subaccount_subscription.subscription_134                           1055ms
  btp_subaccount_subscription.subscription_135                           1044ms
  btp_subaccount_subscription.subscription_136                           572ms
  btp_subaccount_subscription.subscription_137                           751ms
  btp_subaccount_subscription.subscription_138                           693ms
  btp_subaccount_subscription.subscription_139                           599ms
  btp_subaccount_subscription.subscription_14                            735ms
  btp_subaccount_subscription.subscription_140                           776ms
  btp_subaccount_subscription.subscription_141                           676ms
  btp_subaccount_subscription.subscription_142                           1196ms
  btp_subaccount_subscription.subscription_143                           638ms
  btp_subaccount_subscription.subscription_144                           1703ms
  btp_subaccount_subscription.subscription_145                           821ms
  btp_subaccount_subscription.subscription_146                           719ms
  btp_subaccount_subscription.subscription_147                           599ms
  btp_subaccount_subscription.subscription_148                           1364ms
  btp_subaccount_subscription.subscription_149                           1323ms
  btp_subaccount_subscription.subscription_15                            596ms
  btp_subaccount_subscription.subscription_150                           1963ms
  btp_subaccount_subscription.subscription_16                            722ms
  btp_subaccount_subscription.subscription_17                            1071ms
  btp_subaccount_subscription.subscription_18                            652ms
  btp_subaccount_subscription.subscription_19                            699ms
  btp_subaccount_subscription.subscription_2                             15082ms
  btp_subaccount_subscription.subscription_20                            609ms
  btp_subaccount_subscription.subscription_21                            1438ms
  btp_subaccount_subscription.subscription_22                            1839ms
  btp_subaccount_subscription.subscription_23                            812ms
  btp_subaccount_subscription.subscription_24                            798ms
  btp_subaccount_subscription.subscription_25                            760ms
  btp_subaccount_subscription.subscription_26                            952ms
  btp_subaccount_subscription.subscription_27                            672ms
  btp_subaccount_subscription.subscription_28                            745ms
  btp_subaccount_subscription.subscription_29                            909ms
  btp_subaccount_subscription.subscription_3                             12999ms
  btp_subaccount_subscription.subscription_30                            862ms
  btp_subaccount_subscription.subscription_31                            1051ms
  btp_subaccount_subscription.subscription_32                            680ms
  btp_subaccount_subscription.subscription_33                            702ms
  btp_subaccount_subscription.subscription_34                            1998ms
  btp_subaccount_subscription.subscription_35                            876ms
  btp_subaccount_subscription.subscription_36                            1411ms
  btp_subaccount_subscription.subscription_37                            624ms
  btp_subaccount_subscription.subscription_38                            1036ms
  btp_subaccount_subscription.subscription_39                            619ms
  btp_subaccount_subscription.subscription_4                             1464ms
  btp_subaccount_subscription.subscription_40                            811ms
  btp_subaccount_subscription.subscription_41                            742ms
  btp_subaccount_subscription.subscription_42                            772ms
  btp_subaccount_subscription.subscription_43                            791ms
  btp_subaccount_subscription.subscription_44                            648ms
  btp_subaccount_subscription.subscription_45                            1331ms
  btp_subaccount_subscription.subscription_46                            1841ms
  btp_subaccount_subscription.subscription_47                            2235ms
  btp_subaccount_subscription.subscription_48                            1443ms
  btp_subaccount_subscription.subscription_49                            1573ms
  btp_subaccount_subscription.subscription_5                             1270ms
  btp_subaccount_subscription.subscription_50                            2048ms
  btp_subaccount_subscription.subscription_51                            1209ms
  btp_subaccount_subscription.subscription_52                            1231ms
  btp_subaccount_subscription.subscription_53                            719ms
  btp_subaccount_subscription.subscription_54                            572ms
  btp_subaccount_subscription.subscription_55                            1324ms
  btp_subaccount_subscription.subscription_56                            1162ms
  btp_subaccount_subscription.subscription_57                            1573ms
  btp_subaccount_subscription.subscription_58                            1574ms
  btp_subaccount_subscription.subscription_59                            1520ms
  btp_subaccount_subscription.subscription_6                             1476ms
  btp_subaccount_subscription.subscription_60                            662ms
  btp_subaccount_subscription.subscription_61                            616ms
  btp_subaccount_subscription.subscription_62                            551ms
  btp_subaccount_subscription.subscription_63                            711ms
  btp_subaccount_subscription.subscription_64                            666ms
  btp_subaccount_subscription.subscription_65                            768ms
  btp_subaccount_subscription.subscription_66                            651ms
  btp_subaccount_subscription.subscription_67                            954ms
  btp_subaccount_subscription.subscription_68                            607ms
  btp_subaccount_subscription.subscription_69                            637ms
  btp_subaccount_subscription.subscription_7                             899ms
  btp_subaccount_subscription.subscription_70                            620ms
  btp_subaccount_subscription.subscription_71                            731ms
  btp_subaccount_subscription.subscription_72                            1092ms
  btp_subaccount_subscription.subscription_73                            1621ms
  btp_subaccount_subscription.subscription_74                            1041ms
  btp_subaccount_subscription.subscription_75                            937ms
  btp_subaccount_subscription.subscription_76                            636ms
  btp_subaccount_subscription.subscription_77                            660ms
  btp_subaccount_subscription.subscription_78                            818ms
  btp_subaccount_subscription.subscription_79                            1505ms
  btp_subaccount_subscription.subscription_8                             897ms
  btp_subaccount_subscription.subscription_80                            714ms
  btp_subaccount_subscription.subscription_81                            792ms
  btp_subaccount_subscription.subscription_82                            562ms
  btp_subaccount_subscription.subscription_83                            618ms
  btp_subaccount_subscription.subscription_84                            653ms
  btp_subaccount_subscription.subscription_85                            826ms
  btp_subaccount_subscription.subscription_86                            625ms
  btp_subaccount_subscription.subscription_87                            774ms
  btp_subaccount_subscription.subscription_88                            12967ms
  btp_subaccount_subscription.subscription_89                            639ms
  btp_subaccount_subscription.subscription_9                             836ms
  btp_subaccount_subscription.subscription_90                            2031ms
  btp_subaccount_subscription.subscription_91                            1443ms
  btp_subaccount_subscription.subscription_92                            1102ms
  btp_subaccount_subscription.subscription_93                            1031ms
  btp_subaccount_subscription.subscription_94                            642ms
  btp_subaccount_subscription.subscription_95                            965ms
  btp_subaccount_subscription.subscription_96                            611ms
  btp_subaccount_subscription.subscription_97                            1882ms
  btp_subaccount_subscription.subscription_98                            1907ms
  btp_subaccount_subscription.subscription_99                            742ms
  btp_subaccount_trust_configuration.trust_1                             1087ms
  btp_subaccount_trust_configuration.trust_10                            201ms
  btp_subaccount_trust_configuration.trust_11                            227ms
  btp_subaccount_trust_configuration.trust_12                            787ms
  btp_subaccount_trust_configuration.trust_13                            506ms
  btp_subaccount_trust_configuration.trust_14                            492ms
  btp_subaccount_trust_configuration.trust_15                            539ms
  btp_subaccount_trust_configuration.trust_16                            1024ms
  btp_subaccount_trust_configuration.trust_17                            248ms
  btp_subaccount_trust_configuration.trust_18                            529ms
  btp_subaccount_trust_configuration.trust_19                            174ms
  btp_subaccount_trust_configuration.trust_2                             764ms
  btp_subaccount_trust_configuration.trust_20                            217ms
  btp_subaccount_trust_configuration.trust_21                            170ms
  btp_subaccount_trust_configuration.trust_22                            165ms
  btp_subaccount_trust_configuration.trust_23                            500ms
  btp_subaccount_trust_configuration.trust_24                            383ms
  btp_subaccount_trust_configuration.trust_25                            263ms
  btp_subaccount_trust_configuration.trust_26                            226ms
  btp_subaccount_trust_configuration.trust_27                            213ms
  btp_subaccount_trust_configuration.trust_28                            417ms
  btp_subaccount_trust_configuration.trust_29                            502ms
  btp_subaccount_trust_configuration.trust_3                             261ms
  btp_subaccount_trust_configuration.trust_30                            1062ms
  btp_subaccount_trust_configuration.trust_31                            674ms
  btp_subaccount_trust_configuration.trust_32                            198ms
  btp_subaccount_trust_configuration.trust_33                            411ms
  btp_subaccount_trust_configuration.trust_34                            585ms
  btp_subaccount_trust_configuration.trust_35                            301ms
  btp_subaccount_trust_configuration.trust_36                            180ms
  btp_subaccount_trust_configuration.trust_37                            194ms
  btp_subaccount_trust_configuration.trust_38                            224ms
  btp_subaccount_trust_configuration.trust_39                            389ms
  btp_subaccount_trust_configuration.trust_4                             268ms
  btp_subaccount_trust_configuration.trust_40                            204ms
  btp_subaccount_trust_configuration.trust_41                            223ms
  btp_subaccount_trust_configuration.trust_42                            473ms
  btp_subaccount_trust_configuration.trust_43                            183ms
  btp_subaccount_trust_configuration.trust_44                            260ms
  btp_subaccount_trust_configuration.trust_45                            605ms
  btp_subaccount_trust_configuration.trust_46                            554ms
  btp_subaccount_trust_configuration.trust_47                            209ms
  btp_subaccount_trust_configuration.trust_48                            213ms
  btp_subaccount_trust_configuration.trust_49                            215ms
  btp_subaccount_trust_configuration.trust_5                             227ms
  btp_subaccount_trust_configuration.trust_50                            709ms
  btp_subaccount_trust_configuration.trust_6                             197ms
  btp_subaccount_trust_configuration.trust_7                             199ms
  btp_subaccount_trust_configuration.trust_8                             202ms
  btp_subaccount_trust_configuration.trust_9                             224ms
  cloudfoundry_service_instance.instance_1                               49ms
  cloudfoundry_service_instance.instance_10                              44ms
  cloudfoundry_service_instance.instance_100                             42ms
  cloudfoundry_service_instance.instance_101                             166ms
  cloudfoundry_service_instance.instance_102                             169ms
  cloudfoundry_service_instance.instance_103                             165ms
  cloudfoundry_service_instance.instance_104                             168ms
  cloudfoundry_service_instance.instance_105                             174ms
  cloudfoundry_service_instance.instance_106                             173ms
  cloudfoundry_service_instance.instance_107                             172ms
  cloudfoundry_service_instance.instance_108                             170ms
  cloudfoundry_service_instance.instance_109                             55ms
  cloudfoundry_service_instance.instance_11                              43ms
  cloudfoundry_service_instance.instance_110                             50ms
  cloudfoundry_service_instance.instance_111                             55ms
  cloudfoundry_service_instance.instance_112                             56ms
  cloudfoundry_service_instance.instance_113                             1495ms
  cloudfoundry_service_instance.instance_114                             154ms
  cloudfoundry_service_instance.instance_115                             156ms
  cloudfoundry_service_instance.instance_116                             152ms
  cloudfoundry_service_instance.instance_117                             41ms
  cloudfoundry_service_instance.instance_118                             41ms
  cloudfoundry_service_instance.instance_119                             53ms
  cloudfoundry_service_instance.instance_12                              50ms
  cloudfoundry_service_instance.instance_120                             48ms
  cloudfoundry_service_instance.instance_121                             308ms
  cloudfoundry_service_instance.instance_122                             179ms
  cloudfoundry_service_instance.instance_123                             182ms
  cloudfoundry_service_instance.instance_124                             308ms
  cloudfoundry_service_instance.instance_125                             104ms
  cloudfoundry_service_instance.instance_126                             102ms
  cloudfoundry_service_instance.instance_127                             104ms
  cloudfoundry_service_instance.instance_128                             103ms
  cloudfoundry_service_instance.instance_129                             61ms
  cloudfoundry_service_instance.instance_13                              174ms
  cloudfoundry_service_instance.instance_130                             67ms
  cloudfoundry_service_instance.instance_131                             59ms
  cloudfoundry_service_instance.instance_132                             81ms
  cloudfoundry_service_instance.instance_133                             61ms
  cloudfoundry_service_instance.instance_134                             59ms
  cloudfoundry_service_instance.instance_135                             62ms
  cloudfoundry_service_instance.instance_136                             46ms
  cloudfoundry_service_instance.instance_137                             50ms
  cloudfoundry_service_instance.instance_138                             52ms
  cloudfoundry_service_instance.instance_139                             49ms
  cloudfoundry_service_instance.instance_14                              178ms
  cloudfoundry_service_instance.instance_140                             42ms
  cloudfoundry_service_instance.instance_141                             51ms
  cloudfoundry_service_instance.instance_142                             52ms
  cloudfoundry_service_instance.instance_143                             40ms
  cloudfoundry_service_instance.instance_144                             67ms
  cloudfoundry_service_instance.instance_145                             152ms
  cloudfoundry_service_instance.instance_146                             108ms
  cloudfoundry_service_instance.instance_147                             40ms
  cloudfoundry_service_instance.instance_148                             108ms
  cloudfoundry_service_instance.instance_149                             106ms
  cloudfoundry_service_instance.instance_15                              174ms
  cloudfoundry_service_instance.instance_150                             43ms
  cloudfoundry_service_instance.instance_151                             52ms
  cloudfoundry_service_instance.instance_152                             54ms
  cloudfoundry_service_instance.instance_153                             185ms
  cloudfoundry_service_instance.instance_154                             175ms
  cloudfoundry_service_instance.instance_155                             184ms
  cloudfoundry_service_instance.instance_156                             184ms
  cloudfoundry_service_instance.instance_157                             92ms
  cloudfoundry_service_instance.instance_158                             93ms
  cloudfoundry_service_instance.instance_159                             108ms
  cloudfoundry_service_instance.instance_16                              174ms
  cloudfoundry_service_instance.instance_160                             160ms
  cloudfoundry_service_instance.instance_161                             92ms
  cloudfoundry_service_instance.instance_162                             92ms
  cloudfoundry_service_instance.instance_163                             106ms
  cloudfoundry_service_instance.instance_164                             105ms
  cloudfoundry_service_instance.instance_165                             109ms
  cloudfoundry_service_instance.instance_166                             174ms
  cloudfoundry_service_instance.instance_167                             77ms
  cloudfoundry_service_instance.instance_168                             108ms
  cloudfoundry_service_instance.instance_169                             41ms
  cloudfoundry_service_instance.instance_17                              174ms
  cloudfoundry_service_instance.instance_170                             44ms
  cloudfoundry_service_instance.instance_171                             43ms
  cloudfoundry_service_instance.instance_172                             56ms
  cloudfoundry_service_instance.instance_173                             60ms
  cloudfoundry_service_instance.instance_174                             140ms
  cloudfoundry_service_instance.instance_175                             59ms
  cloudfoundry_service_instance.instance_176                             43ms
  cloudfoundry_service_instance.instance_177                             169ms
  cloudfoundry_service_instance.instance_178                             168ms
  cloudfoundry_service_instance.instance_179                             165ms
  cloudfoundry_service_instance.instance_18                              172ms
  cloudfoundry_service_instance.instance_180                             166ms
  cloudfoundry_service_instance.instance_181                             106ms
  cloudfoundry_service_instance.instance_182                             90ms
  cloudfoundry_service_instance.instance_183                             108ms
  cloudfoundry_service_instance.instance_184                             107ms
  cloudfoundry_service_instance.instance_185                             51ms
  cloudfoundry_service_instance.instance_186                             52ms
  cloudfoundry_service_instance.instance_187                             85ms
  cloudfoundry_service_instance.instance_188                             60ms
  cloudfoundry_service_instance.instance_189                             48ms
  cloudfoundry_service_instance.instance_19                              176ms
  cloudfoundry_service_instance.instance_190                             116ms
  cloudfoundry_service_instance.instance_191                             60ms
  cloudfoundry_service_instance.instance_192                             49ms
  cloudfoundry_service_instance.instance_193                             243ms
  cloudfoundry_service_instance.instance_194                             244ms
  cloudfoundry_service_instance.instance_195                             240ms
  cloudfoundry_service_instance.instance_196                             245ms
  cloudfoundry_service_instance.instance_197                             89ms
  cloudfoundry_service_instance.instance_198                             164ms
  cloudfoundry_service_instance.instance_199                             141ms
  cloudfoundry_service_instance.instance_2                               66ms
  cloudfoundry_service_instance.instance_20                              174ms
  cloudfoundry_service_instance.instance_200                             159ms
  cloudfoundry_service_instance.instance_21                              99ms
  cloudfoundry_service_instance.instance_22                              58ms
  cloudfoundry_service_instance.instance_23                              71ms
  cloudfoundry_service_instance.instance_24                              62ms
  cloudfoundry_service_instance.instance_25                              94ms
  cloudfoundry_service_instance.instance_26                              107ms
  cloudfoundry_service_instance.instance_27                              96ms
  cloudfoundry_service_instance.instance_28                              93ms
  cloudfoundry_service_instance.instance_29                              40ms
  cloudfoundry_service_instance.instance_3                               43ms
  cloudfoundry_service_instance.instance_30                              40ms
  cloudfoundry_service_instance.instance_31                              44ms
  cloudfoundry_service_instance.instance_32                              42ms
  cloudfoundry_service_instance.instance_33                              90ms
  cloudfoundry_service_instance.instance_34                              107ms
  cloudfoundry_service_instance.instance_35                              106ms
  cloudfoundry_service_instance.instance_36                              89ms
  cloudfoundry_service_instance.instance_37                              49ms
  cloudfoundry_service_instance.instance_38                              38ms
  cloudfoundry_service_instance.instance_39                              57ms
  cloudfoundry_service_instance.instance_4                               49ms
  cloudfoundry_service_instance.instance_40                              61ms
  cloudfoundry_service_instance.instance_41                              57ms
  cloudfoundry_service_instance.instance_42                              55ms
  cloudfoundry_service_instance.instance_43                              38ms
  cloudfoundry_service_instance.instance_44                              42ms
  cloudfoundry_service_instance.instance_45                              46ms
  cloudfoundry_service_instance.instance_46                              43ms
  cloudfoundry_service_instance.instance_47                              45ms
  cloudfoundry_service_instance.instance_48                              40ms
  cloudfoundry_service_instance.instance_49                              176ms
  cloudfoundry_service_instance.instance_5                               182ms
  cloudfoundry_service_instance.instance_50                              66ms
  cloudfoundry_service_instance.instance_51                              51ms
  cloudfoundry_service_instance.instance_52                              178ms
  cloudfoundry_service_instance.instance_53                              242ms
  cloudfoundry_service_instance.instance_54                              241ms
  cloudfoundry_service_instance.instance_55                              170ms
  cloudfoundry_service_instance.instance_56                              239ms
  cloudfoundry_service_instance.instance_57                              158ms
  cloudfoundry_service_instance.instance_58                              111ms
  cloudfoundry_service_instance.instance_59                              181ms
  cloudfoundry_service_instance.instance_6                               183ms
  cloudfoundry_service_instance.instance_60                              185ms
  cloudfoundry_service_instance.instance_61                              39ms
  cloudfoundry_service_instance.instance_62                              67ms
  cloudfoundry_service_instance.instance_63                              43ms
  cloudfoundry_service_instance.instance_64                              43ms
  cloudfoundry_service_instance.instance_65                              222ms
  cloudfoundry_service_instance.instance_66                              127ms
  cloudfoundry_service_instance.instance_67                              220ms
  cloudfoundry_service_instance.instance_68                              170ms
  cloudfoundry_service_instance.instance_69                              44ms
  cloudfoundry_service_instance.instance_7                               319ms
  cloudfoundry_service_instance.instance_70                              42ms
  cloudfoundry_service_instance.instance_71                              41ms
  cloudfoundry_service_instance.instance_72                              38ms
  cloudfoundry_service_instance.instance_73                              51ms
  cloudfoundry_service_instance.instance_74                              43ms
  cloudfoundry_service_instance.instance_75                              40ms
  cloudfoundry_service_instance.instance_76                              55ms
  cloudfoundry_service_instance.instance_77                              176ms
  cloudfoundry_service_instance.instance_78                              177ms
  cloudfoundry_service_instance.instance_79                              179ms
  cloudfoundry_service_instance.instance_8                               320ms
  cloudfoundry_service_instance.instance_80                              179ms
  cloudfoundry_service_instance.instance_81                              203ms
  cloudfoundry_service_instance.instance_82                              152ms
  cloudfoundry_service_instance.instance_83                              204ms
  cloudfoundry_service_instance.instance_84                              214ms
  cloudfoundry_service_instance.instance_85                              38ms
  cloudfoundry_service_instance.instance_86                              37ms
  cloudfoundry_service_instance.instance_87                              42ms
  cloudfoundry_service_instance.instance_88                              41ms
  cloudfoundry_service_instance.instance_89                              50ms
  cloudfoundry_service_instance.instance_9                               64ms
  cloudfoundry_service_instance.instance_90                              92ms
  cloudfoundry_service_instance.instance_91                              55ms
  cloudfoundry_service_instance.instance_92                              55ms
  cloudfoundry_service_instance.instance_93                              181ms
  cloudfoundry_service_instance.instance_94                              104ms
  cloudfoundry_service_instance.instance_95                              149ms
  cloudfoundry_service_instance.instance_96                              72ms
  cloudfoundry_service_instance.instance_97                              63ms
  cloudfoundry_service_instance.instance_98                              39ms
  cloudfoundry_service_instance.instance_99                              42ms
  cloudfoundry_space.space_1                                             104ms
  cloudfoundry_space.space_10                                            108ms
  cloudfoundry_space.space_100                                           92ms
  cloudfoundry_space.space_11                                            119ms
  cloudfoundry_space.space_12                                            103ms
  cloudfoundry_space.space_13                                            102ms
  cloudfoundry_space.space_14                                            125ms
  cloudfoundry_space.space_15                                            110ms
  cloudfoundry_space.space_16                                            116ms
  cloudfoundry_space.space_17                                            113ms
  cloudfoundry_space.space_18                                            107ms
  cloudfoundry_space.space_19                                            124ms
  cloudfoundry_space.space_2                                             99ms
  cloudfoundry_space.space_20                                            133ms
  cloudfoundry_space.space_21                                            98ms
  cloudfoundry_space.space_22                                            143ms
  cloudfoundry_space.space_23                                            137ms
  cloudfoundry_space.space_24                                            118ms
  cloudfoundry_space.space_25                                            110ms
  cloudfoundry_space.space_26                                            105ms
  cloudfoundry_space.space_27                                            117ms
  cloudfoundry_space.space_28                                            110ms
  cloudfoundry_space.space_29                                            127ms
  cloudfoundry_space.space_3                                             94ms
  cloudfoundry_space.space_30                                            114ms
  cloudfoundry_space.space_31                                            105ms
  cloudfoundry_space.space_32                                            182ms
  cloudfoundry_space.space_33                                            98ms
  cloudfoundry_space.space_34                                            101ms
  cloudfoundry_space.space_35                                            126ms
  cloudfoundry_space.space_36                                            131ms
  cloudfoundry_space.space_37                                            120ms
  cloudfoundry_space.space_38                                            148ms
  cloudfoundry_space.space_39                                            97ms
  cloudfoundry_space.space_4                                             132ms
  cloudfoundry_space.space_40                                            113ms
  cloudfoundry_space.space_41                                            104ms
  cloudfoundry_space.space_42                                            115ms
  cloudfoundry_space.space_43                                            108ms
  cloudfoundry_space.space_44                                            102ms
  cloudfoundry_space.space_45                                            137ms
  cloudfoundry_space.space_46                                            120ms
  cloudfoundry_space.space_47                                            120ms
  cloudfoundry_space.space_48                                            102ms
  cloudfoundry_space.space_49                                            115ms
  cloudfoundry_space.space_5                                             110ms
  cloudfoundry_space.space_50                                            111ms
  cloudfoundry_space.space_51                                            112ms
  cloudfoundry_space.space_52                                            122ms
  cloudfoundry_space.space_53                                            114ms
  cloudfoundry_space.space_54                                            116ms
  cloudfoundry_space.space_55                                            105ms
  cloudfoundry_space.space_56                                            104ms
  cloudfoundry_space.space_57                                            116ms
  cloudfoundry_space.space_58                                            100ms
  cloudfoundry_space.space_59                                            105ms
  cloudfoundry_space.space_6                                             124ms
  cloudfoundry_space.space_60                                            123ms
  cloudfoundry_space.space_61                                            126ms
  cloudfoundry_space.space_62                                            108ms
  cloudfoundry_space.space_63                                            101ms
  cloudfoundry_space.space_64                                            111ms
  cloudfoundry_space.space_65                                            113ms
  cloudfoundry_space.space_66                                            103ms
  cloudfoundry_space.space_67                                            100ms
  cloudfoundry_space.space_68                                            94ms
  cloudfoundry_space.space_69                                            105ms
  cloudfoundry_space.space_7                                             112ms
  cloudfoundry_space.space_70                                            107ms
  cloudfoundry_space.space_71                                            113ms
  cloudfoundry_space.space_72                                            117ms
  cloudfoundry_space.space_73                                            121ms
  cloudfoundry_space.space_74                                            125ms
  cloudfoundry_space.space_75                                            102ms
  cloudfoundry_space.space_76                                            120ms
  cloudfoundry_space.space_77                                            110ms
  cloudfoundry_space.space_78                                            104ms
  cloudfoundry_space.space_79                                            112ms
  cloudfoundry_space.space_8                                             117ms
  cloudfoundry_space.space_80                                            106ms
  cloudfoundry_space.space_81                                            125ms
  cloudfoundry_space.space_82                                            127ms
  cloudfoundry_space.space_83                                            107ms
  cloudfoundry_space.space_84                                            111ms
  cloudfoundry_space.space_85                                            103ms
  cloudfoundry_space.space_86                                            102ms
  cloudfoundry_space.space_87                                            104ms
  cloudfoundry_space.space_88                                            99ms
  cloudfoundry_space.space_89                                            118ms
  cloudfoundry_space.space_9                                             101ms
  cloudfoundry_space.space_90                                            110ms
  cloudfoundry_space.space_91                                            110ms
  cloudfoundry_space.space_92                                            98ms
  cloudfoundry_space.space_93                                            95ms
  cloudfoundry_space.space_94                                            102ms
  cloudfoundry_space.space_95                                            108ms
  cloudfoundry_space.space_96                                            99ms
  cloudfoundry_space.space_97                                            106ms
  cloudfoundry_space.space_98                                            105ms
  cloudfoundry_space.space_99                                            105ms
  scc_subaccount.subaccount_1                                            15503ms
  scc_subaccount.subaccount_10                                           661ms
  scc_subaccount.subaccount_11                                           661ms
  scc_subaccount.subaccount_12                                           760ms
  scc_subaccount.subaccount_13                                           591ms
  scc_subaccount.subaccount_14                                           751ms
  scc_subaccount.subaccount_15                                           523ms
  scc_subaccount.subaccount_16                                           702ms
  scc_subaccount.subaccount_17                                           645ms
  scc_subaccount.subaccount_18                                           512ms
  scc_subaccount.subaccount_19                                           756ms
  scc_subaccount.subaccount_2                                            609ms
  scc_subaccount.subaccount_20                                           596ms
  scc_subaccount.subaccount_21                                           673ms
  scc_subaccount.subaccount_22                                           510ms
  scc_subaccount.subaccount_23                                           737ms
  scc_subaccount.subaccount_24                                           565ms
  scc_subaccount.subaccount_25                                           611ms
  scc_subaccount.subaccount_26                                           728ms
  scc_subaccount.subaccount_27                                           550ms
  scc_subaccount.subaccount_28                                           725ms
  scc_subaccount.subaccount_29                                           793ms
  scc_subaccount.subaccount_3                                            545ms
  scc_subaccount.subaccount_30                                           1916ms
  scc_subaccount.subaccount_31                                           777ms
  scc_subaccount.subaccount_32                                           625ms
  scc_subaccount.subaccount_33                                           493ms
  scc_subaccount.subaccount_34                                           582ms
  scc_subaccount.subaccount_35                                           583ms
  scc_subaccount.subaccount_36                                           646ms
  scc_subaccount.subaccount_37                                           562ms
  scc_subaccount.subaccount_38                                           777ms
  scc_subaccount.subaccount_39                                           578ms
  scc_subaccount.subaccount_4                                            628ms
  scc_subaccount.subaccount_40                                           500ms
  scc_subaccount.subaccount_41                                           811ms
  scc_subaccount.subaccount_42                                           679ms
  scc_subaccount.subaccount_43                                           629ms
  scc_subaccount.subaccount_44                                           630ms
  scc_subaccount.subaccount_45                                           606ms
  scc_subaccount.subaccount_46                                           753ms
  scc_subaccount.subaccount_47                                           609ms
  scc_subaccount.subaccount_48                                           527ms
  scc_subaccount.subaccount_49                                           514ms
  scc_subaccount.subaccount_5                                            692ms
  scc_subaccount.subaccount_50                                           567ms
  scc_subaccount.subaccount_6                                            649ms
  scc_subaccount.subaccount_7                                            555ms
  scc_subaccount.subaccount_8                                            761ms
  scc_subaccount.subaccount_9                                            600ms
  scc_system_mapping.system_1                                            63ms
  scc_system_mapping.system_10                                           54ms
  scc_system_mapping.system_100                                          59ms
  scc_system_mapping.system_11                                           57ms
  scc_system_mapping.system_12                                           58ms
  scc_system_mapping.system_13                                           58ms
  scc_system_mapping.system_14                                           58ms
  scc_system_mapping.system_15                                           57ms
  scc_system_mapping.system_16                                           62ms
  scc_system_mapping.system_17                                           58ms
  scc_system_mapping.system_18                                           60ms
  scc_system_mapping.system_19                                           84ms
  scc_system_mapping.system_2                                            61ms
  scc_system_mapping.system_20                                           58ms
  scc_system_mapping.system_21                                           61ms
  scc_system_mapping.system_22                                           65ms
  scc_system_mapping.system_23                                           56ms
  scc_system_mapping.system_24                                           58ms
  scc_system_mapping.system_25                                           54ms
  scc_system_mapping.system_26                                           61ms
  scc_system_mapping.system_27                                           62ms
  scc_system_mapping.system_28                                           64ms
  scc_system_mapping.system_29                                           61ms
  scc_system_mapping.system_3                                            61ms
  scc_system_mapping.system_30                                           56ms
  scc_system_mapping.system_31                                           60ms
  scc_system_mapping.system_32                                           63ms
  scc_system_mapping.system_33                                           59ms
  scc_system_mapping.system_34                                           62ms
  scc_system_mapping.system_35                                           64ms
  scc_system_mapping.system_36                                           57ms
  scc_system_mapping.system_37                                           56ms
  scc_system_mapping.system_38                                           56ms
  scc_system_mapping.system_39                                           59ms
  scc_system_mapping.system_4                                            59ms
  scc_system_mapping.system_40                                           61ms
  scc_system_mapping.system_41                                           60ms
  scc_system_mapping.system_42                                           58ms
  scc_system_mapping.system_43                                           64ms
  scc_system_mapping.system_44                                           59ms
  scc_system_mapping.system_45                                           65ms
  scc_system_mapping.system_46                                           63ms
  scc_system_mapping.system_47                                           59ms
  scc_system_mapping.system_48                                           62ms
  scc_system_mapping.system_49                                           81ms
  scc_system_mapping.system_5                                            57ms
  scc_system_mapping.system_50                                           64ms
  scc_system_mapping.system_51                                           56ms
  scc_system_mapping.system_52                                           53ms
  scc_system_mapping.system_53                                           109ms
  scc_system_mapping.system_54                                           58ms
  scc_system_mapping.system_55                                           55ms
  scc_system_mapping.system_56                                           57ms
  scc_system_mapping.system_57                                           62ms
  scc_system_mapping.system_58                                           63ms
  scc_system_mapping.system_59                                           58ms
  scc_system_mapping.system_6                                            55ms
  scc_system_mapping.system_60                                           57ms
  scc_system_mapping.system_61                                           58ms
  scc_system_mapping.system_62                                           58ms
  scc_system_mapping.system_63                                           64ms
  scc_system_mapping.system_64                                           63ms
  scc_system_mapping.system_65                                           72ms
  scc_system_mapping.system_66                                           59ms
  scc_system_mapping.system_67                                           59ms
  scc_system_mapping.system_68                                           61ms
  scc_system_mapping.system_69                                           63ms
  scc_system_mapping.system_7                                            57ms
  scc_system_mapping.system_70                                           62ms
  scc_system_mapping.system_71                                           74ms
  scc_system_mapping.system_72                                           58ms
  scc_system_mapping.system_73                                           63ms
  scc_system_mapping.system_74                                           59ms
  scc_system_mapping.system_75                                           54ms
  scc_system_mapping.system_76                                           65ms
  scc_system_mapping.system_77                                           59ms
  scc_system_mapping.system_78                                           81ms
  scc_system_mapping.system_79                                           59ms
  scc_system_mapping.system_8                                            60ms
  scc_system_mapping.system_80                                           57ms
  scc_system_mapping.system_81                                           60ms
  scc_system_mapping.system_82                                           56ms
  scc_system_mapping.system_83                                           66ms
  scc_system_mapping.system_84                                           56ms
  scc_system_mapping.system_85                                           57ms
  scc_system_mapping.system_86                                           56ms
  scc_system_mapping.system_87                                           59ms
  scc_system_mapping.system_88                                           59ms
  scc_system_mapping.system_89                                           62ms
  scc_system_mapping.system_9                                            73ms
  scc_system_mapping.system_90                                           57ms
  scc_system_mapping.system_91                                           77ms
  scc_system_mapping.system_92                                           60ms
  scc_system_mapping.system_93                                           63ms
  scc_system_mapping.system_94                                           58ms
  scc_system_mapping.system_95                                           61ms
  scc_system_mapping.system_96                                           60ms
  scc_system_mapping.system_97                                           55ms
  scc_system_mapping.system_98                                           59ms
  scc_system_mapping.system_99                                           62ms
  scc_system_mapping_resource.resource_1                                 78ms
  scc_system_mapping_resource.resource_10                                105ms
  scc_system_mapping_resource.resource_100                               109ms
  scc_system_mapping_resource.resource_101                               174ms
  scc_system_mapping_resource.resource_102                               337ms
  scc_system_mapping_resource.resource_103                               171ms
  scc_system_mapping_resource.resource_104                               171ms
  scc_system_mapping_resource.resource_105                               173ms
  scc_system_mapping_resource.resource_106                               181ms
  scc_system_mapping_resource.resource_107                               355ms
  scc_system_mapping_resource.resource_108                               351ms
  scc_system_mapping_resource.resource_109                               58ms
  scc_system_mapping_resource.resource_11                                81ms
  scc_system_mapping_resource.resource_110                               64ms
  scc_system_mapping_resource.resource_111                               56ms
  scc_system_mapping_resource.resource_112                               118ms
  scc_system_mapping_resource.resource_113                               176ms
  scc_system_mapping_resource.resource_114                               358ms
  scc_system_mapping_resource.resource_115                               179ms
  scc_system_mapping_resource.resource_116                               150ms
  scc_system_mapping_resource.resource_117                               63ms
  scc_system_mapping_resource.resource_118                               97ms
  scc_system_mapping_resource.resource_119                               56ms
  scc_system_mapping_resource.resource_12                                118ms
  scc_system_mapping_resource.resource_120                               65ms
  scc_system_mapping_resource.resource_121                               252ms
  scc_system_mapping_resource.resource_122                               176ms
  scc_system_mapping_resource.resource_123                               187ms
  scc_system_mapping_resource.resource_124                               183ms
  scc_system_mapping_resource.resource_125                               87ms
  scc_system_mapping_resource.resource_126                               87ms
  scc_system_mapping_resource.resource_127                               270ms
  scc_system_mapping_resource.resource_128                               268ms
  scc_system_mapping_resource.resource_129                               95ms
  scc_system_mapping_resource.resource_13                                172ms
  scc_system_mapping_resource.resource_130                               79ms
  scc_system_mapping_resource.resource_131                               93ms
  scc_system_mapping_resource.resource_132                               78ms
  scc_system_mapping_resource.resource_133                               73ms
  scc_system_mapping_resource.resource_134                               60ms
  scc_system_mapping_resource.resource_135                               68ms
  scc_system_mapping_resource.resource_136                               62ms
  scc_system_mapping_resource.resource_137                               60ms
  scc_system_mapping_resource.resource_138                               54ms
  scc_system_mapping_resource.resource_139                               87ms
  scc_system_mapping_resource.resource_14                                172ms
  scc_system_mapping_resource.resource_140                               56ms
  scc_system_mapping_resource.resource_141                               75ms
  scc_system_mapping_resource.resource_142                               99ms
  scc_system_mapping_resource.resource_143                               108ms
  scc_system_mapping_resource.resource_144                               77ms
  scc_system_mapping_resource.resource_145                               152ms
  scc_system_mapping_resource.resource_146                               314ms
  scc_system_mapping_resource.resource_147                               162ms
  scc_system_mapping_resource.resource_148                               162ms
  scc_system_mapping_resource.resource_149                               54ms
  scc_system_mapping_resource.resource_15                                173ms
  scc_system_mapping_resource.resource_150                               72ms
  scc_system_mapping_resource.resource_151                               97ms
  scc_system_mapping_resource.resource_152                               63ms
  scc_system_mapping_resource.resource_153                               157ms
  scc_system_mapping_resource.resource_154                               323ms
  scc_system_mapping_resource.resource_155                               322ms
  scc_system_mapping_resource.resource_156                               156ms
  scc_system_mapping_resource.resource_157                               92ms
  scc_system_mapping_resource.resource_158                               89ms
  scc_system_mapping_resource.resource_159                               104ms
  scc_system_mapping_resource.resource_16                                173ms
  scc_system_mapping_resource.resource_160                               104ms
  scc_system_mapping_resource.resource_161                               89ms
  scc_system_mapping_resource.resource_162                               201ms
  scc_system_mapping_resource.resource_163                               89ms
  scc_system_mapping_resource.resource_164                               106ms
  scc_system_mapping_resource.resource_165                               171ms
  scc_system_mapping_resource.resource_166                               347ms
  scc_system_mapping_resource.resource_167                               174ms
  scc_system_mapping_resource.resource_168                               347ms
  scc_system_mapping_resource.resource_169                               87ms
  scc_system_mapping_resource.resource_17                                180ms
  scc_system_mapping_resource.resource_170                               53ms
  scc_system_mapping_resource.resource_171                               55ms
  scc_system_mapping_resource.resource_172                               88ms
  scc_system_mapping_resource.resource_173                               186ms
  scc_system_mapping_resource.resource_174                               179ms
  scc_system_mapping_resource.resource_175                               179ms
  scc_system_mapping_resource.resource_176                               368ms
  scc_system_mapping_resource.resource_177                               181ms
  scc_system_mapping_resource.resource_178                               121ms
  scc_system_mapping_resource.resource_179                               121ms
  scc_system_mapping_resource.resource_18                                172ms
  scc_system_mapping_resource.resource_180                               163ms
  scc_system_mapping_resource.resource_181                               89ms
  scc_system_mapping_resource.resource_182                               199ms
  scc_system_mapping_resource.resource_183                               198ms
  scc_system_mapping_resource.resource_184                               88ms
  scc_system_mapping_resource.resource_185                               54ms
  scc_system_mapping_resource.resource_186                               59ms
  scc_system_mapping_resource.resource_187                               71ms
  scc_system_mapping_resource.resource_188                               79ms
  scc_system_mapping_resource.resource_189                               115ms
  scc_system_mapping_resource.resource_19                                172ms
  scc_system_mapping_resource.resource_190                               113ms
  scc_system_mapping_resource.resource_191                               112ms
  scc_system_mapping_resource.resource_192                               111ms
  scc_system_mapping_resource.resource_193                               270ms
  scc_system_mapping_resource.resource_194                               204ms
  scc_system_mapping_resource.resource_195                               204ms
  scc_system_mapping_resource.resource_196                               234ms
  scc_system_mapping_resource.resource_197                               160ms
  scc_system_mapping_resource.resource_198                               166ms
  scc_system_mapping_resource.resource_199                               89ms
  scc_system_mapping_resource.resource_2                                 77ms
  scc_system_mapping_resource.resource_20                                353ms
  scc_system_mapping_resource.resource_200                               90ms
  scc_system_mapping_resource.resource_21                                53ms
  scc_system_mapping_resource.resource_22                                57ms
  scc_system_mapping_resource.resource_23                                61ms
  scc_system_mapping_resource.resource_24                                64ms
  scc_system_mapping_resource.resource_25                                91ms
  scc_system_mapping_resource.resource_26                                110ms
  scc_system_mapping_resource.resource_27                                108ms
  scc_system_mapping_resource.resource_28                                201ms
  scc_system_mapping_resource.resource_29                                56ms
  scc_system_mapping_resource.resource_3                                 57ms
  scc_system_mapping_resource.resource_30                                70ms
  scc_system_mapping_resource.resource_31                                55ms
  scc_system_mapping_resource.resource_32                                55ms
  scc_system_mapping_resource.resource_33                                86ms
  scc_system_mapping_resource.resource_34                                102ms
  scc_system_mapping_resource.resource_35                                87ms
  scc_system_mapping_resource.resource_36                                102ms
  scc_system_mapping_resource.resource_37                                88ms
  scc_system_mapping_resource.resource_38                                100ms
  scc_system_mapping_resource.resource_39                                86ms
  scc_system_mapping_resource.resource_4                                 56ms
  scc_system_mapping_resource.resource_40                                68ms
  scc_system_mapping_resource.resource_41                                57ms
  scc_system_mapping_resource.resource_42                                64ms
  scc_system_mapping_resource.resource_43                                71ms
  scc_system_mapping_resource.resource_44                                65ms
  scc_system_mapping_resource.resource_45                                73ms
  scc_system_mapping_resource.resource_46                                113ms
  scc_system_mapping_resource.resource_47                                114ms
  scc_system_mapping_resource.resource_48                                136ms
  scc_system_mapping_resource.resource_49                                70ms
  scc_system_mapping_resource.resource_5                                 503ms
  scc_system_mapping_resource.resource_50                                112ms
  scc_system_mapping_resource.resource_51                                56ms
  scc_system_mapping_resource.resource_52                                68ms
  scc_system_mapping_resource.resource_53                                410ms
  scc_system_mapping_resource.resource_54                                412ms
  scc_system_mapping_resource.resource_55                                170ms
  scc_system_mapping_resource.resource_56                                175ms
  scc_system_mapping_resource.resource_57                                270ms
  scc_system_mapping_resource.resource_58                                68ms
  scc_system_mapping_resource.resource_59                                67ms
  scc_system_mapping_resource.resource_6                                 382ms
  scc_system_mapping_resource.resource_60                                271ms
  scc_system_mapping_resource.resource_61                                68ms
  scc_system_mapping_resource.resource_62                                59ms
  scc_system_mapping_resource.resource_63                                94ms
  scc_system_mapping_resource.resource_64                                61ms
  scc_system_mapping_resource.resource_65                                168ms
  scc_system_mapping_resource.resource_66                                330ms
  scc_system_mapping_resource.resource_67                                329ms
  scc_system_mapping_resource.resource_68                                168ms
  scc_system_mapping_resource.resource_69                                59ms
  scc_system_mapping_resource.resource_7                                 181ms
  scc_system_mapping_resource.resource_70                                53ms
  scc_system_mapping_resource.resource_71                                76ms
  scc_system_mapping_resource.resource_72                                65ms
  scc_system_mapping_resource.resource_73                                57ms
  scc_system_mapping_resource.resource_74                                75ms
  scc_system_mapping_resource.resource_75                                68ms
  scc_system_mapping_resource.resource_76                                55ms
  scc_system_mapping_resource.resource_77                                172ms
  scc_system_mapping_resource.resource_78                                161ms
  scc_system_mapping_resource.resource_79                                254ms
  scc_system_mapping_resource.resource_8                                 387ms
  scc_system_mapping_resource.resource_80                                161ms
  scc_system_mapping_resource.resource_81                                314ms
  scc_system_mapping_resource.resource_82                                205ms
  scc_system_mapping_resource.resource_83                                153ms
  scc_system_mapping_resource.resource_84                                200ms
  scc_system_mapping_resource.resource_85                                102ms
  scc_system_mapping_resource.resource_86                                91ms
  scc_system_mapping_resource.resource_87                                71ms
  scc_system_mapping_resource.resource_88                                81ms
  scc_system_mapping_resource.resource_89                                60ms
  scc_system_mapping_resource.resource_9                                 54ms
  scc_system_mapping_resource.resource_90                                89ms
  scc_system_mapping_resource.resource_91                                66ms
  scc_system_mapping_resource.resource_92                                91ms
  scc_system_mapping_resource.resource_93                                67ms
  scc_system_mapping_resource.resource_94                                71ms
  scc_system_mapping_resource.resource_95                                220ms
  scc_system_mapping_resource.resource_96                                222ms
  scc_system_mapping_resource.resource_97                                81ms
  scc_system_mapping_resource.resource_98                                104ms
  scc_system_mapping_resource.resource_99                                104ms
  sci_application.app_1                                                  125ms
  sci_application.app_10                                                 110ms
  sci_application.app_100                                                122ms
  sci_application.app_11                                                 121ms
  sci_application.app_12                                                 125ms
  sci_application.app_13                                                 130ms
  sci_application.app_14                                                 121ms
  sci_application.app_15                                                 133ms
  sci_application.app_16                                                 133ms
  sci_application.app_17                                                 123ms
  sci_application.app_18                                                 132ms
  sci_application.app_19                                                 148ms
  sci_application.app_2                                                  125ms
  sci_application.app_20                                                 123ms
  sci_application.app_21                                                 131ms
  sci_application.app_22                                                 118ms
  sci_application.app_23                                                 120ms
  sci_application.app_24                                                 122ms
  sci_application.app_25                                                 128ms
  sci_application.app_26                                                 135ms
  sci_application.app_27                                                 126ms
  sci_application.app_28                                                 156ms
  sci_application.app_29                                                 140ms
  sci_application.app_3                                                  115ms
  sci_application.app_30                                                 195ms
  sci_application.app_31                                                 132ms
  sci_application.app_32                                                 117ms
  sci_application.app_33                                                 137ms
  sci_application.app_34                                                 129ms
  sci_application.app_35                                                 133ms
  sci_application.app_36                                                 113ms
  sci_application.app_37                                                 117ms
  sci_application.app_38                                                 126ms
  sci_application.app_39                                                 121ms
  sci_application.app_4                                                  145ms
  sci_application.app_40                                                 137ms
  sci_application.app_41                                                 148ms
  sci_application.app_42                                                 122ms
  sci_application.app_43                                                 170ms
  sci_application.app_44                                                 146ms
  sci_application.app_45                                                 118ms
  sci_application.app_46                                                 128ms
  sci_application.app_47                                                 128ms
  sci_application.app_48                                                 124ms
  sci_application.app_49                                                 116ms
  sci_application.app_5                                                  118ms
  sci_application.app_50                                                 132ms
  sci_application.app_51                                                 151ms
  sci_application.app_52                                                 122ms
  sci_application.app_53                                                 128ms
  sci_application.app_54                                                 130ms
  sci_application.app_55                                                 127ms
  sci_application.app_56                                                 121ms
  sci_application.app_57                                                 134ms
  sci_application.app_58                                                 122ms
  sci_application.app_59                                                 119ms
  sci_application.app_6                                                  115ms
  sci_application.app_60                                                 116ms
  sci_application.app_61                                                 123ms
  sci_application.app_62                                                 117ms
  sci_application.app_63                                                 193ms
  sci_application.app_64                                                 124ms
  sci_application.app_65                                                 125ms
  sci_application.app_66                                                 116ms
  sci_application.app_67                                                 125ms
  sci_application.app_68                                                 133ms
  sci_application.app_69                                                 120ms
  sci_application.app_7                                                  120ms
  sci_application.app_70                                                 123ms
  sci_application.app_71                                                 123ms
  sci_application.app_72                                                 116ms
  sci_application.app_73                                                 122ms
  sci_application.app_74                                                 115ms
  sci_application.app_75                                                 132ms
  sci_application.app_76                                                 122ms
  sci_application.app_77                                                 124ms
  sci_application.app_78                                                 162ms
  sci_application.app_79                                                 162ms
  sci_application.app_8                                                  129ms
  sci_application.app_80                                                 136ms
  sci_application.app_81                                                 122ms
  sci_application.app_82                                                 124ms
  sci_application.app_83                                                 163ms
  sci_application.app_84                                                 133ms
  sci_application.app_85                                                 132ms
  sci_application.app_86                                                 150ms
  sci_application.app_87                                                 128ms
  sci_application.app_88                                                 123ms
  sci_application.app_89                                                 120ms
  sci_application.app_9                                                  131ms
  sci_application.app_90                                                 168ms
  sci_application.app_91                                                 122ms
  sci_application.app_92                                                 127ms
  sci_application.app_93                                                 137ms
  sci_application.app_94                                                 137ms
  sci_application.app_95                                                 163ms
  sci_application.app_96                                                 128ms
  sci_application.app_97                                                 111ms
  sci_application.app_98                                                 145ms
  sci_application.app_99                                                 152ms
  sci_group_base.group_1                                                 98ms
  sci_group_base.group_10                                                109ms
  sci_group_base.group_100                                               101ms
  sci_group_base.group_101                                               97ms
  sci_group_base.group_102                                               102ms
  sci_group_base.group_103                                               92ms
  sci_group_base.group_104                                               126ms
  sci_group_base.group_105                                               97ms
  sci_group_base.group_106                                               97ms
  sci_group_base.group_107                                               96ms
  sci_group_base.group_108                                               96ms
  sci_group_base.group_109                                               89ms
  sci_group_base.group_11                                                94ms
  sci_group_base.group_110                                               148ms
  sci_group_base.group_111                                               92ms
  sci_group_base.group_112                                               102ms
  sci_group_base.group_113                                               94ms
  sci_group_base.group_114                                               91ms
  sci_group_base.group_115                                               96ms
  sci_group_base.group_116                                               102ms
  sci_group_base.group_117                                               98ms
  sci_group_base.group_118                                               103ms
  sci_group_base.group_119                                               96ms
  sci_group_base.group_12                                                97ms
  sci_group_base.group_120                                               94ms
  sci_group_base.group_121                                               94ms
  sci_group_base.group_122                                               96ms
  sci_group_base.group_123                                               105ms
  sci_group_base.group_124                                               92ms
  sci_group_base.group_125                                               102ms
  sci_group_base.group_126                                               106ms
  sci_group_base.group_127                                               90ms
  sci_group_base.group_128                                               102ms
  sci_group_base.group_129                                               103ms
  sci_group_base.group_13                                                97ms
  sci_group_base.group_130                                               101ms
  sci_group_base.group_131                                               96ms
  sci_group_base.group_132                                               103ms
  sci_group_base.group_133                                               306ms
  sci_group_base.group_134                                               109ms
  sci_group_base.group_135                                               90ms
  sci_group_base.group_136                                               106ms
  sci_group_base.group_137                                               126ms
  sci_group_base.group_138                                               103ms
  sci_group_base.group_139                                               303ms
  sci_group_base.group_14                                                101ms
  sci_group_base.group_140                                               97ms
  sci_group_base.group_141                                               99ms
  sci_group_base.group_142                                               102ms
  sci_group_base.group_143                                               90ms
  sci_group_base.group_144                                               102ms
  sci_group_base.group_145                                               91ms
  sci_group_base.group_146                                               101ms
  sci_group_base.group_147                                               100ms
  sci_group_base.group_148                                               99ms
  sci_group_base.group_149                                               93ms
  sci_group_base.group_15                                                131ms
  sci_group_base.group_150                                               103ms
  sci_group_base.group_16                                                96ms
  sci_group_base.group_17                                                99ms
  sci_group_base.group_18                                                107ms
  sci_group_base.group_19                                                101ms
  sci_group_base.group_2                                                 104ms
  sci_group_base.group_20                                                101ms
  sci_group_base.group_21                                                98ms
  sci_group_base.group_22                                                103ms
  sci_group_base.group_23                                                106ms
  sci_group_base.group_24                                                98ms
  sci_group_base.group_25                                                91ms
  sci_group_base.group_26                                                96ms
  sci_group_base.group_27                                                106ms
  sci_group_base.group_28                                                108ms
  sci_group_base.group_29                                                90ms
  sci_group_base.group_3                                                 97ms
  sci_group_base.group_30                                                91ms
  sci_group_base.group_31                                                91ms
  sci_group_base.group_32                                                97ms
  sci_group_base.group_33                                                106ms
  sci_group_base.group_34                                                100ms
  sci_group_base.group_35                                                102ms
  sci_group_base.group_36                                                95ms
  sci_group_base.group_37                                                93ms
  sci_group_base.group_38                                                99ms
  sci_group_base.group_39                                                122ms
  sci_group_base.group_4                                                 99ms
  sci_group_base.group_40                                                108ms
  sci_group_base.group_41                                                102ms
  sci_group_base.group_42                                                94ms
  sci_group_base.group_43                                                155ms
  sci_group_base.group_44                                                114ms
  sci_group_base.group_45                                                97ms
  sci_group_base.group_46                                                96ms
  sci_group_base.group_47                                                102ms
  sci_group_base.group_48                                                94ms
  sci_group_base.group_49                                                103ms
  sci_group_base.group_5                                                 96ms
  sci_group_base.group_50                                                94ms
  sci_group_base.group_51                                                103ms
  sci_group_base.group_52                                                100ms
  sci_group_base.group_53                                                93ms
  sci_group_base.group_54                                                102ms
  sci_group_base.group_55                                                305ms
  sci_group_base.group_56                                                90ms
  sci_group_base.group_57                                                95ms
  sci_group_base.group_58                                                98ms
  sci_group_base.group_59                                                95ms
  sci_group_base.group_6                                                 104ms
  sci_group_base.group_60                                                94ms
  sci_group_base.group_61                                                95ms
  sci_group_base.group_62                                                105ms
  sci_group_base.group_63                                                92ms
  sci_group_base.group_64                                                97ms
  sci_group_base.group_65                                                89ms
  sci_group_base.group_66                                                96ms
  sci_group_base.group_67                                                90ms
  sci_group_base.group_68                                                97ms
  sci_group_base.group_69                                                94ms
  sci_group_base.group_7                                                 101ms
  sci_group_base.group_70                                                99ms
  sci_group_base.group_71                                                95ms
  sci_group_base.group_72                                                94ms
  sci_group_base.group_73                                                93ms
  sci_group_base.group_74                                                93ms
  sci_group_base.group_75                                                99ms
  sci_group_base.group_76                                                98ms
  sci_group_base.group_77                                                106ms
  sci_group_base.group_78                                                98ms
  sci_group_base.group_79                                                90ms
  sci_group_base.group_8                                                 88ms
  sci_group_base.group_80                                                95ms
  sci_group_base.group_81                                                94ms
  sci_group_base.group_82                                                98ms
  sci_group_base.group_83                                                102ms
  sci_group_base.group_84                                                100ms
  sci_group_base.group_85                                                97ms
  sci_group_base.group_86                                                89ms
  sci_group_base.group_87                                                146ms
  sci_group_base.group_88                                                94ms
  sci_group_base.group_89                                                97ms
  sci_group_base.group_9                                                 101ms
  sci_group_base.group_90                                                97ms
  sci_group_base.group_91                                                97ms
  sci_group_base.group_92                                                93ms
  sci_group_base.group_93                                                101ms
  sci_group_base.group_94                                                111ms
  sci_group_base.group_95                                                86ms
  sci_group_base.group_96                                                92ms
  sci_group_base.group_97                                                102ms
  sci_group_base.group_98                                                99ms
  sci_group_base.group_99                                                96ms
  sci_user.user_1                                                        105ms
  sci_user.user_10                                                       99ms
  sci_user.user_100                                                      94ms
  sci_user.user_101                                                      92ms
  sci_user.user_102                                                      93ms
  sci_user.user_103                                                      92ms
  sci_user.user_104                                                      96ms
  sci_user.user_105                                                      90ms
  sci_user.user_106                                                      100ms
  sci_user.user_107                                                      91ms
  sci_user.user_108                                                      143ms
  sci_user.user_109                                                      98ms
  sci_user.user_11                                                       90ms
  sci_user.user_110                                                      106ms
  sci_user.user_111                                                      93ms
  sci_user.user_112                                                      93ms
  sci_user.user_113                                                      97ms
  sci_user.user_114                                                      87ms
  sci_user.user_115                                                      106ms
  sci_user.user_116                                                      91ms
  sci_user.user_117                                                      100ms
  sci_user.user_118                                                      98ms
  sci_user.user_119                                                      91ms
  sci_user.user_12                                                       98ms
  sci_user.user_120                                                      89ms
  sci_user.user_121                                                      101ms
  sci_user.user_122                                                      101ms
  sci_user.user_123                                                      99ms
  sci_user.user_124                                                      98ms
  sci_user.user_125                                                      84ms
  sci_user.user_126                                                      95ms
  sci_user.user_127                                                      99ms
  sci_user.user_128                                                      88ms
  sci_user.user_129                                                      100ms
  sci_user.user_13                                                       146ms
  sci_user.user_130                                                      95ms
  sci_user.user_131                                                      149ms
  sci_user.user_132                                                      93ms
  sci_user.user_133                                                      93ms
  sci_user.user_134                                                      87ms
  sci_user.user_135                                                      93ms
  sci_user.user_136                                                      97ms
  sci_user.user_137                                                      92ms
  sci_user.user_138                                                      101ms
  sci_user.user_139                                                      120ms
  sci_user.user_14                                                       99ms
  sci_user.user_140                                                      111ms
  sci_user.user_141                                                      92ms
  sci_user.user_142                                                      81ms
  sci_user.user_143                                                      93ms
  sci_user.user_144                                                      104ms
  sci_user.user_145                                                      103ms
  sci_user.user_146                                                      144ms
  sci_user.user_147                                                      242ms
  sci_user.user_148                                                      234ms
  sci_user.user_149                                                      110ms
  sci_user.user_15                                                       92ms
  sci_user.user_150                                                      93ms
  sci_user.user_151                                                      100ms
  sci_user.user_152                                                      111ms
  sci_user.user_153                                                      97ms
  sci_user.user_154                                                      95ms
  sci_user.user_155                                                      111ms
  sci_user.user_156                                                      121ms
  sci_user.user_157                                                      96ms
  sci_user.user_158                                                      85ms
  sci_user.user_159                                                      95ms
  sci_user.user_16                                                       96ms
  sci_user.user_160                                                      152ms
  sci_user.user_161                                                      100ms
  sci_user.user_162                                                      96ms
  sci_user.user_163                                                      125ms
  sci_user.user_164                                                      102ms
  sci_user.user_165                                                      93ms
  sci_user.user_166                                                      83ms
  sci_user.user_167                                                      95ms
  sci_user.user_168                                                      99ms
  sci_user.user_169                                                      99ms
  sci_user.user_17                                                       93ms
  sci_user.user_170                                                      96ms
  sci_user.user_171                                                      92ms
  sci_user.user_172                                                      92ms
  sci_user.user_173                                                      117ms
  sci_user.user_174                                                      100ms
  sci_user.user_175                                                      96ms
  sci_user.user_176                                                      86ms
  sci_user.user_177                                                      100ms
  sci_user.user_178                                                      104ms
  sci_user.user_179                                                      98ms
  sci_user.user_18                                                       97ms
  sci_user.user_180                                                      89ms
  sci_user.user_181                                                      97ms
  sci_user.user_182                                                      104ms
  sci_user.user_183                                                      98ms
  sci_user.user_184                                                      100ms
  sci_user.user_185                                                      99ms
  sci_user.user_186                                                      95ms
  sci_user.user_187                                                      92ms
  sci_user.user_188                                                      87ms
  sci_user.user_189                                                      105ms
  sci_user.user_19                                                       197ms
  sci_user.user_190                                                      97ms
  sci_user.user_191                                                      93ms
  sci_user.user_192                                                      94ms
  sci_user.user_193                                                      91ms
  sci_user.user_194                                                      101ms
  sci_user.user_195                                                      103ms
  sci_user.user_196                                                      100ms
  sci_user.user_197                                                      90ms
  sci_user.user_198                                                      88ms
  sci_user.user_199                                                      113ms
  sci_user.user_2                                                        133ms
  sci_user.user_20                                                       105ms
  sci_user.user_200                                                      96ms
  sci_user.user_201                                                      106ms
  sci_user.user_202                                                      88ms
  sci_user.user_203                                                      103ms
  sci_user.user_204                                                      98ms
  sci_user.user_205                                                      96ms
  sci_user.user_206                                                      96ms
  sci_user.user_207                                                      94ms
  sci_user.user_208                                                      94ms
  sci_user.user_209                                                      97ms
  sci_user.user_21                                                       93ms
  sci_user.user_210                                                      89ms
  sci_user.user_211                                                      91ms
  sci_user.user_212                                                      104ms
  sci_user.user_213                                                      105ms
  sci_user.user_214                                                      104ms
  sci_user.user_215                                                      94ms
  sci_user.user_216                                                      96ms
  sci_user.user_217                                                      101ms
  sci_user.user_218                                                      99ms
  sci_user.user_219                                                      99ms
  sci_user.user_22                                                       94ms
  sci_user.user_220                                                      100ms
  sci_user.user_221                                                      100ms
  sci_user.user_222                                                      102ms
  sci_user.user_223                                                      90ms
  sci_user.user_224                                                      93ms
  sci_user.user_225                                                      95ms
  sci_user.user_226                                                      93ms
  sci_user.user_227                                                      95ms
  sci_user.user_228                                                      118ms
  sci_user.user_229                                                      95ms
  sci_user.user_23                                                       108ms
  sci_user.user_230                                                      95ms
  sci_user.user_231                                                      98ms
  sci_user.user_232                                                      97ms
  sci_user.user_233                                                      93ms
  sci_user.user_234                                                      88ms
  sci_user.user_235                                                      97ms
  sci_user.user_236                                                      182ms
  sci_user.user_237                                                      96ms
  sci_user.user_238                                                      94ms
  sci_user.user_239                                                      95ms
  sci_user.user_24                                                       94ms
  sci_user.user_240                                                      95ms
  sci_user.user_241                                                      90ms
  sci_user.user_242                                                      109ms
  sci_user.user_243                                                      89ms
  sci_user.user_244                                                      103ms
  sci_user.user_245                                                      132ms
  sci_user.user_246                                                      89ms
  sci_user.user_247                                                      110ms
  sci_user.user_248                                                      92ms
  sci_user.user_249                                                      102ms
  sci_user.user_25                                                       91ms
  sci_user.user_250                                                      94ms
  sci_user.user_26                                                       109ms
  sci_user.user_27                                                       94ms
  sci_user.user_28                                                       98ms
  sci_user.user_29                                                       96ms
  sci_user.user_3                                                        96ms
  sci_user.user_30                                                       97ms
  sci_user.user_31                                                       99ms
  sci_user.user_32                                                       106ms
  sci_user.user_33                                                       92ms
  sci_user.user_34                                                       101ms
  sci_user.user_35                                                       91ms
  sci_user.user_36                                                       90ms
  sci_user.user_37                                                       89ms
  sci_user.user_38                                                       93ms
  sci_user.user_39                                                       120ms
  sci_user.user_4                                                        96ms
  sci_user.user_40                                                       102ms
  sci_user.user_41                                                       85ms
  sci_user.user_42                                                       95ms
  sci_user.user_43                                                       97ms
  sci_user.user_44                                                       110ms
  sci_user.user_45                                                       94ms
  sci_user.user_46                                                       92ms
  sci_user.user_47                                                       95ms
  sci_user.user_48                                                       95ms
  sci_user.user_49                                                       96ms
  sci_user.user_5                                                        101ms
  sci_user.user_50                                                       104ms
  sci_user.user_51                                                       116ms
  sci_user.user_52                                                       94ms
  sci_user.user_53                                                       104ms
  sci_user.user_54                                                       92ms
  sci_user.user_55                                                       103ms
  sci_user.user_56                                                       95ms
  sci_user.user_57                                                       91ms
  sci_user.user_58                                                       103ms
  sci_user.user_59                                                       102ms
  sci_user.user_6                                                        102ms
  sci_user.user_60                                                       87ms
  sci_user.user_61                                                       92ms
  sci_user.user_62                                                       90ms
  sci_user.user_63                                                       88ms
  sci_user.user_64                                                       100ms
  sci_user.user_65                                                       97ms
  sci_user.user_66                                                       101ms
  sci_user.user_67                                                       94ms
  sci_user.user_68                                                       92ms
  sci_user.user_69                                                       111ms
  sci_user.user_7                                                        99ms
  sci_user.user_70                                                       97ms
  sci_user.user_71                                                       99ms
  sci_user.user_72                                                       139ms
  sci_user.user_73                                                       89ms
  sci_user.user_74                                                       141ms
  sci_user.user_75                                                       105ms
  sci_user.user_76                                                       96ms
  sci_user.user_77                                                       100ms
  sci_user.user_78                                                       95ms
  sci_user.user_79                                                       92ms
  sci_user.user_8                                                        102ms
  sci_user.user_80                                                       99ms
  sci_user.user_81                                                       97ms
  sci_user.user_82                                                       98ms
  sci_user.user_83                                                       97ms
  sci_user.user_84                                                       98ms
  sci_user.user_85                                                       99ms
  sci_user.user_86                                                       96ms
  sci_user.user_87                                                       104ms
  sci_user.user_88                                                       107ms
  sci_user.user_89                                                       96ms
  sci_user.user_9                                                        93ms
  sci_user.user_90                                                       100ms
  sci_user.user_91                                                       96ms
  sci_user.user_92                                                       85ms
  sci_user.user_93                                                       88ms
  sci_user.user_94                                                       88ms
  sci_user.user_95                                                       96ms
  sci_user.user_96                                                       102ms
  sci_user.user_97                                                       93ms
  sci_user.user_98                                                       101ms
  sci_user.user_99                                                       113ms


Final results:
-------                                               ------------    -----------    -----------
Element                                               Average (ms)   Minimum (ms)   Maximum (ms)
btp_directory.directory_1                                   662.00            542            791
btp_directory.directory_10                                  522.00            496            549
btp_directory.directory_11                                  535.33            507            562
btp_directory.directory_12                                  695.67            531            994
btp_directory.directory_13                                  543.67            522            575
btp_directory.directory_14                                  553.67            477            600
btp_directory.directory_15                                  556.33            534            580
btp_directory.directory_16                                  518.33            495            538
btp_directory.directory_17                                  518.00            503            532
btp_directory.directory_18                                  532.00            527            537
btp_directory.directory_19                                  535.67            505            590
btp_directory.directory_2                                   515.00            495            530
btp_directory.directory_20                                  539.67            463            584
btp_directory.directory_21                                  573.67            557            582
btp_directory.directory_22                                  517.67            477            546
btp_directory.directory_23                                  535.67            513            565
btp_directory.directory_24                                  548.67            502            621
btp_directory.directory_25                                  541.00            505            569
btp_directory.directory_26                                  549.33            514            578
btp_directory.directory_27                                  522.00            520            523
btp_directory.directory_28                                  557.00            514            606
btp_directory.directory_29                                  519.33            512            531
btp_directory.directory_3                                   524.00            488            567
btp_directory.directory_30                                  539.00            530            551
btp_directory.directory_31                                  546.67            508            621
btp_directory.directory_32                                  671.67            499            988
btp_directory.directory_33                                  545.00            507            594
btp_directory.directory_34                                  639.33            548            751
btp_directory.directory_35                                  526.00            481            566
btp_directory.directory_36                                  519.33            475            563
btp_directory.directory_37                                  559.33            542            581
btp_directory.directory_38                                  538.00            519            557
btp_directory.directory_39                                  540.33            496            572
btp_directory.directory_4                                   522.00            513            528
btp_directory.directory_40                                  568.33            531            621
btp_directory.directory_41                                  682.67            490            983
btp_directory.directory_42                                  531.67            511            554
btp_directory.directory_43                                  507.67            465            543
btp_directory.directory_44                                  528.33            499            573
btp_directory.directory_45                                  582.00            533            619
btp_directory.directory_46                                  504.67            466            533
btp_directory.directory_47                                  679.67            505            982
btp_directory.directory_48                                  552.00            519            597
btp_directory.directory_49                                  557.00            533            594
btp_directory.directory_5                                   543.67            504            567
btp_directory.directory_50                                  548.33            509            582
btp_directory.directory_6                                   507.00            471            537
btp_directory.directory_7                                   499.00            466            532
btp_directory.directory_8                                   587.33            545            669
btp_directory.directory_9                                   525.67            511            548
btp_subaccount.subaccount_1                                 231.67            223            237
btp_subaccount.subaccount_10                                203.00            175            222
btp_subaccount.subaccount_11                                226.33            205            245
btp_subaccount.subaccount_12                                237.33            235            242
btp_subaccount.subaccount_13                                213.67            203            224
btp_subaccount.subaccount_14                                250.00            224            295
btp_subaccount.subaccount_15                                242.67            232            259
btp_subaccount.subaccount_16                                217.67            197            236
btp_subaccount.subaccount_17                                239.67            218            256
btp_subaccount.subaccount_18                                219.67            209            231
btp_subaccount.subaccount_19                                219.67            195            239
btp_subaccount.subaccount_2                                 206.33            191            223
btp_subaccount.subaccount_20                                230.00            227            235
btp_subaccount.subaccount_21                                237.67            216            264
btp_subaccount.subaccount_22                                217.67            209            225
btp_subaccount.subaccount_23                                211.00            181            226
btp_subaccount.subaccount_24                                228.00            216            235
btp_subaccount.subaccount_25                                219.67            215            227
btp_subaccount.subaccount_26                                225.33            208            243
btp_subaccount.subaccount_27                                224.67            207            243
btp_subaccount.subaccount_28                                232.00            223            239
btp_subaccount.subaccount_29                                226.67            223            230
btp_subaccount.subaccount_3                                 218.67            198            230
btp_subaccount.subaccount_30                                236.67            226            246
btp_subaccount.subaccount_31                                221.67            202            234
btp_subaccount.subaccount_32                                237.00            217            270
btp_subaccount.subaccount_33                                233.00            210            260
btp_subaccount.subaccount_34                                238.33            210            269
btp_subaccount.subaccount_35                                221.67            213            231
btp_subaccount.subaccount_36                                220.00            200            232
btp_subaccount.subaccount_37                                219.67            211            228
btp_subaccount.subaccount_38                                219.33            209            227
btp_subaccount.subaccount_39                                222.00            220            225
btp_subaccount.subaccount_4                                 227.33            214            244
btp_subaccount.subaccount_40                                215.00            209            221
btp_subaccount.subaccount_41                                232.67            221            244
btp_subaccount.subaccount_42                                217.33            193            242
btp_subaccount.subaccount_43                                242.33            216            277
btp_subaccount.subaccount_44                                223.00            205            239
btp_subaccount.subaccount_45                                227.33            203            252
btp_subaccount.subaccount_46                                218.67            198            257
btp_subaccount.subaccount_47                                229.33            224            239
btp_subaccount.subaccount_48                                216.00            201            226
btp_subaccount.subaccount_49                                241.33            237            248
btp_subaccount.subaccount_5                                 221.00            211            228
btp_subaccount.subaccount_50                                235.33            218            258
btp_subaccount.subaccount_6                                 239.33            214            257
btp_subaccount.subaccount_7                                 229.33            184            266
btp_subaccount.subaccount_8                                 232.33            230            235
btp_subaccount.subaccount_9                                 222.00            210            233
btp_subaccount_destination_generic.destination_1            683.67            446           1122
btp_subaccount_destination_generic.destination_10           189.67            176            211
btp_subaccount_destination_generic.destination_100          328.67            137            553
btp_subaccount_destination_generic.destination_11           317.67            231            453
btp_subaccount_destination_generic.destination_12           224.33            159            328
btp_subaccount_destination_generic.destination_13           354.67            160            736
btp_subaccount_destination_generic.destination_14           409.00            214            654
btp_subaccount_destination_generic.destination_15           478.67            198            876
btp_subaccount_destination_generic.destination_16           325.33            172            417
btp_subaccount_destination_generic.destination_17           162.67            148            178
btp_subaccount_destination_generic.destination_18           304.33            230            434
btp_subaccount_destination_generic.destination_19           340.33            140            622
btp_subaccount_destination_generic.destination_2           4894.33            159          14323
btp_subaccount_destination_generic.destination_20           256.33            151            457
btp_subaccount_destination_generic.destination_21           196.67            157            241
btp_subaccount_destination_generic.destination_22           346.67            158            712
btp_subaccount_destination_generic.destination_23           508.67            167            903
btp_subaccount_destination_generic.destination_24          4050.33            156          11824
btp_subaccount_destination_generic.destination_25           329.00            153            647
btp_subaccount_destination_generic.destination_26           258.67            139            477
btp_subaccount_destination_generic.destination_27           211.00            154            295
btp_subaccount_destination_generic.destination_28           213.33            167            295
btp_subaccount_destination_generic.destination_29           384.67            158            814
btp_subaccount_destination_generic.destination_3            427.00            193            678
btp_subaccount_destination_generic.destination_30           321.00            132            451
btp_subaccount_destination_generic.destination_31           451.67            187            942
btp_subaccount_destination_generic.destination_32           639.00            482            903
btp_subaccount_destination_generic.destination_33           472.33            313            560
btp_subaccount_destination_generic.destination_34           401.33            225            587
btp_subaccount_destination_generic.destination_35           420.67            186            582
btp_subaccount_destination_generic.destination_36           550.33            261            970
btp_subaccount_destination_generic.destination_37           309.67            178            405
btp_subaccount_destination_generic.destination_38           536.00            169            789
btp_subaccount_destination_generic.destination_39           303.67            170            506
btp_subaccount_destination_generic.destination_4            687.33            559            772
btp_subaccount_destination_generic.destination_40           405.67            149            878
btp_subaccount_destination_generic.destination_41           306.00            193            448
btp_subaccount_destination_generic.destination_42           232.33            165            292
btp_subaccount_destination_generic.destination_43           237.33            167            311
btp_subaccount_destination_generic.destination_44           251.67            181            379
btp_subaccount_destination_generic.destination_45           384.00            154            841
btp_subaccount_destination_generic.destination_46           379.33            316            462
btp_subaccount_destination_generic.destination_47           415.00            205            552
btp_subaccount_destination_generic.destination_48           334.00            271            445
btp_subaccount_destination_generic.destination_49           198.33            154            231
btp_subaccount_destination_generic.destination_5            312.67            244            363
btp_subaccount_destination_generic.destination_50           464.67            378            540
btp_subaccount_destination_generic.destination_51           636.33            227           1126
btp_subaccount_destination_generic.destination_52           485.00            208            762
btp_subaccount_destination_generic.destination_53           334.33            152            502
btp_subaccount_destination_generic.destination_54           475.00            190            734
btp_subaccount_destination_generic.destination_55           394.33            187            507
btp_subaccount_destination_generic.destination_56           281.33            162            344
btp_subaccount_destination_generic.destination_57           289.67            171            477
btp_subaccount_destination_generic.destination_58           382.67            172            796
btp_subaccount_destination_generic.destination_59           429.67            162            941
btp_subaccount_destination_generic.destination_6            275.67            144            486
btp_subaccount_destination_generic.destination_60          4325.33            178          12054
btp_subaccount_destination_generic.destination_61           194.33            117            235
btp_subaccount_destination_generic.destination_62           251.33            207            314
btp_subaccount_destination_generic.destination_63           447.33            140            632
btp_subaccount_destination_generic.destination_64           398.33            176            534
btp_subaccount_destination_generic.destination_65           306.67            176            374
btp_subaccount_destination_generic.destination_66           793.67            148           1191
btp_subaccount_destination_generic.destination_67           375.67            158            553
btp_subaccount_destination_generic.destination_68           284.33            164            505
btp_subaccount_destination_generic.destination_69           238.33            159            386
btp_subaccount_destination_generic.destination_7            509.33            154           1030
btp_subaccount_destination_generic.destination_70           413.33            151            869
btp_subaccount_destination_generic.destination_71           172.67            152            187
btp_subaccount_destination_generic.destination_72           202.00            152            270
btp_subaccount_destination_generic.destination_73           440.33            171            960
btp_subaccount_destination_generic.destination_74           376.67            164            742
btp_subaccount_destination_generic.destination_75           256.00            205            331
btp_subaccount_destination_generic.destination_76           436.33            185            934
btp_subaccount_destination_generic.destination_77           433.33            336            528
btp_subaccount_destination_generic.destination_78           432.33            179            760
btp_subaccount_destination_generic.destination_79           376.00            304            478
btp_subaccount_destination_generic.destination_8            300.00            152            558
btp_subaccount_destination_generic.destination_80           459.33            163            772
btp_subaccount_destination_generic.destination_81           220.00            183            270
btp_subaccount_destination_generic.destination_82           197.67            165            259
btp_subaccount_destination_generic.destination_83           453.00            437            475
btp_subaccount_destination_generic.destination_84           700.33            657            726
btp_subaccount_destination_generic.destination_85           215.67            154            317
btp_subaccount_destination_generic.destination_86           351.00            210            576
btp_subaccount_destination_generic.destination_87           610.67            376            820
btp_subaccount_destination_generic.destination_88           161.00            156            170
btp_subaccount_destination_generic.destination_89           183.33            160            220
btp_subaccount_destination_generic.destination_9            181.67            178            188
btp_subaccount_destination_generic.destination_90           391.33            188            523
btp_subaccount_destination_generic.destination_91           278.33            161            509
btp_subaccount_destination_generic.destination_92           150.00            124            166
btp_subaccount_destination_generic.destination_93           395.33            224            725
btp_subaccount_destination_generic.destination_94           342.00            178            436
btp_subaccount_destination_generic.destination_95           368.67            141            798
btp_subaccount_destination_generic.destination_96           526.67            270            873
btp_subaccount_destination_generic.destination_97           461.67            172            910
btp_subaccount_destination_generic.destination_98           382.67            195            685
btp_subaccount_destination_generic.destination_99           524.00            170            926
btp_subaccount_entitlement.entitlement_1                  12024.67          10763          14463
btp_subaccount_entitlement.entitlement_10                 11247.33          10976          11384
btp_subaccount_entitlement.entitlement_100                11105.33          10886          11348
btp_subaccount_entitlement.entitlement_101                11009.00          10535          11353
btp_subaccount_entitlement.entitlement_102                11717.33          11032          12266
btp_subaccount_entitlement.entitlement_103                11532.00          10738          12454
btp_subaccount_entitlement.entitlement_104                11743.67          11375          11960
btp_subaccount_entitlement.entitlement_105                11306.33          10637          12394
btp_subaccount_entitlement.entitlement_106                11163.67          10556          11782
btp_subaccount_entitlement.entitlement_107                11054.33          10646          11714
btp_subaccount_entitlement.entitlement_108                11180.67          10844          11448
btp_subaccount_entitlement.entitlement_109                10979.00          10820          11217
btp_subaccount_entitlement.entitlement_11                 11105.67          10943          11230
btp_subaccount_entitlement.entitlement_110                10783.33          10512          10979
btp_subaccount_entitlement.entitlement_111                10802.33          10585          10984
btp_subaccount_entitlement.entitlement_112                10663.67          10562          10717
btp_subaccount_entitlement.entitlement_113                11694.33          11429          12081
btp_subaccount_entitlement.entitlement_114                11089.67          10843          11405
btp_subaccount_entitlement.entitlement_115                11345.67          10891          11706
btp_subaccount_entitlement.entitlement_116                11194.33          10776          11449
btp_subaccount_entitlement.entitlement_117                12855.00          10595          16814
btp_subaccount_entitlement.entitlement_118                17008.33          10942          29034
btp_subaccount_entitlement.entitlement_119                11623.00          10513          13330
btp_subaccount_entitlement.entitlement_12                 10886.00          10567          11116
btp_subaccount_entitlement.entitlement_120                19505.67          10683          36819
btp_subaccount_entitlement.entitlement_121                10992.00          10717          11283
btp_subaccount_entitlement.entitlement_122                11179.00          10915          11377
btp_subaccount_entitlement.entitlement_123                11260.00          11171          11412
btp_subaccount_entitlement.entitlement_124                10906.00          10820          11025
btp_subaccount_entitlement.entitlement_125                11151.00          10645          11891
btp_subaccount_entitlement.entitlement_126                11393.33          10634          11846
btp_subaccount_entitlement.entitlement_127                11213.67          11055          11524
btp_subaccount_entitlement.entitlement_128                11576.33          10737          12227
btp_subaccount_entitlement.entitlement_129                11114.33          10796          11375
btp_subaccount_entitlement.entitlement_13                 11146.00          10839          11577
btp_subaccount_entitlement.entitlement_130                11146.33          10517          11959
btp_subaccount_entitlement.entitlement_131                13817.33          10628          19453
btp_subaccount_entitlement.entitlement_132                14840.33          11163          21803
btp_subaccount_entitlement.entitlement_133                10769.00          10513          10936
btp_subaccount_entitlement.entitlement_134                11315.33          11055          11590
btp_subaccount_entitlement.entitlement_135                10896.00          10534          11263
btp_subaccount_entitlement.entitlement_136                10776.00          10630          10955
btp_subaccount_entitlement.entitlement_137                11351.00          10888          12018
btp_subaccount_entitlement.entitlement_138                11146.00          10863          11382
btp_subaccount_entitlement.entitlement_139                11504.00          11430          11598
btp_subaccount_entitlement.entitlement_14                 11116.67          10834          11641
btp_subaccount_entitlement.entitlement_140                11203.67          11155          11270
btp_subaccount_entitlement.entitlement_141                11206.33          11049          11431
btp_subaccount_entitlement.entitlement_142                11159.33          10865          11737
btp_subaccount_entitlement.entitlement_143                10988.00          10849          11075
btp_subaccount_entitlement.entitlement_144                11069.00          10523          11450
btp_subaccount_entitlement.entitlement_145                11136.67          10806          11695
btp_subaccount_entitlement.entitlement_146                10771.33          10587          10961
btp_subaccount_entitlement.entitlement_147                11119.67          10740          11746
btp_subaccount_entitlement.entitlement_148                11060.33          10926          11182
btp_subaccount_entitlement.entitlement_149                11440.67          10773          12474
btp_subaccount_entitlement.entitlement_15                 11481.00          11239          11843
btp_subaccount_entitlement.entitlement_150                11407.33          10875          11722
btp_subaccount_entitlement.entitlement_151                10848.67          10547          11107
btp_subaccount_entitlement.entitlement_152                11393.00          10817          12083
btp_subaccount_entitlement.entitlement_153                11438.67          11363          11579
btp_subaccount_entitlement.entitlement_154                11441.33          10987          11670
btp_subaccount_entitlement.entitlement_155                11494.00          10955          11967
btp_subaccount_entitlement.entitlement_156                11436.00          10952          12006
btp_subaccount_entitlement.entitlement_157                11304.67          11185          11379
btp_subaccount_entitlement.entitlement_158                10855.33          10660          11176
btp_subaccount_entitlement.entitlement_159                11026.67          10911          11150
btp_subaccount_entitlement.entitlement_16                 11250.67          10538          12082
btp_subaccount_entitlement.entitlement_160                10942.33          10556          11451
btp_subaccount_entitlement.entitlement_161                10860.33          10509          11043
btp_subaccount_entitlement.entitlement_162                10846.33          10733          10964
btp_subaccount_entitlement.entitlement_163                10855.00          10511          11229
btp_subaccount_entitlement.entitlement_164                10891.67          10574          11075
btp_subaccount_entitlement.entitlement_165                11458.00          11366          11627
btp_subaccount_entitlement.entitlement_166                11556.33          11293          11738
btp_subaccount_entitlement.entitlement_167                11578.00          11353          11802
btp_subaccount_entitlement.entitlement_168                11496.67          11150          11737
btp_subaccount_entitlement.entitlement_169                11404.67          10534          12855
btp_subaccount_entitlement.entitlement_17                 10870.33          10603          11179
btp_subaccount_entitlement.entitlement_170                10887.00          10560          11426
btp_subaccount_entitlement.entitlement_171                11477.67          11336          11728
btp_subaccount_entitlement.entitlement_172                11399.00          10866          12068
btp_subaccount_entitlement.entitlement_173                11006.67          10728          11205
btp_subaccount_entitlement.entitlement_174                10920.67          10786          11093
btp_subaccount_entitlement.entitlement_175                11470.00          10863          12298
btp_subaccount_entitlement.entitlement_176                10893.67          10581          11139
btp_subaccount_entitlement.entitlement_177                11034.00          10666          11327
btp_subaccount_entitlement.entitlement_178                11068.67          10907          11258
btp_subaccount_entitlement.entitlement_179                11288.67          10825          11754
btp_subaccount_entitlement.entitlement_18                 11219.33          10885          11433
btp_subaccount_entitlement.entitlement_180                11480.33          11323          11572
btp_subaccount_entitlement.entitlement_181                10841.33          10547          11263
btp_subaccount_entitlement.entitlement_182                11259.00          10835          11633
btp_subaccount_entitlement.entitlement_183                10935.67          10852          10987
btp_subaccount_entitlement.entitlement_184                10873.33          10510          11109
btp_subaccount_entitlement.entitlement_185                11217.00          11136          11273
btp_subaccount_entitlement.entitlement_186                10935.33          10753          11194
btp_subaccount_entitlement.entitlement_187                11063.00          10519          11451
btp_subaccount_entitlement.entitlement_188                11131.00          10743          11834
btp_subaccount_entitlement.entitlement_189                11008.33          10538          11661
btp_subaccount_entitlement.entitlement_19                 10941.00          10751          11187
btp_subaccount_entitlement.entitlement_190                11322.00          11034          11749
btp_subaccount_entitlement.entitlement_191                11743.67          11192          12240
btp_subaccount_entitlement.entitlement_192                11671.67          11361          11843
btp_subaccount_entitlement.entitlement_193                11333.00          10544          12228
btp_subaccount_entitlement.entitlement_194                10911.67          10691          11188
btp_subaccount_entitlement.entitlement_195                10999.00          10717          11265
btp_subaccount_entitlement.entitlement_196                11480.00          10989          11984
btp_subaccount_entitlement.entitlement_197                11719.33          11279          12287
btp_subaccount_entitlement.entitlement_198                11316.33          10843          11611
btp_subaccount_entitlement.entitlement_199                11123.00          10735          11507
btp_subaccount_entitlement.entitlement_2                  11928.00          11044          13695
btp_subaccount_entitlement.entitlement_20                 11111.00          10527          11481
btp_subaccount_entitlement.entitlement_200                11046.00          10576          11345
btp_subaccount_entitlement.entitlement_21                 11067.33          10662          11390
btp_subaccount_entitlement.entitlement_22                 11066.67          10604          11601
btp_subaccount_entitlement.entitlement_23                 11203.00          10695          11576
btp_subaccount_entitlement.entitlement_24                 11190.33          10861          11462
btp_subaccount_entitlement.entitlement_25                 11436.67          10824          12150
btp_subaccount_entitlement.entitlement_26                 11273.33          11214          11367
btp_subaccount_entitlement.entitlement_27                 11066.00          10641          11504
btp_subaccount_entitlement.entitlement_28                 11209.33          10674          11535
btp_subaccount_entitlement.entitlement_29                 11127.00          10722          11450
btp_subaccount_entitlement.entitlement_3                  13053.67          11014          16761
btp_subaccount_entitlement.entitlement_30                 11137.67          10595          11928
btp_subaccount_entitlement.entitlement_31                 11303.33          10611          12023
btp_subaccount_entitlement.entitlement_32                 11014.67          10817          11265
btp_subaccount_entitlement.entitlement_33                 11225.67          11047          11324
btp_subaccount_entitlement.entitlement_34                 11182.67          11012          11450
btp_subaccount_entitlement.entitlement_35                 10910.67          10632          11299
btp_subaccount_entitlement.entitlement_36                 10857.67          10693          11184
btp_subaccount_entitlement.entitlement_37                 11463.00          10785          12106
btp_subaccount_entitlement.entitlement_38                 11608.00          10680          12321
btp_subaccount_entitlement.entitlement_39                 11227.67          10904          11424
btp_subaccount_entitlement.entitlement_4                  12693.67          10512          16363
btp_subaccount_entitlement.entitlement_40                 10863.33          10560          11254
btp_subaccount_entitlement.entitlement_41                 11404.67          11171          11717
btp_subaccount_entitlement.entitlement_42                 10904.67          10527          11356
btp_subaccount_entitlement.entitlement_43                 10954.33          10575          11415
btp_subaccount_entitlement.entitlement_44                 11532.33          10972          12089
btp_subaccount_entitlement.entitlement_45                 11490.67          10755          12065
btp_subaccount_entitlement.entitlement_46                 11051.67          10686          11648
btp_subaccount_entitlement.entitlement_47                 11049.00          10535          11452
btp_subaccount_entitlement.entitlement_48                 14949.33          10686          23039
btp_subaccount_entitlement.entitlement_49                 11113.00          10617          11641
btp_subaccount_entitlement.entitlement_5                  10958.00          10730          11175
btp_subaccount_entitlement.entitlement_50                 10830.67          10600          11046
btp_subaccount_entitlement.entitlement_51                 11224.00          10506          11718
btp_subaccount_entitlement.entitlement_52                 11139.33          10637          11488
btp_subaccount_entitlement.entitlement_53                 10764.33          10489          11216
btp_subaccount_entitlement.entitlement_54                 10758.33          10653          10963
btp_subaccount_entitlement.entitlement_55                 10934.33          10652          11279
btp_subaccount_entitlement.entitlement_56                 10857.67          10613          11064
btp_subaccount_entitlement.entitlement_57                 11274.67          10901          11786
btp_subaccount_entitlement.entitlement_58                 10957.00          10577          11327
btp_subaccount_entitlement.entitlement_59                 11618.33          11077          12051
btp_subaccount_entitlement.entitlement_6                  11146.33          10945          11375
btp_subaccount_entitlement.entitlement_60                 11163.00          10640          12168
btp_subaccount_entitlement.entitlement_61                 11391.00          11143          11771
btp_subaccount_entitlement.entitlement_62                 11215.00          10570          11749
btp_subaccount_entitlement.entitlement_63                 11187.67          10872          11763
btp_subaccount_entitlement.entitlement_64                 11444.33          10988          12200
btp_subaccount_entitlement.entitlement_65                 11754.67          11406          12083
btp_subaccount_entitlement.entitlement_66                 11421.00          11306          11615
btp_subaccount_entitlement.entitlement_67                 11170.00          10699          11613
btp_subaccount_entitlement.entitlement_68                 10967.00          10562          11225
btp_subaccount_entitlement.entitlement_69                 14448.67          10559          20821
btp_subaccount_entitlement.entitlement_7                  11129.33          11005          11326
btp_subaccount_entitlement.entitlement_70                 14263.67          11338          20099
btp_subaccount_entitlement.entitlement_71                 13635.67          10574          19018
btp_subaccount_entitlement.entitlement_72                 13972.00          10778          18921
btp_subaccount_entitlement.entitlement_73                 11191.00          10559          11969
btp_subaccount_entitlement.entitlement_74                 10978.00          10843          11179
btp_subaccount_entitlement.entitlement_75                 11295.67          10972          11511
btp_subaccount_entitlement.entitlement_76                 11000.00          10678          11481
btp_subaccount_entitlement.entitlement_77                 11138.33          10682          12046
btp_subaccount_entitlement.entitlement_78                 11622.33          11019          12736
btp_subaccount_entitlement.entitlement_79                 11110.67          10598          12000
btp_subaccount_entitlement.entitlement_8                  11281.33          11108          11382
btp_subaccount_entitlement.entitlement_80                 10936.67          10609          11546
btp_subaccount_entitlement.entitlement_81                 10910.67          10632          11464
btp_subaccount_entitlement.entitlement_82                 10779.00          10590          11104
btp_subaccount_entitlement.entitlement_83                 10746.00          10566          10957
btp_subaccount_entitlement.entitlement_84                 11144.67          10589          11968
btp_subaccount_entitlement.entitlement_85                 11209.00          10662          11496
btp_subaccount_entitlement.entitlement_86                 11097.00          10845          11256
btp_subaccount_entitlement.entitlement_87                 11054.00          10726          11219
btp_subaccount_entitlement.entitlement_88                 11161.67          10832          11666
btp_subaccount_entitlement.entitlement_89                 11191.67          10627          11554
btp_subaccount_entitlement.entitlement_9                  10973.00          10604          11202
btp_subaccount_entitlement.entitlement_90                 11152.33          10552          11757
btp_subaccount_entitlement.entitlement_91                 10764.00          10645          10943
btp_subaccount_entitlement.entitlement_92                 10986.00          10696          11349
btp_subaccount_entitlement.entitlement_93                 11116.33          10862          11315
btp_subaccount_entitlement.entitlement_94                 11159.00          10950          11291
btp_subaccount_entitlement.entitlement_95                 11012.00          10581          11475
btp_subaccount_entitlement.entitlement_96                 11132.00          10698          11716
btp_subaccount_entitlement.entitlement_97                 11070.00          10665          11590
btp_subaccount_entitlement.entitlement_98                 10730.33          10689          10760
btp_subaccount_entitlement.entitlement_99                 10993.33          10784          11224
btp_subaccount_environment_instance.cloudfoundry_1          402.67            309            512
btp_subaccount_environment_instance.cloudfoundry_10         808.67            461           1002
btp_subaccount_environment_instance.cloudfoundry_11         581.33            357            862
btp_subaccount_environment_instance.cloudfoundry_12         683.00            382           1006
btp_subaccount_environment_instance.cloudfoundry_13         507.00            366            777
btp_subaccount_environment_instance.cloudfoundry_14         322.67            281            354
btp_subaccount_environment_instance.cloudfoundry_15         511.67            369            657
btp_subaccount_environment_instance.cloudfoundry_16         561.67            465            660
btp_subaccount_environment_instance.cloudfoundry_17         476.33            417            527
btp_subaccount_environment_instance.cloudfoundry_18         360.33            324            384
btp_subaccount_environment_instance.cloudfoundry_19         355.67            299            395
btp_subaccount_environment_instance.cloudfoundry_2          548.00            432            709
btp_subaccount_environment_instance.cloudfoundry_20         361.00            317            385
btp_subaccount_environment_instance.cloudfoundry_21         496.67            294            803
btp_subaccount_environment_instance.cloudfoundry_22         457.00            309            551
btp_subaccount_environment_instance.cloudfoundry_23         530.67            516            548
btp_subaccount_environment_instance.cloudfoundry_24         347.33            301            422
btp_subaccount_environment_instance.cloudfoundry_25         621.33            363            928
btp_subaccount_environment_instance.cloudfoundry_26         707.33            351           1143
btp_subaccount_environment_instance.cloudfoundry_27         436.67            326            568
btp_subaccount_environment_instance.cloudfoundry_28         527.67            519            533
btp_subaccount_environment_instance.cloudfoundry_29         568.33            544            616
btp_subaccount_environment_instance.cloudfoundry_3          665.00            426           1035
btp_subaccount_environment_instance.cloudfoundry_30         576.33            367            981
btp_subaccount_environment_instance.cloudfoundry_31         559.67            357            679
btp_subaccount_environment_instance.cloudfoundry_32         592.33            409            763
btp_subaccount_environment_instance.cloudfoundry_33         672.67            392           1201
btp_subaccount_environment_instance.cloudfoundry_34         507.33            338            679
btp_subaccount_environment_instance.cloudfoundry_35         379.00            270            461
btp_subaccount_environment_instance.cloudfoundry_36         650.33            332           1211
btp_subaccount_environment_instance.cloudfoundry_37         370.67            321            433
btp_subaccount_environment_instance.cloudfoundry_38         792.67            576           1205
btp_subaccount_environment_instance.cloudfoundry_39         592.67            507            758
btp_subaccount_environment_instance.cloudfoundry_4          341.67            329            348
btp_subaccount_environment_instance.cloudfoundry_40         490.00            347            715
btp_subaccount_environment_instance.cloudfoundry_41         397.00            276            612
btp_subaccount_environment_instance.cloudfoundry_42         506.00            340            759
btp_subaccount_environment_instance.cloudfoundry_43         544.67            314            750
btp_subaccount_environment_instance.cloudfoundry_44         725.67            314           1108
btp_subaccount_environment_instance.cloudfoundry_45         428.67            300            525
btp_subaccount_environment_instance.cloudfoundry_46         427.00            327            497
btp_subaccount_environment_instance.cloudfoundry_47         446.00            300            671
btp_subaccount_environment_instance.cloudfoundry_48         609.67            419            818
btp_subaccount_environment_instance.cloudfoundry_49         696.67            399           1208
btp_subaccount_environment_instance.cloudfoundry_5          434.67            311            593
btp_subaccount_environment_instance.cloudfoundry_50         444.67            297            702
btp_subaccount_environment_instance.cloudfoundry_6          546.33            350            645
btp_subaccount_environment_instance.cloudfoundry_7          442.33            355            603
btp_subaccount_environment_instance.cloudfoundry_8          511.33            361            689
btp_subaccount_environment_instance.cloudfoundry_9          514.67            375            602
btp_subaccount_role.role_1                                  541.33            161           1284
btp_subaccount_role.role_10                                 313.00            184            561
btp_subaccount_role.role_100                                250.00            192            347
btp_subaccount_role.role_11                                 452.67            290            540
btp_subaccount_role.role_12                                 291.33            180            354
btp_subaccount_role.role_13                                 310.67            147            615
btp_subaccount_role.role_14                                 266.67            210            297
btp_subaccount_role.role_15                                 522.67            385            738
btp_subaccount_role.role_16                                 212.33            179            248
btp_subaccount_role.role_17                                 345.00            208            608
btp_subaccount_role.role_18                                 297.33            162            386
btp_subaccount_role.role_19                                 468.00            210            705
btp_subaccount_role.role_2                                  543.33            225           1177
btp_subaccount_role.role_20                                 537.33            172            833
btp_subaccount_role.role_21                                 418.00            294            513
btp_subaccount_role.role_22                                 358.33            183            449
btp_subaccount_role.role_23                                 335.00            128            688
btp_subaccount_role.role_24                                 408.00            163            883
btp_subaccount_role.role_25                                 477.67            178            677
btp_subaccount_role.role_26                                 452.67            203            714
btp_subaccount_role.role_27                                 301.00            189            498
btp_subaccount_role.role_28                                 219.00            170            316
btp_subaccount_role.role_29                                 491.67            403            596
btp_subaccount_role.role_3                                  384.67            228            474
btp_subaccount_role.role_30                                 452.33            231            580
btp_subaccount_role.role_31                                 228.00            189            278
btp_subaccount_role.role_32                                 367.67            260            531
btp_subaccount_role.role_33                                 508.67            395            607
btp_subaccount_role.role_34                                 484.00            148            774
btp_subaccount_role.role_35                                 266.33            183            344
btp_subaccount_role.role_36                                 498.00            181            806
btp_subaccount_role.role_37                                 357.67            186            638
btp_subaccount_role.role_38                                 410.67            198            752
btp_subaccount_role.role_39                                 227.00            159            332
btp_subaccount_role.role_4                                  474.00            396            593
btp_subaccount_role.role_40                                 344.33            225            579
btp_subaccount_role.role_41                                 278.33            195            439
btp_subaccount_role.role_42                                 299.33            201            482
btp_subaccount_role.role_43                                 212.00            210            213
btp_subaccount_role.role_44                                 193.67            174            216
btp_subaccount_role.role_45                                 381.67            210            552
btp_subaccount_role.role_46                                 364.67            229            501
btp_subaccount_role.role_47                                 470.67            202            694
btp_subaccount_role.role_48                                 224.67            159            267
btp_subaccount_role.role_49                                 329.00            182            432
btp_subaccount_role.role_5                                  357.33            177            545
btp_subaccount_role.role_50                                 465.67            219            730
btp_subaccount_role.role_51                                 517.00            205            876
btp_subaccount_role.role_52                                 414.33            153            848
btp_subaccount_role.role_53                                 218.33            157            251
btp_subaccount_role.role_54                                 391.33            195            771
btp_subaccount_role.role_55                                 191.00            155            250
btp_subaccount_role.role_56                                 348.67            204            583
btp_subaccount_role.role_57                                 180.33            164            199
btp_subaccount_role.role_58                                 380.00            188            476
btp_subaccount_role.role_59                                4171.00            213          12080
btp_subaccount_role.role_6                                  311.33            184            460
btp_subaccount_role.role_60                                 572.00            155            888
btp_subaccount_role.role_61                                 401.00            252            534
btp_subaccount_role.role_62                                 203.00            194            211
btp_subaccount_role.role_63                                 476.00            178            783
btp_subaccount_role.role_64                                 486.33            460            535
btp_subaccount_role.role_65                                 362.33            153            757
btp_subaccount_role.role_66                                 529.67            193           1202
btp_subaccount_role.role_67                                 349.67            157            649
btp_subaccount_role.role_68                                 206.00            183            220
btp_subaccount_role.role_69                                 281.00            163            492
btp_subaccount_role.role_7                                  649.33            207           1388
btp_subaccount_role.role_70                                 292.33            175            508
btp_subaccount_role.role_71                                 201.67            190            211
btp_subaccount_role.role_72                                 205.33            140            244
btp_subaccount_role.role_73                                 477.67            171           1035
btp_subaccount_role.role_74                                 217.67            191            235
btp_subaccount_role.role_75                                 344.00            146            524
btp_subaccount_role.role_76                                 343.33            211            524
btp_subaccount_role.role_77                                 564.33            367            678
btp_subaccount_role.role_78                                 388.00            149            610
btp_subaccount_role.role_79                                 238.67            201            277
btp_subaccount_role.role_8                                  362.33            188            466
btp_subaccount_role.role_80                                 295.00            186            505
btp_subaccount_role.role_81                                 203.33            160            250
btp_subaccount_role.role_82                                 227.33            178            323
btp_subaccount_role.role_83                                 572.00            314            862
btp_subaccount_role.role_84                                 639.33            525            787
btp_subaccount_role.role_85                                 518.67            169            848
btp_subaccount_role.role_86                                 206.33            167            280
btp_subaccount_role.role_87                                 207.67            199            217
btp_subaccount_role.role_88                                 519.67            137            799
btp_subaccount_role.role_89                                 437.00            178            597
btp_subaccount_role.role_9                                  327.33            200            571
btp_subaccount_role.role_90                                 595.00            557            619
btp_subaccount_role.role_91                                 266.33            155            358
btp_subaccount_role.role_92                                 297.67            200            456
btp_subaccount_role.role_93                                 181.00            155            195
btp_subaccount_role.role_94                                 346.00            181            580
btp_subaccount_role.role_95                                 358.00            163            684
btp_subaccount_role.role_96                                 605.00            199            981
btp_subaccount_role.role_97                                 456.33            214            683
btp_subaccount_role.role_98                                 483.67            176            837
btp_subaccount_role.role_99                                 574.67            380            830
btp_subaccount_role_collection.collection_1                 479.33            164           1054
btp_subaccount_role_collection.collection_10                411.67            210            568
btp_subaccount_role_collection.collection_100               194.00            140            231
btp_subaccount_role_collection.collection_101               362.00            212            438
btp_subaccount_role_collection.collection_102               311.00            228            357
btp_subaccount_role_collection.collection_103              1500.33            260           3955
btp_subaccount_role_collection.collection_104               158.33            133            201
btp_subaccount_role_collection.collection_105               289.33            161            526
btp_subaccount_role_collection.collection_106               156.67            126            185
btp_subaccount_role_collection.collection_107               222.67            156            327
btp_subaccount_role_collection.collection_108               179.33            143            204
btp_subaccount_role_collection.collection_109               469.67            190            856
btp_subaccount_role_collection.collection_11                259.00            147            425
btp_subaccount_role_collection.collection_110               474.33            188            844
btp_subaccount_role_collection.collection_111               350.67            181            446
btp_subaccount_role_collection.collection_112               342.67            149            535
btp_subaccount_role_collection.collection_113               162.33            149            183
btp_subaccount_role_collection.collection_114               330.33            144            480
btp_subaccount_role_collection.collection_115               624.33            509            764
btp_subaccount_role_collection.collection_116               688.33            485            923
btp_subaccount_role_collection.collection_117               488.33            175            691
btp_subaccount_role_collection.collection_118               515.67            156            900
btp_subaccount_role_collection.collection_119               279.33            158            393
btp_subaccount_role_collection.collection_12                305.67            141            606
btp_subaccount_role_collection.collection_120               294.67            172            530
btp_subaccount_role_collection.collection_121               214.00            188            251
btp_subaccount_role_collection.collection_122               175.33            162            189
btp_subaccount_role_collection.collection_123               359.00            206            622
btp_subaccount_role_collection.collection_124               632.33            462            828
btp_subaccount_role_collection.collection_125               276.33            169            474
btp_subaccount_role_collection.collection_126               350.00            176            465
btp_subaccount_role_collection.collection_127               433.00            175            937
btp_subaccount_role_collection.collection_128               466.33            166           1015
btp_subaccount_role_collection.collection_129               169.33            166            171
btp_subaccount_role_collection.collection_13                388.67            169            533
btp_subaccount_role_collection.collection_130               293.33            156            556
btp_subaccount_role_collection.collection_131               330.67            166            539
btp_subaccount_role_collection.collection_132               286.33            170            511
btp_subaccount_role_collection.collection_133               622.00            362            986
btp_subaccount_role_collection.collection_134               279.33            235            333
btp_subaccount_role_collection.collection_135               254.00            204            308
btp_subaccount_role_collection.collection_136               260.00            192            387
btp_subaccount_role_collection.collection_137               293.00            166            534
btp_subaccount_role_collection.collection_138               224.67            189            289
btp_subaccount_role_collection.collection_139               324.00            181            580
btp_subaccount_role_collection.collection_14                420.00            177            733
btp_subaccount_role_collection.collection_140               495.00            432            530
btp_subaccount_role_collection.collection_141               331.67            157            465
btp_subaccount_role_collection.collection_142               339.00            164            484
btp_subaccount_role_collection.collection_143               397.00            154            559
btp_subaccount_role_collection.collection_144               402.33            270            491
btp_subaccount_role_collection.collection_145               362.33            153            681
btp_subaccount_role_collection.collection_146               575.67            521            647
btp_subaccount_role_collection.collection_147               448.67            182            735
btp_subaccount_role_collection.collection_148               438.33            333            552
btp_subaccount_role_collection.collection_149               480.00            197            974
btp_subaccount_role_collection.collection_15                177.67            141            204
btp_subaccount_role_collection.collection_150               416.67            217            671
btp_subaccount_role_collection.collection_16                263.00            195            395
btp_subaccount_role_collection.collection_17                249.67            184            372
btp_subaccount_role_collection.collection_18                286.00            181            493
btp_subaccount_role_collection.collection_19                655.00            531            753
btp_subaccount_role_collection.collection_2                 505.67            186            928
btp_subaccount_role_collection.collection_20                358.00            175            471
btp_subaccount_role_collection.collection_21                607.00            422            715
btp_subaccount_role_collection.collection_22                351.00            277            488
btp_subaccount_role_collection.collection_23                410.00            170            749
btp_subaccount_role_collection.collection_24                331.00            196            413
btp_subaccount_role_collection.collection_25                395.00            183            549
btp_subaccount_role_collection.collection_26                319.33            172            587
btp_subaccount_role_collection.collection_27                245.00            170            375
btp_subaccount_role_collection.collection_28                517.33            133            984
btp_subaccount_role_collection.collection_29                311.67            231            411
btp_subaccount_role_collection.collection_3                 403.33            205            591
btp_subaccount_role_collection.collection_30                748.33            502            938
btp_subaccount_role_collection.collection_31                289.00            191            466
btp_subaccount_role_collection.collection_32                185.67            158            218
btp_subaccount_role_collection.collection_33                288.00            184            456
btp_subaccount_role_collection.collection_34               4082.67            164          11907
btp_subaccount_role_collection.collection_35                313.67            154            601
btp_subaccount_role_collection.collection_36                595.67            201            966
btp_subaccount_role_collection.collection_37                346.00            237            434
btp_subaccount_role_collection.collection_38                492.00            277            639
btp_subaccount_role_collection.collection_39                398.33            163            552
btp_subaccount_role_collection.collection_4                 527.00            462            594
btp_subaccount_role_collection.collection_40                216.67            208            226
btp_subaccount_role_collection.collection_41                265.33            173            366
btp_subaccount_role_collection.collection_42                194.33            181            208
btp_subaccount_role_collection.collection_43                398.67            155            836
btp_subaccount_role_collection.collection_44                251.00            204            334
btp_subaccount_role_collection.collection_45                484.33            223            752
btp_subaccount_role_collection.collection_46                397.33            174            519
btp_subaccount_role_collection.collection_47                245.00            155            394
btp_subaccount_role_collection.collection_48                490.67            389            570
btp_subaccount_role_collection.collection_49                700.33            188           1101
btp_subaccount_role_collection.collection_5                 512.33            247            672
btp_subaccount_role_collection.collection_50                323.00            172            599
btp_subaccount_role_collection.collection_51                418.33            226            690
btp_subaccount_role_collection.collection_52                236.00            151            396
btp_subaccount_role_collection.collection_53                538.33            213            884
btp_subaccount_role_collection.collection_54                326.00            183            563
btp_subaccount_role_collection.collection_55                326.67            169            599
btp_subaccount_role_collection.collection_56                433.33            196            575
btp_subaccount_role_collection.collection_57                473.00            168            686
btp_subaccount_role_collection.collection_58                169.67            149            208
btp_subaccount_role_collection.collection_59                428.67            176            928
btp_subaccount_role_collection.collection_6                 565.00            374            882
btp_subaccount_role_collection.collection_60                280.33            144            480
btp_subaccount_role_collection.collection_61                175.00            150            191
btp_subaccount_role_collection.collection_62                170.33            158            185
btp_subaccount_role_collection.collection_63                302.33            155            580
btp_subaccount_role_collection.collection_64                204.33            181            241
btp_subaccount_role_collection.collection_65                208.00            192            231
btp_subaccount_role_collection.collection_66                186.67            164            212
btp_subaccount_role_collection.collection_67                364.00            131            546
btp_subaccount_role_collection.collection_68                466.67            410            503
btp_subaccount_role_collection.collection_69                531.33            309            895
btp_subaccount_role_collection.collection_7                 351.67            143            720
btp_subaccount_role_collection.collection_70                467.00            458            481
btp_subaccount_role_collection.collection_71                364.00            161            574
btp_subaccount_role_collection.collection_72                404.67            225            572
btp_subaccount_role_collection.collection_73                261.00            166            388
btp_subaccount_role_collection.collection_74                577.33            221           1170
btp_subaccount_role_collection.collection_75                673.33            499            790
btp_subaccount_role_collection.collection_76                662.67            355           1099
btp_subaccount_role_collection.collection_77                397.67            176            609
btp_subaccount_role_collection.collection_78                531.33            172           1039
btp_subaccount_role_collection.collection_79                330.00            183            567
btp_subaccount_role_collection.collection_8                 280.67            168            495
btp_subaccount_role_collection.collection_80                210.00            188            248
btp_subaccount_role_collection.collection_81                299.33            162            383
btp_subaccount_role_collection.collection_82                324.33            151            498
btp_subaccount_role_collection.collection_83                399.67            207            638
btp_subaccount_role_collection.collection_84                275.67            163            473
btp_subaccount_role_collection.collection_85                417.33            175            581
btp_subaccount_role_collection.collection_86                606.00            235           1065
btp_subaccount_role_collection.collection_87                321.33            198            566
btp_subaccount_role_collection.collection_88                184.33            170            196
btp_subaccount_role_collection.collection_89               5105.33            156          14351
btp_subaccount_role_collection.collection_9                 302.00            134            571
btp_subaccount_role_collection.collection_90                387.67            169            802
btp_subaccount_role_collection.collection_91                319.67            191            401
btp_subaccount_role_collection.collection_92                492.33            201            712
btp_subaccount_role_collection.collection_93                287.67            198            466
btp_subaccount_role_collection.collection_94                347.33            178            646
btp_subaccount_role_collection.collection_95                496.33            233            804
btp_subaccount_role_collection.collection_96                423.33            156            736
btp_subaccount_role_collection.collection_97                260.67            180            419
btp_subaccount_role_collection.collection_98                349.00            176            630
btp_subaccount_role_collection.collection_99                386.00            234            667
btp_subaccount_service_instance.instance_1                 1001.00            824           1303
btp_subaccount_service_instance.instance_10                1412.67            815           1950
btp_subaccount_service_instance.instance_100               1474.33            830           2033
btp_subaccount_service_instance.instance_11                1150.33           1071           1231
btp_subaccount_service_instance.instance_12                1261.67            861           1565
btp_subaccount_service_instance.instance_13                1245.33            798           2107
btp_subaccount_service_instance.instance_14                1695.67           1351           2000
btp_subaccount_service_instance.instance_15                 860.33            821            884
btp_subaccount_service_instance.instance_16                1304.00            854           1578
btp_subaccount_service_instance.instance_17                1152.67            892           1376
btp_subaccount_service_instance.instance_18                 840.67            732            924
btp_subaccount_service_instance.instance_19                1941.00           1539           2570
btp_subaccount_service_instance.instance_2                 6264.33            900          16432
btp_subaccount_service_instance.instance_20                 937.00            847           1040
btp_subaccount_service_instance.instance_21                1237.33            786           1698
btp_subaccount_service_instance.instance_22                1195.67            845           1833
btp_subaccount_service_instance.instance_23                5278.33            883          13785
btp_subaccount_service_instance.instance_24                1319.33            873           1989
btp_subaccount_service_instance.instance_25                1062.67            817           1517
btp_subaccount_service_instance.instance_26                1410.33           1053           1667
btp_subaccount_service_instance.instance_27                1286.00            878           2078
btp_subaccount_service_instance.instance_28                1072.33            947           1227
btp_subaccount_service_instance.instance_29                1196.00            777           1964
btp_subaccount_service_instance.instance_3                 1360.33           1088           1645
btp_subaccount_service_instance.instance_30                1349.00            828           2368
btp_subaccount_service_instance.instance_31                1792.00           1561           1969
btp_subaccount_service_instance.instance_32                1678.00            767           2968
btp_subaccount_service_instance.instance_33                1437.67            939           1743
btp_subaccount_service_instance.instance_34                1699.67           1319           1963
btp_subaccount_service_instance.instance_35                1788.33           1421           2121
btp_subaccount_service_instance.instance_36                1405.00            802           2539
btp_subaccount_service_instance.instance_37                1201.00            984           1536
btp_subaccount_service_instance.instance_38                 954.67            810           1094
btp_subaccount_service_instance.instance_39                1429.33            823           2154
btp_subaccount_service_instance.instance_4                 1610.00           1134           1903
btp_subaccount_service_instance.instance_40                 932.33            815           1020
btp_subaccount_service_instance.instance_41                 927.67            906            962
btp_subaccount_service_instance.instance_42                1000.67            840           1316
btp_subaccount_service_instance.instance_43                1288.33            850           1816
btp_subaccount_service_instance.instance_44                 874.33            809            927
btp_subaccount_service_instance.instance_45                1329.67           1228           1458
btp_subaccount_service_instance.instance_46                1627.33           1320           2110
btp_subaccount_service_instance.instance_47                1504.33            868           2413
btp_subaccount_service_instance.instance_48                1024.00            834           1250
btp_subaccount_service_instance.instance_49                1909.33           1373           2810
btp_subaccount_service_instance.instance_5                  847.67            809            889
btp_subaccount_service_instance.instance_50                1039.67            864           1336
btp_subaccount_service_instance.instance_51                1729.33            867           3206
btp_subaccount_service_instance.instance_52                2099.67           1735           2564
btp_subaccount_service_instance.instance_53                1005.67            810           1341
btp_subaccount_service_instance.instance_54                1219.33            963           1458
btp_subaccount_service_instance.instance_55                 883.00            849            923
btp_subaccount_service_instance.instance_56                1062.33            895           1156
btp_subaccount_service_instance.instance_57                1070.33            815           1547
btp_subaccount_service_instance.instance_58                1178.33            915           1391
btp_subaccount_service_instance.instance_59                1975.67            955           2948
btp_subaccount_service_instance.instance_6                 1065.67            916           1284
btp_subaccount_service_instance.instance_60                6429.67           1062          16339
btp_subaccount_service_instance.instance_61                1058.67            917           1146
btp_subaccount_service_instance.instance_62                1389.33           1083           1928
btp_subaccount_service_instance.instance_63                1621.00            958           2139
btp_subaccount_service_instance.instance_64                1464.00            945           1851
btp_subaccount_service_instance.instance_65                1380.00            840           2362
btp_subaccount_service_instance.instance_66                1914.67            837           2820
btp_subaccount_service_instance.instance_67                1169.00            852           1770
btp_subaccount_service_instance.instance_68                 925.67            827           1020
btp_subaccount_service_instance.instance_69                1590.67            896           2117
btp_subaccount_service_instance.instance_7                 1657.00            931           2773
btp_subaccount_service_instance.instance_70                1595.67            905           1954
btp_subaccount_service_instance.instance_71                1127.00            831           1544
btp_subaccount_service_instance.instance_72                1263.67            854           1647
btp_subaccount_service_instance.instance_73                1294.00            824           1711
btp_subaccount_service_instance.instance_74                1390.67            844           1829
btp_subaccount_service_instance.instance_75                1192.67            883           1613
btp_subaccount_service_instance.instance_76                1241.67            950           1417
btp_subaccount_service_instance.instance_77                1141.67            754           1483
btp_subaccount_service_instance.instance_78                1871.33           1697           2133
btp_subaccount_service_instance.instance_79                1156.00            848           1669
btp_subaccount_service_instance.instance_8                  856.67            812            889
btp_subaccount_service_instance.instance_80                1204.67            867           1841
btp_subaccount_service_instance.instance_81                1110.33            787           1444
btp_subaccount_service_instance.instance_82                 981.33            798           1285
btp_subaccount_service_instance.instance_83                1161.67            816           1418
btp_subaccount_service_instance.instance_84                1515.00           1321           1784
btp_subaccount_service_instance.instance_85                1565.00            842           2658
btp_subaccount_service_instance.instance_86                1520.67            789           2824
btp_subaccount_service_instance.instance_87                1317.00            830           1976
btp_subaccount_service_instance.instance_88                1184.00            829           1753
btp_subaccount_service_instance.instance_89                1549.67            968           1997
btp_subaccount_service_instance.instance_9                 1378.67            842           1784
btp_subaccount_service_instance.instance_90                1327.00            892           2191
btp_subaccount_service_instance.instance_91                 956.00            947            966
btp_subaccount_service_instance.instance_92                 943.33            846           1126
btp_subaccount_service_instance.instance_93                1586.00            866           2070
btp_subaccount_service_instance.instance_94                1242.33            864           1800
btp_subaccount_service_instance.instance_95                2039.33            894           2770
btp_subaccount_service_instance.instance_96                1394.67            844           2457
btp_subaccount_service_instance.instance_97                1223.00            889           1446
btp_subaccount_service_instance.instance_98                1613.33            962           2445
btp_subaccount_service_instance.instance_99                1406.00            835           2508
btp_subaccount_subscription.subscription_1                 1311.33            671           2292
btp_subaccount_subscription.subscription_10                1098.00            680           1880
btp_subaccount_subscription.subscription_100                845.33            630            967
btp_subaccount_subscription.subscription_101                953.00            635           1237
btp_subaccount_subscription.subscription_102                990.33            789           1246
btp_subaccount_subscription.subscription_103                732.67            643            834
btp_subaccount_subscription.subscription_104                918.67            668           1149
btp_subaccount_subscription.subscription_105                668.33            590            726
btp_subaccount_subscription.subscription_106                646.67            595            721
btp_subaccount_subscription.subscription_107               1135.67            562           2133
btp_subaccount_subscription.subscription_108                780.00            603           1023
btp_subaccount_subscription.subscription_109               1093.67            675           1733
btp_subaccount_subscription.subscription_11                 983.00            555           1370
btp_subaccount_subscription.subscription_110                662.00            554            752
btp_subaccount_subscription.subscription_111               1093.00            769           1576
btp_subaccount_subscription.subscription_112                853.33            632           1022
btp_subaccount_subscription.subscription_113                805.33            645            991
btp_subaccount_subscription.subscription_114                974.33            627           1400
btp_subaccount_subscription.subscription_115               1520.67           1227           1836
btp_subaccount_subscription.subscription_116               1080.67            746           1518
btp_subaccount_subscription.subscription_117               1020.67            677           1248
btp_subaccount_subscription.subscription_118                692.00            604            851
btp_subaccount_subscription.subscription_119                843.33            661           1115
btp_subaccount_subscription.subscription_12                1118.00            645           2060
btp_subaccount_subscription.subscription_120                728.67            637            892
btp_subaccount_subscription.subscription_121                931.67            634           1331
btp_subaccount_subscription.subscription_122                658.67            592            737
btp_subaccount_subscription.subscription_123                746.33            578            840
btp_subaccount_subscription.subscription_124               1066.33            852           1267
btp_subaccount_subscription.subscription_125               1499.00           1172           1790
btp_subaccount_subscription.subscription_126                990.67            663           1304
btp_subaccount_subscription.subscription_127               1135.67            740           1869
btp_subaccount_subscription.subscription_128               1028.67            638           1521
btp_subaccount_subscription.subscription_129               1027.00            589           1830
btp_subaccount_subscription.subscription_13                 855.00            568           1344
btp_subaccount_subscription.subscription_130               1084.33            624           1362
btp_subaccount_subscription.subscription_131                798.33            628           1127
btp_subaccount_subscription.subscription_132                872.67            575           1434
btp_subaccount_subscription.subscription_133               1104.67            660           1844
btp_subaccount_subscription.subscription_134               1116.00            971           1322
btp_subaccount_subscription.subscription_135                983.00            684           1221
btp_subaccount_subscription.subscription_136                805.00            572            991
btp_subaccount_subscription.subscription_137                771.00            681            881
btp_subaccount_subscription.subscription_138                942.00            693           1129
btp_subaccount_subscription.subscription_139                727.67            599            964
btp_subaccount_subscription.subscription_14                 966.33            735           1145
btp_subaccount_subscription.subscription_140                944.67            776           1157
btp_subaccount_subscription.subscription_141                985.67            676           1180
btp_subaccount_subscription.subscription_142               1078.33            620           1419
btp_subaccount_subscription.subscription_143               1471.33            638           1933
btp_subaccount_subscription.subscription_144               1790.67           1466           2203
btp_subaccount_subscription.subscription_145               1005.00            737           1457
btp_subaccount_subscription.subscription_146               1248.00            719           2025
btp_subaccount_subscription.subscription_147               1421.00            599           2223
btp_subaccount_subscription.subscription_148               1157.33            673           1435
btp_subaccount_subscription.subscription_149                917.67            660           1323
btp_subaccount_subscription.subscription_15                 811.33            596           1194
btp_subaccount_subscription.subscription_150               1493.33            941           1963
btp_subaccount_subscription.subscription_16                 718.33            660            773
btp_subaccount_subscription.subscription_17                1166.67           1067           1362
btp_subaccount_subscription.subscription_18                 855.00            652           1098
btp_subaccount_subscription.subscription_19                 997.00            699           1251
btp_subaccount_subscription.subscription_2                 5711.00            734          15082
btp_subaccount_subscription.subscription_20                 933.67            609           1281
btp_subaccount_subscription.subscription_21                 996.67            703           1438
btp_subaccount_subscription.subscription_22                1065.33            601           1839
btp_subaccount_subscription.subscription_23                 878.33            650           1173
btp_subaccount_subscription.subscription_24                 732.00            658            798
btp_subaccount_subscription.subscription_25                 831.67            642           1093
btp_subaccount_subscription.subscription_26                 835.33            622            952
btp_subaccount_subscription.subscription_27                 687.33            648            742
btp_subaccount_subscription.subscription_28                1520.67            745           2246
btp_subaccount_subscription.subscription_29                1164.33            909           1386
btp_subaccount_subscription.subscription_3                 4817.67            660          12999
btp_subaccount_subscription.subscription_30                1346.00            862           1788
btp_subaccount_subscription.subscription_31                1104.00            604           1657
btp_subaccount_subscription.subscription_32                 688.00            656            728
btp_subaccount_subscription.subscription_33                 878.33            702           1230
btp_subaccount_subscription.subscription_34                1067.00            572           1998
btp_subaccount_subscription.subscription_35                 808.33            646            903
btp_subaccount_subscription.subscription_36                1056.67            823           1411
btp_subaccount_subscription.subscription_37                 947.33            624           1327
btp_subaccount_subscription.subscription_38                 943.33            858           1036
btp_subaccount_subscription.subscription_39                1020.67            619           1236
btp_subaccount_subscription.subscription_4                 1005.00            696           1464
btp_subaccount_subscription.subscription_40                 832.33            707            979
btp_subaccount_subscription.subscription_41                 943.00            742           1095
btp_subaccount_subscription.subscription_42                 746.33            662            805
btp_subaccount_subscription.subscription_43                 988.00            791           1119
btp_subaccount_subscription.subscription_44                1046.67            648           1667
btp_subaccount_subscription.subscription_45                1390.33            889           1951
btp_subaccount_subscription.subscription_46                1260.00            859           1841
btp_subaccount_subscription.subscription_47                1516.67            806           2235
btp_subaccount_subscription.subscription_48                1127.67            845           1443
btp_subaccount_subscription.subscription_49                1559.33           1340           1765
btp_subaccount_subscription.subscription_5                 1277.00            960           1601
btp_subaccount_subscription.subscription_50                1341.00            659           2048
btp_subaccount_subscription.subscription_51                1113.67            666           1466
btp_subaccount_subscription.subscription_52                 853.33            638           1231
btp_subaccount_subscription.subscription_53                1069.67            719           1734
btp_subaccount_subscription.subscription_54                 568.00            514            618
btp_subaccount_subscription.subscription_55                1199.00            667           1606
btp_subaccount_subscription.subscription_56                 927.00            608           1162
btp_subaccount_subscription.subscription_57                 991.67            658           1573
btp_subaccount_subscription.subscription_58                1079.67            729           1574
btp_subaccount_subscription.subscription_59                1139.00            614           1520
btp_subaccount_subscription.subscription_6                 1241.67            704           1545
btp_subaccount_subscription.subscription_60                1145.67            569           2206
btp_subaccount_subscription.subscription_61                 957.33            616           1495
btp_subaccount_subscription.subscription_62                 921.00            551           1560
btp_subaccount_subscription.subscription_63                 946.67            611           1518
btp_subaccount_subscription.subscription_64                 643.67            592            673
btp_subaccount_subscription.subscription_65                1029.67            694           1627
btp_subaccount_subscription.subscription_66                 689.00            651            711
btp_subaccount_subscription.subscription_67                 892.33            705           1018
btp_subaccount_subscription.subscription_68                 990.00            607           1397
btp_subaccount_subscription.subscription_69                1002.33            637           1267
btp_subaccount_subscription.subscription_7                 1040.00            684           1537
btp_subaccount_subscription.subscription_70                 784.00            620           1019
btp_subaccount_subscription.subscription_71                1246.00            731           1913
btp_subaccount_subscription.subscription_72                 955.00            708           1092
btp_subaccount_subscription.subscription_73                1060.33            642           1621
btp_subaccount_subscription.subscription_74                1367.00           1041           1618
btp_subaccount_subscription.subscription_75                 937.67            732           1144
btp_subaccount_subscription.subscription_76                1071.33            636           1792
btp_subaccount_subscription.subscription_77                 654.67            646            660
btp_subaccount_subscription.subscription_78                 674.33            571            818
btp_subaccount_subscription.subscription_79                1237.00            658           1548
btp_subaccount_subscription.subscription_8                 1083.67            897           1452
btp_subaccount_subscription.subscription_80                 876.33            655           1260
btp_subaccount_subscription.subscription_81                 743.00            718            792
btp_subaccount_subscription.subscription_82                 653.00            562            753
btp_subaccount_subscription.subscription_83                 651.00            618            678
btp_subaccount_subscription.subscription_84                 674.67            621            750
btp_subaccount_subscription.subscription_85                1158.67            826           1363
btp_subaccount_subscription.subscription_86                1007.00            625           1319
btp_subaccount_subscription.subscription_87                 961.67            774           1109
btp_subaccount_subscription.subscription_88                4766.67            631          12967
btp_subaccount_subscription.subscription_89                 883.33            639           1296
btp_subaccount_subscription.subscription_9                 1191.67            836           1716
btp_subaccount_subscription.subscription_90                1133.33            681           2031
btp_subaccount_subscription.subscription_91                1109.00            696           1443
btp_subaccount_subscription.subscription_92                 837.33            652           1102
btp_subaccount_subscription.subscription_93                 905.67            603           1083
btp_subaccount_subscription.subscription_94                1241.33            642           1820
btp_subaccount_subscription.subscription_95                1249.00            919           1863
btp_subaccount_subscription.subscription_96                1124.00            611           1699
btp_subaccount_subscription.subscription_97                1529.33            741           1965
btp_subaccount_subscription.subscription_98                1293.67            649           1907
btp_subaccount_subscription.subscription_99                 718.67            688            742
btp_subaccount_trust_configuration.trust_1                  493.00            183           1087
btp_subaccount_trust_configuration.trust_10                 497.00            201            769
btp_subaccount_trust_configuration.trust_11                 240.00            222            271
btp_subaccount_trust_configuration.trust_12                 400.33            194            787
btp_subaccount_trust_configuration.trust_13                 288.33            175            506
btp_subaccount_trust_configuration.trust_14                 290.67            190            492
btp_subaccount_trust_configuration.trust_15                 453.67            213            609
btp_subaccount_trust_configuration.trust_16                 613.00            302           1024
btp_subaccount_trust_configuration.trust_17                 314.33            182            513
btp_subaccount_trust_configuration.trust_18                 299.00            159            529
btp_subaccount_trust_configuration.trust_19                 203.00            174            260
btp_subaccount_trust_configuration.trust_2                  533.00            166            764
btp_subaccount_trust_configuration.trust_20                 396.00            217            725
btp_subaccount_trust_configuration.trust_21                 375.33            170            684
btp_subaccount_trust_configuration.trust_22                 357.00            164            742
btp_subaccount_trust_configuration.trust_23                 431.67            228            567
btp_subaccount_trust_configuration.trust_24                 436.33            220            706
btp_subaccount_trust_configuration.trust_25                 542.67            189           1176
btp_subaccount_trust_configuration.trust_26                 460.67            210            946
btp_subaccount_trust_configuration.trust_27                 207.33            181            228
btp_subaccount_trust_configuration.trust_28                 270.00            184            417
btp_subaccount_trust_configuration.trust_29                 308.67            209            502
btp_subaccount_trust_configuration.trust_3                  221.00            151            261
btp_subaccount_trust_configuration.trust_30                 468.67            143           1062
btp_subaccount_trust_configuration.trust_31                 475.67            364            674
btp_subaccount_trust_configuration.trust_32                 422.00            198            539
btp_subaccount_trust_configuration.trust_33                 281.33            207            411
btp_subaccount_trust_configuration.trust_34                 413.67            193            585
btp_subaccount_trust_configuration.trust_35                 396.67            248            641
btp_subaccount_trust_configuration.trust_36                 202.67            180            230
btp_subaccount_trust_configuration.trust_37                 186.33            176            194
btp_subaccount_trust_configuration.trust_38                 397.00            224            666
btp_subaccount_trust_configuration.trust_39                 419.00            172            696
btp_subaccount_trust_configuration.trust_4                  609.67            268           1174
btp_subaccount_trust_configuration.trust_40                 343.00            204            593
btp_subaccount_trust_configuration.trust_41                 303.67            219            469
btp_subaccount_trust_configuration.trust_42                 486.67            183            804
btp_subaccount_trust_configuration.trust_43                 210.00            183            256
btp_subaccount_trust_configuration.trust_44                 196.33            156            260
btp_subaccount_trust_configuration.trust_45                 342.67            179            605
btp_subaccount_trust_configuration.trust_46                 340.33            218            554
btp_subaccount_trust_configuration.trust_47                 308.00            206            509
btp_subaccount_trust_configuration.trust_48                 222.67            177            278
btp_subaccount_trust_configuration.trust_49                 568.33            215           1025
btp_subaccount_trust_configuration.trust_5                  334.00            200            575
btp_subaccount_trust_configuration.trust_50                 538.00            238            709
btp_subaccount_trust_configuration.trust_6                  215.33            197            238
btp_subaccount_trust_configuration.trust_7                  463.33            199            603
btp_subaccount_trust_configuration.trust_8                  355.67            202            475
btp_subaccount_trust_configuration.trust_9                  214.33            171            248
cloudfoundry_service_instance.instance_1                     50.67             49             52
cloudfoundry_service_instance.instance_10                    61.33             44             72
cloudfoundry_service_instance.instance_100                   55.67             42             74
cloudfoundry_service_instance.instance_101                   86.67             43            166
cloudfoundry_service_instance.instance_102                   86.33             43            169
cloudfoundry_service_instance.instance_103                   87.67             38            165
cloudfoundry_service_instance.instance_104                   84.67             43            168
cloudfoundry_service_instance.instance_105                   95.67             47            174
cloudfoundry_service_instance.instance_106                   90.67             48            173
cloudfoundry_service_instance.instance_107                   90.67             47            172
cloudfoundry_service_instance.instance_108                   86.33             41            170
cloudfoundry_service_instance.instance_109                   55.67             47             65
cloudfoundry_service_instance.instance_11                    54.00             43             63
cloudfoundry_service_instance.instance_110                   46.67             43             50
cloudfoundry_service_instance.instance_111                   52.67             41             62
cloudfoundry_service_instance.instance_112                   57.00             51             64
cloudfoundry_service_instance.instance_113                  533.00             44           1495
cloudfoundry_service_instance.instance_114                   89.33             39            154
cloudfoundry_service_instance.instance_115                   86.00             44            156
cloudfoundry_service_instance.instance_116                   86.67             52            152
cloudfoundry_service_instance.instance_117                   52.67             41             72
cloudfoundry_service_instance.instance_118                   44.00             41             49
cloudfoundry_service_instance.instance_119                   52.00             48             55
cloudfoundry_service_instance.instance_12                    60.67             47             85
cloudfoundry_service_instance.instance_120                   51.00             47             58
cloudfoundry_service_instance.instance_121                  131.00             38            308
cloudfoundry_service_instance.instance_122                  102.33             60            179
cloudfoundry_service_instance.instance_123                   94.33             50            182
cloudfoundry_service_instance.instance_124                  132.33             42            308
cloudfoundry_service_instance.instance_125                   67.00             43            104
cloudfoundry_service_instance.instance_126                   79.00             54            102
cloudfoundry_service_instance.instance_127                   64.00             41            104
cloudfoundry_service_instance.instance_128                   64.33             42            103
cloudfoundry_service_instance.instance_129                   51.67             42             61
cloudfoundry_service_instance.instance_13                    84.33             39            174
cloudfoundry_service_instance.instance_130                   51.33             38             67
cloudfoundry_service_instance.instance_131                   54.67             50             59
cloudfoundry_service_instance.instance_132                   60.67             44             81
cloudfoundry_service_instance.instance_133                   51.00             44             61
cloudfoundry_service_instance.instance_134                   51.33             47             59
cloudfoundry_service_instance.instance_135                   50.33             43             62
cloudfoundry_service_instance.instance_136                   46.33             41             52
cloudfoundry_service_instance.instance_137                   49.00             46             51
cloudfoundry_service_instance.instance_138                   47.67             42             52
cloudfoundry_service_instance.instance_139                   54.00             49             62
cloudfoundry_service_instance.instance_14                    93.67             42            178
cloudfoundry_service_instance.instance_140                   43.00             42             44
cloudfoundry_service_instance.instance_141                   49.33             45             52
cloudfoundry_service_instance.instance_142                   47.33             42             52
cloudfoundry_service_instance.instance_143                   43.33             37             53
cloudfoundry_service_instance.instance_144                   54.00             41             67
cloudfoundry_service_instance.instance_145                   94.33             56            152
cloudfoundry_service_instance.instance_146                   69.00             44            108
cloudfoundry_service_instance.instance_147                   47.67             39             64
cloudfoundry_service_instance.instance_148                   71.33             49            108
cloudfoundry_service_instance.instance_149                   74.00             53            106
cloudfoundry_service_instance.instance_15                    92.33             44            174
cloudfoundry_service_instance.instance_150                   55.33             43             68
cloudfoundry_service_instance.instance_151                   52.67             40             66
cloudfoundry_service_instance.instance_152                   48.33             42             54
cloudfoundry_service_instance.instance_153                  103.33             40            185
cloudfoundry_service_instance.instance_154                   94.33             45            175
cloudfoundry_service_instance.instance_155                   91.00             44            184
cloudfoundry_service_instance.instance_156                   90.33             42            184
cloudfoundry_service_instance.instance_157                   62.33             43             92
cloudfoundry_service_instance.instance_158                   58.00             40             93
cloudfoundry_service_instance.instance_159                   74.00             47            108
cloudfoundry_service_instance.instance_16                    89.67             38            174
cloudfoundry_service_instance.instance_160                   88.00             49            160
cloudfoundry_service_instance.instance_161                   60.67             41             92
cloudfoundry_service_instance.instance_162                   57.67             40             92
cloudfoundry_service_instance.instance_163                   68.00             47            106
cloudfoundry_service_instance.instance_164                   64.33             42            105
cloudfoundry_service_instance.instance_165                   71.67             49            109
cloudfoundry_service_instance.instance_166                   89.67             47            174
cloudfoundry_service_instance.instance_167                   69.00             41             89
cloudfoundry_service_instance.instance_168                   65.00             39            108
cloudfoundry_service_instance.instance_169                   44.00             41             46
cloudfoundry_service_instance.instance_17                    92.33             40            174
cloudfoundry_service_instance.instance_170                   45.67             42             51
cloudfoundry_service_instance.instance_171                   46.33             43             52
cloudfoundry_service_instance.instance_172                   57.33             46             70
cloudfoundry_service_instance.instance_173                   51.00             45             60
cloudfoundry_service_instance.instance_174                   74.33             41            140
cloudfoundry_service_instance.instance_175                   70.67             59             89
cloudfoundry_service_instance.instance_176                   49.33             43             55
cloudfoundry_service_instance.instance_177                   86.67             42            169
cloudfoundry_service_instance.instance_178                   91.67             48            168
cloudfoundry_service_instance.instance_179                   89.33             50            165
cloudfoundry_service_instance.instance_18                    90.00             44            172
cloudfoundry_service_instance.instance_180                   88.00             46            166
cloudfoundry_service_instance.instance_181                   79.00             47            106
cloudfoundry_service_instance.instance_182                   80.67             43            109
cloudfoundry_service_instance.instance_183                   71.67             41            108
cloudfoundry_service_instance.instance_184                   67.00             43            107
cloudfoundry_service_instance.instance_185                   72.67             51            106
cloudfoundry_service_instance.instance_186                   50.00             41             57
cloudfoundry_service_instance.instance_187                   82.33             54            108
cloudfoundry_service_instance.instance_188                   71.00             45            108
cloudfoundry_service_instance.instance_189                   44.33             38             48
cloudfoundry_service_instance.instance_19                   101.33             47            176
cloudfoundry_service_instance.instance_190                   87.67             68            116
cloudfoundry_service_instance.instance_191                   48.33             38             60
cloudfoundry_service_instance.instance_192                   46.33             43             49
cloudfoundry_service_instance.instance_193                  124.33             55            243
cloudfoundry_service_instance.instance_194                  111.33             40            244
cloudfoundry_service_instance.instance_195                  107.67             39            240
cloudfoundry_service_instance.instance_196                  115.33             39            245
cloudfoundry_service_instance.instance_197                   57.67             40             89
cloudfoundry_service_instance.instance_198                   84.33             43            164
cloudfoundry_service_instance.instance_199                   78.67             43            141
cloudfoundry_service_instance.instance_2                     57.67             49             66
cloudfoundry_service_instance.instance_20                    96.67             58            174
cloudfoundry_service_instance.instance_200                   87.00             42            159
cloudfoundry_service_instance.instance_21                    64.33             42             99
cloudfoundry_service_instance.instance_22                    54.33             50             58
cloudfoundry_service_instance.instance_23                    52.00             42             71
cloudfoundry_service_instance.instance_24                    54.00             44             62
cloudfoundry_service_instance.instance_25                    67.67             48             94
cloudfoundry_service_instance.instance_26                    67.00             44            107
cloudfoundry_service_instance.instance_27                    62.00             44             96
cloudfoundry_service_instance.instance_28                    70.67             50             93
cloudfoundry_service_instance.instance_29                    43.67             40             50
cloudfoundry_service_instance.instance_3                     51.00             43             57
cloudfoundry_service_instance.instance_30                    44.33             40             50
cloudfoundry_service_instance.instance_31                    41.33             39             44
cloudfoundry_service_instance.instance_32                    53.67             42             61
cloudfoundry_service_instance.instance_33                    64.33             45             90
cloudfoundry_service_instance.instance_34                    94.00             60            115
cloudfoundry_service_instance.instance_35                    63.00             39            106
cloudfoundry_service_instance.instance_36                    59.33             39             89
cloudfoundry_service_instance.instance_37                    54.67             49             64
cloudfoundry_service_instance.instance_38                    44.33             38             49
cloudfoundry_service_instance.instance_39                    55.00             45             63
cloudfoundry_service_instance.instance_4                     48.33             48             49
cloudfoundry_service_instance.instance_40                    51.33             45             61
cloudfoundry_service_instance.instance_41                    66.00             57             79
cloudfoundry_service_instance.instance_42                    56.67             50             65
cloudfoundry_service_instance.instance_43                    50.00             38             59
cloudfoundry_service_instance.instance_44                    46.33             42             55
cloudfoundry_service_instance.instance_45                    48.33             45             54
cloudfoundry_service_instance.instance_46                    45.67             43             48
cloudfoundry_service_instance.instance_47                    47.33             45             51
cloudfoundry_service_instance.instance_48                    51.00             40             61
cloudfoundry_service_instance.instance_49                    96.33             47            176
cloudfoundry_service_instance.instance_5                     93.00             42            182
cloudfoundry_service_instance.instance_50                    53.33             45             66
cloudfoundry_service_instance.instance_51                    51.67             43             61
cloudfoundry_service_instance.instance_52                    94.67             46            178
cloudfoundry_service_instance.instance_53                   108.67             39            242
cloudfoundry_service_instance.instance_54                   113.00             45            241
cloudfoundry_service_instance.instance_55                    88.67             47            170
cloudfoundry_service_instance.instance_56                   113.67             46            239
cloudfoundry_service_instance.instance_57                   101.67             45            158
cloudfoundry_service_instance.instance_58                    70.67             49            111
cloudfoundry_service_instance.instance_59                    92.67             45            181
cloudfoundry_service_instance.instance_6                     92.33             46            183
cloudfoundry_service_instance.instance_60                    90.00             41            185
cloudfoundry_service_instance.instance_61                    50.33             39             66
cloudfoundry_service_instance.instance_62                    49.33             39             67
cloudfoundry_service_instance.instance_63                    43.33             43             44
cloudfoundry_service_instance.instance_64                    60.00             40             97
cloudfoundry_service_instance.instance_65                   103.67             39            222
cloudfoundry_service_instance.instance_66                    74.00             45            127
cloudfoundry_service_instance.instance_67                   101.67             41            220
cloudfoundry_service_instance.instance_68                    87.00             38            170
cloudfoundry_service_instance.instance_69                    50.33             44             55
cloudfoundry_service_instance.instance_7                    137.00             39            319
cloudfoundry_service_instance.instance_70                    47.00             42             53
cloudfoundry_service_instance.instance_71                    40.00             38             41
cloudfoundry_service_instance.instance_72                    43.67             38             49
cloudfoundry_service_instance.instance_73                    51.33             50             53
cloudfoundry_service_instance.instance_74                    49.33             43             56
cloudfoundry_service_instance.instance_75                    43.67             40             51
cloudfoundry_service_instance.instance_76                    56.00             52             61
cloudfoundry_service_instance.instance_77                    89.00             43            176
cloudfoundry_service_instance.instance_78                    93.67             46            177
cloudfoundry_service_instance.instance_79                    93.67             42            179
cloudfoundry_service_instance.instance_8                    139.33             42            320
cloudfoundry_service_instance.instance_80                    88.67             42            179
cloudfoundry_service_instance.instance_81                   106.00             47            203
cloudfoundry_service_instance.instance_82                    82.33             40            152
cloudfoundry_service_instance.instance_83                    98.33             45            204
cloudfoundry_service_instance.instance_84                   107.00             49            214
cloudfoundry_service_instance.instance_85                    47.67             38             53
cloudfoundry_service_instance.instance_86                    48.00             37             56
cloudfoundry_service_instance.instance_87                    53.00             42             61
cloudfoundry_service_instance.instance_88                    46.33             41             57
cloudfoundry_service_instance.instance_89                    53.67             50             56
cloudfoundry_service_instance.instance_9                     66.00             64             70
cloudfoundry_service_instance.instance_90                    61.00             44             92
cloudfoundry_service_instance.instance_91                    52.67             43             60
cloudfoundry_service_instance.instance_92                    51.00             45             55
cloudfoundry_service_instance.instance_93                    89.33             41            181
cloudfoundry_service_instance.instance_94                    72.67             55            104
cloudfoundry_service_instance.instance_95                    86.67             53            149
cloudfoundry_service_instance.instance_96                    54.00             44             72
cloudfoundry_service_instance.instance_97                    48.33             40             63
cloudfoundry_service_instance.instance_98                    51.67             39             73
cloudfoundry_service_instance.instance_99                    52.00             42             59
cloudfoundry_space.space_1                                  121.00            104            155
cloudfoundry_space.space_10                                 121.00            108            144
cloudfoundry_space.space_100                                 98.67             92            108
cloudfoundry_space.space_11                                 119.33            117            122
cloudfoundry_space.space_12                                 103.67            100            108
cloudfoundry_space.space_13                                 112.33            102            124
cloudfoundry_space.space_14                                 125.67            100            152
cloudfoundry_space.space_15                                 106.67            102            110
cloudfoundry_space.space_16                                 105.00             99            116
cloudfoundry_space.space_17                                 109.33            105            113
cloudfoundry_space.space_18                                 110.33            107            112
cloudfoundry_space.space_19                                 125.67            109            144
cloudfoundry_space.space_2                                  107.00             99            116
cloudfoundry_space.space_20                                 118.00             97            133
cloudfoundry_space.space_21                                 103.33             98            108
cloudfoundry_space.space_22                                 112.00             95            143
cloudfoundry_space.space_23                                 118.00            102            137
cloudfoundry_space.space_24                                 110.67            104            118
cloudfoundry_space.space_25                                 116.00            110            128
cloudfoundry_space.space_26                                 104.33             98            110
cloudfoundry_space.space_27                                 117.00            102            132
cloudfoundry_space.space_28                                 126.67            110            142
cloudfoundry_space.space_29                                 123.00            119            127
cloudfoundry_space.space_3                                  113.67             94            137
cloudfoundry_space.space_30                                 129.00            109            164
cloudfoundry_space.space_31                                 123.67            105            160
cloudfoundry_space.space_32                                 171.00            109            222
cloudfoundry_space.space_33                                 141.67             98            214
cloudfoundry_space.space_34                                 115.33            101            126
cloudfoundry_space.space_35                                 128.33            106            153
cloudfoundry_space.space_36                                 114.00            104            131
cloudfoundry_space.space_37                                 156.00            112            236
cloudfoundry_space.space_38                                 164.00            117            227
cloudfoundry_space.space_39                                  99.33             97            103
cloudfoundry_space.space_4                                  118.33            104            132
cloudfoundry_space.space_40                                 116.33            109            127
cloudfoundry_space.space_41                                 115.33            104            134
cloudfoundry_space.space_42                                 116.00            103            130
cloudfoundry_space.space_43                                 127.67            108            152
cloudfoundry_space.space_44                                 127.33            102            163
cloudfoundry_space.space_45                                 126.67            118            137
cloudfoundry_space.space_46                                 110.67            104            120
cloudfoundry_space.space_47                                 110.33            100            120
cloudfoundry_space.space_48                                 111.33            102            125
cloudfoundry_space.space_49                                 115.00            111            119
cloudfoundry_space.space_5                                  117.00            107            134
cloudfoundry_space.space_50                                 115.67            108            128
cloudfoundry_space.space_51                                 118.33            103            140
cloudfoundry_space.space_52                                 131.67            101            172
cloudfoundry_space.space_53                                 141.67            114            174
cloudfoundry_space.space_54                                 124.33            109            148
cloudfoundry_space.space_55                                 114.33            104            134
cloudfoundry_space.space_56                                 120.00            104            147
cloudfoundry_space.space_57                                 108.67            105            116
cloudfoundry_space.space_58                                 104.67            100            108
cloudfoundry_space.space_59                                 122.67            105            149
cloudfoundry_space.space_6                                  123.00            122            124
cloudfoundry_space.space_60                                 117.00            113            123
cloudfoundry_space.space_61                                 131.33            105            163
cloudfoundry_space.space_62                                 110.00            106            116
cloudfoundry_space.space_63                                 115.67            101            130
cloudfoundry_space.space_64                                 127.00            111            137
cloudfoundry_space.space_65                                 124.00            113            140
cloudfoundry_space.space_66                                 157.33            100            269
cloudfoundry_space.space_67                                 104.00            100            108
cloudfoundry_space.space_68                                 116.00             94            151
cloudfoundry_space.space_69                                 122.33            105            131
cloudfoundry_space.space_7                                  130.33            112            141
cloudfoundry_space.space_70                                 117.33            107            128
cloudfoundry_space.space_71                                 117.67            112            128
cloudfoundry_space.space_72                                 149.33            117            206
cloudfoundry_space.space_73                                 322.67            109            738
cloudfoundry_space.space_74                                 117.67            101            127
cloudfoundry_space.space_75                                 101.67            100            103
cloudfoundry_space.space_76                                 108.00            101            120
cloudfoundry_space.space_77                                 107.33            100            112
cloudfoundry_space.space_78                                 105.67            102            111
cloudfoundry_space.space_79                                 113.33             99            129
cloudfoundry_space.space_8                                  125.00            117            131
cloudfoundry_space.space_80                                 114.67            106            127
cloudfoundry_space.space_81                                 114.00            108            125
cloudfoundry_space.space_82                                 120.33            117            127
cloudfoundry_space.space_83                                 117.33            107            138
cloudfoundry_space.space_84                                 112.00            102            123
cloudfoundry_space.space_85                                 135.33             98            205
cloudfoundry_space.space_86                                 113.67            102            133
cloudfoundry_space.space_87                                 119.33            104            130
cloudfoundry_space.space_88                                 119.33             99            135
cloudfoundry_space.space_89                                 109.00             98            118
cloudfoundry_space.space_9                                  117.67            101            133
cloudfoundry_space.space_90                                 135.00            110            179
cloudfoundry_space.space_91                                 116.67            110            129
cloudfoundry_space.space_92                                 104.00             98            110
cloudfoundry_space.space_93                                 103.67             95            113
cloudfoundry_space.space_94                                 106.67            102            114
cloudfoundry_space.space_95                                 113.33            106            126
cloudfoundry_space.space_96                                 134.33             99            165
cloudfoundry_space.space_97                                 107.00             98            117
cloudfoundry_space.space_98                                 115.00            105            122
cloudfoundry_space.space_99                                 115.67            105            125
scc_subaccount.subaccount_1                                5573.33            589          15503
scc_subaccount.subaccount_10                                597.00            538            661
scc_subaccount.subaccount_11                                662.33            597            729
scc_subaccount.subaccount_12                               2675.00            574           6691
scc_subaccount.subaccount_13                                603.33            591            616
scc_subaccount.subaccount_14                                637.67            579            751
scc_subaccount.subaccount_15                                583.00            523            625
scc_subaccount.subaccount_16                               1172.33            610           2205
scc_subaccount.subaccount_17                                706.33            645            758
scc_subaccount.subaccount_18                                571.33            512            621
scc_subaccount.subaccount_19                                659.33            590            756
scc_subaccount.subaccount_2                                 607.00            592            620
scc_subaccount.subaccount_20                                571.33            535            596
scc_subaccount.subaccount_21                                616.33            551            673
scc_subaccount.subaccount_22                                634.33            510            741
scc_subaccount.subaccount_23                                719.00            673            747
scc_subaccount.subaccount_24                                696.67            565            888
scc_subaccount.subaccount_25                               1018.00            611           1736
scc_subaccount.subaccount_26                                635.00            507            728
scc_subaccount.subaccount_27                                562.00            535            601
scc_subaccount.subaccount_28                                671.00            641            725
scc_subaccount.subaccount_29                                655.00            502            793
scc_subaccount.subaccount_3                                 630.00            527            818
scc_subaccount.subaccount_30                               1050.33            602           1916
scc_subaccount.subaccount_31                                697.33            526            789
scc_subaccount.subaccount_32                                614.67            607            625
scc_subaccount.subaccount_33                                558.33            493            616
scc_subaccount.subaccount_34                                628.67            556            748
scc_subaccount.subaccount_35                                614.67            583            635
scc_subaccount.subaccount_36                               2683.33            600           6804
scc_subaccount.subaccount_37                                568.67            562            573
scc_subaccount.subaccount_38                                670.33            485            777
scc_subaccount.subaccount_39                                615.00            570            697
scc_subaccount.subaccount_4                                 596.33            568            628
scc_subaccount.subaccount_40                                627.00            500            749
scc_subaccount.subaccount_41                                966.67            598           1491
scc_subaccount.subaccount_42                                635.33            608            679
scc_subaccount.subaccount_43                                664.67            577            788
scc_subaccount.subaccount_44                                661.00            628            725
scc_subaccount.subaccount_45                                609.67            521            702
scc_subaccount.subaccount_46                                630.33            537            753
scc_subaccount.subaccount_47                                652.67            572            777
scc_subaccount.subaccount_48                                551.67            527            591
scc_subaccount.subaccount_49                                651.67            514            841
scc_subaccount.subaccount_5                                 949.33            561           1595
scc_subaccount.subaccount_50                                633.33            567            692
scc_subaccount.subaccount_6                                 607.00            562            649
scc_subaccount.subaccount_7                                 572.67            555            599
scc_subaccount.subaccount_8                                 668.33            614            761
scc_subaccount.subaccount_9                                 909.00            600           1467
scc_system_mapping.system_1                                  62.67             56             69
scc_system_mapping.system_10                                 67.67             54             79
scc_system_mapping.system_100                                61.00             58             66
scc_system_mapping.system_11                                 60.00             57             62
scc_system_mapping.system_12                                 58.67             58             60
scc_system_mapping.system_13                                 63.33             58             73
scc_system_mapping.system_14                                 61.00             58             66
scc_system_mapping.system_15                                 59.33             57             61
scc_system_mapping.system_16                                 61.67             60             63
scc_system_mapping.system_17                                 63.67             58             67
scc_system_mapping.system_18                                 65.00             60             75
scc_system_mapping.system_19                                 72.67             55             84
scc_system_mapping.system_2                                  60.00             59             61
scc_system_mapping.system_20                                 59.67             58             61
scc_system_mapping.system_21                                 64.33             61             66
scc_system_mapping.system_22                                 63.00             57             67
scc_system_mapping.system_23                                 57.67             56             59
scc_system_mapping.system_24                                 59.00             57             62
scc_system_mapping.system_25                                 62.00             54             68
scc_system_mapping.system_26                                 62.33             57             69
scc_system_mapping.system_27                                 67.67             58             83
scc_system_mapping.system_28                                 82.67             62            122
scc_system_mapping.system_29                                 63.33             59             70
scc_system_mapping.system_3                                  85.67             61            120
scc_system_mapping.system_30                                 58.00             56             60
scc_system_mapping.system_31                                 65.00             60             70
scc_system_mapping.system_32                                 61.00             58             63
scc_system_mapping.system_33                                 62.00             59             68
scc_system_mapping.system_34                                228.67             59            565
scc_system_mapping.system_35                                 62.67             61             64
scc_system_mapping.system_36                                 58.67             57             60
scc_system_mapping.system_37                                 60.33             56             67
scc_system_mapping.system_38                                 63.00             56             74
scc_system_mapping.system_39                                 59.67             59             60
scc_system_mapping.system_4                                  79.33             59            120
scc_system_mapping.system_40                                 61.33             61             62
scc_system_mapping.system_41                                 74.67             58            106
scc_system_mapping.system_42                                 71.67             58             81
scc_system_mapping.system_43                                 66.00             58             76
scc_system_mapping.system_44                                 57.67             55             59
scc_system_mapping.system_45                                 61.67             57             65
scc_system_mapping.system_46                                 68.67             63             77
scc_system_mapping.system_47                                 61.67             59             63
scc_system_mapping.system_48                                 60.00             57             62
scc_system_mapping.system_49                                 79.33             61             96
scc_system_mapping.system_5                                  58.33             57             60
scc_system_mapping.system_50                                 78.00             64            105
scc_system_mapping.system_51                                 60.00             56             65
scc_system_mapping.system_52                                 59.00             53             64
scc_system_mapping.system_53                                 78.00             61            109
scc_system_mapping.system_54                                 57.67             56             59
scc_system_mapping.system_55                                 57.67             55             60
scc_system_mapping.system_56                                 59.00             57             60
scc_system_mapping.system_57                                 69.00             61             84
scc_system_mapping.system_58                                 66.67             60             77
scc_system_mapping.system_59                                 57.00             55             58
scc_system_mapping.system_6                                  62.00             55             71
scc_system_mapping.system_60                                 61.00             57             67
scc_system_mapping.system_61                                 61.67             58             64
scc_system_mapping.system_62                                 65.00             57             80
scc_system_mapping.system_63                                 62.00             61             64
scc_system_mapping.system_64                                 66.33             60             76
scc_system_mapping.system_65                                 64.00             55             72
scc_system_mapping.system_66                                 65.67             59             79
scc_system_mapping.system_67                                 64.33             59             75
scc_system_mapping.system_68                                 66.00             61             70
scc_system_mapping.system_69                                 62.33             61             63
scc_system_mapping.system_7                                  62.33             57             65
scc_system_mapping.system_70                                 61.67             61             62
scc_system_mapping.system_71                                454.33             64           1225
scc_system_mapping.system_72                                410.33             58           1065
scc_system_mapping.system_73                                 63.00             61             65
scc_system_mapping.system_74                                 61.67             59             63
scc_system_mapping.system_75                                 62.00             54             76
scc_system_mapping.system_76                                 61.33             59             65
scc_system_mapping.system_77                                 60.00             57             64
scc_system_mapping.system_78                                 66.00             58             81
scc_system_mapping.system_79                                 59.33             59             60
scc_system_mapping.system_8                                  60.33             60             61
scc_system_mapping.system_80                                 69.33             57             91
scc_system_mapping.system_81                                 78.33             60            115
scc_system_mapping.system_82                                 66.00             56             80
scc_system_mapping.system_83                                 60.00             55             66
scc_system_mapping.system_84                                 57.67             56             60
scc_system_mapping.system_85                                284.33             57            710
scc_system_mapping.system_86                                478.67             56           1281
scc_system_mapping.system_87                                 60.67             59             62
scc_system_mapping.system_88                                 62.67             59             66
scc_system_mapping.system_89                                 66.00             60             76
scc_system_mapping.system_9                                  63.00             57             73
scc_system_mapping.system_90                                 59.67             57             62
scc_system_mapping.system_91                                 65.33             58             77
scc_system_mapping.system_92                                 60.00             58             62
scc_system_mapping.system_93                                 61.67             61             63
scc_system_mapping.system_94                                 62.00             58             66
scc_system_mapping.system_95                                 70.00             61             88
scc_system_mapping.system_96                                 59.33             58             60
scc_system_mapping.system_97                                 57.00             55             61
scc_system_mapping.system_98                                 59.33             59             60
scc_system_mapping.system_99                                 61.67             61             62
scc_system_mapping_resource.resource_1                       69.00             64             78
scc_system_mapping_resource.resource_10                      81.00             64            105
scc_system_mapping_resource.resource_100                     86.67             64            109
scc_system_mapping_resource.resource_101                    102.33             54            174
scc_system_mapping_resource.resource_102                    156.67             59            337
scc_system_mapping_resource.resource_103                    118.67             72            171
scc_system_mapping_resource.resource_104                    110.00             58            171
scc_system_mapping_resource.resource_105                    107.33             59            173
scc_system_mapping_resource.resource_106                    110.33             64            181
scc_system_mapping_resource.resource_107                    172.33             58            355
scc_system_mapping_resource.resource_108                    163.00             64            351
scc_system_mapping_resource.resource_109                     57.33             56             58
scc_system_mapping_resource.resource_11                      78.67             69             86
scc_system_mapping_resource.resource_110                     73.33             64             80
scc_system_mapping_resource.resource_111                     65.67             56             71
scc_system_mapping_resource.resource_112                    102.00             69            119
scc_system_mapping_resource.resource_113                    112.67             58            176
scc_system_mapping_resource.resource_114                    162.00             62            358
scc_system_mapping_resource.resource_115                    117.67             60            179
scc_system_mapping_resource.resource_116                     99.67             57            150
scc_system_mapping_resource.resource_117                     59.67             58             63
scc_system_mapping_resource.resource_118                     77.00             56             97
scc_system_mapping_resource.resource_119                     73.00             56             97
scc_system_mapping_resource.resource_12                     101.33             75            118
scc_system_mapping_resource.resource_120                     76.67             61            104
scc_system_mapping_resource.resource_121                    139.00             63            252
scc_system_mapping_resource.resource_122                    112.00             54            176
scc_system_mapping_resource.resource_123                    121.00             62            187
scc_system_mapping_resource.resource_124                    117.00             60            183
scc_system_mapping_resource.resource_125                     71.33             59             87
scc_system_mapping_resource.resource_126                     91.00             69            117
scc_system_mapping_resource.resource_127                    152.00             72            270
scc_system_mapping_resource.resource_128                    137.67             69            268
scc_system_mapping_resource.resource_129                     72.33             57             95
scc_system_mapping_resource.resource_13                     129.33             80            172
scc_system_mapping_resource.resource_130                     84.67             58            117
scc_system_mapping_resource.resource_131                     76.33             64             93
scc_system_mapping_resource.resource_132                     81.00             62            103
scc_system_mapping_resource.resource_133                     66.00             59             73
scc_system_mapping_resource.resource_134                     66.33             60             71
scc_system_mapping_resource.resource_135                     66.00             59             71
scc_system_mapping_resource.resource_136                     58.00             55             62
scc_system_mapping_resource.resource_137                     67.67             58             85
scc_system_mapping_resource.resource_138                     55.00             54             57
scc_system_mapping_resource.resource_139                     68.67             59             87
scc_system_mapping_resource.resource_14                      97.67             56            172
scc_system_mapping_resource.resource_140                     66.67             56             88
scc_system_mapping_resource.resource_141                     81.00             58            110
scc_system_mapping_resource.resource_142                    101.67             92            114
scc_system_mapping_resource.resource_143                    107.67            107            108
scc_system_mapping_resource.resource_144                     86.33             77             95
scc_system_mapping_resource.resource_145                     90.33             55            152
scc_system_mapping_resource.resource_146                    146.00             59            314
scc_system_mapping_resource.resource_147                     96.33             56            162
scc_system_mapping_resource.resource_148                     97.33             63            162
scc_system_mapping_resource.resource_149                     82.33             54            136
scc_system_mapping_resource.resource_15                     111.33             60            173
scc_system_mapping_resource.resource_150                     72.67             60             86
scc_system_mapping_resource.resource_151                     91.67             61            117
scc_system_mapping_resource.resource_152                     77.67             63            107
scc_system_mapping_resource.resource_153                     91.67             59            157
scc_system_mapping_resource.resource_154                    147.00             57            323
scc_system_mapping_resource.resource_155                    146.67             55            322
scc_system_mapping_resource.resource_156                     89.33             54            156
scc_system_mapping_resource.resource_157                     71.67             56             92
scc_system_mapping_resource.resource_158                     77.67             55             89
scc_system_mapping_resource.resource_159                     91.00             58            111
scc_system_mapping_resource.resource_16                     102.67             63            173
scc_system_mapping_resource.resource_160                    100.33             82            115
scc_system_mapping_resource.resource_161                    107.00             89            138
scc_system_mapping_resource.resource_162                    141.00             97            201
scc_system_mapping_resource.resource_163                    104.00             87            136
scc_system_mapping_resource.resource_164                     91.67             56            113
scc_system_mapping_resource.resource_165                    101.00             58            171
scc_system_mapping_resource.resource_166                    178.67             72            347
scc_system_mapping_resource.resource_167                    115.00             56            174
scc_system_mapping_resource.resource_168                    189.67            106            347
scc_system_mapping_resource.resource_169                     67.00             55             87
scc_system_mapping_resource.resource_17                     105.67             57            180
scc_system_mapping_resource.resource_170                     69.67             53             89
scc_system_mapping_resource.resource_171                     69.00             55             82
scc_system_mapping_resource.resource_172                     73.33             59             88
scc_system_mapping_resource.resource_173                    102.33             56            186
scc_system_mapping_resource.resource_174                     99.00             56            179
scc_system_mapping_resource.resource_175                    100.33             55            179
scc_system_mapping_resource.resource_176                    160.00             55            368
scc_system_mapping_resource.resource_177                    100.33             56            181
scc_system_mapping_resource.resource_178                     93.00             59            121
scc_system_mapping_resource.resource_179                     78.33             55            121
scc_system_mapping_resource.resource_18                     113.67             57            172
scc_system_mapping_resource.resource_180                     96.00             56            163
scc_system_mapping_resource.resource_181                     68.00             56             89
scc_system_mapping_resource.resource_182                    111.33             56            199
scc_system_mapping_resource.resource_183                    131.00             72            198
scc_system_mapping_resource.resource_184                     71.33             63             88
scc_system_mapping_resource.resource_185                     68.33             54             94
scc_system_mapping_resource.resource_186                     60.33             59             62
scc_system_mapping_resource.resource_187                     62.67             55             71
scc_system_mapping_resource.resource_188                     69.67             60             79
scc_system_mapping_resource.resource_189                     92.33             61            115
scc_system_mapping_resource.resource_19                     118.33             64            172
scc_system_mapping_resource.resource_190                    102.00             88            113
scc_system_mapping_resource.resource_191                     74.00             54            112
scc_system_mapping_resource.resource_192                     90.67             59            111
scc_system_mapping_resource.resource_193                    139.67             64            270
scc_system_mapping_resource.resource_194                    117.33             61            204
scc_system_mapping_resource.resource_195                    114.33             55            204
scc_system_mapping_resource.resource_196                    116.67             56            234
scc_system_mapping_resource.resource_197                    109.00             57            160
scc_system_mapping_resource.resource_198                     99.00             61            166
scc_system_mapping_resource.resource_199                     74.00             59             89
scc_system_mapping_resource.resource_2                       80.67             56            109
scc_system_mapping_resource.resource_20                     191.67            100            353
scc_system_mapping_resource.resource_200                     69.00             57             90
scc_system_mapping_resource.resource_21                      65.00             53             84
scc_system_mapping_resource.resource_22                      67.33             57             84
scc_system_mapping_resource.resource_23                      75.67             61            101
scc_system_mapping_resource.resource_24                      65.00             60             71
scc_system_mapping_resource.resource_25                      76.67             59             91
scc_system_mapping_resource.resource_26                      87.00             60            110
scc_system_mapping_resource.resource_27                      93.67             64            109
scc_system_mapping_resource.resource_28                     134.00             93            201
scc_system_mapping_resource.resource_29                      62.00             56             71
scc_system_mapping_resource.resource_3                       79.00             57            121
scc_system_mapping_resource.resource_30                      89.67             70            114
scc_system_mapping_resource.resource_31                      70.33             55             96
scc_system_mapping_resource.resource_32                      71.33             55             99
scc_system_mapping_resource.resource_33                      68.67             57             86
scc_system_mapping_resource.resource_34                      74.33             55            102
scc_system_mapping_resource.resource_35                      67.67             56             87
scc_system_mapping_resource.resource_36                      72.67             56            102
scc_system_mapping_resource.resource_37                      82.67             63             97
scc_system_mapping_resource.resource_38                      80.33             59            100
scc_system_mapping_resource.resource_39                      78.67             73             86
scc_system_mapping_resource.resource_4                       58.67             56             63
scc_system_mapping_resource.resource_40                      72.33             68             79
scc_system_mapping_resource.resource_41                      66.67             56             87
scc_system_mapping_resource.resource_42                      72.00             57             95
scc_system_mapping_resource.resource_43                      62.33             57             71
scc_system_mapping_resource.resource_44                      62.33             59             65
scc_system_mapping_resource.resource_45                      80.00             63            104
scc_system_mapping_resource.resource_46                      96.00             86            113
scc_system_mapping_resource.resource_47                      92.00             63            114
scc_system_mapping_resource.resource_48                      85.00             59            136
scc_system_mapping_resource.resource_49                      79.33             59            109
scc_system_mapping_resource.resource_5                      219.00             76            503
scc_system_mapping_resource.resource_50                      96.00             88            112
scc_system_mapping_resource.resource_51                      66.00             56             86
scc_system_mapping_resource.resource_52                      83.00             68            106
scc_system_mapping_resource.resource_53                     184.00             57            410
scc_system_mapping_resource.resource_54                     205.67             83            412
scc_system_mapping_resource.resource_55                     115.33             56            170
scc_system_mapping_resource.resource_56                     117.00             60            175
scc_system_mapping_resource.resource_57                     151.33             55            270
scc_system_mapping_resource.resource_58                      79.67             59            112
scc_system_mapping_resource.resource_59                      85.33             56            133
scc_system_mapping_resource.resource_6                      200.67             62            382
scc_system_mapping_resource.resource_60                     133.33             58            271
scc_system_mapping_resource.resource_61                      68.33             65             72
scc_system_mapping_resource.resource_62                      79.33             56            123
scc_system_mapping_resource.resource_63                      88.33             60            111
scc_system_mapping_resource.resource_64                      79.33             58            119
scc_system_mapping_resource.resource_65                     108.00             68            168
scc_system_mapping_resource.resource_66                     162.00             57            330
scc_system_mapping_resource.resource_67                     165.00             63            329
scc_system_mapping_resource.resource_68                      94.67             57            168
scc_system_mapping_resource.resource_69                      75.33             59            101
scc_system_mapping_resource.resource_7                      120.00             58            181
scc_system_mapping_resource.resource_70                      83.00             53            113
scc_system_mapping_resource.resource_71                      73.33             58             86
scc_system_mapping_resource.resource_72                      95.33             65            113
scc_system_mapping_resource.resource_73                      56.67             55             58
scc_system_mapping_resource.resource_74                      73.67             66             80
scc_system_mapping_resource.resource_75                      85.33             68             99
scc_system_mapping_resource.resource_76                      69.67             55             98
scc_system_mapping_resource.resource_77                     123.67             96            172
scc_system_mapping_resource.resource_78                      97.00             65            161
scc_system_mapping_resource.resource_79                     142.00             58            254
scc_system_mapping_resource.resource_8                      215.67             87            387
scc_system_mapping_resource.resource_80                      95.33             61            161
scc_system_mapping_resource.resource_81                     147.00             59            314
scc_system_mapping_resource.resource_82                     141.00            104            205
scc_system_mapping_resource.resource_83                     107.67             57            153
scc_system_mapping_resource.resource_84                     127.00             64            200
scc_system_mapping_resource.resource_85                     101.00            100            102
scc_system_mapping_resource.resource_86                     101.67             91            110
scc_system_mapping_resource.resource_87                      95.00             71            110
scc_system_mapping_resource.resource_88                     108.00             81            149
scc_system_mapping_resource.resource_89                      75.33             56            110
scc_system_mapping_resource.resource_9                       62.33             54             70
scc_system_mapping_resource.resource_90                      71.67             63             89
scc_system_mapping_resource.resource_91                     105.33             66            130
scc_system_mapping_resource.resource_92                      83.33             58            101
scc_system_mapping_resource.resource_93                      61.00             56             67
scc_system_mapping_resource.resource_94                      66.00             60             71
scc_system_mapping_resource.resource_95                     117.67             61            220
scc_system_mapping_resource.resource_96                     126.00             56            222
scc_system_mapping_resource.resource_97                      67.67             60             81
scc_system_mapping_resource.resource_98                      94.67             88            104
scc_system_mapping_resource.resource_99                      92.00             60            112
sci_application.app_1                                       125.67            122            130
sci_application.app_10                                      127.67            110            147
sci_application.app_100                                     131.33            122            143
sci_application.app_11                                      122.33            121            124
sci_application.app_12                                      126.33            123            131
sci_application.app_13                                      122.00            116            130
sci_application.app_14                                      133.00            121            154
sci_application.app_15                                      127.00            124            133
sci_application.app_16                                      127.33            115            134
sci_application.app_17                                      121.67            119            123
sci_application.app_18                                      136.33            123            154
sci_application.app_19                                      137.67            132            148
sci_application.app_2                                       122.00            119            125
sci_application.app_20                                      131.00            123            140
sci_application.app_21                                      123.67            117            131
sci_application.app_22                                      126.67            118            133
sci_application.app_23                                      134.67            120            150
sci_application.app_24                                      135.67            122            145
sci_application.app_25                                      123.33            116            128
sci_application.app_26                                      132.00            123            138
sci_application.app_27                                      129.00            123            138
sci_application.app_28                                      133.33            119            156
sci_application.app_29                                      129.67            120            140
sci_application.app_3                                       125.67            115            133
sci_application.app_30                                      156.33            131            195
sci_application.app_31                                      132.67            119            147
sci_application.app_32                                      130.00            117            145
sci_application.app_33                                      127.00            121            137
sci_application.app_34                                      126.33            119            131
sci_application.app_35                                      127.33            123            133
sci_application.app_36                                      119.67            113            126
sci_application.app_37                                      124.33            117            137
sci_application.app_38                                      127.67            118            139
sci_application.app_39                                      132.67            118            159
sci_application.app_4                                       139.33            130            145
sci_application.app_40                                      131.00            127            137
sci_application.app_41                                      136.33            125            148
sci_application.app_42                                      129.00            122            139
sci_application.app_43                                      146.33            133            170
sci_application.app_44                                      130.00            122            146
sci_application.app_45                                      123.67            118            128
sci_application.app_46                                      165.00            123            244
sci_application.app_47                                      139.67            127            164
sci_application.app_48                                      123.00            121            124
sci_application.app_49                                      126.00            116            136
sci_application.app_5                                       124.67            118            129
sci_application.app_50                                      132.00            131            133
sci_application.app_51                                      139.00            124            151
sci_application.app_52                                      128.67            122            135
sci_application.app_53                                      134.33            127            148
sci_application.app_54                                      127.33            123            130
sci_application.app_55                                      133.00            124            148
sci_application.app_56                                      127.67            120            142
sci_application.app_57                                      127.67            124            134
sci_application.app_58                                      120.67            114            126
sci_application.app_59                                      128.33            119            146
sci_application.app_6                                       122.33            115            129
sci_application.app_60                                      126.00            116            133
sci_application.app_61                                      126.00            123            132
sci_application.app_62                                      127.33            117            147
sci_application.app_63                                      149.67            126            193
sci_application.app_64                                      124.67            120            130
sci_application.app_65                                      132.33            125            140
sci_application.app_66                                      126.00            116            141
sci_application.app_67                                      127.00            120            136
sci_application.app_68                                      131.33            125            136
sci_application.app_69                                      121.00            115            128
sci_application.app_7                                       126.33            120            132
sci_application.app_70                                      122.67            122            123
sci_application.app_71                                      134.00            118            161
sci_application.app_72                                      121.67            116            132
sci_application.app_73                                      163.33            122            238
sci_application.app_74                                      118.67            115            126
sci_application.app_75                                      129.33            123            133
sci_application.app_76                                      164.67            122            220
sci_application.app_77                                      124.33            122            127
sci_application.app_78                                      139.33            126            162
sci_application.app_79                                      139.67            128            162
sci_application.app_8                                       141.00            123            171
sci_application.app_80                                      131.67            129            136
sci_application.app_81                                      129.00            122            135
sci_application.app_82                                      131.67            122            149
sci_application.app_83                                      138.33            125            163
sci_application.app_84                                      135.00            133            137
sci_application.app_85                                      145.67            128            177
sci_application.app_86                                      149.33            130            168
sci_application.app_87                                      129.00            126            133
sci_application.app_88                                      129.33            123            136
sci_application.app_89                                      124.00            117            135
sci_application.app_9                                       128.33            124            131
sci_application.app_90                                      140.00            123            168
sci_application.app_91                                      147.00            122            176
sci_application.app_92                                      124.67            120            127
sci_application.app_93                                      137.67            130            146
sci_application.app_94                                      133.00            122            140
sci_application.app_95                                      140.33            119            163
sci_application.app_96                                      127.67            123            132
sci_application.app_97                                      121.00            111            130
sci_application.app_98                                      131.67            120            145
sci_application.app_99                                      138.00            117            152
sci_group_base.group_1                                       98.00             96            100
sci_group_base.group_10                                     104.33            102            109
sci_group_base.group_100                                     97.33             95            101
sci_group_base.group_101                                     97.67             97             99
sci_group_base.group_102                                    100.33             99            102
sci_group_base.group_103                                     92.33             86             99
sci_group_base.group_104                                    110.33            100            126
sci_group_base.group_105                                     93.33             89             97
sci_group_base.group_106                                     96.33             93             99
sci_group_base.group_107                                     93.33             89             96
sci_group_base.group_108                                     96.33             96             97
sci_group_base.group_109                                     93.67             89             98
sci_group_base.group_11                                     131.00             94            202
sci_group_base.group_110                                    112.67             93            148
sci_group_base.group_111                                     92.33             92             93
sci_group_base.group_112                                     95.67             90            102
sci_group_base.group_113                                    103.67             94            119
sci_group_base.group_114                                     92.33             83            103
sci_group_base.group_115                                    106.00             96            124
sci_group_base.group_116                                    100.00             93            105
sci_group_base.group_117                                     96.67             95             98
sci_group_base.group_118                                     97.67             89            103
sci_group_base.group_119                                    100.00             96            104
sci_group_base.group_12                                     102.33             97            113
sci_group_base.group_120                                     99.67             94            105
sci_group_base.group_121                                     93.00             90             95
sci_group_base.group_122                                     95.67             95             96
sci_group_base.group_123                                    100.00             97            105
sci_group_base.group_124                                    164.00             92            303
sci_group_base.group_125                                    104.33             92            119
sci_group_base.group_126                                    103.67             93            112
sci_group_base.group_127                                    117.00             90            163
sci_group_base.group_128                                    112.67             99            137
sci_group_base.group_129                                     94.67             86            103
sci_group_base.group_13                                      96.67             95             98
sci_group_base.group_130                                    103.67             89            121
sci_group_base.group_131                                     93.67             92             96
sci_group_base.group_132                                     98.67             95            103
sci_group_base.group_133                                    165.00             94            306
sci_group_base.group_134                                    102.67             87            112
sci_group_base.group_135                                     94.33             89            104
sci_group_base.group_136                                     96.00             89            106
sci_group_base.group_137                                    180.67            103            313
sci_group_base.group_138                                    101.67             99            103
sci_group_base.group_139                                    166.67             91            303
sci_group_base.group_14                                     115.00             91            153
sci_group_base.group_140                                     97.00             96             98
sci_group_base.group_141                                     96.33             93             99
sci_group_base.group_142                                    116.67             94            154
sci_group_base.group_143                                     91.33             87             97
sci_group_base.group_144                                     94.67             88            102
sci_group_base.group_145                                    170.00             91            314
sci_group_base.group_146                                     99.33             97            101
sci_group_base.group_147                                     98.00             94            100
sci_group_base.group_148                                     97.00             95             99
sci_group_base.group_149                                     97.00             93            102
sci_group_base.group_15                                     108.67             94            131
sci_group_base.group_150                                    113.33             98            139
sci_group_base.group_16                                      95.00             93             96
sci_group_base.group_17                                      96.00             94             99
sci_group_base.group_18                                     105.00             94            114
sci_group_base.group_19                                      97.67             94            101
sci_group_base.group_2                                      100.00             97            104
sci_group_base.group_20                                      94.67             91            101
sci_group_base.group_21                                      96.67             96             98
sci_group_base.group_22                                      97.33             90            103
sci_group_base.group_23                                     107.00             94            121
sci_group_base.group_24                                     101.33             98            108
sci_group_base.group_25                                     114.67             91            143
sci_group_base.group_26                                      98.33             96            100
sci_group_base.group_27                                      94.00             80            106
sci_group_base.group_28                                      99.67             95            108
sci_group_base.group_29                                      94.00             90             99
sci_group_base.group_3                                      113.33             93            150
sci_group_base.group_30                                     168.00             91            316
sci_group_base.group_31                                      96.33             91             99
sci_group_base.group_32                                     113.67             97            130
sci_group_base.group_33                                     110.67             87            139
sci_group_base.group_34                                      96.00             91            100
sci_group_base.group_35                                     121.33             99            163
sci_group_base.group_36                                      93.33             90             95
sci_group_base.group_37                                      98.00             93            102
sci_group_base.group_38                                      94.67             89             99
sci_group_base.group_39                                     103.00             86            122
sci_group_base.group_4                                       98.00             92            103
sci_group_base.group_40                                     103.67            101            108
sci_group_base.group_41                                      96.00             92            102
sci_group_base.group_42                                      91.67             88             94
sci_group_base.group_43                                     117.00             95            155
sci_group_base.group_44                                     105.00            100            114
sci_group_base.group_45                                      94.67             89             98
sci_group_base.group_46                                      95.33             90            100
sci_group_base.group_47                                      99.67             98            102
sci_group_base.group_48                                      96.00             94             97
sci_group_base.group_49                                     100.33             96            103
sci_group_base.group_5                                       97.67             96             99
sci_group_base.group_50                                     103.67             93            124
sci_group_base.group_51                                      95.67             92            103
sci_group_base.group_52                                      95.00             92            100
sci_group_base.group_53                                      96.33             93             99
sci_group_base.group_54                                     164.67             82            310
sci_group_base.group_55                                     162.00             90            305
sci_group_base.group_56                                      91.67             85            100
sci_group_base.group_57                                     117.00             95            159
sci_group_base.group_58                                      99.67             98            102
sci_group_base.group_59                                     164.67             95            299
sci_group_base.group_6                                       97.33             92            104
sci_group_base.group_60                                      97.00             94            103
sci_group_base.group_61                                      93.67             92             95
sci_group_base.group_62                                      98.33             93            105
sci_group_base.group_63                                     100.33             92            117
sci_group_base.group_64                                     108.67             97            131
sci_group_base.group_65                                      94.33             89             97
sci_group_base.group_66                                      95.33             93             97
sci_group_base.group_67                                      95.33             90            100
sci_group_base.group_68                                     113.67             97            143
sci_group_base.group_69                                      96.33             92            103
sci_group_base.group_7                                       99.33             93            104
sci_group_base.group_70                                      97.00             95             99
sci_group_base.group_71                                     107.00             95            122
sci_group_base.group_72                                      96.33             92            103
sci_group_base.group_73                                      94.33             93             96
sci_group_base.group_74                                      96.67             93            100
sci_group_base.group_75                                     103.33             99            108
sci_group_base.group_76                                      99.33             98            102
sci_group_base.group_77                                      98.33             93            106
sci_group_base.group_78                                      95.67             92             98
sci_group_base.group_79                                      94.33             90             97
sci_group_base.group_8                                       91.00             88             93
sci_group_base.group_80                                      95.33             94             97
sci_group_base.group_81                                      96.67             94             98
sci_group_base.group_82                                      94.67             89             98
sci_group_base.group_83                                      95.67             90            102
sci_group_base.group_84                                      95.33             92            100
sci_group_base.group_85                                      97.67             97             99
sci_group_base.group_86                                     101.00             88            126
sci_group_base.group_87                                     113.33             94            146
sci_group_base.group_88                                      93.67             90             97
sci_group_base.group_89                                     106.67             94            129
sci_group_base.group_9                                       94.33             91            101
sci_group_base.group_90                                      97.33             92            103
sci_group_base.group_91                                      92.67             90             97
sci_group_base.group_92                                     164.67             93            299
sci_group_base.group_93                                      98.67             96            101
sci_group_base.group_94                                      99.67             91            111
sci_group_base.group_95                                      93.00             86            101
sci_group_base.group_96                                      96.33             92            101
sci_group_base.group_97                                      95.67             88            102
sci_group_base.group_98                                      96.00             91             99
sci_group_base.group_99                                      96.67             96             98
sci_user.user_1                                             100.33             92            105
sci_user.user_10                                             92.33             88             99
sci_user.user_100                                            94.00             94             94
sci_user.user_101                                            92.33             92             93
sci_user.user_102                                           103.00             93            116
sci_user.user_103                                            89.67             84             93
sci_user.user_104                                            94.33             88             99
sci_user.user_105                                            93.00             87            102
sci_user.user_106                                            95.67             87            100
sci_user.user_107                                            94.00             91             99
sci_user.user_108                                           137.67             97            173
sci_user.user_109                                           104.00             95            119
sci_user.user_11                                             93.33             90             96
sci_user.user_110                                            99.33             89            106
sci_user.user_111                                            91.00             89             93
sci_user.user_112                                            94.67             90            101
sci_user.user_113                                            91.67             86             97
sci_user.user_114                                            94.00             87            104
sci_user.user_115                                            94.67             88            106
sci_user.user_116                                            92.33             87             99
sci_user.user_117                                            99.00             97            100
sci_user.user_118                                            94.33             91             98
sci_user.user_119                                            91.67             90             94
sci_user.user_12                                             88.00             76             98
sci_user.user_120                                            87.33             83             90
sci_user.user_121                                            99.00             95            101
sci_user.user_122                                           108.67             94            131
sci_user.user_123                                            94.33             88             99
sci_user.user_124                                            94.67             93             98
sci_user.user_125                                            85.33             84             88
sci_user.user_126                                            92.67             90             95
sci_user.user_127                                           139.33             99            220
sci_user.user_128                                            91.00             86             99
sci_user.user_129                                            92.67             85            100
sci_user.user_13                                            112.00             93            146
sci_user.user_130                                            91.67             88             95
sci_user.user_131                                           110.00             89            149
sci_user.user_132                                            91.67             90             93
sci_user.user_133                                            96.00             93            102
sci_user.user_134                                            90.33             87             92
sci_user.user_135                                            96.00             93             98
sci_user.user_136                                            98.00             83            114
sci_user.user_137                                           110.33             92            143
sci_user.user_138                                            95.67             92            101
sci_user.user_139                                           102.67             89            120
sci_user.user_14                                            107.00             93            129
sci_user.user_140                                           100.00             92            111
sci_user.user_141                                            92.00             88             96
sci_user.user_142                                            89.67             81             98
sci_user.user_143                                            95.33             90            103
sci_user.user_144                                            99.67             97            104
sci_user.user_145                                            95.00             89            103
sci_user.user_146                                           113.33             95            144
sci_user.user_147                                           142.67             90            242
sci_user.user_148                                           144.00             98            234
sci_user.user_149                                           102.33             94            110
sci_user.user_15                                             91.67             84             99
sci_user.user_150                                           115.00             88            164
sci_user.user_151                                            94.67             88            100
sci_user.user_152                                           100.00             93            111
sci_user.user_153                                           102.67             96            115
sci_user.user_154                                            93.33             85            100
sci_user.user_155                                           103.00             97            111
sci_user.user_156                                           100.67             90            121
sci_user.user_157                                            95.67             94             97
sci_user.user_158                                            89.67             85             92
sci_user.user_159                                            93.67             89             97
sci_user.user_16                                            104.00             96            116
sci_user.user_160                                           127.00             98            152
sci_user.user_161                                            92.33             87            100
sci_user.user_162                                            92.33             86             96
sci_user.user_163                                           111.00             93            125
sci_user.user_164                                            93.00             88            102
sci_user.user_165                                            93.33             92             95
sci_user.user_166                                            87.67             83             97
sci_user.user_167                                            92.67             87             96
sci_user.user_168                                            95.67             92             99
sci_user.user_169                                            98.00             93            102
sci_user.user_17                                             93.33             92             95
sci_user.user_170                                            95.67             89            102
sci_user.user_171                                            91.33             90             92
sci_user.user_172                                            93.33             92             96
sci_user.user_173                                           103.33             93            117
sci_user.user_174                                            95.67             92            100
sci_user.user_175                                            94.00             87             99
sci_user.user_176                                           121.33             86            184
sci_user.user_177                                            94.00             87            100
sci_user.user_178                                            93.33             80            104
sci_user.user_179                                           126.33             96            185
sci_user.user_18                                             96.67             95             98
sci_user.user_180                                            91.33             87             98
sci_user.user_181                                            93.67             89             97
sci_user.user_182                                            95.00             88            104
sci_user.user_183                                            94.33             89             98
sci_user.user_184                                            99.00             97            100
sci_user.user_185                                            96.67             88            103
sci_user.user_186                                            95.33             92             99
sci_user.user_187                                           109.33             92            134
sci_user.user_188                                            89.67             87             92
sci_user.user_189                                            97.33             91            105
sci_user.user_19                                            129.67             93            197
sci_user.user_190                                            98.33             97            100
sci_user.user_191                                           105.67             93            124
sci_user.user_192                                            95.00             94             96
sci_user.user_193                                            94.00             91            100
sci_user.user_194                                            96.00             88            101
sci_user.user_195                                            93.33             87            103
sci_user.user_196                                            98.67             82            114
sci_user.user_197                                            90.67             90             92
sci_user.user_198                                            93.67             86            107
sci_user.user_199                                           102.33             89            113
sci_user.user_2                                             110.33             98            133
sci_user.user_20                                             95.00             89            105
sci_user.user_200                                            96.00             92            100
sci_user.user_201                                            95.67             89            106
sci_user.user_202                                            91.67             88             94
sci_user.user_203                                            95.33             91            103
sci_user.user_204                                            98.33             84            113
sci_user.user_205                                            93.00             91             96
sci_user.user_206                                            96.00             90            102
sci_user.user_207                                            93.67             92             95
sci_user.user_208                                            92.33             91             94
sci_user.user_209                                            91.00             85             97
sci_user.user_21                                             93.00             91             95
sci_user.user_210                                            92.67             88            101
sci_user.user_211                                            95.00             91             99
sci_user.user_212                                            94.33             79            104
sci_user.user_213                                            98.00             91            105
sci_user.user_214                                            92.67             86            104
sci_user.user_215                                            94.33             93             96
sci_user.user_216                                            96.67             96             97
sci_user.user_217                                            98.33             91            103
sci_user.user_218                                           100.00             96            105
sci_user.user_219                                           100.00             97            104
sci_user.user_22                                             90.67             88             94
sci_user.user_220                                            95.00             87            100
sci_user.user_221                                            89.67             83            100
sci_user.user_222                                            93.00             88            102
sci_user.user_223                                            97.33             90            106
sci_user.user_224                                            93.67             91             97
sci_user.user_225                                            92.33             87             95
sci_user.user_226                                            93.00             88             98
sci_user.user_227                                            93.67             88             98
sci_user.user_228                                           105.67             93            118
sci_user.user_229                                            97.00             93            103
sci_user.user_23                                            101.67             92            108
sci_user.user_230                                            94.00             92             95
sci_user.user_231                                           145.33             95            243
sci_user.user_232                                            94.67             88             99
sci_user.user_233                                            95.00             89            103
sci_user.user_234                                            91.67             88             99
sci_user.user_235                                            95.00             90             98
sci_user.user_236                                           125.00             95            182
sci_user.user_237                                            94.67             92             96
sci_user.user_238                                            91.67             88             94
sci_user.user_239                                            94.33             89             99
sci_user.user_24                                            107.00             94            123
sci_user.user_240                                            92.33             85             97
sci_user.user_241                                            91.67             90             93
sci_user.user_242                                           102.67             95            109
sci_user.user_243                                            93.67             89            100
sci_user.user_244                                           104.33             93            117
sci_user.user_245                                           111.00             93            132
sci_user.user_246                                            91.33             89             93
sci_user.user_247                                            95.33             88            110
sci_user.user_248                                            95.00             92             99
sci_user.user_249                                            98.33             85            108
sci_user.user_25                                             90.00             86             93
sci_user.user_250                                            93.33             92             94
sci_user.user_26                                             99.33             85            109
sci_user.user_27                                            116.00             89            165
sci_user.user_28                                             92.67             90             98
sci_user.user_29                                             94.33             92             96
sci_user.user_3                                              93.00             85             98
sci_user.user_30                                             98.33             93            105
sci_user.user_31                                             94.00             90             99
sci_user.user_32                                            100.33             95            106
sci_user.user_33                                             98.67             92            105
sci_user.user_34                                             96.33             90            101
sci_user.user_35                                             91.67             90             94
sci_user.user_36                                             89.33             87             91
sci_user.user_37                                             89.67             86             94
sci_user.user_38                                             97.67             93            105
sci_user.user_39                                            103.67             89            120
sci_user.user_4                                             100.33             96            107
sci_user.user_40                                             96.00             91            102
sci_user.user_41                                             93.00             85             97
sci_user.user_42                                            107.00             95            118
sci_user.user_43                                             95.00             92             97
sci_user.user_44                                            101.00             90            110
sci_user.user_45                                            109.00             94            138
sci_user.user_46                                             93.00             83            104
sci_user.user_47                                            100.33             88            118
sci_user.user_48                                             92.00             89             95
sci_user.user_49                                            100.67             93            113
sci_user.user_5                                              99.00             89            107
sci_user.user_50                                             93.67             82            104
sci_user.user_51                                            100.00             90            116
sci_user.user_52                                            105.33             93            129
sci_user.user_53                                            102.67            101            104
sci_user.user_54                                             92.33             91             94
sci_user.user_55                                             98.67             94            103
sci_user.user_56                                             92.67             90             95
sci_user.user_57                                             94.33             91             99
sci_user.user_58                                             98.67             89            104
sci_user.user_59                                             98.33             94            102
sci_user.user_6                                              96.00             88            102
sci_user.user_60                                             86.33             81             91
sci_user.user_61                                             95.00             90            103
sci_user.user_62                                            117.00             90            156
sci_user.user_63                                             92.33             88             97
sci_user.user_64                                             99.67             93            106
sci_user.user_65                                             97.33             97             98
sci_user.user_66                                             95.00             91            101
sci_user.user_67                                             94.00             93             95
sci_user.user_68                                            112.67             92            147
sci_user.user_69                                            100.00             93            111
sci_user.user_7                                              94.00             89             99
sci_user.user_70                                             91.67             86             97
sci_user.user_71                                             91.00             82             99
sci_user.user_72                                            108.67             92            139
sci_user.user_73                                             92.00             89             98
sci_user.user_74                                            109.33             86            141
sci_user.user_75                                             99.33             90            105
sci_user.user_76                                             93.33             86             98
sci_user.user_77                                             98.67             97            100
sci_user.user_78                                             94.00             93             95
sci_user.user_79                                             91.00             89             92
sci_user.user_8                                             100.00             97            102
sci_user.user_80                                             96.00             92             99
sci_user.user_81                                             99.67             93            109
sci_user.user_82                                             95.00             93             98
sci_user.user_83                                             98.33             97            101
sci_user.user_84                                             94.00             91             98
sci_user.user_85                                             98.00             94            101
sci_user.user_86                                            102.33             91            120
sci_user.user_87                                             97.67             90            104
sci_user.user_88                                             97.33             88            107
sci_user.user_89                                             99.33             96            105
sci_user.user_9                                              96.00             93             99
sci_user.user_90                                             97.00             91            100
sci_user.user_91                                            106.33             96            124
sci_user.user_92                                             93.33             85             98
sci_user.user_93                                            106.67             88            133
sci_user.user_94                                             96.00             88            100
sci_user.user_95                                             95.33             89            101
sci_user.user_96                                            101.00             96            105
sci_user.user_97                                             93.67             87            101
sci_user.user_98                                             97.00             95            101
sci_user.user_99                                             98.00             87            113

Grouped results:
-------                                 ------------    -----------    -----------
Element                                 Average (ms)   Minimum (ms)   Maximum (ms)
btp_directory.*                               553.35            463            994
btp_subaccount.*                              226.36            175            295
btp_subaccount_destination_generic.*          487.12            117          14323
btp_subaccount_entitlement.*                11373.85          10489          36819
btp_subaccount_environment_instance.*         520.77            270           1211
btp_subaccount_role.*                         409.86            128          12080
btp_subaccount_role_collection.*              433.47            126          14351
btp_subaccount_service_instance.*            1458.48            732          16432
btp_subaccount_subscription.*                1086.71            514          15082
btp_subaccount_trust_configuration.*          366.94            143           1176
cloudfoundry_service_instance.*                72.34             37           1495
cloudfoundry_space.*                          120.92             92            738
scc_subaccount.*                              854.89            485          15503
scc_system_mapping.*                           79.11             53           1281
scc_system_mapping_resource.*                  98.03             53            503
sci_application.*                             131.53            110            244
sci_group_base.*                              104.30             80            316
sci_user.*                                     98.23             76            243

Total wall-clock time: 1792.000112s
Average wall-clock time: 597.333371s
Minimum wall-clock time: 575.829668s
Maximum wall-clock time: 633.401294s
Total Ressources: 2150
