Running terraform plan -refresh-only 100 time(s)

Run 1/100:
  Total run time: 14.618399s
  btp_directory.directory                                                2996ms
  btp_subaccount.subaccount                                              1319ms
  btp_subaccount_destination_generic.destination                         581ms
  btp_subaccount_entitlement.entitlement                                 13076ms
  btp_subaccount_environment_instance.cloudfoundry                       2150ms
  btp_subaccount_role.role                                               861ms
  btp_subaccount_role_collection.collection                              2337ms
  btp_subaccount_service_instance.instance                               4316ms
  btp_subaccount_subscription.subscription                               3375ms
  btp_subaccount_trust_configuration.trust                               1153ms
  cloudfoundry_service_instance.instance                                 57ms
  cloudfoundry_space.space                                               183ms
  scc_subaccount.subaccount                                              4973ms
  scc_system_mapping.system                                              204ms
  scc_system_mapping_resource.resource                                   84ms
  sci_application.app                                                    378ms
  sci_group_base.group                                                   327ms
  sci_user.user                                                          390ms


Run 2/100:
  Total run time: 21.102155s
  btp_directory.directory                                                2257ms
  btp_subaccount.subaccount                                              2005ms
  btp_subaccount_destination_generic.destination                         1256ms
  btp_subaccount_entitlement.entitlement                                 20005ms
  btp_subaccount_environment_instance.cloudfoundry                       9030ms
  btp_subaccount_role.role                                               555ms
  btp_subaccount_role_collection.collection                              788ms
  btp_subaccount_service_instance.instance                               10806ms
  btp_subaccount_subscription.subscription                               9996ms
  btp_subaccount_trust_configuration.trust                               1037ms
  cloudfoundry_service_instance.instance                                 57ms
  cloudfoundry_space.space                                               156ms
  scc_subaccount.subaccount                                              765ms
  scc_system_mapping_resource.resource                                   218ms
  sci_application.app                                                    228ms
  sci_group_base.group                                                   211ms
  sci_user.user                                                          211ms


Run 3/100:
  Total run time: 14.371147s
  btp_directory.directory                                                3243ms
  btp_subaccount.subaccount                                              2373ms
  btp_subaccount_destination_generic.destination                         1301ms
  btp_subaccount_environment_instance.cloudfoundry                       1862ms
  btp_subaccount_role.role                                               2102ms
  btp_subaccount_role_collection.collection                              449ms
  btp_subaccount_service_instance.instance                               3788ms
  btp_subaccount_subscription.subscription                               3009ms
  btp_subaccount_trust_configuration.trust                               1092ms
  cloudfoundry_service_instance.instance                                 58ms
  cloudfoundry_space.space                                               175ms
  scc_subaccount.subaccount                                              711ms
  scc_system_mapping.system                                              193ms
  scc_system_mapping_resource.resource                                   177ms
  sci_application.app                                                    305ms
  sci_user.user                                                          280ms


Run 4/100:
  Total run time: 14.228426s
  btp_subaccount.subaccount                                              981ms
  btp_subaccount_destination_generic.destination                         1624ms
  btp_subaccount_entitlement.entitlement                                 13229ms
  btp_subaccount_environment_instance.cloudfoundry                       1728ms
  btp_subaccount_role_collection.collection                              262ms
  btp_subaccount_service_instance.instance                               3736ms
  btp_subaccount_subscription.subscription                               2982ms
  btp_subaccount_trust_configuration.trust                               748ms
  cloudfoundry_service_instance.instance                                 60ms
  cloudfoundry_space.space                                               171ms
  scc_subaccount.subaccount                                              712ms
  scc_system_mapping_resource.resource                                   174ms
  sci_application.app                                                    269ms
  sci_group_base.group                                                   238ms
  sci_user.user                                                          252ms


Run 5/100:
  Total run time: 19.649053s
  btp_directory.directory                                                7298ms
  btp_subaccount.subaccount                                              575ms
  btp_subaccount_destination_generic.destination                         498ms
  btp_subaccount_entitlement.entitlement                                 18610ms
  btp_subaccount_environment_instance.cloudfoundry                       6994ms
  btp_subaccount_role.role                                               1327ms
  btp_subaccount_role_collection.collection                              7118ms
  btp_subaccount_service_instance.instance                               8816ms
  btp_subaccount_subscription.subscription                               8456ms
  btp_subaccount_trust_configuration.trust                               774ms
  cloudfoundry_service_instance.instance                                 57ms
  cloudfoundry_space.space                                               176ms
  scc_subaccount.subaccount                                              697ms
  scc_system_mapping_resource.resource                                   183ms
  sci_application.app                                                    232ms
  sci_group_base.group                                                   221ms
  sci_user.user                                                          216ms


Run 6/100:
  Total run time: 19.017352s
  btp_directory.directory                                                8090ms
  btp_subaccount.subaccount                                              5803ms
  btp_subaccount_destination_generic.destination                         6382ms
  btp_subaccount_entitlement.entitlement                                 17925ms
  btp_subaccount_role.role                                               6127ms
  btp_subaccount_role_collection.collection                              7101ms
  btp_subaccount_subscription.subscription                               8730ms
  btp_subaccount_trust_configuration.trust                               6644ms
  cloudfoundry_service_instance.instance                                 93ms
  cloudfoundry_space.space                                               201ms
  scc_subaccount.subaccount                                              693ms
  scc_system_mapping.system                                              164ms
  scc_system_mapping_resource.resource                                   264ms
  sci_application.app                                                    420ms
  sci_group_base.group                                                   419ms
  sci_user.user                                                          387ms


Run 7/100:
  Total run time: 14.575188s
  btp_directory.directory                                                3041ms
  btp_subaccount.subaccount                                              1870ms
  btp_subaccount_destination_generic.destination                         1558ms
  btp_subaccount_entitlement.entitlement                                 13472ms
  btp_subaccount_environment_instance.cloudfoundry                       962ms
  btp_subaccount_role.role                                               189ms
  btp_subaccount_role_collection.collection                              1900ms
  btp_subaccount_service_instance.instance                               3391ms
  btp_subaccount_subscription.subscription                               2521ms
  btp_subaccount_trust_configuration.trust                               1860ms
  cloudfoundry_service_instance.instance                                 53ms
  cloudfoundry_space.space                                               138ms
  scc_subaccount.subaccount                                              712ms
  scc_system_mapping.system                                              188ms
  scc_system_mapping_resource.resource                                   176ms
  sci_application.app                                                    229ms
  sci_group_base.group                                                   200ms
  sci_user.user                                                          200ms


Run 8/100:
  Total run time: 14.001108s
  btp_directory.directory                                                2354ms
  btp_subaccount.subaccount                                              241ms
  btp_subaccount_destination_generic.destination                         1240ms
  btp_subaccount_entitlement.entitlement                                 12914ms
  btp_subaccount_environment_instance.cloudfoundry                       1675ms
  btp_subaccount_role.role                                               444ms
  btp_subaccount_role_collection.collection                              981ms
  btp_subaccount_service_instance.instance                               3535ms
  btp_subaccount_subscription.subscription                               2898ms
  cloudfoundry_service_instance.instance                                 54ms
  cloudfoundry_space.space                                               208ms
  scc_subaccount.subaccount                                              718ms
  scc_system_mapping.system                                              197ms
  scc_system_mapping_resource.resource                                   183ms
  sci_application.app                                                    222ms
  sci_group_base.group                                                   211ms
  sci_user.user                                                          203ms


Run 9/100:
  Total run time: 14.014331s
  btp_directory.directory                                                2393ms
  btp_subaccount_destination_generic.destination                         1411ms
  btp_subaccount_entitlement.entitlement                                 12950ms
  btp_subaccount_environment_instance.cloudfoundry                       1108ms
  btp_subaccount_role.role                                               1669ms
  btp_subaccount_role_collection.collection                              197ms
  btp_subaccount_service_instance.instance                               3265ms
  btp_subaccount_subscription.subscription                               2667ms
  btp_subaccount_trust_configuration.trust                               482ms
  cloudfoundry_service_instance.instance                                 50ms
  cloudfoundry_space.space                                               149ms
  scc_subaccount.subaccount                                              1789ms
  scc_system_mapping.system                                              196ms
  scc_system_mapping_resource.resource                                   186ms
  sci_application.app                                                    258ms
  sci_group_base.group                                                   280ms
  sci_user.user                                                          242ms


Run 10/100:
  Total run time: 13.134697s
  btp_directory.directory                                                2594ms
  btp_subaccount.subaccount                                              1512ms
  btp_subaccount_destination_generic.destination                         378ms
  btp_subaccount_entitlement.entitlement                                 12116ms
  btp_subaccount_role.role                                               578ms
  btp_subaccount_role_collection.collection                              1471ms
  btp_subaccount_service_instance.instance                               3285ms
  btp_subaccount_subscription.subscription                               2605ms
  btp_subaccount_trust_configuration.trust                               785ms
  cloudfoundry_service_instance.instance                                 56ms
  cloudfoundry_space.space                                               149ms
  scc_subaccount.subaccount                                              944ms
  scc_system_mapping.system                                              277ms
  scc_system_mapping_resource.resource                                   248ms
  sci_application.app                                                    263ms
  sci_group_base.group                                                   230ms
  sci_user.user                                                          265ms


Run 11/100:
  Total run time: 14.422662s
  btp_directory.directory                                                2781ms
  btp_subaccount.subaccount                                              1194ms
  btp_subaccount_destination_generic.destination                         2185ms
  btp_subaccount_entitlement.entitlement                                 13298ms
  btp_subaccount_role.role                                               859ms
  btp_subaccount_role_collection.collection                              1387ms
  btp_subaccount_service_instance.instance                               3424ms
  btp_subaccount_subscription.subscription                               2711ms
  btp_subaccount_trust_configuration.trust                               205ms
  cloudfoundry_service_instance.instance                                 63ms
  cloudfoundry_space.space                                               177ms
  scc_subaccount.subaccount                                              793ms
  scc_system_mapping_resource.resource                                   178ms
  sci_application.app                                                    363ms
  sci_group_base.group                                                   292ms
  sci_user.user                                                          362ms


Run 12/100:
  Total run time: 13.855594s
  btp_directory.directory                                                2220ms
  btp_subaccount_destination_generic.destination                         1919ms
  btp_subaccount_entitlement.entitlement                                 12771ms
  btp_subaccount_environment_instance.cloudfoundry                       1165ms
  btp_subaccount_role_collection.collection                              780ms
  btp_subaccount_service_instance.instance                               8940ms
  btp_subaccount_subscription.subscription                               8036ms
  btp_subaccount_trust_configuration.trust                               1890ms
  cloudfoundry_service_instance.instance                                 71ms
  cloudfoundry_space.space                                               134ms
  scc_subaccount.subaccount                                              728ms
  scc_system_mapping.system                                              178ms
  sci_application.app                                                    264ms
  sci_group_base.group                                                   207ms
  sci_user.user                                                          205ms


Run 13/100:
  Total run time: 13.782274s
  btp_directory.directory                                                2231ms
  btp_subaccount_destination_generic.destination                         681ms
  btp_subaccount_entitlement.entitlement                                 12752ms
  btp_subaccount_environment_instance.cloudfoundry                       1453ms
  btp_subaccount_role.role                                               1985ms
  btp_subaccount_role_collection.collection                              176ms
  btp_subaccount_service_instance.instance                               3487ms
  btp_subaccount_subscription.subscription                               2886ms
  btp_subaccount_trust_configuration.trust                               1010ms
  cloudfoundry_service_instance.instance                                 72ms
  cloudfoundry_space.space                                               143ms
  scc_subaccount.subaccount                                              727ms
  scc_system_mapping.system                                              185ms
  scc_system_mapping_resource.resource                                   184ms
  sci_application.app                                                    241ms
  sci_group_base.group                                                   214ms
  sci_user.user                                                          218ms


Run 14/100:
  Total run time: 19.606363s
  btp_directory.directory                                                7819ms
  btp_subaccount.subaccount                                              980ms
  btp_subaccount_destination_generic.destination                         240ms
  btp_subaccount_entitlement.entitlement                                 18316ms
  btp_subaccount_environment_instance.cloudfoundry                       6627ms
  btp_subaccount_role.role                                               7016ms
  btp_subaccount_role_collection.collection                              763ms
  btp_subaccount_service_instance.instance                               8476ms
  btp_subaccount_subscription.subscription                               7522ms
  btp_subaccount_trust_configuration.trust                               6820ms
  cloudfoundry_service_instance.instance                                 58ms
  cloudfoundry_space.space                                               165ms
  scc_subaccount.subaccount                                              695ms
  scc_system_mapping.system                                              191ms
  scc_system_mapping_resource.resource                                   201ms
  sci_application.app                                                    239ms
  sci_group_base.group                                                   216ms
  sci_user.user                                                          207ms


Run 15/100:
  Total run time: 13.679733s
  btp_directory.directory                                                2582ms
  btp_subaccount.subaccount                                              761ms
  btp_subaccount_destination_generic.destination                         449ms
  btp_subaccount_environment_instance.cloudfoundry                       1297ms
  btp_subaccount_role.role                                               232ms
  btp_subaccount_role_collection.collection                              957ms
  btp_subaccount_service_instance.instance                               3336ms
  btp_subaccount_subscription.subscription                               2809ms
  btp_subaccount_trust_configuration.trust                               1918ms
  cloudfoundry_service_instance.instance                                 63ms
  cloudfoundry_space.space                                               165ms
  scc_system_mapping.system                                              192ms
  scc_system_mapping_resource.resource                                   195ms
  sci_application.app                                                    228ms
  sci_group_base.group                                                   224ms
  sci_user.user                                                          205ms


Run 16/100:
  Total run time: 16.978429s
  btp_directory.directory                                                3289ms
  btp_subaccount.subaccount                                              1774ms
  btp_subaccount_destination_generic.destination                         1361ms
  btp_subaccount_entitlement.entitlement                                 13825ms
  btp_subaccount_environment_instance.cloudfoundry                       925ms
  btp_subaccount_role.role                                               1165ms
  btp_subaccount_role_collection.collection                              246ms
  btp_subaccount_service_instance.instance                               4017ms
  btp_subaccount_subscription.subscription                               3467ms
  btp_subaccount_trust_configuration.trust                               485ms
  cloudfoundry_service_instance.instance                                 60ms
  cloudfoundry_space.space                                               168ms
  scc_subaccount.subaccount                                              722ms
  scc_system_mapping_resource.resource                                   181ms
  sci_application.app                                                    256ms
  sci_group_base.group                                                   228ms
  sci_user.user                                                          224ms


Run 17/100:
  Total run time: 16.424645s
  btp_directory.directory                                                2326ms
  btp_subaccount.subaccount                                              201ms
  btp_subaccount_destination_generic.destination                         1884ms
  btp_subaccount_entitlement.entitlement                                 13469ms
  btp_subaccount_environment_instance.cloudfoundry                       623ms
  btp_subaccount_role.role                                               1707ms
  btp_subaccount_role_collection.collection                              820ms
  btp_subaccount_service_instance.instance                               3548ms
  btp_subaccount_trust_configuration.trust                               1101ms
  cloudfoundry_service_instance.instance                                 59ms
  cloudfoundry_space.space                                               154ms
  scc_system_mapping.system                                              181ms
  scc_system_mapping_resource.resource                                   169ms
  sci_application.app                                                    258ms
  sci_group_base.group                                                   279ms
  sci_user.user                                                          251ms


Run 18/100:
  Total run time: 15.119068s
  btp_directory.directory                                                2931ms
  btp_subaccount.subaccount                                              1810ms
  btp_subaccount_entitlement.entitlement                                 13927ms
  btp_subaccount_environment_instance.cloudfoundry                       2104ms
  btp_subaccount_role.role                                               2460ms
  btp_subaccount_service_instance.instance                               3757ms
  btp_subaccount_subscription.subscription                               3351ms
  btp_subaccount_trust_configuration.trust                               1683ms
  cloudfoundry_service_instance.instance                                 58ms
  cloudfoundry_space.space                                               132ms
  scc_subaccount.subaccount                                              5693ms
  scc_system_mapping.system                                              179ms
  scc_system_mapping_resource.resource                                   181ms
  sci_application.app                                                    240ms
  sci_group_base.group                                                   245ms
  sci_user.user                                                          238ms


Run 19/100:
  Total run time: 13.910252s
  btp_directory.directory                                                2374ms
  btp_subaccount.subaccount                                              721ms
  btp_subaccount_destination_generic.destination                         391ms
  btp_subaccount_environment_instance.cloudfoundry                       1839ms
  btp_subaccount_role.role                                               1177ms
  btp_subaccount_role_collection.collection                              974ms
  btp_subaccount_service_instance.instance                               3423ms
  btp_subaccount_subscription.subscription                               2814ms
  btp_subaccount_trust_configuration.trust                               209ms
  cloudfoundry_service_instance.instance                                 58ms
  cloudfoundry_space.space                                               143ms
  scc_subaccount.subaccount                                              751ms
  scc_system_mapping.system                                              199ms
  scc_system_mapping_resource.resource                                   186ms
  sci_application.app                                                    255ms
  sci_group_base.group                                                   244ms
  sci_user.user                                                          249ms


Run 20/100:
  Total run time: 18.343526s
  btp_directory.directory                                                7662ms
  btp_subaccount.subaccount                                              671ms
  btp_subaccount_destination_generic.destination                         6560ms
  btp_subaccount_entitlement.entitlement                                 17329ms
  btp_subaccount_environment_instance.cloudfoundry                       6118ms
  btp_subaccount_role.role                                               590ms
  btp_subaccount_role_collection.collection                              6741ms
  btp_subaccount_service_instance.instance                               8423ms
  btp_subaccount_subscription.subscription                               7653ms
  btp_subaccount_trust_configuration.trust                               393ms
  cloudfoundry_service_instance.instance                                 93ms
  cloudfoundry_space.space                                               141ms
  scc_subaccount.subaccount                                              730ms
  scc_system_mapping_resource.resource                                   181ms
  sci_application.app                                                    202ms
  sci_group_base.group                                                   203ms
  sci_user.user                                                          249ms


Run 21/100:
  Total run time: 13.934098s
  btp_directory.directory                                                2262ms
  btp_subaccount.subaccount                                              912ms
  btp_subaccount_destination_generic.destination                         238ms
  btp_subaccount_entitlement.entitlement                                 12774ms
  btp_subaccount_environment_instance.cloudfoundry                       1317ms
  btp_subaccount_role.role                                               421ms
  btp_subaccount_role_collection.collection                              1912ms
  btp_subaccount_service_instance.instance                               3450ms
  btp_subaccount_subscription.subscription                               2881ms
  btp_subaccount_trust_configuration.trust                               854ms
  cloudfoundry_service_instance.instance                                 67ms
  cloudfoundry_space.space                                               237ms
  scc_subaccount.subaccount                                              3240ms
  scc_system_mapping.system                                              181ms
  scc_system_mapping_resource.resource                                   182ms
  sci_application.app                                                    258ms
  sci_user.user                                                          241ms


Run 22/100:
  Total run time: 14.196288s
  btp_subaccount.subaccount                                              1478ms
  btp_subaccount_destination_generic.destination                         1791ms
  btp_subaccount_entitlement.entitlement                                 13134ms
  btp_subaccount_environment_instance.cloudfoundry                       988ms
  btp_subaccount_role.role                                               1731ms
  btp_subaccount_role_collection.collection                              220ms
  btp_subaccount_service_instance.instance                               3174ms
  btp_subaccount_subscription.subscription                               2560ms
  btp_subaccount_trust_configuration.trust                               1188ms
  cloudfoundry_service_instance.instance                                 71ms
  cloudfoundry_space.space                                               178ms
  scc_subaccount.subaccount                                              755ms
  scc_system_mapping.system                                              258ms
  sci_application.app                                                    269ms
  sci_group_base.group                                                   250ms
  sci_user.user                                                          237ms


Run 23/100:
  Total run time: 14.560534s
  btp_directory.directory                                                2641ms
  btp_subaccount.subaccount                                              1928ms
  btp_subaccount_destination_generic.destination                         2115ms
  btp_subaccount_entitlement.entitlement                                 13571ms
  btp_subaccount_environment_instance.cloudfoundry                       682ms
  btp_subaccount_role.role                                               281ms
  btp_subaccount_service_instance.instance                               3884ms
  btp_subaccount_subscription.subscription                               2935ms
  btp_subaccount_trust_configuration.trust                               1754ms
  cloudfoundry_service_instance.instance                                 77ms
  cloudfoundry_space.space                                               196ms
  scc_subaccount.subaccount                                              826ms
  scc_system_mapping.system                                              179ms
  scc_system_mapping_resource.resource                                   186ms
  sci_application.app                                                    231ms
  sci_group_base.group                                                   208ms
  sci_user.user                                                          212ms


Run 24/100:
  Total run time: 13.746588s
  btp_directory.directory                                                2935ms
  btp_subaccount.subaccount                                              2114ms
  btp_subaccount_destination_generic.destination                         1423ms
  btp_subaccount_entitlement.entitlement                                 12736ms
  btp_subaccount_environment_instance.cloudfoundry                       1137ms
  btp_subaccount_role.role                                               2069ms
  btp_subaccount_role_collection.collection                              448ms
  btp_subaccount_service_instance.instance                               3428ms
  btp_subaccount_subscription.subscription                               2850ms
  btp_subaccount_trust_configuration.trust                               731ms
  cloudfoundry_service_instance.instance                                 65ms
  cloudfoundry_space.space                                               197ms
  scc_subaccount.subaccount                                              5590ms
  scc_system_mapping.system                                              201ms
  scc_system_mapping_resource.resource                                   190ms
  sci_application.app                                                    200ms
  sci_group_base.group                                                   195ms
  sci_user.user                                                          192ms


Run 25/100:
  Total run time: 14.025628s
  btp_directory.directory                                                3090ms
  btp_subaccount.subaccount                                              513ms
  btp_subaccount_destination_generic.destination                         2119ms
  btp_subaccount_entitlement.entitlement                                 13020ms
  btp_subaccount_environment_instance.cloudfoundry                       1243ms
  btp_subaccount_role.role                                               1977ms
  btp_subaccount_role_collection.collection                              246ms
  btp_subaccount_service_instance.instance                               3961ms
  btp_subaccount_trust_configuration.trust                               1503ms
  cloudfoundry_service_instance.instance                                 64ms
  cloudfoundry_space.space                                               190ms
  scc_subaccount.subaccount                                              703ms
  scc_system_mapping.system                                              191ms
  scc_system_mapping_resource.resource                                   179ms
  sci_application.app                                                    231ms
  sci_group_base.group                                                   195ms
  sci_user.user                                                          214ms


Run 26/100:
  Total run time: 14.409239s
  btp_directory.directory                                                3032ms
  btp_subaccount.subaccount                                              1636ms
  btp_subaccount_destination_generic.destination                         1780ms
  btp_subaccount_entitlement.entitlement                                 13406ms
  btp_subaccount_environment_instance.cloudfoundry                       1121ms
  btp_subaccount_role_collection.collection                              221ms
  btp_subaccount_service_instance.instance                               3373ms
  btp_subaccount_subscription.subscription                               2493ms
  btp_subaccount_trust_configuration.trust                               1840ms
  cloudfoundry_service_instance.instance                                 60ms
  cloudfoundry_space.space                                               136ms
  scc_subaccount.subaccount                                              717ms
  scc_system_mapping_resource.resource                                   186ms
  sci_application.app                                                    235ms
  sci_group_base.group                                                   183ms
  sci_user.user                                                          233ms


Run 27/100:
  Total run time: 13.669684s
  btp_directory.directory                                                3167ms
  btp_subaccount.subaccount                                              1882ms
  btp_subaccount_entitlement.entitlement                                 12693ms
  btp_subaccount_environment_instance.cloudfoundry                       1891ms
  btp_subaccount_role.role                                               488ms
  btp_subaccount_role_collection.collection                              1468ms
  btp_subaccount_service_instance.instance                               3639ms
  btp_subaccount_subscription.subscription                               2721ms
  btp_subaccount_trust_configuration.trust                               214ms
  cloudfoundry_service_instance.instance                                 57ms
  cloudfoundry_space.space                                               148ms
  scc_subaccount.subaccount                                              5781ms
  scc_system_mapping_resource.resource                                   67ms
  sci_application.app                                                    204ms
  sci_group_base.group                                                   213ms
  sci_user.user                                                          195ms


Run 28/100:
  Total run time: 14.936499s
  btp_directory.directory                                                2032ms
  btp_subaccount_destination_generic.destination                         2249ms
  btp_subaccount_entitlement.entitlement                                 13602ms
  btp_subaccount_environment_instance.cloudfoundry                       1063ms
  btp_subaccount_role.role                                               1264ms
  btp_subaccount_role_collection.collection                              1961ms
  btp_subaccount_service_instance.instance                               3639ms
  btp_subaccount_subscription.subscription                               3120ms
  btp_subaccount_trust_configuration.trust                               691ms
  cloudfoundry_service_instance.instance                                 54ms
  cloudfoundry_space.space                                               144ms
  scc_subaccount.subaccount                                              687ms
  scc_system_mapping_resource.resource                                   178ms
  sci_application.app                                                    257ms
  sci_group_base.group                                                   235ms
  sci_user.user                                                          225ms


Run 29/100:
  Total run time: 19.219749s
  btp_directory.directory                                                7642ms
  btp_subaccount.subaccount                                              1721ms
  btp_subaccount_destination_generic.destination                         1558ms
  btp_subaccount_environment_instance.cloudfoundry                       612ms
  btp_subaccount_role.role                                               245ms
  btp_subaccount_role_collection.collection                              1840ms
  btp_subaccount_service_instance.instance                               8637ms
  btp_subaccount_subscription.subscription                               8134ms
  btp_subaccount_trust_configuration.trust                               1270ms
  cloudfoundry_service_instance.instance                                 53ms
  cloudfoundry_space.space                                               145ms
  scc_subaccount.subaccount                                              689ms
  scc_system_mapping_resource.resource                                   188ms
  sci_application.app                                                    248ms
  sci_group_base.group                                                   269ms
  sci_user.user                                                          241ms


Run 30/100:
  Total run time: 14.990861s
  btp_directory.directory                                                2895ms
  btp_subaccount.subaccount                                              1994ms
  btp_subaccount_entitlement.entitlement                                 13680ms
  btp_subaccount_environment_instance.cloudfoundry                       640ms
  btp_subaccount_role_collection.collection                              201ms
  btp_subaccount_service_instance.instance                               3538ms
  btp_subaccount_subscription.subscription                               2817ms
  btp_subaccount_trust_configuration.trust                               1619ms
  cloudfoundry_service_instance.instance                                 79ms
  cloudfoundry_space.space                                               153ms
  scc_subaccount.subaccount                                              663ms
  scc_system_mapping.system                                              186ms
  scc_system_mapping_resource.resource                                   182ms
  sci_application.app                                                    235ms
  sci_group_base.group                                                   232ms
  sci_user.user                                                          220ms


Run 31/100:
  Total run time: 13.765234s
  btp_directory.directory                                                2655ms
  btp_subaccount.subaccount                                              1872ms
  btp_subaccount_destination_generic.destination                         1950ms
  btp_subaccount_entitlement.entitlement                                 12758ms
  btp_subaccount_environment_instance.cloudfoundry                       689ms
  btp_subaccount_role.role                                               234ms
  btp_subaccount_role_collection.collection                              1129ms
  btp_subaccount_service_instance.instance                               3290ms
  btp_subaccount_subscription.subscription                               2588ms
  btp_subaccount_trust_configuration.trust                               927ms
  cloudfoundry_service_instance.instance                                 64ms
  cloudfoundry_space.space                                               166ms
  scc_subaccount.subaccount                                              759ms
  scc_system_mapping.system                                              183ms
  scc_system_mapping_resource.resource                                   234ms
  sci_application.app                                                    220ms
  sci_group_base.group                                                   201ms
  sci_user.user                                                          236ms


Run 32/100:
  Total run time: 15.891358s
  btp_directory.directory                                                2964ms
  btp_subaccount.subaccount                                              483ms
  btp_subaccount_destination_generic.destination                         1105ms
  btp_subaccount_environment_instance.cloudfoundry                       2013ms
  btp_subaccount_role.role                                               913ms
  btp_subaccount_role_collection.collection                              1704ms
  btp_subaccount_service_instance.instance                               3361ms
  btp_subaccount_subscription.subscription                               3018ms
  btp_subaccount_trust_configuration.trust                               721ms
  cloudfoundry_service_instance.instance                                 59ms
  cloudfoundry_space.space                                               166ms
  scc_subaccount.subaccount                                              712ms
  scc_system_mapping.system                                              225ms
  scc_system_mapping_resource.resource                                   181ms
  sci_application.app                                                    208ms
  sci_group_base.group                                                   197ms
  sci_user.user                                                          201ms


Run 33/100:
  Total run time: 14.389956s
  btp_directory.directory                                                2833ms
  btp_subaccount.subaccount                                              1178ms
  btp_subaccount_destination_generic.destination                         1973ms
  btp_subaccount_entitlement.entitlement                                 13409ms
  btp_subaccount_role.role                                               272ms
  btp_subaccount_role_collection.collection                              1873ms
  btp_subaccount_service_instance.instance                               3700ms
  btp_subaccount_subscription.subscription                               3228ms
  btp_subaccount_trust_configuration.trust                               1841ms
  cloudfoundry_service_instance.instance                                 109ms
  cloudfoundry_space.space                                               157ms
  scc_subaccount.subaccount                                              5788ms
  scc_system_mapping.system                                              198ms
  scc_system_mapping_resource.resource                                   184ms
  sci_application.app                                                    229ms
  sci_group_base.group                                                   205ms
  sci_user.user                                                          249ms


Run 34/100:
  Total run time: 14.318762s
  btp_directory.directory                                                2658ms
  btp_subaccount_destination_generic.destination                         1790ms
  btp_subaccount_entitlement.entitlement                                 13334ms
  btp_subaccount_environment_instance.cloudfoundry                       566ms
  btp_subaccount_role.role                                               1719ms
  btp_subaccount_role_collection.collection                              183ms
  btp_subaccount_service_instance.instance                               3180ms
  btp_subaccount_subscription.subscription                               2576ms
  btp_subaccount_trust_configuration.trust                               817ms
  cloudfoundry_service_instance.instance                                 72ms
  cloudfoundry_space.space                                               154ms
  scc_subaccount.subaccount                                              5685ms
  scc_system_mapping.system                                              177ms
  scc_system_mapping_resource.resource                                   189ms
  sci_application.app                                                    278ms
  sci_group_base.group                                                   260ms
  sci_user.user                                                          218ms


Run 35/100:
  Total run time: 14.038498s
  btp_directory.directory                                                2398ms
  btp_subaccount.subaccount                                              1185ms
  btp_subaccount_destination_generic.destination                         1407ms
  btp_subaccount_entitlement.entitlement                                 13073ms
  btp_subaccount_environment_instance.cloudfoundry                       1077ms
  btp_subaccount_role.role                                               228ms
  btp_subaccount_role_collection.collection                              1908ms
  btp_subaccount_service_instance.instance                               3337ms
  btp_subaccount_subscription.subscription                               2802ms
  btp_subaccount_trust_configuration.trust                               464ms
  cloudfoundry_service_instance.instance                                 74ms
  cloudfoundry_space.space                                               128ms
  scc_subaccount.subaccount                                              697ms
  scc_system_mapping.system                                              182ms
  scc_system_mapping_resource.resource                                   172ms
  sci_application.app                                                    213ms
  sci_group_base.group                                                   199ms
  sci_user.user                                                          195ms


Run 36/100:
  Total run time: 25.349002s
  btp_subaccount.subaccount                                              2085ms
  btp_subaccount_destination_generic.destination                         1081ms
  btp_subaccount_entitlement.entitlement                                 23353ms
  btp_subaccount_environment_instance.cloudfoundry                       1522ms
  btp_subaccount_role.role                                               1767ms
  btp_subaccount_role_collection.collection                              2013ms
  btp_subaccount_service_instance.instance                               8510ms
  btp_subaccount_subscription.subscription                               2798ms
  btp_subaccount_trust_configuration.trust                               2110ms
  cloudfoundry_service_instance.instance                                 72ms
  cloudfoundry_space.space                                               139ms
  scc_subaccount.subaccount                                              631ms
  scc_system_mapping.system                                              168ms
  scc_system_mapping_resource.resource                                   159ms
  sci_application.app                                                    222ms
  sci_group_base.group                                                   202ms
  sci_user.user                                                          215ms


Run 37/100:
  Total run time: 14.364844s
  btp_directory.directory                                                3060ms
  btp_subaccount.subaccount                                              1863ms
  btp_subaccount_destination_generic.destination                         408ms
  btp_subaccount_entitlement.entitlement                                 13334ms
  btp_subaccount_environment_instance.cloudfoundry                       1022ms
  btp_subaccount_role.role                                               208ms
  btp_subaccount_role_collection.collection                              2042ms
  btp_subaccount_subscription.subscription                               2693ms
  btp_subaccount_trust_configuration.trust                               627ms
  cloudfoundry_service_instance.instance                                 59ms
  cloudfoundry_space.space                                               158ms
  scc_system_mapping.system                                              175ms
  scc_system_mapping_resource.resource                                   177ms
  sci_application.app                                                    228ms
  sci_user.user                                                          205ms


Run 38/100:
  Total run time: 13.703251s
  btp_directory.directory                                                2008ms
  btp_subaccount.subaccount                                              1752ms
  btp_subaccount_destination_generic.destination                         186ms
  btp_subaccount_entitlement.entitlement                                 12795ms
  btp_subaccount_environment_instance.cloudfoundry                       1102ms
  btp_subaccount_role_collection.collection                              1833ms
  btp_subaccount_service_instance.instance                               2917ms
  btp_subaccount_subscription.subscription                               2629ms
  btp_subaccount_trust_configuration.trust                               1632ms
  cloudfoundry_service_instance.instance                                 53ms
  cloudfoundry_space.space                                               136ms
  scc_subaccount.subaccount                                              700ms
  scc_system_mapping.system                                              170ms
  scc_system_mapping_resource.resource                                   174ms
  sci_application.app                                                    242ms
  sci_group_base.group                                                   209ms
  sci_user.user                                                          205ms


Run 39/100:
  Total run time: 13.888341s
  btp_directory.directory                                                2572ms
  btp_subaccount.subaccount                                              2068ms
  btp_subaccount_destination_generic.destination                         843ms
  btp_subaccount_entitlement.entitlement                                 12821ms
  btp_subaccount_environment_instance.cloudfoundry                       1275ms
  btp_subaccount_role.role                                               1965ms
  btp_subaccount_role_collection.collection                              1463ms
  btp_subaccount_service_instance.instance                               3692ms
  btp_subaccount_subscription.subscription                               3357ms
  btp_subaccount_trust_configuration.trust                               538ms
  cloudfoundry_service_instance.instance                                 73ms
  cloudfoundry_space.space                                               145ms
  scc_system_mapping.system                                              188ms
  sci_application.app                                                    251ms
  sci_group_base.group                                                   242ms
  sci_user.user                                                          221ms


Run 40/100:
  Total run time: 13.905853s
  btp_subaccount.subaccount                                              1171ms
  btp_subaccount_destination_generic.destination                         352ms
  btp_subaccount_entitlement.entitlement                                 12951ms
  btp_subaccount_environment_instance.cloudfoundry                       706ms
  btp_subaccount_role_collection.collection                              1904ms
  btp_subaccount_service_instance.instance                               3606ms
  btp_subaccount_subscription.subscription                               2795ms
  btp_subaccount_trust_configuration.trust                               1983ms
  cloudfoundry_service_instance.instance                                 81ms
  cloudfoundry_space.space                                               137ms
  scc_subaccount.subaccount                                              734ms
  scc_system_mapping.system                                              175ms
  scc_system_mapping_resource.resource                                   183ms
  sci_application.app                                                    224ms
  sci_group_base.group                                                   269ms
  sci_user.user                                                          208ms


Run 41/100:
  Total run time: 17.421185s
  btp_directory.directory                                                1682ms
  btp_subaccount.subaccount                                              1016ms
  btp_subaccount_destination_generic.destination                         1603ms
  btp_subaccount_entitlement.entitlement                                 16331ms
  btp_subaccount_environment_instance.cloudfoundry                       5154ms
  btp_subaccount_role.role                                               451ms
  btp_subaccount_role_collection.collection                              702ms
  btp_subaccount_service_instance.instance                               6483ms
  btp_subaccount_subscription.subscription                               6186ms
  btp_subaccount_trust_configuration.trust                               937ms
  cloudfoundry_service_instance.instance                                 64ms
  cloudfoundry_space.space                                               138ms
  scc_subaccount.subaccount                                              5692ms
  scc_system_mapping.system                                              200ms
  scc_system_mapping_resource.resource                                   184ms
  sci_application.app                                                    238ms
  sci_group_base.group                                                   217ms
  sci_user.user                                                          212ms


Run 42/100:
  Total run time: 14.993046s
  btp_directory.directory                                                2424ms
  btp_subaccount.subaccount                                              821ms
  btp_subaccount_entitlement.entitlement                                 14004ms
  btp_subaccount_environment_instance.cloudfoundry                       1888ms
  btp_subaccount_role.role                                               310ms
  btp_subaccount_role_collection.collection                              2024ms
  btp_subaccount_service_instance.instance                               3827ms
  btp_subaccount_subscription.subscription                               2860ms
  btp_subaccount_trust_configuration.trust                               1027ms
  cloudfoundry_service_instance.instance                                 58ms
  cloudfoundry_space.space                                               177ms
  scc_subaccount.subaccount                                              765ms
  scc_system_mapping.system                                              189ms
  scc_system_mapping_resource.resource                                   194ms
  sci_application.app                                                    269ms
  sci_group_base.group                                                   200ms
  sci_user.user                                                          209ms


Run 43/100:
  Total run time: 14.897553s
  btp_subaccount.subaccount                                              2147ms
  btp_subaccount_destination_generic.destination                         751ms
  btp_subaccount_entitlement.entitlement                                 13643ms
  btp_subaccount_role.role                                               281ms
  btp_subaccount_role_collection.collection                              969ms
  btp_subaccount_service_instance.instance                               3686ms
  btp_subaccount_subscription.subscription                               3250ms
  btp_subaccount_trust_configuration.trust                               1872ms
  cloudfoundry_service_instance.instance                                 58ms
  cloudfoundry_space.space                                               185ms
  scc_subaccount.subaccount                                              708ms
  scc_system_mapping.system                                              153ms
  scc_system_mapping_resource.resource                                   180ms
  sci_application.app                                                    250ms
  sci_user.user                                                          214ms


Run 44/100:
  Total run time: 14.344454s
  btp_directory.directory                                                2494ms
  btp_subaccount.subaccount                                              1181ms
  btp_subaccount_destination_generic.destination                         237ms
  btp_subaccount_environment_instance.cloudfoundry                       855ms
  btp_subaccount_role.role                                               1573ms
  btp_subaccount_role_collection.collection                              1119ms
  btp_subaccount_service_instance.instance                               3536ms
  btp_subaccount_subscription.subscription                               3011ms
  btp_subaccount_trust_configuration.trust                               1338ms
  cloudfoundry_service_instance.instance                                 59ms
  cloudfoundry_space.space                                               166ms
  scc_subaccount.subaccount                                              756ms
  scc_system_mapping.system                                              216ms
  scc_system_mapping_resource.resource                                   207ms
  sci_application.app                                                    217ms
  sci_group_base.group                                                   217ms
  sci_user.user                                                          187ms


Run 45/100:
  Total run time: 14.438889s
  btp_directory.directory                                                2954ms
  btp_subaccount.subaccount                                              370ms
  btp_subaccount_entitlement.entitlement                                 13469ms
  btp_subaccount_environment_instance.cloudfoundry                       1892ms
  btp_subaccount_role.role                                               1490ms
  btp_subaccount_role_collection.collection                              201ms
  btp_subaccount_service_instance.instance                               8642ms
  btp_subaccount_subscription.subscription                               2603ms
  btp_subaccount_trust_configuration.trust                               612ms
  cloudfoundry_service_instance.instance                                 63ms
  cloudfoundry_space.space                                               159ms
  scc_subaccount.subaccount                                              719ms
  scc_system_mapping.system                                              184ms
  scc_system_mapping_resource.resource                                   185ms
  sci_application.app                                                    264ms
  sci_group_base.group                                                   202ms
  sci_user.user                                                          212ms


Run 46/100:
  Total run time: 18.788458s
  btp_directory.directory                                                2398ms
  btp_subaccount_destination_generic.destination                         1611ms
  btp_subaccount_entitlement.entitlement                                 17765ms
  btp_subaccount_environment_instance.cloudfoundry                       1278ms
  btp_subaccount_role.role                                               220ms
  btp_subaccount_role_collection.collection                              848ms
  btp_subaccount_service_instance.instance                               3621ms
  btp_subaccount_subscription.subscription                               2906ms
  btp_subaccount_trust_configuration.trust                               649ms
  cloudfoundry_service_instance.instance                                 66ms
  cloudfoundry_space.space                                               150ms
  scc_subaccount.subaccount                                              710ms
  scc_system_mapping_resource.resource                                   178ms
  sci_application.app                                                    229ms
  sci_group_base.group                                                   252ms
  sci_user.user                                                          203ms


Run 47/100:
  Total run time: 19.818352s
  btp_directory.directory                                                2329ms
  btp_subaccount.subaccount                                              1764ms
  btp_subaccount_destination_generic.destination                         261ms
  btp_subaccount_entitlement.entitlement                                 18543ms
  btp_subaccount_environment_instance.cloudfoundry                       1289ms
  btp_subaccount_role.role                                               473ms
  btp_subaccount_role_collection.collection                              2013ms
  btp_subaccount_service_instance.instance                               3520ms
  btp_subaccount_subscription.subscription                               2660ms
  cloudfoundry_service_instance.instance                                 66ms
  cloudfoundry_space.space                                               169ms
  scc_subaccount.subaccount                                              715ms
  scc_system_mapping_resource.resource                                   183ms
  sci_application.app                                                    218ms
  sci_group_base.group                                                   217ms
  sci_user.user                                                          221ms


Run 48/100:
  Total run time: 14.699215s
  btp_subaccount.subaccount                                              1513ms
  btp_subaccount_destination_generic.destination                         1992ms
  btp_subaccount_entitlement.entitlement                                 13449ms
  btp_subaccount_environment_instance.cloudfoundry                       1451ms
  btp_subaccount_role.role                                               1095ms
  btp_subaccount_role_collection.collection                              1928ms
  btp_subaccount_service_instance.instance                               3480ms
  btp_subaccount_subscription.subscription                               2457ms
  btp_subaccount_trust_configuration.trust                               1746ms
  cloudfoundry_service_instance.instance                                 63ms
  cloudfoundry_space.space                                               172ms
  scc_subaccount.subaccount                                              667ms
  scc_system_mapping.system                                              188ms
  scc_system_mapping_resource.resource                                   172ms
  sci_application.app                                                    277ms
  sci_group_base.group                                                   234ms
  sci_user.user                                                          224ms


Run 49/100:
  Total run time: 14.203973s
  btp_directory.directory                                                2832ms
  btp_subaccount.subaccount                                              1189ms
  btp_subaccount_destination_generic.destination                         2220ms
  btp_subaccount_entitlement.entitlement                                 13155ms
  btp_subaccount_environment_instance.cloudfoundry                       1110ms
  btp_subaccount_role.role                                               723ms
  btp_subaccount_service_instance.instance                               3701ms
  btp_subaccount_subscription.subscription                               3233ms
  btp_subaccount_trust_configuration.trust                               2149ms
  cloudfoundry_service_instance.instance                                 113ms
  cloudfoundry_space.space                                               236ms
  scc_subaccount.subaccount                                              5822ms
  scc_system_mapping.system                                              238ms
  scc_system_mapping_resource.resource                                   238ms
  sci_application.app                                                    239ms
  sci_group_base.group                                                   228ms
  sci_user.user                                                          228ms


Run 50/100:
  Total run time: 18.863422s
  btp_directory.directory                                                8030ms
  btp_subaccount_destination_generic.destination                         1088ms
  btp_subaccount_entitlement.entitlement                                 17853ms
  btp_subaccount_environment_instance.cloudfoundry                       7072ms
  btp_subaccount_role.role                                               6969ms
  btp_subaccount_role_collection.collection                              833ms
  btp_subaccount_service_instance.instance                               8892ms
  btp_subaccount_subscription.subscription                               8478ms
  btp_subaccount_trust_configuration.trust                               1497ms
  cloudfoundry_service_instance.instance                                 95ms
  cloudfoundry_space.space                                               264ms
  scc_subaccount.subaccount                                              753ms
  scc_system_mapping.system                                              181ms
  scc_system_mapping_resource.resource                                   168ms
  sci_application.app                                                    238ms
  sci_group_base.group                                                   231ms
  sci_user.user                                                          220ms


Run 51/100:
  Total run time: 14.668960s
  btp_directory.directory                                                2119ms
  btp_subaccount.subaccount                                              786ms
  btp_subaccount_destination_generic.destination                         188ms
  btp_subaccount_entitlement.entitlement                                 13429ms
  btp_subaccount_environment_instance.cloudfoundry                       567ms
  btp_subaccount_role.role                                               1062ms
  btp_subaccount_role_collection.collection                              1799ms
  btp_subaccount_service_instance.instance                               3396ms
  btp_subaccount_subscription.subscription                               2990ms
  btp_subaccount_trust_configuration.trust                               1454ms
  cloudfoundry_service_instance.instance                                 62ms
  cloudfoundry_space.space                                               150ms
  scc_subaccount.subaccount                                              710ms
  scc_system_mapping.system                                              192ms
  scc_system_mapping_resource.resource                                   183ms
  sci_application.app                                                    277ms
  sci_group_base.group                                                   265ms
  sci_user.user                                                          226ms


Run 52/100:
  Total run time: 15.066749s
  btp_directory.directory                                                2962ms
  btp_subaccount.subaccount                                              1346ms
  btp_subaccount_destination_generic.destination                         280ms
  btp_subaccount_entitlement.entitlement                                 13632ms
  btp_subaccount_environment_instance.cloudfoundry                       2091ms
  btp_subaccount_role.role                                               1263ms
  btp_subaccount_role_collection.collection                              1998ms
  btp_subaccount_service_instance.instance                               3902ms
  btp_subaccount_subscription.subscription                               3410ms
  cloudfoundry_service_instance.instance                                 70ms
  cloudfoundry_space.space                                               156ms
  scc_subaccount.subaccount                                              720ms
  scc_system_mapping_resource.resource                                   97ms
  sci_application.app                                                    257ms
  sci_group_base.group                                                   233ms
  sci_user.user                                                          229ms


Run 53/100:
  Total run time: 16.697798s
  btp_directory.directory                                                4421ms
  btp_subaccount.subaccount                                              4333ms
  btp_subaccount_destination_generic.destination                         3966ms
  btp_subaccount_entitlement.entitlement                                 15665ms
  btp_subaccount_environment_instance.cloudfoundry                       3752ms
  btp_subaccount_role_collection.collection                              4166ms
  btp_subaccount_service_instance.instance                               5759ms
  btp_subaccount_subscription.subscription                               5021ms
  btp_subaccount_trust_configuration.trust                               487ms
  cloudfoundry_service_instance.instance                                 86ms
  cloudfoundry_space.space                                               177ms
  scc_subaccount.subaccount                                              696ms
  scc_system_mapping.system                                              70ms
  scc_system_mapping_resource.resource                                   201ms
  sci_application.app                                                    299ms
  sci_group_base.group                                                   269ms
  sci_user.user                                                          250ms


Run 54/100:
  Total run time: 15.410767s
  btp_subaccount.subaccount                                              1521ms
  btp_subaccount_destination_generic.destination                         2239ms
  btp_subaccount_entitlement.entitlement                                 14345ms
  btp_subaccount_environment_instance.cloudfoundry                       2111ms
  btp_subaccount_role.role                                               302ms
  btp_subaccount_role_collection.collection                              1766ms
  btp_subaccount_service_instance.instance                               4129ms
  btp_subaccount_subscription.subscription                               3114ms
  btp_subaccount_trust_configuration.trust                               976ms
  cloudfoundry_service_instance.instance                                 72ms
  cloudfoundry_space.space                                               137ms
  scc_subaccount.subaccount                                              780ms
  scc_system_mapping.system                                              216ms
  scc_system_mapping_resource.resource                                   173ms
  sci_application.app                                                    235ms
  sci_group_base.group                                                   213ms
  sci_user.user                                                          207ms


Run 55/100:
  Total run time: 14.824469s
  btp_directory.directory                                                2761ms
  btp_subaccount.subaccount                                              661ms
  btp_subaccount_destination_generic.destination                         1940ms
  btp_subaccount_entitlement.entitlement                                 13407ms
  btp_subaccount_environment_instance.cloudfoundry                       443ms
  btp_subaccount_role.role                                               1132ms
  btp_subaccount_service_instance.instance                               3601ms
  btp_subaccount_subscription.subscription                               2673ms
  btp_subaccount_trust_configuration.trust                               2039ms
  cloudfoundry_service_instance.instance                                 65ms
  cloudfoundry_space.space                                               153ms
  scc_subaccount.subaccount                                              720ms
  scc_system_mapping_resource.resource                                   190ms
  sci_application.app                                                    267ms
  sci_group_base.group                                                   249ms
  sci_user.user                                                          259ms


Run 56/100:
  Total run time: 13.538403s
  btp_directory.directory                                                2857ms
  btp_subaccount.subaccount                                              1774ms
  btp_subaccount_entitlement.entitlement                                 12507ms
  btp_subaccount_environment_instance.cloudfoundry                       1838ms
  btp_subaccount_role.role                                               1472ms
  btp_subaccount_role_collection.collection                              1258ms
  btp_subaccount_service_instance.instance                               3439ms
  btp_subaccount_subscription.subscription                               2663ms
  btp_subaccount_trust_configuration.trust                               1033ms
  cloudfoundry_service_instance.instance                                 64ms
  cloudfoundry_space.space                                               167ms
  scc_subaccount.subaccount                                              765ms
  scc_system_mapping.system                                              181ms
  scc_system_mapping_resource.resource                                   205ms
  sci_application.app                                                    232ms
  sci_group_base.group                                                   227ms
  sci_user.user                                                          195ms


Run 57/100:
  Total run time: 18.466707s
  btp_directory.directory                                                6818ms
  btp_subaccount.subaccount                                              6387ms
  btp_subaccount_destination_generic.destination                         925ms
  btp_subaccount_entitlement.entitlement                                 17482ms
  btp_subaccount_environment_instance.cloudfoundry                       6301ms
  btp_subaccount_role.role                                               7053ms
  btp_subaccount_role_collection.collection                              740ms
  btp_subaccount_service_instance.instance                               13519ms
  btp_subaccount_subscription.subscription                               7880ms
  btp_subaccount_trust_configuration.trust                               524ms
  cloudfoundry_service_instance.instance                                 76ms
  cloudfoundry_space.space                                               160ms
  scc_subaccount.subaccount                                              662ms
  scc_system_mapping.system                                              182ms
  scc_system_mapping_resource.resource                                   172ms
  sci_application.app                                                    281ms
  sci_group_base.group                                                   248ms
  sci_user.user                                                          252ms


Run 58/100:
  Total run time: 14.140927s
  btp_directory.directory                                                2466ms
  btp_subaccount.subaccount                                              1356ms
  btp_subaccount_destination_generic.destination                         214ms
  btp_subaccount_entitlement.entitlement                                 13146ms
  btp_subaccount_environment_instance.cloudfoundry                       507ms
  btp_subaccount_role.role                                               1618ms
  btp_subaccount_role_collection.collection                              1587ms
  btp_subaccount_service_instance.instance                               3606ms
  btp_subaccount_subscription.subscription                               3011ms
  btp_subaccount_trust_configuration.trust                               1268ms
  cloudfoundry_service_instance.instance                                 55ms
  cloudfoundry_space.space                                               153ms
  scc_subaccount.subaccount                                              5766ms
  scc_system_mapping.system                                              71ms
  scc_system_mapping_resource.resource                                   220ms
  sci_application.app                                                    257ms
  sci_group_base.group                                                   214ms
  sci_user.user                                                          261ms


Run 59/100:
  Total run time: 14.852456s
  btp_directory.directory                                                2402ms
  btp_subaccount.subaccount                                              1568ms
  btp_subaccount_destination_generic.destination                         1962ms
  btp_subaccount_entitlement.entitlement                                 13386ms
  btp_subaccount_environment_instance.cloudfoundry                       907ms
  btp_subaccount_role.role                                               301ms
  btp_subaccount_role_collection.collection                              2032ms
  btp_subaccount_service_instance.instance                               8610ms
  cloudfoundry_service_instance.instance                                 66ms
  cloudfoundry_space.space                                               134ms
  scc_subaccount.subaccount                                              694ms
  scc_system_mapping_resource.resource                                   182ms
  sci_application.app                                                    245ms
  sci_group_base.group                                                   205ms
  sci_user.user                                                          219ms


Run 60/100:
  Total run time: 18.458102s
  btp_subaccount.subaccount                                              1062ms
  btp_subaccount_destination_generic.destination                         1654ms
  btp_subaccount_entitlement.entitlement                                 17288ms
  btp_subaccount_environment_instance.cloudfoundry                       5915ms
  btp_subaccount_role.role                                               1295ms
  btp_subaccount_service_instance.instance                               7294ms
  btp_subaccount_subscription.subscription                               6648ms
  btp_subaccount_trust_configuration.trust                               202ms
  cloudfoundry_service_instance.instance                                 75ms
  cloudfoundry_space.space                                               153ms
  scc_subaccount.subaccount                                              692ms
  scc_system_mapping.system                                              181ms
  scc_system_mapping_resource.resource                                   169ms
  sci_application.app                                                    306ms
  sci_group_base.group                                                   285ms
  sci_user.user                                                          274ms


Run 61/100:
  Total run time: 14.785639s
  btp_directory.directory                                                2867ms
  btp_subaccount.subaccount                                              1237ms
  btp_subaccount_destination_generic.destination                         1993ms
  btp_subaccount_entitlement.entitlement                                 13537ms
  btp_subaccount_environment_instance.cloudfoundry                       1636ms
  btp_subaccount_role.role                                               1822ms
  btp_subaccount_role_collection.collection                              479ms
  btp_subaccount_service_instance.instance                               3710ms
  btp_subaccount_subscription.subscription                               2803ms
  btp_subaccount_trust_configuration.trust                               251ms
  cloudfoundry_service_instance.instance                                 55ms
  cloudfoundry_space.space                                               133ms
  scc_subaccount.subaccount                                              672ms
  scc_system_mapping.system                                              191ms
  scc_system_mapping_resource.resource                                   177ms
  sci_application.app                                                    236ms
  sci_group_base.group                                                   212ms
  sci_user.user                                                          220ms


Run 62/100:
  Total run time: 13.553793s
  btp_directory.directory                                                2336ms
  btp_subaccount.subaccount                                              1623ms
  btp_subaccount_destination_generic.destination                         1916ms
  btp_subaccount_entitlement.entitlement                                 12537ms
  btp_subaccount_environment_instance.cloudfoundry                       614ms
  btp_subaccount_role_collection.collection                              1485ms
  btp_subaccount_service_instance.instance                               3236ms
  btp_subaccount_subscription.subscription                               2707ms
  btp_subaccount_trust_configuration.trust                               1712ms
  cloudfoundry_service_instance.instance                                 75ms
  cloudfoundry_space.space                                               140ms
  scc_subaccount.subaccount                                              5760ms
  scc_system_mapping.system                                              185ms
  scc_system_mapping_resource.resource                                   182ms
  sci_application.app                                                    278ms
  sci_group_base.group                                                   217ms
  sci_user.user                                                          225ms


Run 63/100:
  Total run time: 13.838047s
  btp_subaccount.subaccount                                              1071ms
  btp_subaccount_entitlement.entitlement                                 12845ms
  btp_subaccount_environment_instance.cloudfoundry                       1545ms
  btp_subaccount_role_collection.collection                              194ms
  btp_subaccount_service_instance.instance                               3191ms
  btp_subaccount_subscription.subscription                               2753ms
  btp_subaccount_trust_configuration.trust                               593ms
  cloudfoundry_service_instance.instance                                 60ms
  cloudfoundry_space.space                                               160ms
  scc_subaccount.subaccount                                              4227ms
  scc_system_mapping.system                                              160ms
  scc_system_mapping_resource.resource                                   194ms
  sci_application.app                                                    255ms
  sci_group_base.group                                                   227ms
  sci_user.user                                                          232ms


Run 64/100:
  Total run time: 14.897902s
  btp_directory.directory                                                2392ms
  btp_subaccount.subaccount                                              2042ms
  btp_subaccount_destination_generic.destination                         1714ms
  btp_subaccount_entitlement.entitlement                                 13665ms
  btp_subaccount_environment_instance.cloudfoundry                       888ms
  btp_subaccount_role.role                                               223ms
  btp_subaccount_role_collection.collection                              1278ms
  btp_subaccount_service_instance.instance                               3638ms
  btp_subaccount_trust_configuration.trust                               1529ms
  cloudfoundry_service_instance.instance                                 59ms
  cloudfoundry_space.space                                               147ms
  scc_subaccount.subaccount                                              730ms
  scc_system_mapping.system                                              181ms
  sci_application.app                                                    247ms
  sci_group_base.group                                                   219ms
  sci_user.user                                                          219ms


Run 65/100:
  Total run time: 14.075855s
  btp_directory.directory                                                2369ms
  btp_subaccount.subaccount                                              1197ms
  btp_subaccount_destination_generic.destination                         1914ms
  btp_subaccount_entitlement.entitlement                                 13053ms
  btp_subaccount_environment_instance.cloudfoundry                       1137ms
  btp_subaccount_role.role                                               2018ms
  btp_subaccount_role_collection.collection                              456ms
  btp_subaccount_service_instance.instance                               3513ms
  btp_subaccount_subscription.subscription                               2751ms
  btp_subaccount_trust_configuration.trust                               276ms
  cloudfoundry_service_instance.instance                                 76ms
  cloudfoundry_space.space                                               158ms
  scc_subaccount.subaccount                                              697ms
  scc_system_mapping.system                                              184ms
  scc_system_mapping_resource.resource                                   190ms
  sci_application.app                                                    267ms
  sci_group_base.group                                                   233ms
  sci_user.user                                                          238ms


Run 66/100:
  Total run time: 15.237648s
  btp_directory.directory                                                2685ms
  btp_subaccount_destination_generic.destination                         1370ms
  btp_subaccount_entitlement.entitlement                                 13759ms
  btp_subaccount_environment_instance.cloudfoundry                       672ms
  btp_subaccount_role_collection.collection                              1174ms
  btp_subaccount_service_instance.instance                               3563ms
  btp_subaccount_subscription.subscription                               3177ms
  btp_subaccount_trust_configuration.trust                               1920ms
  cloudfoundry_service_instance.instance                                 67ms
  cloudfoundry_space.space                                               165ms
  scc_subaccount.subaccount                                              719ms
  scc_system_mapping.system                                              188ms
  scc_system_mapping_resource.resource                                   173ms
  sci_application.app                                                    234ms
  sci_group_base.group                                                   220ms
  sci_user.user                                                          231ms


Run 67/100:
  Total run time: 15.665192s
  btp_directory.directory                                                2883ms
  btp_subaccount.subaccount                                              2044ms
  btp_subaccount_destination_generic.destination                         191ms
  btp_subaccount_entitlement.entitlement                                 14591ms
  btp_subaccount_environment_instance.cloudfoundry                       550ms
  btp_subaccount_role.role                                               1982ms
  btp_subaccount_role_collection.collection                              1046ms
  btp_subaccount_service_instance.instance                               3445ms
  btp_subaccount_subscription.subscription                               2816ms
  btp_subaccount_trust_configuration.trust                               2130ms
  cloudfoundry_service_instance.instance                                 54ms
  cloudfoundry_space.space                                               169ms
  scc_subaccount.subaccount                                              766ms
  scc_system_mapping.system                                              217ms
  scc_system_mapping_resource.resource                                   191ms
  sci_application.app                                                    273ms
  sci_group_base.group                                                   225ms
  sci_user.user                                                          269ms


Run 68/100:
  Total run time: 14.223042s
  btp_directory.directory                                                2635ms
  btp_subaccount_destination_generic.destination                         1326ms
  btp_subaccount_entitlement.entitlement                                 13251ms
  btp_subaccount_environment_instance.cloudfoundry                       1720ms
  btp_subaccount_role.role                                               1001ms
  btp_subaccount_role_collection.collection                              793ms
  btp_subaccount_service_instance.instance                               3407ms
  btp_subaccount_subscription.subscription                               2377ms
  btp_subaccount_trust_configuration.trust                               1996ms
  cloudfoundry_service_instance.instance                                 61ms
  cloudfoundry_space.space                                               169ms
  scc_subaccount.subaccount                                              5671ms
  scc_system_mapping_resource.resource                                   198ms
  sci_application.app                                                    231ms
  sci_group_base.group                                                   219ms
  sci_user.user                                                          200ms


Run 69/100:
  Total run time: 13.352989s
  btp_subaccount.subaccount                                              646ms
  btp_subaccount_destination_generic.destination                         843ms
  btp_subaccount_entitlement.entitlement                                 12341ms
  btp_subaccount_environment_instance.cloudfoundry                       1904ms
  btp_subaccount_role.role                                               573ms
  btp_subaccount_role_collection.collection                              1055ms
  btp_subaccount_service_instance.instance                               8696ms
  btp_subaccount_subscription.subscription                               2912ms
  btp_subaccount_trust_configuration.trust                               1914ms
  cloudfoundry_service_instance.instance                                 67ms
  cloudfoundry_space.space                                               145ms
  scc_subaccount.subaccount                                              693ms
  scc_system_mapping.system                                              183ms
  scc_system_mapping_resource.resource                                   193ms
  sci_application.app                                                    313ms
  sci_group_base.group                                                   272ms
  sci_user.user                                                          263ms


Run 70/100:
  Total run time: 14.555004s
  btp_directory.directory                                                3380ms
  btp_subaccount.subaccount                                              2344ms
  btp_subaccount_destination_generic.destination                         902ms
  btp_subaccount_environment_instance.cloudfoundry                       1898ms
  btp_subaccount_role.role                                               238ms
  btp_subaccount_role_collection.collection                              1505ms
  btp_subaccount_service_instance.instance                               3537ms
  btp_subaccount_subscription.subscription                               3219ms
  btp_subaccount_trust_configuration.trust                               448ms
  cloudfoundry_service_instance.instance                                 94ms
  cloudfoundry_space.space                                               149ms
  scc_subaccount.subaccount                                              769ms
  scc_system_mapping.system                                              195ms
  scc_system_mapping_resource.resource                                   197ms
  sci_application.app                                                    224ms
  sci_group_base.group                                                   217ms
  sci_user.user                                                          244ms


Run 71/100:
  Total run time: 12.957485s
  btp_directory.directory                                                7722ms
  btp_subaccount.subaccount                                              699ms
  btp_subaccount_destination_generic.destination                         1210ms
  btp_subaccount_entitlement.entitlement                                 12025ms
  btp_subaccount_environment_instance.cloudfoundry                       7148ms
  btp_subaccount_role.role                                               615ms
  btp_subaccount_role_collection.collection                              987ms
  btp_subaccount_service_instance.instance                               8469ms
  btp_subaccount_subscription.subscription                               7802ms
  btp_subaccount_trust_configuration.trust                               1358ms
  cloudfoundry_service_instance.instance                                 54ms
  cloudfoundry_space.space                                               424ms
  scc_system_mapping.system                                              186ms
  scc_system_mapping_resource.resource                                   240ms
  sci_application.app                                                    257ms
  sci_group_base.group                                                   214ms
  sci_user.user                                                          204ms


Run 72/100:
  Total run time: 13.404832s
  btp_directory.directory                                                2503ms
  btp_subaccount.subaccount                                              1859ms
  btp_subaccount_destination_generic.destination                         800ms
  btp_subaccount_entitlement.entitlement                                 12444ms
  btp_subaccount_environment_instance.cloudfoundry                       637ms
  btp_subaccount_role.role                                               1041ms
  btp_subaccount_service_instance.instance                               3137ms
  btp_subaccount_subscription.subscription                               2548ms
  btp_subaccount_trust_configuration.trust                               1795ms
  cloudfoundry_service_instance.instance                                 77ms
  cloudfoundry_space.space                                               149ms
  scc_subaccount.subaccount                                              724ms
  scc_system_mapping.system                                              184ms
  scc_system_mapping_resource.resource                                   194ms
  sci_application.app                                                    230ms
  sci_group_base.group                                                   216ms
  sci_user.user                                                          246ms


Run 73/100:
  Total run time: 19.734213s
  btp_directory.directory                                                7875ms
  btp_subaccount_destination_generic.destination                         220ms
  btp_subaccount_entitlement.entitlement                                 18544ms
  btp_subaccount_environment_instance.cloudfoundry                       5959ms
  btp_subaccount_role.role                                               6506ms
  btp_subaccount_role_collection.collection                              6945ms
  btp_subaccount_service_instance.instance                               7816ms
  btp_subaccount_subscription.subscription                               8204ms
  cloudfoundry_service_instance.instance                                 76ms
  cloudfoundry_space.space                                               143ms
  scc_subaccount.subaccount                                              729ms
  scc_system_mapping.system                                              186ms
  scc_system_mapping_resource.resource                                   171ms
  sci_application.app                                                    227ms
  sci_group_base.group                                                   210ms
  sci_user.user                                                          200ms


Run 74/100:
  Total run time: 13.550715s
  btp_directory.directory                                                2334ms
  btp_subaccount.subaccount                                              1477ms
  btp_subaccount_destination_generic.destination                         1784ms
  btp_subaccount_entitlement.entitlement                                 12564ms
  btp_subaccount_environment_instance.cloudfoundry                       839ms
  btp_subaccount_role.role                                               250ms
  btp_subaccount_role_collection.collection                              1730ms
  btp_subaccount_service_instance.instance                               3096ms
  btp_subaccount_trust_configuration.trust                               1046ms
  cloudfoundry_service_instance.instance                                 50ms
  cloudfoundry_space.space                                               208ms
  scc_subaccount.subaccount                                              698ms
  scc_system_mapping_resource.resource                                   180ms
  sci_application.app                                                    230ms
  sci_group_base.group                                                   208ms
  sci_user.user                                                          207ms


Run 75/100:
  Total run time: 18.825418s
  btp_subaccount_destination_generic.destination                         6984ms
  btp_subaccount_entitlement.entitlement                                 17804ms
  btp_subaccount_environment_instance.cloudfoundry                       6783ms
  btp_subaccount_role.role                                               396ms
  btp_subaccount_role_collection.collection                              198ms
  btp_subaccount_service_instance.instance                               8637ms
  btp_subaccount_subscription.subscription                               7810ms
  btp_subaccount_trust_configuration.trust                               6769ms
  cloudfoundry_service_instance.instance                                 69ms
  cloudfoundry_space.space                                               220ms
  scc_subaccount.subaccount                                              5781ms
  scc_system_mapping_resource.resource                                   197ms
  sci_application.app                                                    213ms
  sci_group_base.group                                                   203ms


Run 76/100:
  Total run time: 13.797728s
  btp_subaccount.subaccount                                              658ms
  btp_subaccount_entitlement.entitlement                                 12778ms
  btp_subaccount_environment_instance.cloudfoundry                       1370ms
  btp_subaccount_role.role                                               229ms
  btp_subaccount_role_collection.collection                              871ms
  btp_subaccount_service_instance.instance                               3518ms
  btp_subaccount_subscription.subscription                               2933ms
  btp_subaccount_trust_configuration.trust                               1948ms
  cloudfoundry_service_instance.instance                                 68ms
  cloudfoundry_space.space                                               226ms
  scc_subaccount.subaccount                                              676ms
  scc_system_mapping.system                                              187ms
  sci_application.app                                                    233ms
  sci_group_base.group                                                   227ms
  sci_user.user                                                          221ms


Run 77/100:
  Total run time: 14.705256s
  btp_directory.directory                                                3098ms
  btp_subaccount.subaccount                                              1714ms
  btp_subaccount_destination_generic.destination                         264ms
  btp_subaccount_entitlement.entitlement                                 13714ms
  btp_subaccount_environment_instance.cloudfoundry                       1900ms
  btp_subaccount_role_collection.collection                              461ms
  btp_subaccount_service_instance.instance                               8511ms
  btp_subaccount_subscription.subscription                               2550ms
  btp_subaccount_trust_configuration.trust                               1893ms
  cloudfoundry_service_instance.instance                                 67ms
  cloudfoundry_space.space                                               179ms
  scc_subaccount.subaccount                                              764ms
  scc_system_mapping.system                                              184ms
  scc_system_mapping_resource.resource                                   185ms
  sci_application.app                                                    227ms
  sci_group_base.group                                                   205ms
  sci_user.user                                                          194ms


Run 78/100:
  Total run time: 13.798894s
  btp_directory.directory                                                2818ms
  btp_subaccount.subaccount                                              933ms
  btp_subaccount_destination_generic.destination                         1544ms
  btp_subaccount_entitlement.entitlement                                 12866ms
  btp_subaccount_environment_instance.cloudfoundry                       849ms
  btp_subaccount_role.role                                               245ms
  btp_subaccount_role_collection.collection                              1908ms
  btp_subaccount_service_instance.instance                               3526ms
  btp_subaccount_subscription.subscription                               3072ms
  btp_subaccount_trust_configuration.trust                               1409ms
  cloudfoundry_service_instance.instance                                 57ms
  cloudfoundry_space.space                                               159ms
  scc_subaccount.subaccount                                              740ms
  scc_system_mapping.system                                              176ms
  scc_system_mapping_resource.resource                                   170ms
  sci_application.app                                                    247ms
  sci_group_base.group                                                   222ms
  sci_user.user                                                          205ms


Run 79/100:
  Total run time: 13.770306s
  btp_directory.directory                                                1785ms
  btp_subaccount.subaccount                                              399ms
  btp_subaccount_destination_generic.destination                         748ms
  btp_subaccount_entitlement.entitlement                                 12785ms
  btp_subaccount_environment_instance.cloudfoundry                       1514ms
  btp_subaccount_role.role                                               1711ms
  btp_subaccount_role_collection.collection                              931ms
  btp_subaccount_service_instance.instance                               3711ms
  btp_subaccount_subscription.subscription                               3031ms
  btp_subaccount_trust_configuration.trust                               2103ms
  cloudfoundry_service_instance.instance                                 55ms
  cloudfoundry_space.space                                               176ms
  scc_subaccount.subaccount                                              696ms
  scc_system_mapping.system                                              191ms
  scc_system_mapping_resource.resource                                   181ms
  sci_application.app                                                    222ms
  sci_group_base.group                                                   215ms
  sci_user.user                                                          221ms


Run 80/100:
  Total run time: 13.103418s
  btp_directory.directory                                                2727ms
  btp_subaccount.subaccount                                              1629ms
  btp_subaccount_destination_generic.destination                         922ms
  btp_subaccount_entitlement.entitlement                                 12158ms
  btp_subaccount_environment_instance.cloudfoundry                       1944ms
  btp_subaccount_role.role                                               1554ms
  btp_subaccount_role_collection.collection                              1536ms
  btp_subaccount_service_instance.instance                               3478ms
  btp_subaccount_subscription.subscription                               3109ms
  btp_subaccount_trust_configuration.trust                               714ms
  cloudfoundry_service_instance.instance                                 64ms
  cloudfoundry_space.space                                               209ms
  scc_subaccount.subaccount                                              5741ms
  scc_system_mapping.system                                              197ms
  scc_system_mapping_resource.resource                                   186ms
  sci_application.app                                                    281ms
  sci_group_base.group                                                   198ms
  sci_user.user                                                          278ms


Run 81/100:
  Total run time: 14.495634s
  btp_directory.directory                                                2912ms
  btp_subaccount.subaccount                                              1259ms
  btp_subaccount_destination_generic.destination                         1700ms
  btp_subaccount_entitlement.entitlement                                 13548ms
  btp_subaccount_role.role                                               1696ms
  btp_subaccount_role_collection.collection                              1467ms
  btp_subaccount_service_instance.instance                               8370ms
  btp_subaccount_subscription.subscription                               2647ms
  btp_subaccount_trust_configuration.trust                               1849ms
  cloudfoundry_service_instance.instance                                 68ms
  cloudfoundry_space.space                                               153ms
  scc_subaccount.subaccount                                              765ms
  scc_system_mapping.system                                              192ms
  scc_system_mapping_resource.resource                                   184ms
  sci_application.app                                                    210ms
  sci_group_base.group                                                   187ms
  sci_user.user                                                          187ms


Run 82/100:
  Total run time: 13.472324s
  btp_directory.directory                                                2864ms
  btp_subaccount.subaccount                                              1738ms
  btp_subaccount_destination_generic.destination                         1902ms
  btp_subaccount_entitlement.entitlement                                 12531ms
  btp_subaccount_environment_instance.cloudfoundry                       614ms
  btp_subaccount_role.role                                               845ms
  btp_subaccount_role_collection.collection                              1749ms
  btp_subaccount_service_instance.instance                               3622ms
  btp_subaccount_subscription.subscription                               2794ms
  cloudfoundry_service_instance.instance                                 59ms
  cloudfoundry_space.space                                               160ms
  scc_subaccount.subaccount                                              2862ms
  scc_system_mapping.system                                              77ms
  scc_system_mapping_resource.resource                                   204ms
  sci_application.app                                                    249ms
  sci_group_base.group                                                   223ms
  sci_user.user                                                          253ms


Run 83/100:
  Total run time: 19.234846s
  btp_subaccount.subaccount                                              6755ms
  btp_subaccount_destination_generic.destination                         5854ms
  btp_subaccount_entitlement.entitlement                                 18070ms
  btp_subaccount_environment_instance.cloudfoundry                       5615ms
  btp_subaccount_role.role                                               6056ms
  btp_subaccount_role_collection.collection                              6890ms
  btp_subaccount_service_instance.instance                               8245ms
  btp_subaccount_trust_configuration.trust                               213ms
  cloudfoundry_service_instance.instance                                 54ms
  cloudfoundry_space.space                                               141ms
  scc_subaccount.subaccount                                              5756ms
  scc_system_mapping_resource.resource                                   179ms
  sci_application.app                                                    243ms
  sci_group_base.group                                                   221ms
  sci_user.user                                                          220ms


Run 84/100:
  Total run time: 14.596719s
  btp_directory.directory                                                2933ms
  btp_subaccount.subaccount                                              682ms
  btp_subaccount_entitlement.entitlement                                 13646ms
  btp_subaccount_environment_instance.cloudfoundry                       1885ms
  btp_subaccount_role.role                                               266ms
  btp_subaccount_role_collection.collection                              1918ms
  btp_subaccount_service_instance.instance                               3558ms
  btp_subaccount_subscription.subscription                               3047ms
  btp_subaccount_trust_configuration.trust                               458ms
  cloudfoundry_service_instance.instance                                 55ms
  cloudfoundry_space.space                                               166ms
  scc_subaccount.subaccount                                              678ms
  scc_system_mapping.system                                              191ms
  scc_system_mapping_resource.resource                                   175ms
  sci_application.app                                                    271ms
  sci_group_base.group                                                   232ms


Run 85/100:
  Total run time: 14.024800s
  btp_directory.directory                                                2778ms
  btp_subaccount_destination_generic.destination                         228ms
  btp_subaccount_entitlement.entitlement                                 13045ms
  btp_subaccount_environment_instance.cloudfoundry                       624ms
  btp_subaccount_role.role                                               1837ms
  btp_subaccount_role_collection.collection                              822ms
  btp_subaccount_service_instance.instance                               3314ms
  btp_subaccount_subscription.subscription                               2500ms
  btp_subaccount_trust_configuration.trust                               1060ms
  cloudfoundry_service_instance.instance                                 60ms
  cloudfoundry_space.space                                               159ms
  scc_subaccount.subaccount                                              754ms
  scc_system_mapping.system                                              179ms
  scc_system_mapping_resource.resource                                   197ms
  sci_application.app                                                    239ms
  sci_group_base.group                                                   211ms
  sci_user.user                                                          197ms


Run 86/100:
  Total run time: 14.307143s
  btp_subaccount.subaccount                                              1590ms
  btp_subaccount_destination_generic.destination                         1015ms
  btp_subaccount_entitlement.entitlement                                 13367ms
  btp_subaccount_environment_instance.cloudfoundry                       1850ms
  btp_subaccount_role.role                                               1433ms
  btp_subaccount_role_collection.collection                              175ms
  btp_subaccount_service_instance.instance                               3317ms
  btp_subaccount_subscription.subscription                               2476ms
  btp_subaccount_trust_configuration.trust                               1614ms
  cloudfoundry_service_instance.instance                                 67ms
  cloudfoundry_space.space                                               143ms
  scc_subaccount.subaccount                                              675ms
  scc_system_mapping.system                                              182ms
  scc_system_mapping_resource.resource                                   169ms
  sci_application.app                                                    221ms
  sci_group_base.group                                                   208ms
  sci_user.user                                                          230ms


Run 87/100:
  Total run time: 14.057607s
  btp_directory.directory                                                3049ms
  btp_subaccount.subaccount                                              2062ms
  btp_subaccount_entitlement.entitlement                                 13059ms
  btp_subaccount_environment_instance.cloudfoundry                       825ms
  btp_subaccount_role_collection.collection                              2155ms
  btp_subaccount_service_instance.instance                               8912ms
  btp_subaccount_subscription.subscription                               2977ms
  btp_subaccount_trust_configuration.trust                               232ms
  cloudfoundry_service_instance.instance                                 74ms
  cloudfoundry_space.space                                               212ms
  scc_subaccount.subaccount                                              697ms
  scc_system_mapping.system                                              197ms
  scc_system_mapping_resource.resource                                   201ms
  sci_application.app                                                    216ms
  sci_group_base.group                                                   201ms
  sci_user.user                                                          188ms


Run 88/100:
  Total run time: 14.185278s
  btp_directory.directory                                                2607ms
  btp_subaccount.subaccount                                              1719ms
  btp_subaccount_destination_generic.destination                         1895ms
  btp_subaccount_entitlement.entitlement                                 13227ms
  btp_subaccount_role.role                                               1866ms
  btp_subaccount_role_collection.collection                              1498ms
  btp_subaccount_service_instance.instance                               3360ms
  btp_subaccount_subscription.subscription                               2542ms
  btp_subaccount_trust_configuration.trust                               216ms
  cloudfoundry_service_instance.instance                                 68ms
  cloudfoundry_space.space                                               151ms
  scc_subaccount.subaccount                                              2451ms
  scc_system_mapping.system                                              87ms
  scc_system_mapping_resource.resource                                   100ms
  sci_application.app                                                    236ms
  sci_group_base.group                                                   217ms
  sci_user.user                                                          216ms


Run 89/100:
  Total run time: 13.862051s
  btp_directory.directory                                                2313ms
  btp_subaccount_entitlement.entitlement                                 12853ms
  btp_subaccount_environment_instance.cloudfoundry                       622ms
  btp_subaccount_role.role                                               1203ms
  btp_subaccount_role_collection.collection                              801ms
  btp_subaccount_service_instance.instance                               3257ms
  btp_subaccount_subscription.subscription                               2524ms
  btp_subaccount_trust_configuration.trust                               255ms
  cloudfoundry_service_instance.instance                                 56ms
  cloudfoundry_space.space                                               151ms
  scc_subaccount.subaccount                                              706ms
  scc_system_mapping.system                                              199ms
  scc_system_mapping_resource.resource                                   201ms
  sci_application.app                                                    240ms
  sci_group_base.group                                                   205ms
  sci_user.user                                                          223ms


Run 90/100:
  Total run time: 13.611332s
  btp_directory.directory                                                2812ms
  btp_subaccount.subaccount                                              507ms
  btp_subaccount_destination_generic.destination                         1142ms
  btp_subaccount_entitlement.entitlement                                 12645ms
  btp_subaccount_role.role                                               1838ms
  btp_subaccount_role_collection.collection                              431ms
  btp_subaccount_service_instance.instance                               3599ms
  cloudfoundry_service_instance.instance                                 61ms
  cloudfoundry_space.space                                               147ms
  scc_subaccount.subaccount                                              5652ms
  scc_system_mapping.system                                              84ms
  scc_system_mapping_resource.resource                                   166ms
  sci_application.app                                                    260ms
  sci_group_base.group                                                   218ms
  sci_user.user                                                          218ms


Run 91/100:
  Total run time: 13.679657s
  btp_directory.directory                                                2249ms
  btp_subaccount.subaccount                                              411ms
  btp_subaccount_destination_generic.destination                         619ms
  btp_subaccount_entitlement.entitlement                                 12742ms
  btp_subaccount_environment_instance.cloudfoundry                       1121ms
  btp_subaccount_role.role                                               216ms
  btp_subaccount_role_collection.collection                              1333ms
  btp_subaccount_service_instance.instance                               3338ms
  btp_subaccount_trust_configuration.trust                               1790ms
  cloudfoundry_service_instance.instance                                 63ms
  cloudfoundry_space.space                                               166ms
  scc_subaccount.subaccount                                              752ms
  scc_system_mapping.system                                              172ms
  scc_system_mapping_resource.resource                                   173ms
  sci_application.app                                                    230ms
  sci_group_base.group                                                   251ms
  sci_user.user                                                          197ms


Run 92/100:
  Total run time: 14.124367s
  btp_directory.directory                                                3150ms
  btp_subaccount.subaccount                                              1888ms
  btp_subaccount_destination_generic.destination                         864ms
  btp_subaccount_entitlement.entitlement                                 13157ms
  btp_subaccount_environment_instance.cloudfoundry                       1939ms
  btp_subaccount_role_collection.collection                              183ms
  btp_subaccount_service_instance.instance                               8605ms
  btp_subaccount_subscription.subscription                               3075ms
  cloudfoundry_service_instance.instance                                 55ms
  cloudfoundry_space.space                                               200ms
  scc_subaccount.subaccount                                              722ms
  scc_system_mapping.system                                              207ms
  scc_system_mapping_resource.resource                                   186ms
  sci_application.app                                                    229ms
  sci_group_base.group                                                   219ms
  sci_user.user                                                          218ms


Run 93/100:
  Total run time: 19.422056s
  btp_directory.directory                                                2626ms
  btp_subaccount.subaccount                                              600ms
  btp_subaccount_destination_generic.destination                         1565ms
  btp_subaccount_entitlement.entitlement                                 18160ms
  btp_subaccount_environment_instance.cloudfoundry                       1915ms
  btp_subaccount_role.role                                               850ms
  btp_subaccount_role_collection.collection                              1180ms
  btp_subaccount_service_instance.instance                               3081ms
  btp_subaccount_subscription.subscription                               2354ms
  btp_subaccount_trust_configuration.trust                               1368ms
  cloudfoundry_service_instance.instance                                 67ms
  cloudfoundry_space.space                                               141ms
  scc_subaccount.subaccount                                              786ms
  scc_system_mapping.system                                              208ms
  scc_system_mapping_resource.resource                                   180ms
  sci_application.app                                                    235ms
  sci_group_base.group                                                   218ms
  sci_user.user                                                          205ms


Run 94/100:
  Total run time: 15.061554s
  btp_directory.directory                                                2957ms
  btp_subaccount.subaccount                                              499ms
  btp_subaccount_destination_generic.destination                         2378ms
  btp_subaccount_entitlement.entitlement                                 14024ms
  btp_subaccount_environment_instance.cloudfoundry                       1852ms
  btp_subaccount_role.role                                               1029ms
  btp_subaccount_role_collection.collection                              2230ms
  btp_subaccount_service_instance.instance                               3885ms
  btp_subaccount_subscription.subscription                               3437ms
  btp_subaccount_trust_configuration.trust                               744ms
  cloudfoundry_service_instance.instance                                 74ms
  cloudfoundry_space.space                                               149ms
  scc_subaccount.subaccount                                              10461ms
  scc_system_mapping.system                                              197ms
  scc_system_mapping_resource.resource                                   157ms
  sci_application.app                                                    281ms
  sci_group_base.group                                                   253ms
  sci_user.user                                                          278ms


Run 95/100:
  Total run time: 14.531767s
  btp_directory.directory                                                2829ms
  btp_subaccount.subaccount                                              1850ms
  btp_subaccount_destination_generic.destination                         257ms
  btp_subaccount_entitlement.entitlement                                 13532ms
  btp_subaccount_role.role                                               1565ms
  btp_subaccount_role_collection.collection                              2044ms
  btp_subaccount_service_instance.instance                               3380ms
  btp_subaccount_subscription.subscription                               2687ms
  btp_subaccount_trust_configuration.trust                               519ms
  cloudfoundry_service_instance.instance                                 61ms
  cloudfoundry_space.space                                               154ms
  scc_subaccount.subaccount                                              766ms
  scc_system_mapping.system                                              177ms
  scc_system_mapping_resource.resource                                   169ms
  sci_application.app                                                    225ms
  sci_group_base.group                                                   204ms
  sci_user.user                                                          204ms


Run 96/100:
  Total run time: 16.353841s
  btp_subaccount.subaccount                                              943ms
  btp_subaccount_destination_generic.destination                         234ms
  btp_subaccount_entitlement.entitlement                                 15320ms
  btp_subaccount_environment_instance.cloudfoundry                       1316ms
  btp_subaccount_role.role                                               1511ms
  btp_subaccount_role_collection.collection                              1983ms
  btp_subaccount_service_instance.instance                               3449ms
  btp_subaccount_subscription.subscription                               2820ms
  btp_subaccount_trust_configuration.trust                               1882ms
  cloudfoundry_service_instance.instance                                 55ms
  cloudfoundry_space.space                                               190ms
  scc_subaccount.subaccount                                              709ms
  scc_system_mapping.system                                              178ms
  scc_system_mapping_resource.resource                                   175ms
  sci_application.app                                                    251ms
  sci_group_base.group                                                   215ms
  sci_user.user                                                          212ms


Run 97/100:
  Total run time: 13.540311s
  btp_directory.directory                                                3454ms
  btp_subaccount.subaccount                                              1732ms
  btp_subaccount_destination_generic.destination                         592ms
  btp_subaccount_entitlement.entitlement                                 12621ms
  btp_subaccount_environment_instance.cloudfoundry                       1962ms
  btp_subaccount_role.role                                               1317ms
  btp_subaccount_role_collection.collection                              1578ms
  btp_subaccount_service_instance.instance                               3850ms
  btp_subaccount_subscription.subscription                               3421ms
  btp_subaccount_trust_configuration.trust                               2443ms
  cloudfoundry_service_instance.instance                                 77ms
  cloudfoundry_space.space                                               145ms
  scc_subaccount.subaccount                                              762ms
  scc_system_mapping.system                                              205ms
  scc_system_mapping_resource.resource                                   181ms
  sci_application.app                                                    224ms
  sci_group_base.group                                                   233ms
  sci_user.user                                                          218ms


Run 98/100:
  Total run time: 13.889109s
  btp_directory.directory                                                2958ms
  btp_subaccount.subaccount                                              1961ms
  btp_subaccount_entitlement.entitlement                                 12888ms
  btp_subaccount_environment_instance.cloudfoundry                       1381ms
  btp_subaccount_role.role                                               479ms
  btp_subaccount_role_collection.collection                              1940ms
  btp_subaccount_service_instance.instance                               3806ms
  btp_subaccount_subscription.subscription                               3398ms
  btp_subaccount_trust_configuration.trust                               1990ms
  cloudfoundry_service_instance.instance                                 60ms
  cloudfoundry_space.space                                               171ms
  scc_subaccount.subaccount                                              717ms
  scc_system_mapping.system                                              176ms
  scc_system_mapping_resource.resource                                   183ms
  sci_application.app                                                    237ms
  sci_group_base.group                                                   191ms
  sci_user.user                                                          191ms


Run 99/100:
  Total run time: 13.602124s
  btp_directory.directory                                                3263ms
  btp_subaccount.subaccount                                              1456ms
  btp_subaccount_destination_generic.destination                         1820ms
  btp_subaccount_entitlement.entitlement                                 12532ms
  btp_subaccount_environment_instance.cloudfoundry                       996ms
  btp_subaccount_role.role                                               1950ms
  btp_subaccount_role_collection.collection                              429ms
  btp_subaccount_service_instance.instance                               3590ms
  btp_subaccount_subscription.subscription                               3198ms
  btp_subaccount_trust_configuration.trust                               1842ms
  cloudfoundry_service_instance.instance                                 68ms
  cloudfoundry_space.space                                               150ms
  scc_subaccount.subaccount                                              719ms
  scc_system_mapping.system                                              218ms
  scc_system_mapping_resource.resource                                   181ms
  sci_application.app                                                    278ms
  sci_group_base.group                                                   289ms
  sci_user.user                                                          242ms


Run 100/100:
  Total run time: 14.673823s
  btp_directory.directory                                                2502ms
  btp_subaccount.subaccount                                              1500ms
  btp_subaccount_destination_generic.destination                         1805ms
  btp_subaccount_entitlement.entitlement                                 13668ms
  btp_subaccount_environment_instance.cloudfoundry                       911ms
  btp_subaccount_role.role                                               1125ms
  btp_subaccount_role_collection.collection                              2094ms
  btp_subaccount_subscription.subscription                               3071ms
  btp_subaccount_trust_configuration.trust                               314ms
  cloudfoundry_service_instance.instance                                 66ms
  cloudfoundry_space.space                                               159ms
  scc_subaccount.subaccount                                              5784ms
  scc_system_mapping.system                                              227ms
  scc_system_mapping_resource.resource                                   135ms
  sci_application.app                                                    238ms
  sci_group_base.group                                                   215ms
  sci_user.user                                                          204ms


Final results:
-------                                            ------------    -----------    -----------
Element                                            Average (ms)   Minimum (ms)   Maximum (ms)
btp_directory.directory                                 3222.81           1682           8090
btp_subaccount.subaccount                               1541.90            201           6755
btp_subaccount_destination_generic.destination          1476.28            186           6984
btp_subaccount_entitlement.entitlement                 14094.87          12025          23353
btp_subaccount_environment_instance.cloudfoundry        1996.51            443           9030
btp_subaccount_role.role                                1418.32            189           7053
btp_subaccount_role_collection.collection               1531.19            175           7118
btp_subaccount_service_instance.instance                4733.00           2917          13519
btp_subaccount_subscription.subscription                3674.77           2354           9996
btp_subaccount_trust_configuration.trust                1348.00            202           6820
cloudfoundry_service_instance.instance                    65.82             50            113
cloudfoundry_space.space                                 166.30            128            424
scc_subaccount.subaccount                               1777.36            631          10461
scc_system_mapping.system                                184.33             70            277
scc_system_mapping_resource.resource                     182.27             67            264
sci_application.app                                      248.66            200            420
sci_group_base.group                                     227.59            183            419
sci_user.user                                            227.93            187            390

Total wall-clock time: 1521.292273s
Average wall-clock time: 15.212923s
Minimum wall-clock time: 12.957485s
Maximum wall-clock time: 25.349002s
Total Ressources: 18
